latitude,longitude,bright_ti4,scan,track,acq_date,acq_time,satellite,instrument,confidence,version,bright_ti5,frp,daynight,type
23.68519,86.47301,331.66,0.68,0.74,2024-04-24,0626,N,VIIRS,n,2,301.35,3.39,D,0
23.78075,86.39545,338.2,0.69,0.74,2024-04-24,0626,N,VIIRS,l,2,310.83,17.52,D,2
23.78045,86.38999,335.41,0.69,0.74,2024-04-24,0626,N,VIIRS,l,2,308.14,13.25,D,2
22.14053,83.52158,337.86,0.53,0.5,2024-04-24,0806,N,VIIRS,l,2,309.89,6.93,D,0
20.86623,73.99401,345.87,0.42,0.38,2024-04-24,0806,N,VIIRS,l,2,316.87,8.49,D,0
20.80575,73.47595,350.58,0.44,0.38,2024-04-24,0806,N,VIIRS,n,2,311.43,6.58,D,0
22.19393,83.08193,332.81,0.5,0.49,2024-04-24,0806,N,VIIRS,l,2,305.91,3.45,D,0
22.27529,83.43744,344.22,0.53,0.5,2024-04-24,0806,N,VIIRS,n,2,307.22,2.75,D,0
22.27342,83.43489,334.2,0.53,0.5,2024-04-24,0806,N,VIIRS,l,2,306.09,2.5,D,0
22.172,82.48704,343.73,0.46,0.47,2024-04-24,0806,N,VIIRS,n,2,309.47,2.91,D,0
22.22742,82.50729,338.28,0.46,0.47,2024-04-24,0806,N,VIIRS,l,2,309.53,5.24,D,0
22.22691,82.50278,346.17,0.46,0.47,2024-04-24,0806,N,VIIRS,n,2,310.92,5.6,D,0
20.89241,72.82731,335.77,0.47,0.39,2024-04-24,0806,N,VIIRS,l,2,309.62,5.87,D,0
20.89282,72.82829,334.86,0.47,0.39,2024-04-24,0806,N,VIIRS,l,2,308.94,5.17,D,0
22.2642,82.31757,344.55,0.45,0.47,2024-04-24,0806,N,VIIRS,n,2,310.25,6.13,D,0
21.06203,73.55735,344.44,0.43,0.38,2024-04-24,0806,N,VIIRS,l,2,315.48,6.76,D,0
22.32675,82.60165,342.09,0.47,0.48,2024-04-24,0806,N,VIIRS,l,2,312.3,10.02,D,2
22.35076,82.77764,341.15,0.48,0.48,2024-04-24,0806,N,VIIRS,n,2,308.04,4.73,D,0
22.3895,82.72072,348.47,0.48,0.48,2024-04-24,0806,N,VIIRS,n,2,310.06,11.69,D,0
22.39394,82.72016,349.11,0.48,0.48,2024-04-24,0806,N,VIIRS,n,2,311.27,21.18,D,0
22.39305,82.7231,344.79,0.48,0.48,2024-04-24,0806,N,VIIRS,n,2,309.52,19.93,D,0
22.39256,82.71844,341.77,0.48,0.48,2024-04-24,0806,N,VIIRS,n,2,308.27,11.1,D,0
21.12918,72.92117,335.47,0.46,0.39,2024-04-24,0806,N,VIIRS,l,2,309.7,1.34,D,0
21.11575,72.84183,335.38,0.46,0.39,2024-04-24,0806,N,VIIRS,l,2,310.29,5.72,D,0
21.13037,72.92195,334.98,0.46,0.39,2024-04-24,0806,N,VIIRS,l,2,309.84,1.46,D,0
21.11654,72.84276,339.82,0.46,0.39,2024-04-24,0806,N,VIIRS,l,2,310.77,5.77,D,0
21.11514,72.72814,337.38,0.47,0.4,2024-04-24,0806,N,VIIRS,l,2,311.4,7.75,D,0
21.10463,72.64664,342.56,0.47,0.4,2024-04-24,0806,N,VIIRS,l,2,311,8.33,D,2
21.10305,72.63762,347.35,0.47,0.4,2024-04-24,0806,N,VIIRS,n,2,310.91,20.12,D,2
21.10826,72.64592,335.32,0.47,0.4,2024-04-24,0806,N,VIIRS,l,2,309.04,8.33,D,2
22.48609,82.19662,336.63,0.44,0.46,2024-04-24,0806,N,VIIRS,n,2,306.55,2.56,D,0
21.34765,73.92483,351.7,0.42,0.38,2024-04-24,0806,N,VIIRS,l,2,320.48,11.5,D,0
21.33467,73.58845,340.47,0.43,0.38,2024-04-24,0806,N,VIIRS,l,2,313.35,3.28,D,0
21.33816,73.58786,344.85,0.43,0.38,2024-04-24,0806,N,VIIRS,n,2,312.75,4,D,0
21.17818,84.95138,334.87,0.32,0.55,2024-04-24,0806,N,VIIRS,l,2,306.1,2.18,D,0
21.14031,85.01826,330.86,0.32,0.55,2024-04-24,0806,N,VIIRS,l,2,304.31,0.5,D,0
21.08024,85.0345,332.89,0.32,0.55,2024-04-24,0806,N,VIIRS,l,2,306.13,5.16,D,2
21.07609,85.04449,340,0.32,0.55,2024-04-24,0806,N,VIIRS,n,2,308.52,6.02,D,2
21.04025,84.99392,330.82,0.32,0.55,2024-04-24,0806,N,VIIRS,l,2,304.62,3.71,D,0
21.03728,84.99657,334.08,0.32,0.55,2024-04-24,0806,N,VIIRS,n,2,303.71,3.64,D,0
21.00504,85.03217,343.71,0.32,0.55,2024-04-24,0806,N,VIIRS,n,2,304.2,2.15,D,0
20.97962,85.13769,340.68,0.33,0.55,2024-04-24,0806,N,VIIRS,n,2,304.15,4.41,D,2
20.94765,85.40938,330.61,0.34,0.56,2024-04-24,0806,N,VIIRS,l,2,301.77,1.54,D,0
20.86885,84.99118,340.17,0.32,0.54,2024-04-24,0806,N,VIIRS,n,2,304.99,3.91,D,2
20.86381,84.99187,330.17,0.32,0.54,2024-04-24,0806,N,VIIRS,l,2,303.63,3.08,D,2
20.78168,85.02365,333.25,0.32,0.55,2024-04-24,0806,N,VIIRS,n,2,298.75,2.36,D,0
20.77662,85.02426,338.31,0.32,0.55,2024-04-24,0806,N,VIIRS,n,2,300.96,2.36,D,0
20.77693,85.02734,340.48,0.32,0.55,2024-04-24,0806,N,VIIRS,n,2,300.37,5,D,0
20.79483,85.25439,345.99,0.33,0.55,2024-04-24,0806,N,VIIRS,n,2,304.09,4.35,D,2
20.76048,85.29557,332.8,0.33,0.55,2024-04-24,0806,N,VIIRS,l,2,304.64,5.24,D,2
20.03671,73.50912,337.49,0.45,0.39,2024-04-24,0806,N,VIIRS,l,2,308.63,5.71,D,0
20.14718,72.87143,335.99,0.47,0.4,2024-04-24,0806,N,VIIRS,l,2,308.3,4.16,D,0
21.92271,83.35039,338.72,0.52,0.5,2024-04-24,0806,N,VIIRS,l,2,311.9,6.3,D,2
20.43163,73.63982,342.44,0.44,0.38,2024-04-24,0806,N,VIIRS,n,2,312.39,7.7,D,0
21.89376,83.5143,337.64,0.53,0.5,2024-04-24,0806,N,VIIRS,l,2,309.87,3.54,D,0
21.35546,73.57671,338.27,0.43,0.38,2024-04-24,0807,N,VIIRS,l,2,312.48,4.79,D,0
21.35824,73.57189,337.92,0.43,0.38,2024-04-24,0807,N,VIIRS,l,2,312.85,3.63,D,0
21.36101,73.56706,338.87,0.43,0.38,2024-04-24,0807,N,VIIRS,l,2,312.17,2.97,D,0
21.39627,73.69147,347.77,0.42,0.38,2024-04-24,0807,N,VIIRS,n,2,318.51,6.51,D,0
21.34664,73.33324,347.07,0.44,0.38,2024-04-24,0807,N,VIIRS,l,2,315.52,4.84,D,0
21.35014,73.33256,344.4,0.44,0.38,2024-04-24,0807,N,VIIRS,l,2,312.77,4.84,D,0
21.58054,74.27663,339.49,0.41,0.37,2024-04-24,0807,N,VIIRS,l,2,314.06,2.44,D,0
21.41881,73.18462,344.95,0.44,0.39,2024-04-24,0807,N,VIIRS,n,2,316.02,20.7,D,0
21.57154,73.7298,346.78,0.42,0.38,2024-04-24,0807,N,VIIRS,n,2,315.96,5.81,D,0
21.5493,73.45969,342.12,0.43,0.38,2024-04-24,0807,N,VIIRS,l,2,315.54,6.74,D,0
21.56956,73.55797,343.94,0.43,0.38,2024-04-24,0807,N,VIIRS,l,2,318.38,5.17,D,0
21.80367,74.38055,341.41,0.4,0.37,2024-04-24,0807,N,VIIRS,l,2,315.86,9.86,D,0
21.1241,70.25912,341,0.42,0.45,2024-04-24,0807,N,VIIRS,l,2,311.34,5.52,D,0
23.07973,83.39203,341.09,0.54,0.51,2024-04-24,0807,N,VIIRS,n,2,306.74,3.41,D,0
21.78478,73.59865,344.56,0.42,0.38,2024-04-24,0807,N,VIIRS,n,2,315.44,4.92,D,0
21.78662,73.59885,344.06,0.42,0.38,2024-04-24,0807,N,VIIRS,l,2,317.62,6.01,D,0
21.44035,71.54716,343.12,0.53,0.42,2024-04-24,0807,N,VIIRS,l,2,317.95,12.01,D,0
23.11194,83.22178,343.56,0.52,0.5,2024-04-24,0807,N,VIIRS,n,2,309.34,7.14,D,0
21.70829,72.92768,344.22,0.45,0.39,2024-04-24,0807,N,VIIRS,l,2,316.49,9.64,D,0
23.14494,83.13488,354.71,0.52,0.5,2024-04-24,0807,N,VIIRS,n,2,309.55,11.2,D,0
23.55939,87.24094,335.02,0.48,0.64,2024-04-24,0807,N,VIIRS,n,2,304.9,1.93,D,2
21.77363,72.90141,344.24,0.45,0.39,2024-04-24,0807,N,VIIRS,l,2,314.51,7.86,D,0
23.56106,87.24116,331.78,0.48,0.64,2024-04-24,0807,N,VIIRS,l,2,304.53,3.36,D,2
23.54407,86.64593,336.92,0.44,0.62,2024-04-24,0807,N,VIIRS,l,2,307.54,2.94,D,0
22.04319,74.21629,345.37,0.4,0.37,2024-04-24,0807,N,VIIRS,l,2,317.25,8.06,D,0
23.16493,82.34187,344.76,0.46,0.47,2024-04-24,0807,N,VIIRS,l,2,316.61,8.19,D,2
23.59733,86.36016,334.58,0.42,0.61,2024-04-24,0807,N,VIIRS,l,2,307.13,1.18,D,0
23.24974,82.38329,343.37,0.47,0.48,2024-04-24,0807,N,VIIRS,n,2,313.13,7.22,D,0
23.65149,86.25369,349.79,0.41,0.61,2024-04-24,0807,N,VIIRS,n,2,310.93,4.15,D,0
23.65113,86.24951,341.98,0.41,0.61,2024-04-24,0807,N,VIIRS,n,2,310.81,4.15,D,0
23.6862,86.3905,336.43,0.42,0.61,2024-04-24,0807,N,VIIRS,l,2,308.26,6.99,D,2
21.52113,70.40599,345.58,0.41,0.45,2024-04-24,0807,N,VIIRS,n,2,317.24,14.97,D,0
23.34021,82.51263,343.95,0.48,0.48,2024-04-24,0807,N,VIIRS,n,2,312.64,5.41,D,0
23.33969,82.5081,347.92,0.48,0.48,2024-04-24,0807,N,VIIRS,n,2,309.94,5.41,D,0
23.33849,82.51064,354.98,0.48,0.48,2024-04-24,0807,N,VIIRS,n,2,311.97,11.15,D,0
21.99498,72.80753,342.8,0.45,0.39,2024-04-24,0807,N,VIIRS,l,2,315.91,8.97,D,0
22.03634,73.0046,336.99,0.44,0.39,2024-04-24,0807,N,VIIRS,l,2,311.86,1.95,D,0
23.69808,85.96643,338.97,0.4,0.6,2024-04-24,0807,N,VIIRS,n,2,307.69,3.75,D,0
23.76886,86.75388,331.19,0.45,0.63,2024-04-24,0807,N,VIIRS,l,2,302.71,1.74,D,0
23.36345,82.45031,348.97,0.47,0.48,2024-04-24,0807,N,VIIRS,n,2,313.46,7.88,D,0
23.79221,86.9725,335.75,0.46,0.64,2024-04-24,0807,N,VIIRS,n,2,302.5,3.56,D,0
23.77471,86.75325,337.23,0.45,0.63,2024-04-24,0807,N,VIIRS,n,2,305.76,5.33,D,0
23.77435,86.74883,332.88,0.45,0.63,2024-04-24,0807,N,VIIRS,l,2,305.39,4.11,D,0
23.75756,86.40202,342.98,0.42,0.61,2024-04-24,0807,N,VIIRS,n,2,308.52,9.73,D,2
23.78009,86.39542,344.41,0.42,0.61,2024-04-24,0807,N,VIIRS,n,2,312.42,11.2,D,2
23.95667,86.19762,340.01,0.41,0.61,2024-04-24,0807,N,VIIRS,n,2,303.03,4.13,D,0
23.61385,82.58517,338.2,0.49,0.48,2024-04-24,0807,N,VIIRS,l,2,311.88,4.1,D,0
23.65647,82.56058,343.71,0.48,0.48,2024-04-24,0807,N,VIIRS,n,2,310.74,4.88,D,0
23.65595,82.55589,337.01,0.48,0.48,2024-04-24,0807,N,VIIRS,l,2,310.31,4.55,D,0
22.50129,74.1068,344.9,0.4,0.37,2024-04-24,0807,N,VIIRS,n,2,315.38,3.4,D,0
23.66095,82.5601,339.35,0.48,0.48,2024-04-24,0807,N,VIIRS,n,2,310.4,4.88,D,0
23.74716,83.26169,344.61,0.54,0.51,2024-04-24,0807,N,VIIRS,n,2,310.64,7.39,D,0
23.74659,83.25638,338.03,0.54,0.51,2024-04-24,0807,N,VIIRS,n,2,309.21,7.39,D,0
23.6593,82.56214,344.26,0.48,0.48,2024-04-24,0807,N,VIIRS,n,2,310.24,6.85,D,0
23.65881,82.5574,339.51,0.48,0.48,2024-04-24,0807,N,VIIRS,l,2,309.7,7.68,D,0
23.74921,83.25901,367,0.54,0.51,2024-04-24,0807,N,VIIRS,h,2,311.28,15.5,D,0
23.74867,83.25371,333.97,0.54,0.51,2024-04-24,0807,N,VIIRS,n,2,308.81,3.89,D,0
23.74815,83.24844,340.56,0.54,0.51,2024-04-24,0807,N,VIIRS,n,2,309.43,3.89,D,0
23.75337,83.25323,336,0.54,0.51,2024-04-24,0807,N,VIIRS,n,2,309.36,5.95,D,0
23.75283,83.24794,347.43,0.54,0.51,2024-04-24,0807,N,VIIRS,n,2,310.24,5.95,D,0
23.77484,83.27784,342.63,0.54,0.51,2024-04-24,0807,N,VIIRS,n,2,309.38,7.41,D,0
23.84676,83.32888,347.27,0.54,0.51,2024-04-24,0807,N,VIIRS,n,2,311.57,5.07,D,0
23.74734,82.33669,346.44,0.47,0.48,2024-04-24,0807,N,VIIRS,n,2,313,7.71,D,0
23.84822,83.33111,343.63,0.54,0.51,2024-04-24,0807,N,VIIRS,n,2,311.24,6.57,D,0
23.7466,82.33778,342.22,0.47,0.48,2024-04-24,0807,N,VIIRS,n,2,312.08,6.21,D,0
23.74266,82.25851,340.8,0.47,0.47,2024-04-24,0807,N,VIIRS,n,2,309.76,6.64,D,0
23.75788,82.35979,336.37,0.47,0.48,2024-04-24,0807,N,VIIRS,l,2,309.81,4.32,D,0
23.7569,82.35056,342.43,0.47,0.48,2024-04-24,0807,N,VIIRS,n,2,312.2,7.68,D,0
22.68368,74.19362,347.88,0.4,0.37,2024-04-24,0807,N,VIIRS,l,2,319.28,7.88,D,0
22.00973,70.35941,341.56,0.4,0.44,2024-04-24,0807,N,VIIRS,l,2,315.91,1.1,D,0
21.87115,69.56744,334.77,0.45,0.47,2024-04-24,0807,N,VIIRS,l,2,308.95,4.89,D,0
23.83706,82.05954,344.04,0.45,0.47,2024-04-24,0807,N,VIIRS,n,2,309.61,4.52,D,0
23.83657,82.05502,335.18,0.45,0.47,2024-04-24,0807,N,VIIRS,l,2,308.85,4.52,D,0
23.94962,82.73254,345.62,0.5,0.49,2024-04-24,0807,N,VIIRS,n,2,315.51,12.67,D,0
22.48271,72.14247,344.46,0.48,0.4,2024-04-24,0807,N,VIIRS,l,2,316.78,2.29,D,0
22.26683,70.41234,345.16,0.4,0.44,2024-04-24,0807,N,VIIRS,n,2,314.16,7.92,D,0
22.36599,70.62484,345.62,0.38,0.43,2024-04-24,0807,N,VIIRS,l,2,316,12.87,D,0
22.58461,71.76952,356.72,0.5,0.41,2024-04-24,0807,N,VIIRS,n,2,319.12,12.88,D,0
24.15658,82.67506,340.23,0.5,0.49,2024-04-24,0807,N,VIIRS,l,2,313.36,12.04,D,0
24.15403,82.56521,341.71,0.49,0.49,2024-04-24,0807,N,VIIRS,n,2,310.77,3.95,D,0
22.67899,72.04321,350.16,0.48,0.4,2024-04-24,0807,N,VIIRS,n,2,318.52,18.07,D,0
22.68346,72.0471,344.57,0.48,0.4,2024-04-24,0807,N,VIIRS,l,2,317.44,26.18,D,0
22.68265,72.04246,350.87,0.48,0.4,2024-04-24,0807,N,VIIRS,n,2,318.16,27.15,D,0
23.02463,73.87916,351.57,0.41,0.37,2024-04-24,0807,N,VIIRS,l,2,324.87,14.52,D,0
23.02398,73.87521,350.43,0.41,0.37,2024-04-24,0807,N,VIIRS,l,2,320.59,14.52,D,0
23.02459,73.87928,349.22,0.41,0.37,2024-04-24,0807,N,VIIRS,n,2,323.11,13.76,D,0
23.02394,73.87534,351.49,0.41,0.37,2024-04-24,0807,N,VIIRS,n,2,320.54,13.76,D,0
23.11149,72.26438,348.51,0.46,0.39,2024-04-24,0807,N,VIIRS,l,2,319.95,11.82,D,0
22.90729,71.01907,342.6,0.54,0.42,2024-04-24,0807,N,VIIRS,l,2,314.31,8.44,D,0
23.07648,70.86425,342.12,0.54,0.42,2024-04-24,0807,N,VIIRS,l,2,315.87,12.09,D,0
23.61833,73.61224,352.58,0.41,0.37,2024-04-24,0807,N,VIIRS,l,2,322.81,6.1,D,0
23.58296,73.27776,346.32,0.42,0.38,2024-04-24,0807,N,VIIRS,n,2,321.25,4.72,D,0
23.75924,73.98399,350.38,0.4,0.37,2024-04-24,0807,N,VIIRS,l,2,323.77,12.05,D,0
23.71655,73.4861,346.62,0.41,0.37,2024-04-24,0807,N,VIIRS,l,2,320.95,14.11,D,0
23.83859,73.88836,344.81,0.4,0.37,2024-04-24,0807,N,VIIRS,l,2,319.65,1.21,D,0
24.0213,74.37233,350.44,0.39,0.36,2024-04-24,0807,N,VIIRS,l,2,322.58,6.95,D,0
23.07847,69.05558,338.43,0.46,0.47,2024-04-24,0807,N,VIIRS,l,2,311.74,5.13,D,0
24.07639,74.1877,346.42,0.39,0.37,2024-04-24,0807,N,VIIRS,l,2,320.1,1.33,D,0
23.11946,68.82528,338.55,0.47,0.48,2024-04-24,0807,N,VIIRS,n,2,310.69,2.23,D,0
24.16986,74.45089,351.78,0.39,0.36,2024-04-24,0807,N,VIIRS,l,2,325.37,17.19,D,0
24.02201,73.21952,346.35,0.42,0.37,2024-04-24,0807,N,VIIRS,n,2,316.07,4.8,D,0
24.16158,73.68114,347.3,0.4,0.37,2024-04-24,0807,N,VIIRS,n,2,319.75,2.85,D,0
24.27138,74.27851,350.03,0.39,0.36,2024-04-24,0807,N,VIIRS,l,2,323.46,5.06,D,0
24.20524,73.73003,349.54,0.4,0.37,2024-04-24,0807,N,VIIRS,l,2,319.5,11.2,D,0
24.20926,73.73332,350.56,0.4,0.37,2024-04-24,0807,N,VIIRS,l,2,323.61,7.86,D,0
24.21813,73.72379,347.13,0.4,0.37,2024-04-24,0807,N,VIIRS,n,2,316.25,4.93,D,0
24.19947,73.22787,339.09,0.42,0.37,2024-04-24,0807,N,VIIRS,l,2,313.18,4.65,D,0
23.48132,69.14686,340.93,0.45,0.47,2024-04-24,0807,N,VIIRS,l,2,315.38,6.28,D,0
24.283,73.29082,344.13,0.41,0.37,2024-04-24,0807,N,VIIRS,l,2,315.87,6.62,D,0
24.4588,73.69771,345.3,0.4,0.37,2024-04-24,0807,N,VIIRS,l,2,317.59,6.15,D,0
24.48721,73.68008,348.4,0.4,0.37,2024-04-24,0807,N,VIIRS,l,2,322.44,17,D,0
24.49058,73.67943,341.13,0.4,0.37,2024-04-24,0807,N,VIIRS,l,2,315.99,17,D,0
24.61607,73.78575,348.93,0.4,0.37,2024-04-24,0807,N,VIIRS,l,2,318.06,11.62,D,0
24.62343,73.78843,342.32,0.4,0.37,2024-04-24,0807,N,VIIRS,l,2,315.19,7.13,D,0
24.6228,73.78455,343.87,0.4,0.37,2024-04-24,0807,N,VIIRS,l,2,314.74,7.13,D,0
24.59076,73.30779,337.33,0.41,0.37,2024-04-24,0807,N,VIIRS,l,2,311.69,2.45,D,0
24.67119,73.30855,343.81,0.41,0.37,2024-04-24,0807,N,VIIRS,n,2,313.63,4.86,D,0
24.74328,73.44772,348.42,0.41,0.37,2024-04-24,0807,N,VIIRS,l,2,318.65,10.19,D,0
24.75136,73.45439,339.55,0.41,0.37,2024-04-24,0807,N,VIIRS,l,2,314.06,4.66,D,0
24.75071,73.45045,341.64,0.41,0.37,2024-04-24,0807,N,VIIRS,l,2,314.17,4.66,D,0
24.75006,73.44649,353.14,0.41,0.37,2024-04-24,0807,N,VIIRS,n,2,316.4,12.63,D,0
24.73627,73.34142,339.92,0.41,0.37,2024-04-24,0807,N,VIIRS,n,2,314.73,3.22,D,0
24.77076,73.35956,342.28,0.41,0.37,2024-04-24,0807,N,VIIRS,l,2,314.85,5,D,0
27.65333,77.41731,347.13,0.44,0.38,2024-04-24,0808,N,VIIRS,l,2,317.39,15.42,D,0
27.70574,77.46397,342.9,0.44,0.38,2024-04-24,0808,N,VIIRS,l,2,315,10.33,D,0
27.71043,77.47229,349.79,0.44,0.38,2024-04-24,0808,N,VIIRS,n,2,320.39,11.14,D,0
27.71582,77.40342,349.46,0.44,0.38,2024-04-24,0808,N,VIIRS,n,2,318.2,14.43,D,0
27.75747,77.39204,343.7,0.44,0.38,2024-04-24,0808,N,VIIRS,l,2,317.37,8.46,D,0
27.76687,77.4086,344.34,0.44,0.38,2024-04-24,0808,N,VIIRS,l,2,316.24,8.09,D,0
27.76874,77.39588,347.69,0.44,0.38,2024-04-24,0808,N,VIIRS,l,2,319.19,11.08,D,0
27.95795,77.41557,344.2,0.44,0.38,2024-04-24,0808,N,VIIRS,n,2,315.8,6.26,D,0
27.9544,77.2533,346.48,0.43,0.38,2024-04-24,0808,N,VIIRS,n,2,316.46,14.41,D,0
27.96733,77.32329,343.5,0.44,0.38,2024-04-24,0808,N,VIIRS,l,2,317.78,11.44,D,0
27.96766,77.32514,344.45,0.44,0.38,2024-04-24,0808,N,VIIRS,l,2,318.24,10.43,D,0
28.11003,77.48537,338.11,0.44,0.39,2024-04-24,0808,N,VIIRS,l,2,310.21,4.7,D,0
28.11012,77.15385,341.72,0.43,0.38,2024-04-24,0808,N,VIIRS,l,2,316.23,10.7,D,0
28.27959,76.78175,345.56,0.42,0.38,2024-04-24,0808,N,VIIRS,l,2,317.34,10.07,D,0
28.37721,77.49512,339.36,0.45,0.39,2024-04-24,0808,N,VIIRS,n,2,311.21,4.34,D,0
28.38077,77.49454,347.24,0.45,0.39,2024-04-24,0808,N,VIIRS,n,2,312.48,4.34,D,0
28.70929,80.17107,350.06,0.4,0.44,2024-04-24,0808,N,VIIRS,n,2,312.49,12.34,D,0
28.705,79.68333,340.14,0.57,0.43,2024-04-24,0808,N,VIIRS,l,2,315.04,8.62,D,0
28.71138,79.52328,350.16,0.56,0.43,2024-04-24,0808,N,VIIRS,n,2,319.41,17.9,D,0
28.44983,76.70705,367,0.42,0.38,2024-04-24,0808,N,VIIRS,l,2,325.3,41.31,D,0
28.45328,76.70645,351.44,0.42,0.38,2024-04-24,0808,N,VIIRS,n,2,318.89,25.04,D,0
28.8617,79.87738,342.02,0.39,0.44,2024-04-24,0808,N,VIIRS,l,2,313.65,2.7,D,0
28.9004,80.00366,338.73,0.4,0.44,2024-04-24,0808,N,VIIRS,n,2,306.99,6.35,D,0
28.89905,79.99141,348.81,0.4,0.44,2024-04-24,0808,N,VIIRS,n,2,308.43,6.06,D,0
28.93902,79.9449,339.25,0.39,0.44,2024-04-24,0808,N,VIIRS,l,2,312.93,4.3,D,0
28.95993,80.06281,340.83,0.4,0.44,2024-04-24,0808,N,VIIRS,l,2,315.64,7.58,D,0
28.55151,76.6599,348.88,0.42,0.38,2024-04-24,0808,N,VIIRS,n,2,313.38,8.68,D,0
28.96403,80.06224,335.85,0.4,0.44,2024-04-24,0808,N,VIIRS,l,2,310.53,2.95,D,0
28.60269,76.8316,344.21,0.42,0.38,2024-04-24,0808,N,VIIRS,l,2,317.25,7.18,D,0
28.60212,76.82727,347.19,0.42,0.38,2024-04-24,0808,N,VIIRS,n,2,316.68,3.57,D,0
29.00408,80.04813,340.38,0.4,0.44,2024-04-24,0808,N,VIIRS,n,2,307.05,3.59,D,0
28.99235,79.94149,344.16,0.39,0.44,2024-04-24,0808,N,VIIRS,n,2,312.23,4.18,D,0
29.0263,79.98633,343.9,0.4,0.44,2024-04-24,0808,N,VIIRS,n,2,307.52,5.63,D,0
28.64206,76.86041,343.25,0.43,0.38,2024-04-24,0808,N,VIIRS,n,2,314.77,5.2,D,0
28.81086,78.10468,339.23,0.48,0.4,2024-04-24,0808,N,VIIRS,l,2,313.94,3.72,D,0
28.96756,79.36553,342.08,0.55,0.43,2024-04-24,0808,N,VIIRS,n,2,314.91,9.74,D,0
28.96613,79.3633,344.45,0.55,0.43,2024-04-24,0808,N,VIIRS,n,2,314.48,8.52,D,0
28.77113,77.61124,343.98,0.45,0.39,2024-04-24,0808,N,VIIRS,n,2,309.8,3.84,D,0
29.06112,79.93537,337.08,0.4,0.44,2024-04-24,0808,N,VIIRS,n,2,304.91,2.93,D,0
28.99651,79.27833,340.32,0.55,0.42,2024-04-24,0808,N,VIIRS,n,2,309.81,4.7,D,0
29.09531,80.09847,346.1,0.4,0.44,2024-04-24,0808,N,VIIRS,n,2,309.63,6.39,D,0
28.69929,76.67023,341.19,0.42,0.38,2024-04-24,0808,N,VIIRS,n,2,312.51,3.01,D,0
28.70275,76.66963,340.49,0.42,0.38,2024-04-24,0808,N,VIIRS,n,2,312.96,3.01,D,0
29.1141,79.96589,339.26,0.4,0.44,2024-04-24,0808,N,VIIRS,n,2,304.73,4.39,D,0
29.11812,79.96475,331.77,0.4,0.44,2024-04-24,0808,N,VIIRS,l,2,303.5,3.74,D,0
29.06519,79.49439,340.94,0.56,0.43,2024-04-24,0808,N,VIIRS,n,2,311.26,4.73,D,0
29.12257,79.96756,353.43,0.4,0.44,2024-04-24,0808,N,VIIRS,n,2,304.97,8.79,D,0
29.14469,80.12989,333.31,0.41,0.45,2024-04-24,0808,N,VIIRS,l,2,305.74,3.19,D,0
29.13008,79.99777,337.97,0.4,0.44,2024-04-24,0808,N,VIIRS,n,2,302.96,4.67,D,0
29.14815,80.12347,343.79,0.41,0.45,2024-04-24,0808,N,VIIRS,n,2,304.55,3.19,D,0
29.13519,80.0063,343.01,0.4,0.44,2024-04-24,0808,N,VIIRS,n,2,303.26,4.16,D,0
29.13471,80.00203,334.88,0.4,0.44,2024-04-24,0808,N,VIIRS,n,2,301.49,4.16,D,0
29.13834,79.99734,330.19,0.4,0.44,2024-04-24,0808,N,VIIRS,l,2,303.05,4.08,D,0
29.15571,80.11633,334.53,0.41,0.45,2024-04-24,0808,N,VIIRS,n,2,302.7,3.14,D,0
29.14053,79.97983,331.81,0.4,0.44,2024-04-24,0808,N,VIIRS,l,2,303.03,2.97,D,0
29.09711,79.59644,341.35,0.57,0.43,2024-04-24,0808,N,VIIRS,n,2,310.78,5.22,D,0
29.1011,79.59584,340.25,0.57,0.43,2024-04-24,0808,N,VIIRS,l,2,312.83,6.91,D,0
29.15696,80.05267,332.18,0.4,0.44,2024-04-24,0808,N,VIIRS,n,2,302.14,2.97,D,0
29.10509,79.59524,337.47,0.57,0.43,2024-04-24,0808,N,VIIRS,l,2,312.43,6.91,D,0
29.11111,79.61226,347.42,0.57,0.43,2024-04-24,0808,N,VIIRS,n,2,309.18,7.41,D,0
29.09853,79.59432,348.71,0.57,0.43,2024-04-24,0808,N,VIIRS,n,2,312.55,12.05,D,0
29.15584,80.05356,334.16,0.4,0.44,2024-04-24,0808,N,VIIRS,n,2,302.77,2.31,D,0
29.16826,80.132,342.72,0.41,0.45,2024-04-24,0808,N,VIIRS,n,2,303.74,5.17,D,0
29.1145,79.59191,338.57,0.57,0.43,2024-04-24,0808,N,VIIRS,l,2,312.6,5.18,D,0
29.06464,79.07353,337.01,0.53,0.42,2024-04-24,0808,N,VIIRS,l,2,308.69,2.5,D,0
29.13184,79.56532,339.74,0.57,0.43,2024-04-24,0808,N,VIIRS,l,2,314.71,6.32,D,0
29.13583,79.56472,351.61,0.57,0.43,2024-04-24,0808,N,VIIRS,n,2,315.46,6.32,D,0
29.13323,79.54132,348.98,0.57,0.43,2024-04-24,0808,N,VIIRS,n,2,317.27,28.39,D,0
29.10667,79.02814,344.1,0.53,0.42,2024-04-24,0808,N,VIIRS,n,2,308.39,4.82,D,0
29.11054,79.02757,342.81,0.53,0.42,2024-04-24,0808,N,VIIRS,n,2,309.88,4.39,D,0
29.24703,80.20232,331.64,0.41,0.45,2024-04-24,0808,N,VIIRS,n,2,301.26,3.1,D,0
29.22966,79.89331,334.49,0.39,0.44,2024-04-24,0808,N,VIIRS,n,2,305.56,4.41,D,0
29.23091,79.7948,338.53,0.39,0.44,2024-04-24,0808,N,VIIRS,n,2,304.26,4.08,D,0
29.23043,79.79058,346.11,0.39,0.44,2024-04-24,0808,N,VIIRS,n,2,302.63,4.08,D,0
29.16892,79.18792,336.54,0.54,0.42,2024-04-24,0808,N,VIIRS,l,2,311.01,1.88,D,0
29.23054,79.79155,350.94,0.39,0.44,2024-04-24,0808,N,VIIRS,n,2,303.17,9.26,D,0
29.16841,79.18642,337.99,0.54,0.42,2024-04-24,0808,N,VIIRS,n,2,312.01,2.24,D,0
29.23543,79.72275,339.62,0.39,0.44,2024-04-24,0808,N,VIIRS,n,2,305.12,3.42,D,0
29.2343,79.71231,342.33,0.39,0.44,2024-04-24,0808,N,VIIRS,n,2,304.98,4.67,D,0
28.9265,76.81098,343.13,0.43,0.38,2024-04-24,0808,N,VIIRS,l,2,316.2,4.7,D,0
29.30098,79.87203,331.8,0.39,0.44,2024-04-24,0808,N,VIIRS,l,2,306.13,4.07,D,0
29.26113,79.47724,336.04,0.56,0.43,2024-04-24,0808,N,VIIRS,n,2,304.94,5,D,0
29.26051,79.4718,335.38,0.56,0.43,2024-04-24,0808,N,VIIRS,n,2,305.97,3.36,D,0
29.2663,79.4873,333.33,0.56,0.43,2024-04-24,0808,N,VIIRS,n,2,302.94,2.74,D,0
29.26571,79.48202,342.83,0.56,0.43,2024-04-24,0808,N,VIIRS,n,2,305.58,5,D,0
29.28222,79.55656,330.19,0.57,0.43,2024-04-24,0808,N,VIIRS,l,2,303.09,6.21,D,0
29.27659,79.50692,355.36,0.57,0.43,2024-04-24,0808,N,VIIRS,n,2,305.69,14.75,D,0
29.29119,79.49319,330.27,0.56,0.43,2024-04-24,0808,N,VIIRS,l,2,305.13,3,D,0
29.27588,79.25602,348.06,0.55,0.43,2024-04-24,0808,N,VIIRS,n,2,311.12,8.93,D,0
29.27523,79.2504,346.52,0.55,0.43,2024-04-24,0808,N,VIIRS,n,2,311.41,5.14,D,0
29.27521,79.25416,352.33,0.55,0.43,2024-04-24,0808,N,VIIRS,n,2,311.82,5.39,D,0
29.27458,79.24852,341.21,0.55,0.43,2024-04-24,0808,N,VIIRS,n,2,310.6,5.39,D,0
29.33963,79.73378,348.49,0.39,0.44,2024-04-24,0808,N,VIIRS,n,2,303.69,6.19,D,0
29.32654,79.57515,337.49,0.57,0.43,2024-04-24,0808,N,VIIRS,n,2,305.77,5.33,D,0
29.32951,79.45477,330.77,0.56,0.43,2024-04-24,0808,N,VIIRS,l,2,302.49,5.83,D,0
29.36612,79.75148,338.73,0.39,0.44,2024-04-24,0808,N,VIIRS,n,2,302.42,4.74,D,0
29.36575,79.74808,336.04,0.39,0.44,2024-04-24,0808,N,VIIRS,n,2,301.4,4.74,D,0
29.37411,79.74956,336.98,0.39,0.44,2024-04-24,0808,N,VIIRS,n,2,298.3,4.41,D,0
29.33183,79.33153,334.31,0.55,0.43,2024-04-24,0808,N,VIIRS,l,2,308.5,5.97,D,0
29.33119,79.32588,340.89,0.55,0.43,2024-04-24,0808,N,VIIRS,n,2,310.34,4.72,D,0
28.99529,76.59628,343.73,0.42,0.38,2024-04-24,0808,N,VIIRS,l,2,314.83,3.8,D,0
29.37678,79.40947,332.43,0.56,0.43,2024-04-24,0808,N,VIIRS,l,2,304.38,3.67,D,0
29.02232,76.56081,338.72,0.42,0.38,2024-04-24,0808,N,VIIRS,l,2,310.97,19.56,D,0
29.41482,79.71021,343.71,0.39,0.44,2024-04-24,0808,N,VIIRS,n,2,303.49,8.82,D,0
29.02634,76.56451,338.56,0.42,0.38,2024-04-24,0808,N,VIIRS,l,2,310.67,19.56,D,0
29.4188,79.70917,332.7,0.39,0.44,2024-04-24,0808,N,VIIRS,n,2,299.32,3.33,D,0
29.36992,79.2103,341.11,0.55,0.42,2024-04-24,0808,N,VIIRS,n,2,307.92,4.79,D,0
29.41053,79.52831,343.24,0.57,0.43,2024-04-24,0808,N,VIIRS,n,2,301.38,13.35,D,0
29.47806,80.05438,339.89,0.41,0.45,2024-04-24,0808,N,VIIRS,l,2,310.26,4.03,D,0
29.38679,79.21836,337.63,0.55,0.42,2024-04-24,0808,N,VIIRS,l,2,308.37,7.58,D,0
29.39073,79.21794,345.95,0.55,0.42,2024-04-24,0808,N,VIIRS,n,2,306.91,7.58,D,0
29.4072,79.52174,332.46,0.57,0.43,2024-04-24,0808,N,VIIRS,n,2,299.44,3.84,D,0
29.41176,79.52646,338.07,0.57,0.43,2024-04-24,0808,N,VIIRS,n,2,297.88,11.79,D,0
29.48019,80.05453,336.65,0.41,0.45,2024-04-24,0808,N,VIIRS,l,2,309.76,4.79,D,0
29.47979,80.05074,336.78,0.41,0.45,2024-04-24,0808,N,VIIRS,l,2,309.62,2.76,D,0
29.47938,80.04683,334.17,0.41,0.45,2024-04-24,0808,N,VIIRS,l,2,306.89,2.76,D,0
29.39031,79.22108,341.76,0.55,0.43,2024-04-24,0808,N,VIIRS,n,2,305.63,10.42,D,0
29.38972,79.21579,344.57,0.55,0.43,2024-04-24,0808,N,VIIRS,n,2,308.51,7.96,D,0
29.17659,77.38596,339.65,0.45,0.39,2024-04-24,0808,N,VIIRS,n,2,310.64,5.74,D,0
29.3988,79.22567,336.09,0.55,0.43,2024-04-24,0808,N,VIIRS,l,2,306.66,3.18,D,0
29.40275,79.22534,335.59,0.55,0.43,2024-04-24,0808,N,VIIRS,l,2,306.45,3.18,D,0
29.40213,79.21983,332.07,0.55,0.43,2024-04-24,0808,N,VIIRS,n,2,306.2,3.18,D,0
29.42357,79.37628,334.63,0.56,0.43,2024-04-24,0808,N,VIIRS,n,2,301.06,6.71,D,0
29.42909,79.31779,336.97,0.56,0.43,2024-04-24,0808,N,VIIRS,l,2,308.99,7.85,D,0
29.39353,78.86718,338.88,0.53,0.42,2024-04-24,0808,N,VIIRS,n,2,309.15,3.7,D,0
29.31494,78.0208,342,0.48,0.4,2024-04-24,0808,N,VIIRS,n,2,311.98,3.79,D,0
29.50403,79.51778,337.39,0.57,0.43,2024-04-24,0808,N,VIIRS,l,2,311.74,43.93,D,0
29.50456,79.52254,367,0.57,0.43,2024-04-24,0808,N,VIIRS,l,2,329.38,43.93,D,0
29.48863,79.24338,348.59,0.55,0.43,2024-04-24,0808,N,VIIRS,n,2,313.62,9.24,D,0
29.48811,79.23882,340.18,0.55,0.43,2024-04-24,0808,N,VIIRS,n,2,312.48,9.24,D,0
29.6923,78.87234,332.35,0.53,0.42,2024-04-24,0809,N,VIIRS,l,2,306.02,3,D,0
30.20284,78.58732,333.06,0.52,0.42,2024-04-24,0809,N,VIIRS,l,2,306.63,5.44,D,0
30.23214,78.84398,337.53,0.54,0.42,2024-04-24,0809,N,VIIRS,n,2,307.92,6.14,D,0
30.19913,78.5889,345.22,0.52,0.42,2024-04-24,0809,N,VIIRS,n,2,314.14,5.44,D,0
30.21184,78.6999,337.77,0.53,0.42,2024-04-24,0809,N,VIIRS,l,2,310.35,5.07,D,0
30.19489,78.5859,337.99,0.52,0.42,2024-04-24,0809,N,VIIRS,l,2,310.94,6.52,D,0
30.19538,78.59024,340.21,0.52,0.42,2024-04-24,0809,N,VIIRS,n,2,314.59,6.52,D,0
30.19112,78.58702,343.63,0.52,0.42,2024-04-24,0809,N,VIIRS,l,2,314.73,6.52,D,0
30.20335,78.83327,334.91,0.54,0.42,2024-04-24,0809,N,VIIRS,l,2,305.96,2.24,D,0
30.20008,78.8393,345.82,0.54,0.42,2024-04-24,0809,N,VIIRS,n,2,308.34,3.99,D,0
30.20317,78.83578,350.62,0.53,0.42,2024-04-24,0809,N,VIIRS,n,2,309.14,16.17,D,0
29.68394,74.94324,346.78,0.39,0.36,2024-04-24,0809,N,VIIRS,n,2,317.81,7.32,D,0
30.11498,78.61756,337.15,0.52,0.42,2024-04-24,0809,N,VIIRS,n,2,310.62,3.89,D,0
30.11858,78.64865,346.42,0.52,0.42,2024-04-24,0809,N,VIIRS,n,2,311.79,4.57,D,0
30.11482,78.64988,338.35,0.52,0.42,2024-04-24,0809,N,VIIRS,n,2,310.83,4.57,D,0
30.05659,78.4147,335.34,0.51,0.41,2024-04-24,0809,N,VIIRS,l,2,306.64,1.61,D,0
30.06515,78.62447,334.39,0.52,0.42,2024-04-24,0809,N,VIIRS,l,2,307.74,2.23,D,0
30.03123,78.36078,334.88,0.5,0.41,2024-04-24,0809,N,VIIRS,l,2,307.86,2.01,D,0
30.02748,78.36147,335.81,0.5,0.41,2024-04-24,0809,N,VIIRS,l,2,308.48,2.01,D,0
29.51169,74.57779,343.08,0.39,0.36,2024-04-24,0809,N,VIIRS,l,2,317.73,7.05,D,0
29.97751,78.42638,339.21,0.51,0.41,2024-04-24,0809,N,VIIRS,n,2,308.76,4.75,D,0
29.97807,78.43111,336.07,0.51,0.41,2024-04-24,0809,N,VIIRS,n,2,308.21,4.75,D,0
29.9811,78.52312,337.5,0.51,0.41,2024-04-24,0809,N,VIIRS,n,2,305.77,1.74,D,0
29.98983,78.73423,340.93,0.53,0.42,2024-04-24,0809,N,VIIRS,n,2,308.19,8.35,D,0
29.94304,78.39471,333.79,0.51,0.41,2024-04-24,0809,N,VIIRS,n,2,306.56,2.03,D,0
30.01031,79.02145,332.46,0.54,0.42,2024-04-24,0809,N,VIIRS,n,2,300.54,3.2,D,0
29.97279,78.75661,340.85,0.53,0.42,2024-04-24,0809,N,VIIRS,n,2,309.34,6.43,D,0
29.96464,78.63267,338.53,0.52,0.41,2024-04-24,0809,N,VIIRS,n,2,300.67,8.04,D,0
29.97577,78.75865,339.36,0.53,0.42,2024-04-24,0809,N,VIIRS,n,2,307.68,4.54,D,0
29.95149,78.752,338.21,0.53,0.42,2024-04-24,0809,N,VIIRS,n,2,308.68,5.84,D,0
29.48401,75.19836,339.91,0.39,0.36,2024-04-24,0809,N,VIIRS,l,2,314.13,2.56,D,0
29.90243,78.40382,334.05,0.51,0.41,2024-04-24,0809,N,VIIRS,l,2,308.65,3.66,D,0
29.93608,78.72071,332.14,0.52,0.42,2024-04-24,0809,N,VIIRS,l,2,307.01,3.73,D,0
29.88372,78.40808,341.88,0.51,0.41,2024-04-24,0809,N,VIIRS,n,2,310.91,6.74,D,0
29.87993,78.40851,345.61,0.51,0.41,2024-04-24,0809,N,VIIRS,n,2,311.1,6.74,D,0
29.48792,75.44293,339.34,0.4,0.37,2024-04-24,0809,N,VIIRS,l,2,314.34,3.91,D,0
29.89508,78.60314,347.2,0.52,0.41,2024-04-24,0809,N,VIIRS,n,2,307.94,18.49,D,0
29.89132,78.60418,333.92,0.52,0.41,2024-04-24,0809,N,VIIRS,n,2,304.77,3.52,D,0
29.91241,78.8897,347.06,0.53,0.42,2024-04-24,0809,N,VIIRS,n,2,307.31,6.34,D,0
29.91821,78.97578,339.92,0.54,0.42,2024-04-24,0809,N,VIIRS,n,2,300.17,13.9,D,0
29.83219,78.68463,354.03,0.52,0.42,2024-04-24,0809,N,VIIRS,n,2,307.38,9.36,D,0
29.82876,78.72153,345.31,0.52,0.42,2024-04-24,0809,N,VIIRS,n,2,308.51,6.08,D,0
29.78,78.77264,333.7,0.53,0.42,2024-04-24,0809,N,VIIRS,l,2,306.6,2.01,D,0
29.55532,76.97929,347.71,0.44,0.38,2024-04-24,0809,N,VIIRS,n,2,316.59,12.68,D,0
29.5559,76.9838,337.1,0.44,0.38,2024-04-24,0809,N,VIIRS,l,2,311.15,12.68,D,0
29.81596,79.16299,330.75,0.55,0.43,2024-04-24,0809,N,VIIRS,l,2,303.69,3.59,D,0
29.83701,79.42905,352.41,0.57,0.43,2024-04-24,0809,N,VIIRS,n,2,305.87,14.82,D,0
29.83809,79.43904,352.94,0.57,0.43,2024-04-24,0809,N,VIIRS,n,2,307.94,14.33,D,0
29.83755,79.43403,367,0.57,0.43,2024-04-24,0809,N,VIIRS,h,2,307.89,14.33,D,0
29.83635,79.4361,351.17,0.57,0.43,2024-04-24,0809,N,VIIRS,n,2,306.55,14.33,D,0
29.83691,79.44102,347.92,0.57,0.43,2024-04-24,0809,N,VIIRS,n,2,306.68,7.27,D,0
29.8358,79.43121,367,0.57,0.43,2024-04-24,0809,N,VIIRS,h,2,310.16,14.33,D,0
29.84694,79.93826,336.05,0.4,0.45,2024-04-24,0809,N,VIIRS,n,2,307.86,4.45,D,0
29.51164,77.16651,341.77,0.44,0.39,2024-04-24,0809,N,VIIRS,n,2,312.6,2.87,D,0
29.72551,78.922,342.78,0.53,0.42,2024-04-24,0809,N,VIIRS,n,2,305.82,4.95,D,0
29.72604,78.92662,342.51,0.53,0.42,2024-04-24,0809,N,VIIRS,n,2,306.68,7.6,D,0
29.88179,80.34621,332.72,0.43,0.46,2024-04-24,0809,N,VIIRS,l,2,303.31,3.23,D,0
29.72222,78.92762,340.59,0.53,0.42,2024-04-24,0809,N,VIIRS,n,2,308.55,7.61,D,0
29.8765,80.33633,334.65,0.43,0.46,2024-04-24,0809,N,VIIRS,l,2,307.69,5.21,D,0
29.87723,80.34339,349.92,0.43,0.46,2024-04-24,0809,N,VIIRS,n,2,305.65,8.05,D,0
29.85103,80.25517,333.98,0.42,0.45,2024-04-24,0809,N,VIIRS,l,2,306.61,5.01,D,0
29.85144,80.25914,343.14,0.42,0.45,2024-04-24,0809,N,VIIRS,n,2,307.49,5.01,D,0
29.69618,78.87196,339.87,0.53,0.42,2024-04-24,0809,N,VIIRS,n,2,306.47,11.64,D,0
29.69676,78.87705,334.95,0.53,0.42,2024-04-24,0809,N,VIIRS,l,2,306.36,7.17,D,0
30.18236,78.41066,341.3,0.51,0.41,2024-04-24,0809,N,VIIRS,l,2,311.91,10.83,D,0
29.68902,78.87803,337.56,0.53,0.42,2024-04-24,0809,N,VIIRS,n,2,306.73,3.93,D,0
29.69304,78.94815,336.96,0.54,0.42,2024-04-24,0809,N,VIIRS,n,2,305.42,5.4,D,0
29.69363,78.95331,334.53,0.54,0.42,2024-04-24,0809,N,VIIRS,n,2,303.98,3.5,D,0
29.7415,79.38355,347.72,0.56,0.43,2024-04-24,0809,N,VIIRS,n,2,310.71,4.65,D,0
29.6867,78.99709,341.53,0.54,0.42,2024-04-24,0809,N,VIIRS,n,2,308.2,5.34,D,0
29.68758,79.11193,332.12,0.55,0.42,2024-04-24,0809,N,VIIRS,l,2,306.96,1.56,D,0
29.68627,78.999,338.62,0.54,0.42,2024-04-24,0809,N,VIIRS,n,2,307.02,3.38,D,0
29.68787,79.11393,334.99,0.55,0.42,2024-04-24,0809,N,VIIRS,l,2,307.99,3.96,D,0
29.72837,79.60938,338.97,0.39,0.44,2024-04-24,0809,N,VIIRS,n,2,310.24,4.61,D,0
29.71546,79.53062,343.25,0.38,0.43,2024-04-24,0809,N,VIIRS,n,2,313.32,4.47,D,0
29.71586,79.53427,346.55,0.38,0.43,2024-04-24,0809,N,VIIRS,n,2,313.9,4.47,D,0
29.7171,79.54531,345.07,0.38,0.43,2024-04-24,0809,N,VIIRS,n,2,308.21,2.98,D,0
29.67287,79.19102,335.04,0.55,0.43,2024-04-24,0809,N,VIIRS,l,2,308.86,3.36,D,0
29.80177,80.39914,345.18,0.43,0.46,2024-04-24,0809,N,VIIRS,n,2,312.04,6.68,D,0
29.67204,79.3604,337.11,0.56,0.43,2024-04-24,0809,N,VIIRS,n,2,308.53,3.44,D,0
29.50441,78.18445,336.62,0.49,0.4,2024-04-24,0809,N,VIIRS,l,2,307.65,1.74,D,0
29.62274,79.2787,335.96,0.56,0.43,2024-04-24,0809,N,VIIRS,l,2,310.66,22.65,D,0
29.6061,79.38349,335.71,0.56,0.43,2024-04-24,0809,N,VIIRS,l,2,308.06,9.77,D,0
29.60752,79.37854,339.67,0.56,0.43,2024-04-24,0809,N,VIIRS,n,2,302.14,4.95,D,0
29.60817,79.38416,332,0.56,0.43,2024-04-24,0809,N,VIIRS,l,2,305.05,10.55,D,0
29.57531,79.203,335.41,0.55,0.43,2024-04-24,0809,N,VIIRS,l,2,308.78,2.9,D,0
29.26999,76.82754,337.69,0.43,0.38,2024-04-24,0809,N,VIIRS,l,2,312.59,1.76,D,0
29.57835,79.40559,335.92,0.56,0.43,2024-04-24,0809,N,VIIRS,n,2,299.39,10.81,D,0
29.57504,79.41201,336.18,0.56,0.43,2024-04-24,0809,N,VIIRS,n,2,304.41,7.2,D,0
29.57439,79.4062,367,0.56,0.43,2024-04-24,0809,N,VIIRS,h,2,304.85,10.81,D,0
29.53811,79.19141,340.67,0.55,0.43,2024-04-24,0809,N,VIIRS,l,2,313.91,10.17,D,0
29.458,78.56655,340.2,0.51,0.41,2024-04-24,0809,N,VIIRS,n,2,308.57,14.47,D,0
29.45862,78.57182,343.07,0.51,0.41,2024-04-24,0809,N,VIIRS,n,2,308.55,12.88,D,0
29.54937,79.36264,345.14,0.56,0.43,2024-04-24,0809,N,VIIRS,n,2,309.14,5.41,D,0
29.60604,79.87907,339.04,0.4,0.44,2024-04-24,0809,N,VIIRS,n,2,302.29,2.22,D,0
29.45298,78.55663,351.81,0.51,0.41,2024-04-24,0809,N,VIIRS,n,2,311.51,6.54,D,0
29.54466,79.39262,339.48,0.56,0.43,2024-04-24,0809,N,VIIRS,n,2,309.3,3.59,D,0
29.4485,78.5842,336.2,0.51,0.41,2024-04-24,0809,N,VIIRS,l,2,310.91,3.34,D,0
29.53261,79.35664,342.94,0.56,0.43,2024-04-24,0809,N,VIIRS,n,2,306.6,5.64,D,0
29.54039,79.42699,338.39,0.56,0.43,2024-04-24,0809,N,VIIRS,l,2,310.76,5.06,D,0
29.49178,79.241,334.36,0.55,0.43,2024-04-24,0809,N,VIIRS,n,2,308.19,5.49,D,0
29.48788,79.24191,367,0.55,0.43,2024-04-24,0809,N,VIIRS,h,2,314.98,14.08,D,0
31.688,75.85091,338.17,0.42,0.38,2024-04-24,0809,N,VIIRS,l,2,308.82,2.21,D,0
31.61376,76.30045,343.75,0.43,0.38,2024-04-24,0809,N,VIIRS,n,2,306.49,3.42,D,0
31.55109,76.31504,339.49,0.43,0.38,2024-04-24,0809,N,VIIRS,n,2,309.47,6.95,D,0
31.50811,76.42832,346.85,0.43,0.38,2024-04-24,0809,N,VIIRS,n,2,309.74,7.2,D,0
31.37285,76.04829,336.24,0.42,0.38,2024-04-24,0809,N,VIIRS,l,2,307.85,4.29,D,0
31.36939,76.04893,338.13,0.42,0.38,2024-04-24,0809,N,VIIRS,l,2,310.5,4.29,D,0
30.9729,74.5613,347.88,0.39,0.36,2024-04-24,0809,N,VIIRS,n,2,309.69,5.09,D,0
30.96957,74.56195,337.12,0.39,0.36,2024-04-24,0809,N,VIIRS,n,2,305.96,5.09,D,0
30.8794,75.50585,336.99,0.4,0.37,2024-04-24,0809,N,VIIRS,n,2,307.19,1.51,D,0
30.57821,74.24341,338.54,0.39,0.36,2024-04-24,0809,N,VIIRS,l,2,312.89,3.17,D,0
30.84703,76.9286,341.37,0.45,0.39,2024-04-24,0809,N,VIIRS,n,2,306.24,3.06,D,0
30.57067,75.14304,340.56,0.4,0.37,2024-04-24,0809,N,VIIRS,n,2,307.15,4.6,D,0
30.56732,75.14366,337.47,0.4,0.37,2024-04-24,0809,N,VIIRS,n,2,306.95,4.6,D,0
30.89691,77.72099,333.17,0.48,0.4,2024-04-24,0809,N,VIIRS,l,2,306.55,4.64,D,0
30.81439,78.15079,333.87,0.5,0.41,2024-04-24,0809,N,VIIRS,l,2,306.34,3.96,D,0
30.66404,77.15612,331.6,0.45,0.39,2024-04-24,0809,N,VIIRS,l,2,305.49,3.11,D,0
30.50457,76.74314,338.18,0.44,0.38,2024-04-24,0809,N,VIIRS,l,2,311.86,3.48,D,0
30.50515,76.7477,340.07,0.44,0.38,2024-04-24,0809,N,VIIRS,l,2,314.16,4.79,D,0
30.68733,78.30865,344.65,0.51,0.41,2024-04-24,0809,N,VIIRS,n,2,310.79,8.96,D,0
30.59949,78.0833,336.6,0.5,0.41,2024-04-24,0809,N,VIIRS,l,2,309.39,4.35,D,0
30.61336,78.67118,337.41,0.53,0.42,2024-04-24,0809,N,VIIRS,n,2,298.6,10.59,D,0
30.61277,78.67445,331.42,0.53,0.42,2024-04-24,0809,N,VIIRS,n,2,299.33,2.8,D,0
30.16889,75.33364,349.39,0.4,0.37,2024-04-24,0809,N,VIIRS,n,2,314.17,6.99,D,0
30.56226,78.67859,347.13,0.53,0.42,2024-04-24,0809,N,VIIRS,n,2,305.27,12.72,D,0
30.47124,77.93854,345.66,0.49,0.4,2024-04-24,0809,N,VIIRS,n,2,306.05,6.36,D,0
30.46759,77.93956,348.55,0.49,0.4,2024-04-24,0809,N,VIIRS,n,2,309.92,6.36,D,0
30.48708,78.39752,336.29,0.51,0.41,2024-04-24,0809,N,VIIRS,n,2,306.23,2.02,D,0
30.2951,77.74348,334.78,0.48,0.4,2024-04-24,0809,N,VIIRS,l,2,308.99,2.31,D,0
30.38346,78.60052,350.11,0.52,0.42,2024-04-24,0809,N,VIIRS,n,2,309.81,8.04,D,0
30.35263,78.36297,332.21,0.51,0.41,2024-04-24,0809,N,VIIRS,l,2,305.26,2.18,D,0
30.38011,78.60539,340.26,0.52,0.42,2024-04-24,0809,N,VIIRS,n,2,305.53,4.51,D,0
30.3517,78.38856,350.6,0.51,0.41,2024-04-24,0809,N,VIIRS,n,2,305.71,7.93,D,0
30.37466,78.59173,346.47,0.52,0.42,2024-04-24,0809,N,VIIRS,n,2,313.45,5.46,D,0
30.39845,78.80465,330.29,0.54,0.42,2024-04-24,0809,N,VIIRS,n,2,303.39,5.84,D,0
29.94274,75.21468,349.22,0.39,0.36,2024-04-24,0809,N,VIIRS,n,2,311.39,7.48,D,0
29.93939,75.21531,348.74,0.39,0.36,2024-04-24,0809,N,VIIRS,n,2,310.51,5.15,D,0
30.38219,78.6028,348.95,0.52,0.42,2024-04-24,0809,N,VIIRS,n,2,309.65,4.76,D,0
30.38277,78.6078,333.61,0.52,0.42,2024-04-24,0809,N,VIIRS,l,2,304.58,4.76,D,0
30.35306,78.39114,331.58,0.51,0.41,2024-04-24,0809,N,VIIRS,l,2,302.76,4.12,D,0
30.34867,78.38664,332.87,0.51,0.41,2024-04-24,0809,N,VIIRS,n,2,302.73,3.05,D,0
30.34928,78.39178,337.56,0.51,0.41,2024-04-24,0809,N,VIIRS,n,2,305.09,3.05,D,0
30.37338,78.59423,344.72,0.52,0.42,2024-04-24,0809,N,VIIRS,n,2,314.12,11.01,D,0
30.31465,78.35986,332.34,0.51,0.41,2024-04-24,0809,N,VIIRS,n,2,302.99,5.2,D,0
30.31084,78.36024,345.02,0.51,0.41,2024-04-24,0809,N,VIIRS,n,2,306.66,5.2,D,0
30.36547,78.96962,337.71,0.55,0.42,2024-04-24,0809,N,VIIRS,n,2,306.71,4.17,D,0
30.35979,79.09752,332.17,0.55,0.43,2024-04-24,0809,N,VIIRS,l,2,303.98,3.24,D,0
29.874,75.33634,338.05,0.4,0.37,2024-04-24,0809,N,VIIRS,l,2,312.54,2.58,D,0
30.29983,78.73705,330.04,0.53,0.42,2024-04-24,0809,N,VIIRS,l,2,303.45,2.71,D,0
30.29544,78.73302,350.52,0.53,0.42,2024-04-24,0809,N,VIIRS,n,2,315.12,13.63,D,0
30.29596,78.73756,339.8,0.53,0.42,2024-04-24,0809,N,VIIRS,n,2,308.64,5.82,D,0
30.30198,78.79128,353.75,0.53,0.42,2024-04-24,0809,N,VIIRS,n,2,308.55,16.58,D,0
30.26815,78.52565,340.97,0.52,0.41,2024-04-24,0809,N,VIIRS,n,2,307.1,4.5,D,0
30.26443,78.52711,335,0.52,0.41,2024-04-24,0809,N,VIIRS,l,2,309.19,2.8,D,0
30.29764,78.72984,336.61,0.53,0.42,2024-04-24,0809,N,VIIRS,l,2,309.9,3.14,D,0
30.29817,78.7344,351.84,0.53,0.42,2024-04-24,0809,N,VIIRS,n,2,310.12,13.73,D,0
30.30497,78.79229,342.65,0.53,0.42,2024-04-24,0809,N,VIIRS,n,2,301.82,7.72,D,0
30.2938,78.73052,339.17,0.53,0.42,2024-04-24,0809,N,VIIRS,l,2,309.91,3.14,D,0
30.30119,78.7935,338.54,0.53,0.42,2024-04-24,0809,N,VIIRS,n,2,306.39,7.72,D,0
30.26593,78.52869,337.44,0.52,0.41,2024-04-24,0809,N,VIIRS,l,2,310.66,5.46,D,0
30.27796,78.72916,339.96,0.53,0.42,2024-04-24,0809,N,VIIRS,l,2,310.22,4.8,D,0
30.28094,78.89068,347.94,0.54,0.42,2024-04-24,0809,N,VIIRS,n,2,307.54,6.26,D,0
30.24835,78.64357,334.56,0.52,0.42,2024-04-24,0809,N,VIIRS,l,2,307.88,6.09,D,0
30.25812,78.72731,342.51,0.53,0.42,2024-04-24,0809,N,VIIRS,l,2,313.74,8.4,D,0
30.25872,78.73254,351.81,0.53,0.42,2024-04-24,0809,N,VIIRS,n,2,312.96,13.29,D,0
30.2345,78.55846,341.55,0.52,0.41,2024-04-24,0809,N,VIIRS,l,2,314.77,8.49,D,0
30.25365,78.72263,349.43,0.53,0.42,2024-04-24,0809,N,VIIRS,n,2,318,8.4,D,0
30.25424,78.72777,339.55,0.53,0.42,2024-04-24,0809,N,VIIRS,l,2,312.58,8.4,D,0
30.25484,78.73295,349.9,0.53,0.42,2024-04-24,0809,N,VIIRS,n,2,316.66,13.29,D,0
30.25545,78.73821,348.95,0.53,0.42,2024-04-24,0809,N,VIIRS,n,2,314.93,13.29,D,0
30.25607,78.74352,336.12,0.53,0.42,2024-04-24,0809,N,VIIRS,l,2,310.41,6.7,D,0
30.29793,79.18048,333.59,0.56,0.43,2024-04-24,0809,N,VIIRS,n,2,306.27,4.31,D,0
30.30462,78.696,333.49,0.39,0.36,2024-04-24,2033,N,VIIRS,n,2,423.34,4.7,N,0
30.3059,78.68807,320.69,0.39,0.36,2024-04-24,2033,N,VIIRS,n,2,423.34,2.15,N,0
30.32878,79.00632,345.8,0.39,0.36,2024-04-24,2033,N,VIIRS,n,2,423.34,6.52,N,0
30.3036,79.18007,323.74,0.39,0.36,2024-04-24,2033,N,VIIRS,n,2,423.34,3.56,N,0
30.3321,79.00698,322.39,0.39,0.36,2024-04-24,2033,N,VIIRS,n,2,423.34,1.78,N,0
30.30961,79.16449,329.27,0.39,0.36,2024-04-24,2033,N,VIIRS,n,2,423.34,4.39,N,0
30.31026,79.16055,340,0.39,0.36,2024-04-24,2033,N,VIIRS,n,2,423.34,4.39,N,0
30.31228,79.16911,325.24,0.39,0.36,2024-04-24,2033,N,VIIRS,n,2,423.34,4.36,N,0
30.31294,79.16513,337.95,0.39,0.36,2024-04-24,2033,N,VIIRS,n,2,423.34,12.52,N,0
30.31359,79.16122,347.31,0.39,0.36,2024-04-24,2033,N,VIIRS,n,2,423.34,12.52,N,0
30.31361,79.18182,320.13,0.39,0.36,2024-04-24,2033,N,VIIRS,n,2,423.34,3.06,N,0
30.31624,79.16594,342.08,0.39,0.36,2024-04-24,2033,N,VIIRS,n,2,423.34,12.52,N,0
30.31689,79.16203,351.88,0.39,0.36,2024-04-24,2033,N,VIIRS,n,2,423.34,12.52,N,0
31.51554,76.08792,335.52,0.41,0.37,2024-04-24,2033,N,VIIRS,n,2,423.34,4.18,N,0
31.51615,76.08353,322.88,0.41,0.37,2024-04-24,2033,N,VIIRS,n,2,423.34,3.21,N,0
31.59291,76.284,339.29,0.41,0.37,2024-04-24,2033,N,VIIRS,n,2,423.34,4.65,N,0
29.21686,79.93835,320.74,0.41,0.37,2024-04-24,2033,N,VIIRS,n,2,423.34,1.45,N,0
29.27523,79.55599,327.21,0.4,0.37,2024-04-24,2033,N,VIIRS,n,2,423.34,4.93,N,0
29.15958,80.14632,321.46,0.42,0.38,2024-04-24,2033,N,VIIRS,n,2,423.34,5.25,N,0
29.24731,79.61741,326.4,0.4,0.37,2024-04-24,2033,N,VIIRS,n,2,423.34,2.57,N,0
29.25946,79.4845,346.52,0.4,0.37,2024-04-24,2033,N,VIIRS,n,2,423.34,8.76,N,0
29.25677,79.47985,322.43,0.4,0.37,2024-04-24,2033,N,VIIRS,n,2,423.34,4.55,N,0
29.14379,80.13495,341,0.42,0.38,2024-04-24,2033,N,VIIRS,n,2,423.34,6.03,N,0
29.25477,79.47115,320.57,0.4,0.37,2024-04-24,2033,N,VIIRS,n,2,423.34,2.98,N,0
29.25408,79.4752,331.83,0.4,0.37,2024-04-24,2033,N,VIIRS,n,2,423.34,2.98,N,0
29.19525,80.14006,323.3,0.42,0.38,2024-04-24,2033,N,VIIRS,n,2,423.34,4.11,N,0
29.22128,79.66731,326.97,0.41,0.37,2024-04-24,2033,N,VIIRS,n,2,423.34,2.45,N,0
29.14032,80.13451,333.91,0.42,0.38,2024-04-24,2033,N,VIIRS,n,2,423.34,6.03,N,0
29.2145,79.66599,323.1,0.41,0.37,2024-04-24,2033,N,VIIRS,n,2,423.34,2.81,N,0
29.12423,80.14506,320.97,0.42,0.38,2024-04-24,2033,N,VIIRS,n,2,423.34,3.42,N,0
29.17106,79.81609,321.41,0.41,0.37,2024-04-24,2033,N,VIIRS,n,2,423.34,2.66,N,0
29.13952,79.89606,334.74,0.41,0.37,2024-04-24,2033,N,VIIRS,n,2,423.34,5.24,N,0
29.07968,79.50793,321.66,0.4,0.37,2024-04-24,2033,N,VIIRS,n,2,423.34,2.8,N,0
29.35617,79.53693,321.88,0.4,0.37,2024-04-24,2033,N,VIIRS,n,2,423.34,3.01,N,0
29.35686,79.53283,330.43,0.4,0.37,2024-04-24,2033,N,VIIRS,n,2,423.34,3.01,N,0
29.36023,79.53349,329,0.4,0.37,2024-04-24,2033,N,VIIRS,n,2,423.34,2.99,N,0
29.30091,79.92043,328.72,0.41,0.37,2024-04-24,2033,N,VIIRS,n,2,423.34,3.97,N,0
29.33328,79.73229,331.31,0.41,0.37,2024-04-24,2033,N,VIIRS,n,2,423.34,3.28,N,0
29.36828,79.75289,325.06,0.41,0.37,2024-04-24,2033,N,VIIRS,n,2,423.34,2.68,N,0
29.36867,79.75122,324.1,0.41,0.37,2024-04-24,2033,N,VIIRS,n,2,423.34,2.26,N,0
29.55213,79.16204,320.5,0.39,0.37,2024-04-24,2033,N,VIIRS,n,2,423.34,1.46,N,0
29.39688,80.13674,346.09,0.42,0.37,2024-04-24,2033,N,VIIRS,n,2,423.34,6.56,N,0
29.69078,78.87854,321.41,0.39,0.36,2024-04-24,2033,N,VIIRS,n,2,423.34,2.58,N,0
29.48453,80.1181,320.66,0.42,0.37,2024-04-24,2033,N,VIIRS,n,2,423.34,2.48,N,0
29.48788,80.1192,322.1,0.42,0.37,2024-04-24,2033,N,VIIRS,n,2,423.34,2.48,N,0
29.49351,80.10718,320.98,0.42,0.37,2024-04-24,2033,N,VIIRS,n,2,423.34,2.62,N,0
29.78723,78.70098,327.78,0.39,0.36,2024-04-24,2033,N,VIIRS,n,2,423.34,3.56,N,0
29.6443,79.80183,324.62,0.41,0.37,2024-04-24,2033,N,VIIRS,n,2,423.34,2.72,N,0
29.845,78.74532,329.81,0.39,0.36,2024-04-24,2033,N,VIIRS,n,2,423.34,2.45,N,0
29.83934,79.41795,325.69,0.4,0.37,2024-04-24,2033,N,VIIRS,n,2,423.34,3.35,N,0
29.95217,78.73489,323.39,0.39,0.36,2024-04-24,2033,N,VIIRS,n,2,423.34,2.64,N,0
29.92981,79.36078,330.45,0.4,0.37,2024-04-24,2033,N,VIIRS,n,2,423.34,5.46,N,0
29.99025,79.01813,327.42,0.39,0.36,2024-04-24,2033,N,VIIRS,n,2,423.34,2.54,N,0
30.1177,78.61145,321.96,0.39,0.36,2024-04-24,2033,N,VIIRS,n,2,423.34,2.26,N,0
29.88497,80.11794,320.49,0.41,0.37,2024-04-24,2033,N,VIIRS,n,2,423.34,1.86,N,0
30.10132,78.85905,327.71,0.39,0.36,2024-04-24,2033,N,VIIRS,n,2,423.34,2.35,N,0
30.29858,77.74778,324.26,0.38,0.36,2024-04-24,2033,N,VIIRS,n,2,423.34,2.48,N,0
30.30188,77.74846,328.52,0.38,0.36,2024-04-24,2033,N,VIIRS,n,2,423.34,3.44,N,0
30.20131,78.57983,331.66,0.39,0.36,2024-04-24,2033,N,VIIRS,n,2,423.34,3.44,N,0
30.20463,78.5804,341.98,0.39,0.36,2024-04-24,2033,N,VIIRS,n,2,423.34,4.82,N,0
30.26494,78.51876,337.39,0.39,0.36,2024-04-24,2033,N,VIIRS,n,2,423.34,4.93,N,0
23.80404,86.32883,327.99,0.37,0.58,2024-04-24,2034,N,VIIRS,n,2,423.34,4.25,N,2
23.79309,86.35245,320.21,0.37,0.58,2024-04-24,2034,N,VIIRS,n,2,423.34,3.87,N,2
23.80527,86.3299,324.33,0.37,0.58,2024-04-24,2034,N,VIIRS,n,2,423.34,4.34,N,2
23.77971,86.39517,323.48,0.37,0.58,2024-04-24,2034,N,VIIRS,n,2,423.34,7.37,N,2
23.77951,86.34594,326.97,0.37,0.58,2024-04-24,2034,N,VIIRS,n,2,423.34,3.29,N,2
23.76308,86.39474,323.15,0.37,0.58,2024-04-24,2034,N,VIIRS,n,2,423.34,7.82,N,2
23.7615,86.40186,324.43,0.37,0.58,2024-04-24,2034,N,VIIRS,n,2,423.34,4.7,N,2
23.75621,86.40054,325.36,0.37,0.58,2024-04-24,2034,N,VIIRS,n,2,423.34,2.78,N,2
23.75542,86.40409,321.7,0.37,0.58,2024-04-24,2034,N,VIIRS,n,2,423.34,2.78,N,2
23.78263,86.20762,337.72,0.36,0.57,2024-04-24,2034,N,VIIRS,n,2,423.34,4.88,N,2
23.6852,86.39344,324.52,0.37,0.58,2024-04-24,2034,N,VIIRS,n,2,423.34,4.62,N,2
23.68329,86.39037,323.28,0.37,0.58,2024-04-24,2034,N,VIIRS,n,2,423.34,2.88,N,2
23.68251,86.39389,325.48,0.37,0.58,2024-04-24,2034,N,VIIRS,n,2,423.34,2.88,N,2
23.67927,86.08488,326.73,0.35,0.57,2024-04-24,2034,N,VIIRS,n,2,423.34,3.4,N,2
24.18606,83.174,324.22,0.46,0.47,2024-04-24,2034,N,VIIRS,n,2,423.34,2.46,N,0
24.15499,82.56666,324.43,0.43,0.46,2024-04-24,2034,N,VIIRS,n,2,423.34,2.5,N,0
23.57282,73.27702,329.7,0.44,0.39,2024-04-24,2035,N,VIIRS,n,2,423.34,3.85,N,0
21.9206,83.35178,327.09,0.52,0.5,2024-04-24,2035,N,VIIRS,n,2,423.34,5.26,N,2
22.31727,82.51608,321.51,0.46,0.47,2024-04-24,2035,N,VIIRS,n,2,423.34,3.66,N,2
22.31878,82.51523,320.78,0.46,0.47,2024-04-24,2035,N,VIIRS,n,2,423.34,4.37,N,2
23.93883,74.58616,320.87,0.4,0.37,2024-04-24,2035,N,VIIRS,n,2,423.34,3.27,N,0
20.79274,85.25468,325.89,0.36,0.57,2024-04-24,2035,N,VIIRS,n,2,423.34,5.18,N,2
20.7935,85.25121,321.08,0.36,0.57,2024-04-24,2035,N,VIIRS,n,2,423.34,4.06,N,2
20.96691,85.15323,324.03,0.35,0.57,2024-04-24,2035,N,VIIRS,n,2,423.34,4.55,N,2
20.97639,85.13433,329.98,0.35,0.57,2024-04-24,2035,N,VIIRS,n,2,423.34,5.66,N,2
23.16557,82.3428,335.83,0.43,0.46,2024-04-24,2035,N,VIIRS,n,2,423.34,6.59,N,2
21.10581,72.64473,343.98,0.45,0.39,2024-04-24,2036,N,VIIRS,n,2,150,12.24,N,2
21.10345,72.63557,334.36,0.45,0.39,2024-04-24,2036,N,VIIRS,n,2,150,9.39,N,2
20.48281,73.07815,331.3,0.57,0.52,2024-04-25,0747,N,VIIRS,l,2,302.94,4.89,D,0
20.47808,73.07923,337.69,0.57,0.52,2024-04-25,0747,N,VIIRS,n,2,301.96,2.09,D,0
22.16125,83.17773,343.95,0.43,0.38,2024-04-25,0747,N,VIIRS,n,2,311.85,4.76,D,0
22.03176,82.30531,345.94,0.4,0.37,2024-04-25,0747,N,VIIRS,n,2,318.47,9.68,D,0
22.15032,83.15001,350.38,0.42,0.38,2024-04-25,0747,N,VIIRS,n,2,310.56,13.35,D,0
22.14684,83.15057,343.36,0.42,0.38,2024-04-25,0747,N,VIIRS,n,2,312.98,13.35,D,0
22.10358,83.11976,344.55,0.42,0.38,2024-04-25,0747,N,VIIRS,l,2,318.47,9.01,D,2
22.12693,83.34437,342.29,0.43,0.38,2024-04-25,0747,N,VIIRS,l,2,315.21,11.06,D,0
20.47308,73.59022,336.96,0.53,0.5,2024-04-25,0747,N,VIIRS,n,2,306.77,2.29,D,0
22.06125,83.07957,333.64,0.42,0.38,2024-04-25,0747,N,VIIRS,l,2,307.68,2.01,D,0
20.47065,73.59393,336.83,0.53,0.5,2024-04-25,0747,N,VIIRS,l,2,307.52,2.36,D,0
20.37773,73.60814,334.99,0.53,0.5,2024-04-25,0747,N,VIIRS,l,2,307.16,3.64,D,0
21.9198,83.35364,344.85,0.43,0.38,2024-04-25,0747,N,VIIRS,l,2,317.33,9.97,D,2
20.21111,73.47649,334.57,0.55,0.51,2024-04-25,0747,N,VIIRS,l,2,307.46,3.52,D,0
20.0128,73.41939,334.31,0.55,0.51,2024-04-25,0747,N,VIIRS,l,2,306.5,1.81,D,0
20.01137,73.41694,333.67,0.55,0.51,2024-04-25,0747,N,VIIRS,l,2,306.98,1.02,D,0
21.29857,85.18694,341.6,0.51,0.41,2024-04-25,0747,N,VIIRS,n,2,311.12,4.72,D,0
21.24209,84.95192,337.13,0.5,0.41,2024-04-25,0747,N,VIIRS,l,2,310.24,7.6,D,0
21.2855,85.29984,336.62,0.52,0.41,2024-04-25,0747,N,VIIRS,l,2,307.22,1.73,D,0
21.22136,85.36331,335.07,0.52,0.42,2024-04-25,0747,N,VIIRS,l,2,309.53,1.86,D,0
21.1896,85.48621,336.68,0.53,0.42,2024-04-25,0747,N,VIIRS,l,2,308.41,3.67,D,0
21.1062,84.9437,337.5,0.49,0.41,2024-04-25,0747,N,VIIRS,l,2,312.14,3.05,D,0
21.07634,84.88973,344.13,0.49,0.4,2024-04-25,0747,N,VIIRS,n,2,312.09,6.3,D,0
21.07991,85.03561,341.74,0.5,0.41,2024-04-25,0747,N,VIIRS,l,2,316.53,9.2,D,2
21.07738,85.04577,342.41,0.5,0.41,2024-04-25,0747,N,VIIRS,l,2,315.02,12.12,D,2
21.03498,85.13555,341,0.51,0.41,2024-04-25,0747,N,VIIRS,n,2,305.36,4.84,D,0
21.06794,85.35535,336.22,0.52,0.41,2024-04-25,0747,N,VIIRS,l,2,309.63,3.64,D,0
21.03523,85.13372,333.3,0.5,0.41,2024-04-25,0747,N,VIIRS,l,2,306.06,3.4,D,0
21.03147,85.13438,340.64,0.5,0.41,2024-04-25,0747,N,VIIRS,n,2,307.78,6.14,D,0
21.03865,85.36995,336.45,0.52,0.41,2024-04-25,0747,N,VIIRS,l,2,306.83,3.58,D,0
21.00255,85.1189,346.9,0.5,0.41,2024-04-25,0747,N,VIIRS,n,2,312.1,9.04,D,0
20.99878,85.11945,338.96,0.5,0.41,2024-04-25,0747,N,VIIRS,l,2,311.36,3.85,D,0
20.98117,85.13196,339.64,0.5,0.41,2024-04-25,0747,N,VIIRS,l,2,313.53,8.46,D,2
20.9774,85.13249,340.42,0.5,0.41,2024-04-25,0747,N,VIIRS,l,2,314.41,6.22,D,2
20.97802,85.13737,345.78,0.5,0.41,2024-04-25,0747,N,VIIRS,n,2,312.98,6.22,D,2
20.97926,85.14709,338.43,0.51,0.41,2024-04-25,0747,N,VIIRS,l,2,311.95,9,D,2
20.96854,85.15359,342.38,0.51,0.41,2024-04-25,0747,N,VIIRS,l,2,312.75,8.58,D,2
20.96344,85.17414,343.04,0.51,0.41,2024-04-25,0747,N,VIIRS,l,2,313.88,10.51,D,2
20.94417,85.26708,334.3,0.51,0.41,2024-04-25,0747,N,VIIRS,l,2,306.73,3.55,D,0
20.88843,84.9521,334.43,0.49,0.4,2024-04-25,0747,N,VIIRS,l,2,309.25,2.87,D,0
20.91291,85.13966,335.91,0.5,0.41,2024-04-25,0747,N,VIIRS,l,2,309.46,3.84,D,0
20.87169,84.88226,331.91,0.49,0.4,2024-04-25,0747,N,VIIRS,l,2,306.31,1.88,D,0
20.87572,85.2097,337.23,0.51,0.41,2024-04-25,0747,N,VIIRS,n,2,305.91,3.15,D,0
20.83558,84.95497,334,0.49,0.4,2024-04-25,0747,N,VIIRS,l,2,306.45,4.01,D,0
20.85065,85.39682,332.98,0.52,0.41,2024-04-25,0747,N,VIIRS,l,2,306.96,3.37,D,0
20.85199,85.49817,333.57,0.53,0.42,2024-04-25,0747,N,VIIRS,l,2,306.48,1.77,D,0
20.79786,85.25804,332.83,0.51,0.41,2024-04-25,0747,N,VIIRS,l,2,306.2,4.88,D,2
20.79344,85.25366,346.33,0.51,0.41,2024-04-25,0747,N,VIIRS,n,2,310.58,16.9,D,2
20.7548,85.01276,339.72,0.49,0.41,2024-04-25,0747,N,VIIRS,l,2,313.6,3.46,D,0
20.78712,85.26461,334.28,0.51,0.41,2024-04-25,0747,N,VIIRS,l,2,308.43,7.38,D,2
20.71457,84.90667,341.76,0.49,0.4,2024-04-25,0747,N,VIIRS,n,2,310.79,4.15,D,0
20.71759,84.9302,336.74,0.49,0.4,2024-04-25,0747,N,VIIRS,l,2,308.11,3.12,D,0
20.71261,84.92088,356.86,0.49,0.4,2024-04-25,0747,N,VIIRS,n,2,311.27,7.19,D,0
20.71323,84.92573,335.83,0.49,0.4,2024-04-25,0747,N,VIIRS,l,2,308.13,7.19,D,0
20.69761,84.83335,331.55,0.48,0.4,2024-04-25,0747,N,VIIRS,l,2,306,2.48,D,0
20.69392,84.83398,337.44,0.48,0.4,2024-04-25,0747,N,VIIRS,n,2,307.05,3.58,D,0
20.70623,84.99001,345.06,0.49,0.4,2024-04-25,0747,N,VIIRS,n,2,313.34,15.88,D,0
20.70681,84.99454,338.28,0.49,0.41,2024-04-25,0747,N,VIIRS,n,2,306.39,15.88,D,0
20.70072,84.97649,336.66,0.49,0.4,2024-04-25,0747,N,VIIRS,l,2,307.95,4.05,D,0
20.70132,84.98122,334.05,0.49,0.4,2024-04-25,0747,N,VIIRS,l,2,308.27,6.82,D,0
20.70248,84.99039,337.18,0.49,0.4,2024-04-25,0747,N,VIIRS,l,2,307.94,15.88,D,0
20.70354,84.97922,346.61,0.49,0.4,2024-04-25,0747,N,VIIRS,n,2,308.93,8.84,D,0
20.70476,84.98843,338.63,0.49,0.4,2024-04-25,0747,N,VIIRS,n,2,307.88,23.55,D,0
20.70535,84.9929,343.74,0.49,0.4,2024-04-25,0747,N,VIIRS,n,2,313.25,23.55,D,0
23.61217,82.95827,340.51,0.43,0.38,2024-04-25,0748,N,VIIRS,n,2,313.15,3.45,D,0
23.53884,82.42278,349.81,0.41,0.37,2024-04-25,0748,N,VIIRS,n,2,317.7,9.02,D,0
23.61567,82.9577,367,0.43,0.38,2024-04-25,0748,N,VIIRS,h,2,315.37,8.68,D,0
23.51207,82.2058,342.64,0.41,0.37,2024-04-25,0748,N,VIIRS,l,2,316.44,5.95,D,0
23.62959,82.98135,342.42,0.43,0.38,2024-04-25,0748,N,VIIRS,l,2,313.8,5.8,D,0
23.68026,83.14327,344,0.44,0.38,2024-04-25,0748,N,VIIRS,n,2,317.51,5.27,D,0
22.17311,82.68777,341.94,0.41,0.37,2024-04-25,0748,N,VIIRS,l,2,312.92,5.72,D,0
22.17256,82.68382,342.79,0.41,0.37,2024-04-25,0748,N,VIIRS,l,2,312.93,5.72,D,0
22.17598,82.68331,355.09,0.41,0.37,2024-04-25,0748,N,VIIRS,n,2,316.83,18.67,D,0
22.19311,82.68073,343.63,0.41,0.37,2024-04-25,0748,N,VIIRS,n,2,313.36,11.19,D,0
22.19431,82.66438,340.99,0.41,0.37,2024-04-25,0748,N,VIIRS,l,2,315.33,14.32,D,0
20.64956,73.39704,367,0.54,0.51,2024-04-25,0748,N,VIIRS,h,2,306.36,16.04,D,0
20.65425,73.39633,367,0.54,0.51,2024-04-25,0748,N,VIIRS,h,2,302.5,11.74,D,0
22.19799,82.54228,343.03,0.41,0.37,2024-04-25,0748,N,VIIRS,l,2,317.3,7.06,D,0
20.65215,73.39894,345.95,0.54,0.51,2024-04-25,0748,N,VIIRS,n,2,304.53,20.54,D,0
20.6511,73.39378,344.08,0.54,0.51,2024-04-25,0748,N,VIIRS,n,2,304.57,14.21,D,0
22.36904,83.14622,343.91,0.43,0.38,2024-04-25,0748,N,VIIRS,l,2,317.63,7.46,D,0
22.41541,83.45912,340.15,0.44,0.38,2024-04-25,0748,N,VIIRS,l,2,312.82,6.33,D,0
23.71306,83.35908,341.14,0.45,0.39,2024-04-25,0748,N,VIIRS,l,2,315.29,4.33,D,0
23.62432,82.70945,346.2,0.42,0.38,2024-04-25,0748,N,VIIRS,n,2,315.01,5.24,D,0
23.60659,82.58185,346.84,0.42,0.37,2024-04-25,0748,N,VIIRS,l,2,317.69,7.68,D,0
23.65132,82.87934,343.18,0.43,0.38,2024-04-25,0748,N,VIIRS,n,2,312.54,4.74,D,0
23.60378,82.53648,346.08,0.42,0.37,2024-04-25,0748,N,VIIRS,n,2,316.33,5.02,D,0
23.72749,83.47869,340.99,0.45,0.39,2024-04-25,0748,N,VIIRS,l,2,315.63,2.51,D,0
23.6491,82.88039,343.27,0.43,0.38,2024-04-25,0748,N,VIIRS,n,2,313.27,4.39,D,0
23.60848,82.5779,345.48,0.42,0.37,2024-04-25,0748,N,VIIRS,l,2,317.97,4,D,0
23.60295,82.53711,344.26,0.42,0.37,2024-04-25,0748,N,VIIRS,l,2,316.28,6.46,D,0
23.61193,82.57736,343.51,0.42,0.37,2024-04-25,0748,N,VIIRS,l,2,317.47,4,D,0
23.62484,82.64674,349.62,0.42,0.38,2024-04-25,0748,N,VIIRS,n,2,316.28,6.44,D,0
23.60983,82.536,343.67,0.42,0.37,2024-04-25,0748,N,VIIRS,l,2,315.96,4.48,D,0
23.57226,82.26169,347.47,0.41,0.37,2024-04-25,0748,N,VIIRS,n,2,318.75,5,D,0
21.97673,72.85308,337.79,0.55,0.51,2024-04-25,0748,N,VIIRS,n,2,306.57,7.03,D,0
23.67277,82.79191,346.65,0.42,0.38,2024-04-25,0748,N,VIIRS,l,2,316.91,6.15,D,0
23.6516,82.55849,350.36,0.42,0.37,2024-04-25,0748,N,VIIRS,n,2,317.29,9.07,D,0
23.65504,82.55792,339.88,0.42,0.37,2024-04-25,0748,N,VIIRS,l,2,314.4,5.18,D,0
23.58879,82.056,345.4,0.4,0.37,2024-04-25,0748,N,VIIRS,l,2,317.27,6.62,D,0
23.68291,82.68408,341.11,0.42,0.38,2024-04-25,0748,N,VIIRS,l,2,313.83,2.78,D,0
23.62073,82.18448,351.85,0.41,0.37,2024-04-25,0748,N,VIIRS,l,2,322.4,23.81,D,0
23.62016,82.18049,349.28,0.41,0.37,2024-04-25,0748,N,VIIRS,n,2,316.94,5.26,D,0
23.62412,82.18391,344.22,0.41,0.37,2024-04-25,0748,N,VIIRS,l,2,318.13,4.12,D,0
23.67333,82.31084,348.08,0.41,0.37,2024-04-25,0748,N,VIIRS,n,2,318.42,4.51,D,0
22.04309,72.6719,340.25,0.56,0.52,2024-04-25,0748,N,VIIRS,n,2,308.45,12.07,D,0
23.71747,82.20561,345.53,0.41,0.37,2024-04-25,0748,N,VIIRS,l,2,318.23,5.34,D,0
23.81258,82.87255,349.89,0.43,0.38,2024-04-25,0748,N,VIIRS,l,2,322.05,5.33,D,0
23.72032,82.20107,349.73,0.41,0.37,2024-04-25,0748,N,VIIRS,n,2,319.7,5.99,D,0
23.72373,82.20051,343.46,0.41,0.37,2024-04-25,0748,N,VIIRS,l,2,317.93,5.99,D,0
23.75577,82.35526,342.67,0.41,0.37,2024-04-25,0748,N,VIIRS,l,2,315.19,3.69,D,0
23.75521,82.35123,349.46,0.41,0.37,2024-04-25,0748,N,VIIRS,n,2,316.53,3.69,D,0
23.75444,82.14645,344.66,0.41,0.37,2024-04-25,0748,N,VIIRS,n,2,313.9,4.6,D,0
23.90494,82.39837,346.71,0.41,0.37,2024-04-25,0748,N,VIIRS,n,2,315.45,4.41,D,0
23.90729,82.39817,343.79,0.41,0.37,2024-04-25,0748,N,VIIRS,n,2,314.25,3.54,D,0
23.91772,82.37183,343.73,0.41,0.37,2024-04-25,0748,N,VIIRS,l,2,317.49,6.21,D,0
22.33694,82.66636,347.69,0.41,0.37,2024-04-25,0748,N,VIIRS,l,2,318.64,15.35,D,0
22.32814,82.60263,343.73,0.41,0.37,2024-04-25,0748,N,VIIRS,n,2,312.83,15.08,D,2
22.41049,83.1277,345.19,0.43,0.38,2024-04-25,0748,N,VIIRS,l,2,317.66,10.71,D,0
20.85927,73.69624,335.88,0.51,0.5,2024-04-25,0748,N,VIIRS,l,2,306.76,5.4,D,0
22.41999,82.91189,351.73,0.42,0.38,2024-04-25,0748,N,VIIRS,n,2,309.09,3.95,D,0
22.41942,82.90775,336.99,0.42,0.38,2024-04-25,0748,N,VIIRS,n,2,309.44,3.95,D,0
22.41853,82.85028,342.4,0.42,0.37,2024-04-25,0748,N,VIIRS,l,2,313.54,7.71,D,0
22.48306,82.97375,347.95,0.42,0.38,2024-04-25,0748,N,VIIRS,n,2,313.03,5.45,D,0
22.48265,82.91861,334.29,0.42,0.38,2024-04-25,0748,N,VIIRS,l,2,308.47,3.15,D,0
22.46631,82.77335,338.16,0.42,0.37,2024-04-25,0748,N,VIIRS,l,2,309.48,6.27,D,0
22.50175,82.90347,339.47,0.42,0.38,2024-04-25,0748,N,VIIRS,n,2,307.25,5.98,D,0
22.50822,82.87347,336.48,0.42,0.38,2024-04-25,0748,N,VIIRS,l,2,309.59,3.78,D,0
22.50765,82.86936,342.37,0.42,0.38,2024-04-25,0748,N,VIIRS,n,2,310.82,3.78,D,0
23.89456,82.17783,344.13,0.41,0.37,2024-04-25,0748,N,VIIRS,l,2,316.28,3.14,D,0
22.5638,74.23774,343.28,0.44,0.46,2024-04-25,0748,N,VIIRS,n,2,306.84,4.67,D,0
22.56294,74.23339,342.57,0.44,0.46,2024-04-25,0748,N,VIIRS,n,2,307.28,4.67,D,0
24.03278,82.47511,350.55,0.42,0.37,2024-04-25,0748,N,VIIRS,n,2,319.71,5.1,D,0
24.135,82.47533,345.3,0.42,0.38,2024-04-25,0748,N,VIIRS,l,2,319.9,9.45,D,0
22.51913,82.87592,341.64,0.42,0.38,2024-04-25,0748,N,VIIRS,l,2,312.41,5.65,D,0
22.53581,82.86899,340.94,0.42,0.38,2024-04-25,0748,N,VIIRS,n,2,310.82,2.65,D,0
22.54153,82.88483,353.59,0.42,0.38,2024-04-25,0748,N,VIIRS,n,2,310.68,3.86,D,0
22.54443,82.88029,339.77,0.42,0.38,2024-04-25,0748,N,VIIRS,l,2,310.08,3.86,D,0
22.55859,82.95702,337.68,0.42,0.38,2024-04-25,0748,N,VIIRS,l,2,311.15,4.41,D,0
21.03908,73.79655,339.93,0.5,0.49,2024-04-25,0748,N,VIIRS,n,2,308.78,5.05,D,0
22.56262,82.96061,341.66,0.42,0.38,2024-04-25,0748,N,VIIRS,n,2,311,4.89,D,0
22.56609,82.96011,339.54,0.42,0.38,2024-04-25,0748,N,VIIRS,l,2,311.06,3.93,D,0
22.58566,82.9078,339.07,0.42,0.38,2024-04-25,0748,N,VIIRS,l,2,313.84,2.76,D,0
22.50453,82.22048,336.86,0.4,0.37,2024-04-25,0748,N,VIIRS,l,2,311.31,6.6,D,0
21.20184,74.42419,346.71,0.46,0.47,2024-04-25,0748,N,VIIRS,n,2,311.76,13.2,D,0
22.62981,82.7927,345.86,0.42,0.37,2024-04-25,0748,N,VIIRS,n,2,315.58,10.58,D,0
21.30056,74.56779,340.93,0.45,0.47,2024-04-25,0748,N,VIIRS,n,2,310.22,9.76,D,0
21.30481,74.56685,341.11,0.45,0.47,2024-04-25,0748,N,VIIRS,n,2,310.13,10.42,D,0
22.62876,82.55932,338.39,0.41,0.37,2024-04-25,0748,N,VIIRS,l,2,311.74,3.12,D,0
22.39085,72.2729,341.65,0.59,0.53,2024-04-25,0748,N,VIIRS,n,2,309.49,12.61,D,0
24.30775,83.52531,349.44,0.46,0.39,2024-04-25,0748,N,VIIRS,n,2,320.95,8.03,D,0
24.23082,82.85722,348.31,0.43,0.38,2024-04-25,0748,N,VIIRS,n,2,317.62,14.69,D,0
24.25712,82.43561,367,0.42,0.38,2024-04-25,0748,N,VIIRS,h,2,324.36,13.94,D,0
24.26056,82.43503,350.53,0.42,0.38,2024-04-25,0748,N,VIIRS,n,2,323.39,13.94,D,0
24.20997,82.04115,349.39,0.41,0.37,2024-04-25,0748,N,VIIRS,n,2,323.94,13.27,D,0
24.20942,82.03717,355.73,0.41,0.37,2024-04-25,0748,N,VIIRS,n,2,329.33,17,D,0
24.21338,82.0406,350.88,0.41,0.37,2024-04-25,0748,N,VIIRS,n,2,322.87,13.27,D,0
24.21282,82.03661,348.72,0.41,0.37,2024-04-25,0748,N,VIIRS,n,2,322.01,17,D,0
22.86775,73.87012,343.89,0.46,0.47,2024-04-25,0748,N,VIIRS,n,2,304.56,7.91,D,0
24.33642,82.3568,351.57,0.42,0.37,2024-04-25,0748,N,VIIRS,l,2,323.7,11.95,D,0
22.74803,83.15562,336.62,0.43,0.38,2024-04-25,0748,N,VIIRS,l,2,309.79,2.67,D,0
21.32942,73.94159,345.88,0.49,0.48,2024-04-25,0748,N,VIIRS,n,2,310.09,20.92,D,0
21.3285,73.93696,338.36,0.49,0.48,2024-04-25,0748,N,VIIRS,l,2,310.09,16.03,D,0
21.34269,73.93885,346.4,0.49,0.48,2024-04-25,0748,N,VIIRS,n,2,311.14,14.67,D,0
21.10792,72.64716,340.64,0.59,0.53,2024-04-25,0748,N,VIIRS,n,2,300.78,8.17,D,2
22.94866,73.97875,337.48,0.45,0.47,2024-04-25,0748,N,VIIRS,l,2,307.54,4.26,D,0
22.94778,73.97436,340.49,0.45,0.47,2024-04-25,0748,N,VIIRS,n,2,307.93,2.95,D,0
22.4949,70.82833,343.23,0.36,0.57,2024-04-25,0748,N,VIIRS,l,2,314.98,7.19,D,0
22.66918,71.36073,351.21,0.33,0.55,2024-04-25,0748,N,VIIRS,n,2,309.24,5.13,D,0
22.67422,71.35947,367,0.33,0.55,2024-04-25,0748,N,VIIRS,h,2,308.56,5.13,D,0
22.39513,70.05766,335.55,0.4,0.6,2024-04-25,0748,N,VIIRS,l,2,307.48,1.58,D,0
21.38188,73.70614,337.36,0.5,0.49,2024-04-25,0748,N,VIIRS,n,2,304.78,3.32,D,0
23.5586,87.24128,338.47,0.48,0.48,2024-04-25,0748,N,VIIRS,l,2,311.39,4.59,D,2
23.54405,86.90142,337.77,0.45,0.47,2024-04-25,0748,N,VIIRS,n,2,308.91,2.48,D,0
21.63097,74.13702,332.71,0.47,0.48,2024-04-25,0748,N,VIIRS,l,2,306.43,2.85,D,0
23.47003,85.91956,341.22,0.4,0.44,2024-04-25,0748,N,VIIRS,l,2,311.49,2.76,D,0
23.47407,85.91869,338.57,0.4,0.44,2024-04-25,0748,N,VIIRS,l,2,312.24,2.76,D,0
21.56514,73.7274,352.76,0.5,0.49,2024-04-25,0748,N,VIIRS,n,2,307.46,8.72,D,0
23.48218,85.91721,340.31,0.4,0.44,2024-04-25,0748,N,VIIRS,l,2,312.7,6.79,D,0
23.55789,86.45385,338.18,0.43,0.46,2024-04-25,0748,N,VIIRS,l,2,311.86,2.64,D,0
23.19982,73.73783,339.13,0.46,0.47,2024-04-25,0748,N,VIIRS,n,2,307.57,3.09,D,0
23.00377,72.33344,337.38,0.57,0.52,2024-04-25,0748,N,VIIRS,l,2,310.78,6.16,D,0
23.50685,74.37898,351.1,0.42,0.45,2024-04-25,0748,N,VIIRS,n,2,312.54,12.37,D,0
23.33618,73.43867,345.85,0.48,0.48,2024-04-25,0748,N,VIIRS,n,2,309.64,6.48,D,0
23.14432,72.3446,336.36,0.56,0.52,2024-04-25,0748,N,VIIRS,l,2,309.53,5,D,0
22.85311,70.522,345.95,0.37,0.58,2024-04-25,0748,N,VIIRS,n,2,312.78,9.23,D,0
23.68688,87.36223,338.46,0.49,0.48,2024-04-25,0748,N,VIIRS,l,2,312.5,4.17,D,0
23.62177,86.64121,345.27,0.44,0.46,2024-04-25,0748,N,VIIRS,n,2,313.58,5.76,D,0
21.76278,74.39602,345.07,0.45,0.47,2024-04-25,0748,N,VIIRS,n,2,308.67,11.09,D,0
21.762,74.39201,345.4,0.45,0.47,2024-04-25,0748,N,VIIRS,n,2,309.76,10.63,D,0
23.12975,82.63602,341.31,0.42,0.37,2024-04-25,0748,N,VIIRS,l,2,316.25,9.46,D,0
23.67215,86.93667,339.85,0.46,0.47,2024-04-25,0748,N,VIIRS,n,2,312.03,3.08,D,2
23.62274,86.45848,337.8,0.43,0.46,2024-04-25,0748,N,VIIRS,n,2,310.53,1.7,D,0
21.29851,71.98974,333.21,0.32,0.55,2024-04-25,0748,N,VIIRS,n,2,301.86,1.27,D,0
23.22233,83.21079,349.96,0.44,0.38,2024-04-25,0748,N,VIIRS,n,2,316.46,9.62,D,0
23.64995,86.54583,341.71,0.43,0.46,2024-04-25,0748,N,VIIRS,n,2,308.7,3.68,D,0
23.63146,86.2035,347.2,0.41,0.45,2024-04-25,0748,N,VIIRS,n,2,313.13,4.03,D,0
23.63098,86.19938,338.73,0.41,0.45,2024-04-25,0748,N,VIIRS,l,2,312.69,4.03,D,0
23.64873,86.2308,340.6,0.42,0.45,2024-04-25,0748,N,VIIRS,l,2,313.77,6.32,D,0
23.68699,86.53725,347.96,0.43,0.46,2024-04-25,0748,N,VIIRS,n,2,312.04,3.87,D,0
23.77135,87.2369,345.13,0.48,0.48,2024-04-25,0748,N,VIIRS,n,2,312.42,4.68,D,0
23.63643,86.0102,337.09,0.4,0.45,2024-04-25,0748,N,VIIRS,l,2,310.95,2.74,D,0
23.72326,86.70913,340.41,0.45,0.47,2024-04-25,0748,N,VIIRS,l,2,310.79,6.01,D,0
23.1491,82.12371,351.48,0.4,0.37,2024-04-25,0748,N,VIIRS,n,2,318.19,5.38,D,0
23.72497,86.60673,336.53,0.44,0.46,2024-04-25,0748,N,VIIRS,l,2,311.39,4.14,D,0
23.72448,86.60236,351.88,0.44,0.46,2024-04-25,0748,N,VIIRS,n,2,312.47,6.61,D,0
21.71956,73.64217,333.19,0.5,0.49,2024-04-25,0748,N,VIIRS,l,2,304.71,3.27,D,0
23.72924,86.60615,339.34,0.44,0.46,2024-04-25,0748,N,VIIRS,l,2,311.37,5.1,D,0
23.72586,86.5759,337.45,0.44,0.46,2024-04-25,0748,N,VIIRS,l,2,311.59,2.82,D,0
23.74992,86.67435,352.4,0.44,0.46,2024-04-25,0748,N,VIIRS,n,2,311.9,14.03,D,0
23.74943,86.66998,345.11,0.44,0.46,2024-04-25,0748,N,VIIRS,n,2,312.2,4.31,D,0
23.75653,86.65577,349.13,0.44,0.46,2024-04-25,0748,N,VIIRS,n,2,314.73,6.8,D,0
23.83764,87.30617,339.82,0.49,0.48,2024-04-25,0748,N,VIIRS,l,2,311.39,2.99,D,0
23.77958,86.78273,352.95,0.45,0.47,2024-04-25,0748,N,VIIRS,n,2,315.31,6.23,D,0
23.77908,86.7783,342.07,0.45,0.47,2024-04-25,0748,N,VIIRS,l,2,314.45,6.23,D,0
23.75774,86.40247,351.74,0.43,0.46,2024-04-25,0748,N,VIIRS,n,2,320.12,8.34,D,2
23.74116,86.26042,354.59,0.42,0.45,2024-04-25,0748,N,VIIRS,n,2,315.86,5.03,D,0
23.76196,86.4019,349.85,0.43,0.46,2024-04-25,0748,N,VIIRS,n,2,318.38,8.34,D,2
23.74533,86.25986,339.57,0.42,0.45,2024-04-25,0748,N,VIIRS,l,2,313.17,5.03,D,0
23.76156,86.40224,350.34,0.43,0.46,2024-04-25,0748,N,VIIRS,n,2,318.44,10.53,D,2
23.75982,86.30887,340.68,0.42,0.45,2024-04-25,0748,N,VIIRS,l,2,312.62,3.78,D,0
23.76217,86.29169,337.98,0.42,0.45,2024-04-25,0748,N,VIIRS,l,2,312.33,2.87,D,0
23.77751,86.39148,343.93,0.43,0.46,2024-04-25,0748,N,VIIRS,l,2,318.5,8.46,D,2
23.7944,86.50546,350.86,0.43,0.46,2024-04-25,0748,N,VIIRS,n,2,313.39,5.4,D,0
23.7822,86.39514,348.59,0.43,0.46,2024-04-25,0748,N,VIIRS,l,2,321.54,8.46,D,2
23.78735,86.36456,355.96,0.43,0.46,2024-04-25,0748,N,VIIRS,n,2,319.08,21.63,D,0
23.81421,86.48977,345.64,0.43,0.46,2024-04-25,0748,N,VIIRS,n,2,314.18,6.84,D,0
23.78258,86.20883,351.29,0.42,0.45,2024-04-25,0748,N,VIIRS,l,2,321.43,9.86,D,2
21.93118,74.00262,342.38,0.47,0.48,2024-04-25,0748,N,VIIRS,n,2,306.13,6.95,D,0
22.01019,74.29652,337.05,0.45,0.47,2024-04-25,0748,N,VIIRS,l,2,307.72,4.96,D,0
23.85077,86.2122,345.11,0.42,0.45,2024-04-25,0748,N,VIIRS,n,2,314.68,5.31,D,0
23.81383,85.90099,340.31,0.4,0.44,2024-04-25,0748,N,VIIRS,l,2,312.97,4.44,D,0
23.84747,86.20999,341.68,0.42,0.45,2024-04-25,0748,N,VIIRS,l,2,312.66,5.18,D,0
23.38897,82.44687,367,0.41,0.37,2024-04-25,0748,N,VIIRS,h,2,318.98,8.58,D,0
23.48492,82.91814,341.21,0.43,0.38,2024-04-25,0748,N,VIIRS,l,2,315.56,2.67,D,0
21.76674,72.77227,342.92,0.56,0.52,2024-04-25,0748,N,VIIRS,n,2,304.46,3.02,D,0
20.47774,73.07674,341.05,0.57,0.52,2024-04-25,0748,N,VIIRS,n,2,301.09,4.43,D,0
22.25337,83.53624,342.86,0.44,0.38,2024-04-25,0748,N,VIIRS,n,2,311.5,2.72,D,0
22.27583,83.51537,354.62,0.44,0.38,2024-04-25,0748,N,VIIRS,n,2,314.42,8.1,D,0
22.27527,83.51121,341.54,0.44,0.38,2024-04-25,0748,N,VIIRS,n,2,311.47,4.02,D,0
23.94482,86.20844,339.84,0.42,0.45,2024-04-25,0748,N,VIIRS,l,2,311.87,4,D,0
21.79541,72.64553,334.29,0.57,0.52,2024-04-25,0748,N,VIIRS,l,2,304.42,8.44,D,2
23.94879,86.13417,339.66,0.41,0.45,2024-04-25,0748,N,VIIRS,n,2,308,3.47,D,0
23.95278,86.13226,345.42,0.41,0.45,2024-04-25,0748,N,VIIRS,n,2,308.04,3.47,D,0
23.47959,82.39914,341.89,0.41,0.37,2024-04-25,0748,N,VIIRS,l,2,315.5,2.61,D,0
23.47904,82.39514,342.43,0.41,0.37,2024-04-25,0748,N,VIIRS,l,2,316.35,2.61,D,0
23.94588,86.13557,340.49,0.41,0.45,2024-04-25,0748,N,VIIRS,n,2,308.46,5.24,D,0
23.94458,86.12387,340.81,0.41,0.45,2024-04-25,0748,N,VIIRS,n,2,310.27,5.74,D,0
23.9499,86.13368,333.18,0.41,0.45,2024-04-25,0748,N,VIIRS,l,2,307.71,5.24,D,0
21.7954,72.64872,336.37,0.57,0.52,2024-04-25,0748,N,VIIRS,n,2,303.27,14.52,D,2
23.95391,86.13181,345,0.41,0.45,2024-04-25,0748,N,VIIRS,n,2,307.97,6.48,D,0
23.95796,86.13021,347.76,0.41,0.45,2024-04-25,0748,N,VIIRS,n,2,307.29,6.48,D,0
23.48065,82.28014,339.52,0.41,0.37,2024-04-25,0748,N,VIIRS,l,2,312.68,2.17,D,0
23.96721,86.09997,344.41,0.41,0.45,2024-04-25,0748,N,VIIRS,n,2,311.11,5.27,D,0
23.96683,86.09658,343.93,0.41,0.45,2024-04-25,0748,N,VIIRS,n,2,314.07,5.27,D,0
23.59743,83.00792,348.56,0.43,0.38,2024-04-25,0748,N,VIIRS,n,2,313.56,9.59,D,0
23.60093,83.00737,340.31,0.43,0.38,2024-04-25,0748,N,VIIRS,l,2,311.55,8.84,D,0
23.49886,82.26075,342.14,0.41,0.37,2024-04-25,0748,N,VIIRS,l,2,313.51,4.94,D,0
23.60387,83.00263,338.56,0.43,0.38,2024-04-25,0748,N,VIIRS,l,2,311.23,3.39,D,0
23.60331,82.99844,344.2,0.43,0.38,2024-04-25,0748,N,VIIRS,n,2,311.07,3.39,D,0
23.60159,82.98574,341.75,0.43,0.38,2024-04-25,0748,N,VIIRS,n,2,311.4,2.55,D,0
23.60102,82.98149,338.38,0.43,0.38,2024-04-25,0748,N,VIIRS,l,2,311.51,2.55,D,0
23.60737,83.00209,350.07,0.43,0.38,2024-04-25,0748,N,VIIRS,n,2,313.27,6.07,D,0
23.60567,82.98943,351.05,0.43,0.38,2024-04-25,0748,N,VIIRS,n,2,313.67,5.12,D,0
23.60452,82.98094,348.53,0.43,0.38,2024-04-25,0748,N,VIIRS,n,2,313.75,11.47,D,0
23.60339,82.97253,338.44,0.43,0.38,2024-04-25,0748,N,VIIRS,l,2,311.83,4.59,D,0
23.60283,82.96835,348.99,0.43,0.38,2024-04-25,0748,N,VIIRS,n,2,313.89,6.6,D,0
23.50511,82.25562,348.42,0.41,0.37,2024-04-25,0748,N,VIIRS,n,2,316.28,8.12,D,0
23.61087,83.00155,340.95,0.43,0.38,2024-04-25,0748,N,VIIRS,l,2,311.86,6.07,D,0
23.60974,82.99313,337.96,0.43,0.38,2024-04-25,0748,N,VIIRS,l,2,309.37,5.12,D,0
23.60917,82.98889,345.04,0.43,0.38,2024-04-25,0748,N,VIIRS,n,2,313.14,5.12,D,0
23.60745,82.97617,337.14,0.43,0.38,2024-04-25,0748,N,VIIRS,l,2,310.66,4.59,D,0
23.56789,82.68481,343.5,0.42,0.38,2024-04-25,0748,N,VIIRS,l,2,316.36,4.69,D,0
23.61266,82.98833,346.87,0.43,0.38,2024-04-25,0748,N,VIIRS,n,2,313.11,8.61,D,0
23.61209,82.98407,349.01,0.43,0.38,2024-04-25,0748,N,VIIRS,n,2,313.06,7.19,D,0
23.61095,82.97561,342.03,0.43,0.38,2024-04-25,0748,N,VIIRS,l,2,312.83,5.56,D,0
23.61038,82.97144,343.46,0.43,0.38,2024-04-25,0748,N,VIIRS,n,2,312.64,5.56,D,0
23.57304,82.6966,342.49,0.42,0.38,2024-04-25,0748,N,VIIRS,l,2,316.61,5.21,D,0
24.43788,74.42301,341.22,0.4,0.44,2024-04-25,0748,N,VIIRS,l,2,314.97,10.74,D,0
24.3992,74.24122,342.69,0.41,0.45,2024-04-25,0748,N,VIIRS,l,2,317.31,11.18,D,0
24.37584,74.20829,345.38,0.41,0.45,2024-04-25,0748,N,VIIRS,l,2,316.41,11.05,D,0
24.30774,73.90006,347.49,0.43,0.46,2024-04-25,0748,N,VIIRS,n,2,312.82,7.37,D,0
24.17864,73.40293,341.03,0.46,0.47,2024-04-25,0748,N,VIIRS,n,2,308.8,8.75,D,0
23.41359,70.24973,350.59,0.37,0.58,2024-04-25,0748,N,VIIRS,n,2,311.19,7.99,D,0
23.4144,70.25337,346.25,0.37,0.58,2024-04-25,0748,N,VIIRS,n,2,312.37,9.29,D,0
24.11084,74.20918,343.07,0.42,0.45,2024-04-25,0748,N,VIIRS,l,2,314.91,5.01,D,0
23.89493,73.25894,340.54,0.48,0.48,2024-04-25,0748,N,VIIRS,n,2,309.05,3.99,D,0
24.08985,74.25548,350.24,0.42,0.45,2024-04-25,0748,N,VIIRS,n,2,316.67,9.53,D,0
23.89672,73.26178,339.61,0.48,0.48,2024-04-25,0748,N,VIIRS,n,2,309,5,D,0
24.08832,74.25548,349.43,0.42,0.45,2024-04-25,0748,N,VIIRS,n,2,317.53,10.89,D,0
23.44942,71.63005,343.55,0.61,0.54,2024-04-25,0748,N,VIIRS,n,2,311.08,4.04,D,0
23.82018,73.40424,337.46,0.47,0.48,2024-04-25,0748,N,VIIRS,l,2,309.09,2.56,D,0
23.81583,73.40527,348.35,0.47,0.48,2024-04-25,0748,N,VIIRS,n,2,311.01,6.75,D,0
23.81674,73.40971,340.21,0.47,0.48,2024-04-25,0748,N,VIIRS,n,2,308.69,4.18,D,0
23.81533,73.40385,339.69,0.47,0.48,2024-04-25,0748,N,VIIRS,l,2,310.14,4.21,D,0
23.8162,73.40833,346.94,0.47,0.48,2024-04-25,0748,N,VIIRS,n,2,310.02,5.96,D,0
23.45316,71.631,338.52,0.61,0.54,2024-04-25,0748,N,VIIRS,l,2,311.35,2.59,D,0
23.83155,73.55641,339.83,0.46,0.47,2024-04-25,0748,N,VIIRS,l,2,312.09,5.04,D,0
23.60844,72.55444,333.65,0.54,0.5,2024-04-25,0748,N,VIIRS,l,2,307.92,4.18,D,0
23.95568,74.46788,346.48,0.41,0.45,2024-04-25,0748,N,VIIRS,l,2,318.04,11.17,D,0
23.7704,73.56591,350.74,0.46,0.47,2024-04-25,0748,N,VIIRS,n,2,313.61,9.78,D,0
22.99008,70.025,338.86,0.39,0.6,2024-04-25,0748,N,VIIRS,n,2,308.54,4.34,D,0
22.99093,70.02734,334.06,0.39,0.6,2024-04-25,0748,N,VIIRS,l,2,308.07,2.81,D,0
23.67205,73.59553,342.23,0.46,0.47,2024-04-25,0748,N,VIIRS,n,2,310.95,6.27,D,0
23.67294,73.59996,344.86,0.46,0.47,2024-04-25,0748,N,VIIRS,n,2,311.07,9.09,D,0
23.61662,73.36376,344.63,0.48,0.48,2024-04-25,0748,N,VIIRS,n,2,312.19,5.78,D,0
23.65172,73.65137,347.8,0.46,0.47,2024-04-25,0748,N,VIIRS,n,2,314.57,11.78,D,0
23.5723,73.28088,346.26,0.48,0.48,2024-04-25,0748,N,VIIRS,n,2,310.97,4.59,D,0
23.57397,73.28365,342.96,0.48,0.48,2024-04-25,0748,N,VIIRS,n,2,311.15,6.25,D,0
23.65766,74.09973,344.6,0.43,0.46,2024-04-25,0748,N,VIIRS,n,2,311.14,8.96,D,0
23.65847,74.10388,345.27,0.43,0.46,2024-04-25,0748,N,VIIRS,n,2,312.54,8.96,D,0
23.61444,82.97506,350.65,0.43,0.38,2024-04-25,0748,N,VIIRS,n,2,313.66,5.56,D,0
23.61331,82.96667,349.65,0.43,0.38,2024-04-25,0748,N,VIIRS,n,2,313.36,7.22,D,0
23.61274,82.96248,341.02,0.43,0.38,2024-04-25,0748,N,VIIRS,n,2,313.32,7.22,D,0
24.20994,72.80811,352.34,0.5,0.49,2024-04-25,0749,N,VIIRS,n,2,310.26,11.54,D,0
24.39219,73.72752,345.92,0.44,0.46,2024-04-25,0749,N,VIIRS,n,2,315.89,16.01,D,0
24.20543,72.809,348.14,0.5,0.49,2024-04-25,0749,N,VIIRS,n,2,310.26,7.94,D,0
24.20135,72.88131,340.33,0.5,0.49,2024-04-25,0749,N,VIIRS,n,2,309.23,3.35,D,0
23.35605,69.03538,340.57,0.45,0.63,2024-04-25,0749,N,VIIRS,n,2,307.22,2.45,D,0
23.84347,71.21648,343.93,0.32,0.55,2024-04-25,0749,N,VIIRS,n,2,310.23,9.05,D,0
24.33203,73.57909,347.23,0.45,0.47,2024-04-25,0749,N,VIIRS,n,2,314.09,12.88,D,0
24.35591,73.69993,338.68,0.44,0.46,2024-04-25,0749,N,VIIRS,l,2,312.46,4.47,D,0
24.3517,73.70095,345.75,0.44,0.46,2024-04-25,0749,N,VIIRS,n,2,313.53,4.47,D,0
24.59527,73.74112,344.09,0.44,0.46,2024-04-25,0749,N,VIIRS,n,2,311.43,2.86,D,0
24.44689,73.13059,337.06,0.48,0.48,2024-04-25,0749,N,VIIRS,l,2,311.8,7.7,D,0
23.85837,70.41183,345.22,0.36,0.57,2024-04-25,0749,N,VIIRS,n,2,313.43,6.15,D,0
24.47202,73.45589,338.37,0.45,0.47,2024-04-25,0749,N,VIIRS,l,2,313.14,6.13,D,0
23.40692,68.73438,336.47,0.46,0.64,2024-04-25,0749,N,VIIRS,n,2,304.61,3.66,D,0
24.43222,73.53598,349.35,0.45,0.47,2024-04-25,0749,N,VIIRS,n,2,309.74,4.56,D,0
24.4103,73.60445,338.95,0.45,0.47,2024-04-25,0749,N,VIIRS,l,2,312.54,6.54,D,0
24.40683,73.60931,340.85,0.45,0.47,2024-04-25,0749,N,VIIRS,l,2,314.31,6.63,D,0
28.99141,79.74402,342.54,0.39,0.36,2024-04-25,0749,N,VIIRS,n,2,313.18,3.53,D,0
29.03122,80.01894,351.76,0.39,0.36,2024-04-25,0749,N,VIIRS,n,2,320.38,7.36,D,0
29.03179,80.02295,348.99,0.39,0.36,2024-04-25,0749,N,VIIRS,n,2,318.31,6.75,D,0
29.02788,80.01957,351.54,0.39,0.36,2024-04-25,0749,N,VIIRS,n,2,315.1,7.36,D,0
28.94471,79.4725,345.93,0.39,0.36,2024-04-25,0749,N,VIIRS,n,2,312.36,16.89,D,0
28.96166,79.77409,346.16,0.39,0.36,2024-04-25,0749,N,VIIRS,n,2,313.84,5.21,D,0
28.97962,79.92194,342.56,0.39,0.36,2024-04-25,0749,N,VIIRS,l,2,316.97,4.65,D,0
28.99453,80.0258,344.63,0.39,0.36,2024-04-25,0749,N,VIIRS,n,2,316.31,5.24,D,0
28.56887,77.2937,338.54,0.4,0.37,2024-04-25,0749,N,VIIRS,l,2,310.38,12.83,D,0
28.99406,80.04646,349.13,0.39,0.36,2024-04-25,0749,N,VIIRS,n,2,310.82,7.72,D,0
28.96676,79.90386,348.09,0.39,0.36,2024-04-25,0749,N,VIIRS,l,2,319.95,8.06,D,0
28.97193,79.93976,347.75,0.39,0.36,2024-04-25,0749,N,VIIRS,n,2,320.12,4.45,D,0
28.97365,79.95174,346.92,0.39,0.36,2024-04-25,0749,N,VIIRS,l,2,317.44,5.79,D,0
28.96401,79.90847,352.65,0.39,0.36,2024-04-25,0749,N,VIIRS,n,2,320.89,8.06,D,0
28.96458,79.91246,350.4,0.39,0.36,2024-04-25,0749,N,VIIRS,n,2,318.06,12.26,D,0
28.96859,79.94038,342.46,0.39,0.36,2024-04-25,0749,N,VIIRS,n,2,316.78,4.45,D,0
28.96974,79.94837,354.11,0.39,0.36,2024-04-25,0749,N,VIIRS,n,2,320.51,14.44,D,0
28.97032,79.95235,345.86,0.39,0.36,2024-04-25,0749,N,VIIRS,n,2,315.42,5.79,D,0
28.96917,79.94437,367,0.39,0.36,2024-04-25,0749,N,VIIRS,h,2,319.78,14.44,D,0
28.98262,80.09774,341.16,0.39,0.36,2024-04-25,0749,N,VIIRS,l,2,315.78,6.17,D,0
28.96073,80.06476,357.32,0.39,0.36,2024-04-25,0749,N,VIIRS,n,2,324.22,10.46,D,0
28.7482,79.91146,353.82,0.39,0.36,2024-04-25,0749,N,VIIRS,n,2,319.5,22.75,D,0
27.92938,77.43307,351.43,0.4,0.37,2024-04-25,0749,N,VIIRS,n,2,324.55,24.6,D,0
29.3275,79.89366,348.91,0.39,0.36,2024-04-25,0750,N,VIIRS,n,2,308.36,4.99,D,0
29.82837,79.04353,345.15,0.38,0.36,2024-04-25,0750,N,VIIRS,n,2,314.93,4.9,D,0
29.81256,79.00579,333.68,0.38,0.36,2024-04-25,0750,N,VIIRS,n,2,306.75,4.52,D,0
29.97499,80.12886,330.62,0.4,0.37,2024-04-25,0750,N,VIIRS,l,2,303.39,1.74,D,0
29.81315,79.00974,367,0.38,0.36,2024-04-25,0750,N,VIIRS,h,2,314.2,17.13,D,0
29.81374,79.0137,367,0.38,0.36,2024-04-25,0750,N,VIIRS,h,2,308.47,17.13,D,0
29.80926,79.00639,336.98,0.38,0.36,2024-04-25,0750,N,VIIRS,n,2,308.98,12.82,D,0
29.80985,79.01036,357.22,0.38,0.36,2024-04-25,0750,N,VIIRS,n,2,312.28,18.12,D,0
29.97394,80.14605,331.81,0.4,0.37,2024-04-25,0750,N,VIIRS,l,2,306.76,2.26,D,0
29.68262,78.20107,338.69,0.39,0.36,2024-04-25,0750,N,VIIRS,n,2,310.94,1.82,D,0
29.80596,79.007,349.02,0.38,0.36,2024-04-25,0750,N,VIIRS,n,2,309.45,12.82,D,0
29.80655,79.01097,348.37,0.38,0.36,2024-04-25,0750,N,VIIRS,n,2,306.14,18.12,D,0
29.7604,78.72755,347.52,0.38,0.36,2024-04-25,0750,N,VIIRS,n,2,312.16,4.64,D,0
29.86648,79.44048,338.34,0.39,0.36,2024-04-25,0750,N,VIIRS,l,2,308.61,4.91,D,0
29.77327,78.83474,339.16,0.38,0.36,2024-04-25,0750,N,VIIRS,n,2,308.61,3.24,D,0
29.81233,79.09545,334.79,0.38,0.36,2024-04-25,0750,N,VIIRS,n,2,305.16,1.77,D,0
29.47965,76.98984,367,0.4,0.37,2024-04-25,0750,N,VIIRS,h,2,321.16,15.95,D,0
29.47881,76.9894,355.61,0.4,0.37,2024-04-25,0750,N,VIIRS,l,2,323.58,67.46,D,0
29.80915,79.09575,353.85,0.38,0.36,2024-04-25,0750,N,VIIRS,n,2,306.13,4.16,D,0
29.82717,79.23937,338.39,0.39,0.36,2024-04-25,0750,N,VIIRS,l,2,309.02,1.83,D,0
29.85813,79.4496,339.69,0.39,0.36,2024-04-25,0750,N,VIIRS,n,2,305.21,4.36,D,0
29.8587,79.45351,334.46,0.39,0.36,2024-04-25,0750,N,VIIRS,n,2,302.78,4.36,D,0
29.90929,79.84854,340.75,0.39,0.36,2024-04-25,0750,N,VIIRS,n,2,307.73,4.93,D,0
29.83637,79.41718,335.77,0.39,0.36,2024-04-25,0750,N,VIIRS,n,2,305.07,3.19,D,0
29.8225,79.34607,348.8,0.39,0.36,2024-04-25,0750,N,VIIRS,n,2,306.56,4.24,D,0
29.83307,79.41788,345.94,0.39,0.36,2024-04-25,0750,N,VIIRS,n,2,307.58,3.19,D,0
29.83364,79.42179,338.51,0.39,0.36,2024-04-25,0750,N,VIIRS,n,2,305.23,5.29,D,0
29.93016,80.09077,336.77,0.4,0.37,2024-04-25,0750,N,VIIRS,n,2,306.08,2.41,D,0
29.93076,80.09498,339.75,0.4,0.37,2024-04-25,0750,N,VIIRS,n,2,303.76,2.41,D,0
29.82036,79.35466,335.04,0.39,0.36,2024-04-25,0750,N,VIIRS,n,2,308.08,1.33,D,0
29.92742,80.09569,332.85,0.4,0.37,2024-04-25,0750,N,VIIRS,l,2,306.66,3,D,0
29.74632,78.88047,345.07,0.38,0.36,2024-04-25,0750,N,VIIRS,n,2,310.53,3.37,D,0
29.79647,79.26176,343.3,0.39,0.36,2024-04-25,0750,N,VIIRS,l,2,315.6,5.55,D,0
29.90111,80.00719,332.41,0.39,0.37,2024-04-25,0750,N,VIIRS,l,2,304.83,1.37,D,0
29.7665,79.12852,338.88,0.39,0.36,2024-04-25,0750,N,VIIRS,n,2,305.42,2.73,D,0
29.80543,79.41512,356.58,0.39,0.36,2024-04-25,0750,N,VIIRS,n,2,309.56,8.5,D,0
29.90617,80.11569,335.97,0.4,0.37,2024-04-25,0750,N,VIIRS,n,2,304.4,1.99,D,0
29.71848,78.85352,339.49,0.38,0.36,2024-04-25,0750,N,VIIRS,l,2,310.59,3.1,D,0
29.71875,78.87782,337.29,0.38,0.36,2024-04-25,0750,N,VIIRS,l,2,307.9,1.43,D,0
29.85192,79.83033,338.85,0.39,0.36,2024-04-25,0750,N,VIIRS,n,2,313.51,4.1,D,0
29.84857,79.83083,348.15,0.39,0.36,2024-04-25,0750,N,VIIRS,n,2,313.28,8.19,D,0
29.84914,79.83482,347.84,0.39,0.36,2024-04-25,0750,N,VIIRS,n,2,311.54,8.19,D,0
29.84522,79.83136,338.7,0.39,0.36,2024-04-25,0750,N,VIIRS,n,2,311.89,8.19,D,0
29.84579,79.8353,344,0.39,0.36,2024-04-25,0750,N,VIIRS,n,2,311.49,8.19,D,0
29.70048,78.86927,333.8,0.38,0.36,2024-04-25,0750,N,VIIRS,n,2,305.45,2.35,D,0
29.77584,79.37576,339.46,0.39,0.36,2024-04-25,0750,N,VIIRS,n,2,309.99,0.83,D,0
29.70399,78.93759,337.22,0.38,0.36,2024-04-25,0750,N,VIIRS,l,2,307.27,3.65,D,0
29.70458,78.94151,336.23,0.38,0.36,2024-04-25,0750,N,VIIRS,l,2,307.96,5.07,D,0
29.76884,79.39769,348.53,0.39,0.36,2024-04-25,0750,N,VIIRS,n,2,312.1,5.63,D,0
29.76942,79.40165,355.11,0.39,0.36,2024-04-25,0750,N,VIIRS,n,2,314.16,8.09,D,0
29.87908,80.1678,340.31,0.4,0.37,2024-04-25,0750,N,VIIRS,n,2,311.67,3.73,D,0
29.68908,78.88371,338.16,0.38,0.36,2024-04-25,0750,N,VIIRS,n,2,305.64,1.87,D,0
29.76611,79.40226,345.45,0.39,0.36,2024-04-25,0750,N,VIIRS,n,2,315.33,6.26,D,0
29.77713,79.47768,333.72,0.39,0.36,2024-04-25,0750,N,VIIRS,n,2,304.61,1.29,D,0
29.68578,78.88436,332.75,0.38,0.36,2024-04-25,0750,N,VIIRS,n,2,307.27,1.87,D,0
29.75291,79.33549,345.52,0.39,0.36,2024-04-25,0750,N,VIIRS,n,2,313.19,4.04,D,0
29.7496,79.33612,335.11,0.39,0.36,2024-04-25,0750,N,VIIRS,l,2,308.37,1.39,D,0
29.89357,80.39629,331.9,0.4,0.37,2024-04-25,0750,N,VIIRS,l,2,306.88,2.95,D,0
29.72334,79.2677,340.16,0.39,0.36,2024-04-25,0750,N,VIIRS,n,2,314.1,5.47,D,0
29.72391,79.27162,342.66,0.39,0.36,2024-04-25,0750,N,VIIRS,n,2,312.38,5.39,D,0
29.72004,79.26837,335.19,0.39,0.36,2024-04-25,0750,N,VIIRS,l,2,309.28,2.1,D,0
31.81945,76.65054,335.32,0.4,0.37,2024-04-25,0750,N,VIIRS,n,2,307.17,3.08,D,0
31.46687,75.50354,346.13,0.43,0.38,2024-04-25,0750,N,VIIRS,n,2,311.2,4.5,D,0
31.51348,76.08343,336.02,0.41,0.37,2024-04-25,0750,N,VIIRS,l,2,310.65,4.34,D,0
31.51422,76.08773,340.01,0.41,0.37,2024-04-25,0750,N,VIIRS,l,2,313.47,4.34,D,0
31.51495,76.09203,342.02,0.41,0.37,2024-04-25,0750,N,VIIRS,l,2,312.54,3.26,D,0
31.51156,76.0928,334.5,0.41,0.37,2024-04-25,0750,N,VIIRS,l,2,309.05,3.26,D,0
31.52271,76.32718,340.28,0.4,0.37,2024-04-25,0750,N,VIIRS,n,2,311.28,3.56,D,0
31.51933,76.32792,340.69,0.4,0.37,2024-04-25,0750,N,VIIRS,n,2,312.64,3.56,D,0
31.52005,76.33224,335.23,0.4,0.37,2024-04-25,0750,N,VIIRS,l,2,308.99,3.56,D,0
31.32728,75.61753,347.97,0.42,0.38,2024-04-25,0750,N,VIIRS,n,2,314.75,6.08,D,0
31.4521,76.36488,342.25,0.4,0.37,2024-04-25,0750,N,VIIRS,n,2,313.25,4.48,D,0
31.33022,77.22821,339.23,0.39,0.36,2024-04-25,0750,N,VIIRS,l,2,311.12,6.6,D,0
30.93213,77.01707,331.31,0.39,0.37,2024-04-25,0750,N,VIIRS,l,2,304.92,2.8,D,0
31.05366,78.03481,346.84,0.38,0.36,2024-04-25,0750,N,VIIRS,n,2,302.95,5.98,D,0
30.62355,78.32341,337,0.38,0.36,2024-04-25,0750,N,VIIRS,n,2,311.68,4.04,D,0
30.62416,78.32738,343.64,0.38,0.36,2024-04-25,0750,N,VIIRS,n,2,311.99,6.49,D,0
30.60769,78.3308,334.95,0.38,0.36,2024-04-25,0750,N,VIIRS,l,2,307.53,3.24,D,0
30.60378,78.32746,343.19,0.38,0.36,2024-04-25,0750,N,VIIRS,n,2,312.56,8.21,D,0
30.60048,78.32813,346.03,0.38,0.36,2024-04-25,0750,N,VIIRS,n,2,312.5,4.34,D,0
30.51508,77.99623,337.56,0.39,0.36,2024-04-25,0750,N,VIIRS,n,2,311,5.11,D,0
29.99299,75.05824,339.21,0.46,0.39,2024-04-25,0750,N,VIIRS,l,2,312.98,3.74,D,0
29.98941,75.05909,348.38,0.46,0.39,2024-04-25,0750,N,VIIRS,n,2,315.23,5.1,D,0
30.4284,78.07178,347.66,0.39,0.36,2024-04-25,0750,N,VIIRS,n,2,307.18,5.3,D,0
30.43886,78.42223,341.71,0.38,0.36,2024-04-25,0750,N,VIIRS,n,2,308.46,4.22,D,0
30.39314,78.50114,340.48,0.38,0.36,2024-04-25,0750,N,VIIRS,n,2,313.89,3.22,D,0
30.28082,77.82181,336.7,0.39,0.36,2024-04-25,0750,N,VIIRS,l,2,311.01,2.75,D,0
30.44748,78.95243,334.68,0.39,0.36,2024-04-25,0750,N,VIIRS,n,2,302.92,10.56,D,0
30.38481,78.62453,334.81,0.38,0.36,2024-04-25,0750,N,VIIRS,l,2,305.71,3.49,D,0
30.37704,78.75291,349.99,0.38,0.36,2024-04-25,0750,N,VIIRS,n,2,308.82,6.31,D,0
30.37374,78.75354,343.75,0.38,0.36,2024-04-25,0750,N,VIIRS,n,2,307.24,5.25,D,0
30.38149,78.80514,335.23,0.38,0.36,2024-04-25,0750,N,VIIRS,n,2,308.22,4.1,D,0
30.23459,77.87152,336.01,0.39,0.36,2024-04-25,0750,N,VIIRS,l,2,308.7,2.22,D,0
30.23065,77.86822,339.63,0.39,0.36,2024-04-25,0750,N,VIIRS,l,2,310.28,5.35,D,0
30.34019,78.62125,348.29,0.38,0.36,2024-04-25,0750,N,VIIRS,n,2,304.69,6.71,D,0
30.25633,78.229,337.59,0.38,0.36,2024-04-25,0750,N,VIIRS,n,2,310.05,4.81,D,0
30.2943,78.5651,334.5,0.38,0.36,2024-04-25,0750,N,VIIRS,l,2,307.29,2.22,D,0
30.31354,78.69205,336.18,0.38,0.36,2024-04-25,0750,N,VIIRS,l,2,307.15,3.43,D,0
30.30905,78.6848,346.56,0.38,0.36,2024-04-25,0750,N,VIIRS,n,2,312.72,7.05,D,0
30.28564,78.57503,347.67,0.38,0.36,2024-04-25,0750,N,VIIRS,n,2,310.13,7.24,D,0
30.30485,78.70198,333.13,0.38,0.36,2024-04-25,0750,N,VIIRS,l,2,308.08,5.18,D,0
30.30095,78.74358,340.59,0.38,0.36,2024-04-25,0750,N,VIIRS,n,2,311.29,4.17,D,0
30.26389,78.51788,341.79,0.38,0.36,2024-04-25,0750,N,VIIRS,l,2,314.38,3.32,D,0
30.30082,78.78431,341.4,0.38,0.36,2024-04-25,0750,N,VIIRS,n,2,313.5,4.65,D,0
30.26694,78.5827,337.94,0.38,0.36,2024-04-25,0750,N,VIIRS,n,2,307.54,5.38,D,0
30.28681,78.71364,343.9,0.38,0.36,2024-04-25,0750,N,VIIRS,l,2,314.22,7.29,D,0
30.32969,78.99971,347.98,0.39,0.36,2024-04-25,0750,N,VIIRS,n,2,311.17,3.96,D,0
30.26305,78.5794,341.24,0.38,0.36,2024-04-25,0750,N,VIIRS,l,2,314.07,5.38,D,0
30.26036,78.58403,350.83,0.38,0.36,2024-04-25,0750,N,VIIRS,n,2,316.68,8.86,D,0
30.26731,78.65213,347.11,0.38,0.36,2024-04-25,0750,N,VIIRS,n,2,312.53,4.78,D,0
30.28287,78.75523,342.02,0.38,0.36,2024-04-25,0750,N,VIIRS,n,2,312.33,2.16,D,0
30.34164,79.14908,337.03,0.39,0.36,2024-04-25,0750,N,VIIRS,l,2,309.69,7.42,D,0
30.34221,79.153,344.41,0.39,0.36,2024-04-25,0750,N,VIIRS,n,2,313.55,11.47,D,0
30.27957,78.7559,343.85,0.38,0.36,2024-04-25,0750,N,VIIRS,n,2,314.07,3.79,D,0
30.33892,79.15371,353.86,0.39,0.36,2024-04-25,0750,N,VIIRS,n,2,311.81,7.93,D,0
30.31025,78.98324,342.59,0.39,0.36,2024-04-25,0750,N,VIIRS,n,2,309.81,2.74,D,0
30.2852,78.86111,341.65,0.38,0.36,2024-04-25,0750,N,VIIRS,l,2,314.42,4.04,D,0
30.2858,78.8651,346.95,0.38,0.36,2024-04-25,0750,N,VIIRS,n,2,315.02,4.04,D,0
30.2864,78.8691,341.21,0.38,0.36,2024-04-25,0750,N,VIIRS,n,2,306.47,3.84,D,0
30.2195,78.49422,348.3,0.38,0.36,2024-04-25,0750,N,VIIRS,n,2,307.19,30.83,D,0
30.28424,78.92279,341.77,0.38,0.36,2024-04-25,0750,N,VIIRS,n,2,310.17,2.79,D,0
30.31853,79.15382,338.26,0.39,0.36,2024-04-25,0750,N,VIIRS,n,2,307.74,2.32,D,0
30.31522,79.15445,337.43,0.39,0.36,2024-04-25,0750,N,VIIRS,n,2,311.01,2.32,D,0
30.23764,78.6581,342.85,0.38,0.36,2024-04-25,0750,N,VIIRS,l,2,314.78,4.13,D,0
30.23824,78.66206,352.71,0.38,0.36,2024-04-25,0750,N,VIIRS,n,2,316.54,4.13,D,0
30.30237,79.13651,330.77,0.39,0.36,2024-04-25,0750,N,VIIRS,l,2,304.25,2.7,D,0
30.30588,79.16031,337.15,0.39,0.36,2024-04-25,0750,N,VIIRS,n,2,309.9,3.79,D,0
30.30646,79.16425,343.87,0.39,0.36,2024-04-25,0750,N,VIIRS,n,2,310.18,3.79,D,0
30.24242,78.77981,345.61,0.38,0.36,2024-04-25,0750,N,VIIRS,l,2,317.57,6.14,D,0
30.2046,78.57481,349.08,0.38,0.36,2024-04-25,0750,N,VIIRS,n,2,315.88,8.24,D,0
30.23762,78.79305,343.72,0.38,0.36,2024-04-25,0750,N,VIIRS,l,2,317.36,3.94,D,0
30.23821,78.79702,349.54,0.38,0.36,2024-04-25,0750,N,VIIRS,n,2,317.6,6.88,D,0
30.29114,79.17574,338.71,0.39,0.36,2024-04-25,0750,N,VIIRS,l,2,309.72,3.81,D,0
30.198,78.57614,342.57,0.38,0.36,2024-04-25,0750,N,VIIRS,l,2,314.89,5.38,D,0
30.28783,79.17641,356.58,0.39,0.36,2024-04-25,0750,N,VIIRS,n,2,312.38,6.07,D,0
30.19472,78.57682,340.69,0.38,0.36,2024-04-25,0750,N,VIIRS,l,2,313.04,5.38,D,0
29.89558,76.83382,351.87,0.4,0.37,2024-04-25,0750,N,VIIRS,l,2,322.88,42.52,D,0
29.89291,76.83871,367,0.4,0.37,2024-04-25,0750,N,VIIRS,l,2,328.36,77.18,D,0
29.95464,77.26314,336.8,0.4,0.37,2024-04-25,0750,N,VIIRS,n,2,310.88,3.08,D,0
29.9553,77.2672,336.81,0.4,0.37,2024-04-25,0750,N,VIIRS,n,2,311.3,3.08,D,0
30.19722,78.81695,338.15,0.38,0.36,2024-04-25,0750,N,VIIRS,l,2,312.12,5.8,D,0
30.17625,78.81297,335.75,0.38,0.36,2024-04-25,0750,N,VIIRS,l,2,307.16,2.07,D,0
30.17295,78.81361,345.2,0.38,0.36,2024-04-25,0750,N,VIIRS,n,2,310.66,4.1,D,0
30.17414,78.82154,335.06,0.38,0.36,2024-04-25,0750,N,VIIRS,n,2,303.93,4.73,D,0
30.17024,78.81821,352.84,0.38,0.36,2024-04-25,0750,N,VIIRS,n,2,307.95,4.73,D,0
30.11812,78.60822,348.6,0.38,0.36,2024-04-25,0750,N,VIIRS,n,2,315.63,11.47,D,0
30.11932,78.61615,344.37,0.38,0.36,2024-04-25,0750,N,VIIRS,l,2,317.82,3.9,D,0
30.11992,78.62012,338,0.38,0.36,2024-04-25,0750,N,VIIRS,l,2,310.86,3.9,D,0
30.0319,78.35614,346.19,0.38,0.36,2024-04-25,0750,N,VIIRS,n,2,308.88,5.52,D,0
30.09683,78.80419,349.16,0.38,0.36,2024-04-25,0750,N,VIIRS,n,2,315.23,6.16,D,0
30.10576,78.86371,351,0.38,0.36,2024-04-25,0750,N,VIIRS,n,2,308.06,18.32,D,0
30.10246,78.86436,353.94,0.38,0.36,2024-04-25,0750,N,VIIRS,n,2,314.23,18.32,D,0
30.10305,78.86834,347.96,0.38,0.36,2024-04-25,0750,N,VIIRS,n,2,312.57,18.32,D,0
30.0997,78.86474,337.57,0.38,0.36,2024-04-25,0750,N,VIIRS,n,2,304.41,2,D,0
30.10031,78.86874,339.65,0.38,0.36,2024-04-25,0750,N,VIIRS,n,2,305.43,2,D,0
30.02612,78.44701,336.41,0.38,0.36,2024-04-25,0750,N,VIIRS,l,2,310.22,1.82,D,0
30.0927,78.93133,343.79,0.38,0.36,2024-04-25,0750,N,VIIRS,n,2,309.83,22.87,D,0
30.08941,78.93198,338.33,0.38,0.36,2024-04-25,0750,N,VIIRS,n,2,307.81,4.57,D,0
30.03834,78.66083,338.28,0.38,0.36,2024-04-25,0750,N,VIIRS,l,2,311.31,3.6,D,0
30.07653,78.91405,337.16,0.38,0.36,2024-04-25,0750,N,VIIRS,n,2,303.54,3.27,D,0
30.06258,78.84361,354.76,0.38,0.36,2024-04-25,0750,N,VIIRS,n,2,315.78,5.64,D,0
29.99792,78.44058,335.92,0.38,0.36,2024-04-25,0750,N,VIIRS,l,2,309.41,8.1,D,0
30.00676,78.52043,347.34,0.38,0.36,2024-04-25,0750,N,VIIRS,n,2,315.16,6.19,D,0
30.02966,78.71556,336.41,0.38,0.36,2024-04-25,0750,N,VIIRS,l,2,310.1,3.04,D,0
29.94798,78.38123,337.55,0.38,0.36,2024-04-25,0750,N,VIIRS,n,2,308.89,2.8,D,0
29.9453,78.38586,336.85,0.38,0.36,2024-04-25,0750,N,VIIRS,l,2,308.95,1.85,D,0
29.94715,78.39783,336.02,0.38,0.36,2024-04-25,0750,N,VIIRS,l,2,308.79,3.89,D,0
29.96842,78.5363,342.03,0.38,0.36,2024-04-25,0750,N,VIIRS,n,2,314.11,4.03,D,0
29.94448,78.40249,334.83,0.38,0.36,2024-04-25,0750,N,VIIRS,l,2,307.79,3.89,D,0
29.98861,78.69118,345.63,0.38,0.36,2024-04-25,0750,N,VIIRS,n,2,312.13,4.09,D,0
29.98921,78.69514,344.58,0.38,0.36,2024-04-25,0750,N,VIIRS,n,2,313.63,4.09,D,0
29.9497,78.45853,337.18,0.38,0.36,2024-04-25,0750,N,VIIRS,l,2,308.02,1.77,D,0
29.95516,78.49414,343.85,0.38,0.36,2024-04-25,0750,N,VIIRS,n,2,315.37,7.53,D,0
29.95617,78.56731,336.75,0.38,0.36,2024-04-25,0750,N,VIIRS,n,2,310.6,3.4,D,0
29.95678,78.57125,334.37,0.38,0.36,2024-04-25,0750,N,VIIRS,l,2,307.49,3.4,D,0
29.97153,78.69054,350.54,0.38,0.36,2024-04-25,0750,N,VIIRS,n,2,314.59,7.05,D,0
29.95171,78.7383,345.63,0.38,0.36,2024-04-25,0750,N,VIIRS,n,2,314.01,4.55,D,0
29.94842,78.73896,347.96,0.38,0.36,2024-04-25,0750,N,VIIRS,n,2,312.71,4.55,D,0
29.89353,78.42393,338.61,0.38,0.36,2024-04-25,0750,N,VIIRS,n,2,310,2.38,D,0
29.89414,78.42791,336.15,0.38,0.36,2024-04-25,0750,N,VIIRS,n,2,310.74,2.38,D,0
29.9087,78.52285,344.78,0.38,0.36,2024-04-25,0750,N,VIIRS,n,2,313.61,3.2,D,0
29.93822,78.76138,350.86,0.38,0.36,2024-04-25,0750,N,VIIRS,n,2,316.96,6.25,D,0
29.87997,78.40215,344.08,0.38,0.36,2024-04-25,0750,N,VIIRS,n,2,311.02,3.35,D,0
29.90973,78.6408,332.98,0.38,0.36,2024-04-25,0750,N,VIIRS,l,2,307.94,2.44,D,0
29.8992,78.59405,336.88,0.38,0.36,2024-04-25,0750,N,VIIRS,l,2,309.3,1.91,D,0
29.90495,78.69879,347.85,0.38,0.36,2024-04-25,0750,N,VIIRS,n,2,310.57,12.02,D,0
29.90165,78.69945,342.51,0.38,0.36,2024-04-25,0750,N,VIIRS,n,2,311.16,12.02,D,0
29.99313,79.35848,345.97,0.39,0.36,2024-04-25,0750,N,VIIRS,n,2,303.53,11.22,D,0
29.98983,79.3592,339.82,0.39,0.36,2024-04-25,0750,N,VIIRS,n,2,304.84,7.02,D,0
29.69795,77.48827,342.32,0.39,0.36,2024-04-25,0750,N,VIIRS,n,2,310.4,3.48,D,0
29.86438,78.54404,341.3,0.38,0.36,2024-04-25,0750,N,VIIRS,n,2,311.54,2.74,D,0
29.97447,79.30082,337.8,0.39,0.36,2024-04-25,0750,N,VIIRS,n,2,307.31,2.2,D,0
29.93893,79.30779,334.31,0.39,0.36,2024-04-25,0750,N,VIIRS,l,2,306.04,1.92,D,0
29.93952,79.31178,351.7,0.39,0.36,2024-04-25,0750,N,VIIRS,n,2,307.67,8,D,0
29.94011,79.31579,351.19,0.39,0.36,2024-04-25,0750,N,VIIRS,n,2,311.2,8,D,0
29.83592,78.64328,347.56,0.38,0.36,2024-04-25,0750,N,VIIRS,n,2,309.8,6.29,D,0
30.03167,79.97086,334.47,0.39,0.37,2024-04-25,0750,N,VIIRS,n,2,303.17,3.62,D,0
29.88298,79.00006,346.91,0.38,0.36,2024-04-25,0750,N,VIIRS,n,2,310.52,5.57,D,0
29.84042,78.74004,345.52,0.38,0.36,2024-04-25,0750,N,VIIRS,n,2,305.98,4.29,D,0
29.85955,78.86648,347.31,0.38,0.36,2024-04-25,0750,N,VIIRS,n,2,311.24,5.15,D,0
29.93328,79.36195,340.44,0.39,0.36,2024-04-25,0750,N,VIIRS,n,2,304.27,2.28,D,0
29.93385,79.36587,331.18,0.39,0.36,2024-04-25,0750,N,VIIRS,l,2,301.29,2.28,D,0
29.93054,79.3665,351.13,0.39,0.36,2024-04-25,0750,N,VIIRS,n,2,310.25,4.85,D,0
29.92611,79.35938,345.51,0.39,0.36,2024-04-25,0750,N,VIIRS,n,2,306.99,4.29,D,0
29.92667,79.36324,351.07,0.39,0.36,2024-04-25,0750,N,VIIRS,n,2,307.85,4.85,D,0
29.92723,79.36711,335.8,0.39,0.36,2024-04-25,0750,N,VIIRS,n,2,304.81,4.85,D,0
29.81468,78.70451,334.79,0.38,0.36,2024-04-25,0750,N,VIIRS,l,2,308.63,1.86,D,0
29.84773,78.94601,334.5,0.38,0.36,2024-04-25,0750,N,VIIRS,n,2,304.98,1.46,D,0
29.84833,78.94998,333.88,0.38,0.36,2024-04-25,0750,N,VIIRS,n,2,306.45,1.46,D,0
29.85038,78.98627,342.63,0.38,0.36,2024-04-25,0750,N,VIIRS,l,2,314.38,4.47,D,0
29.79037,78.65646,350.07,0.38,0.36,2024-04-25,0750,N,VIIRS,n,2,313.35,4.9,D,0
29.81254,78.80251,337.22,0.38,0.36,2024-04-25,0750,N,VIIRS,n,2,301.97,3.24,D,0
29.80984,78.80711,334.31,0.38,0.36,2024-04-25,0750,N,VIIRS,n,2,302.45,4.38,D,0
30.01719,80.2337,332.81,0.4,0.37,2024-04-25,0750,N,VIIRS,n,2,301.5,3.49,D,0
29.78977,78.69727,339.49,0.38,0.36,2024-04-25,0750,N,VIIRS,n,2,311.38,3.78,D,0
29.67061,79.30215,343.46,0.39,0.36,2024-04-25,0750,N,VIIRS,n,2,309.06,2.75,D,0
29.67119,79.30609,337.28,0.39,0.36,2024-04-25,0750,N,VIIRS,n,2,310.15,3.98,D,0
29.82448,80.37596,340.44,0.4,0.37,2024-04-25,0750,N,VIIRS,n,2,310.3,2.25,D,0
29.66788,79.3067,337.99,0.39,0.36,2024-04-25,0750,N,VIIRS,n,2,309.25,3.98,D,0
29.65757,79.25992,334.69,0.39,0.36,2024-04-25,0750,N,VIIRS,l,2,308.46,1.49,D,0
29.67181,79.37963,344.85,0.39,0.36,2024-04-25,0750,N,VIIRS,n,2,316.94,4.63,D,0
29.69306,79.57166,341.81,0.39,0.36,2024-04-25,0750,N,VIIRS,l,2,314.89,4.47,D,0
29.62793,79.15174,337.52,0.38,0.36,2024-04-25,0750,N,VIIRS,l,2,311.73,2.18,D,0
29.70893,79.7286,342.79,0.39,0.36,2024-04-25,0750,N,VIIRS,n,2,310.82,4.92,D,0
29.74922,80.01106,339.36,0.39,0.36,2024-04-25,0750,N,VIIRS,n,2,308.6,5.44,D,0
29.63833,79.26778,337.32,0.39,0.36,2024-04-25,0750,N,VIIRS,l,2,310.24,7.95,D,0
29.72761,79.88308,339.04,0.39,0.36,2024-04-25,0750,N,VIIRS,n,2,313.58,2.4,D,0
29.61847,79.20259,342.52,0.39,0.36,2024-04-25,0750,N,VIIRS,l,2,313.72,4.08,D,0
29.74335,80.06674,339.49,0.39,0.37,2024-04-25,0750,N,VIIRS,n,2,308.11,3.82,D,0
29.6594,79.50402,347.42,0.39,0.36,2024-04-25,0750,N,VIIRS,n,2,310.36,14.74,D,0
29.63114,79.58654,339.26,0.39,0.36,2024-04-25,0750,N,VIIRS,n,2,310.04,6.22,D,0
29.63172,79.59052,334.6,0.39,0.36,2024-04-25,0750,N,VIIRS,l,2,307.66,2.81,D,0
29.60395,79.42414,349.25,0.39,0.36,2024-04-25,0750,N,VIIRS,n,2,310.59,2.89,D,0
29.60454,79.42811,335.02,0.39,0.36,2024-04-25,0750,N,VIIRS,l,2,308.83,2.89,D,0
29.56668,79.19515,341.69,0.39,0.36,2024-04-25,0750,N,VIIRS,l,2,311.72,3.22,D,0
29.60064,79.42479,340.59,0.39,0.36,2024-04-25,0750,N,VIIRS,l,2,312.2,3.5,D,0
29.55211,79.16571,336.81,0.38,0.36,2024-04-25,0750,N,VIIRS,l,2,309.17,2.34,D,0
29.63911,79.80648,339.6,0.39,0.36,2024-04-25,0750,N,VIIRS,n,2,306.23,3.93,D,0
29.63969,79.81046,341.52,0.39,0.36,2024-04-25,0750,N,VIIRS,n,2,307.77,2.67,D,0
29.64613,79.87913,330.66,0.39,0.36,2024-04-25,0750,N,VIIRS,l,2,303.52,3.56,D,0
29.64281,79.87987,336.46,0.39,0.36,2024-04-25,0750,N,VIIRS,n,2,310.23,3.56,D,0
29.54714,79.2926,348.9,0.39,0.36,2024-04-25,0750,N,VIIRS,n,2,311.17,5.03,D,0
29.68633,80.28475,334.61,0.4,0.37,2024-04-25,0750,N,VIIRS,l,2,305.49,1.91,D,0
29.56561,79.46437,346.52,0.39,0.36,2024-04-25,0750,N,VIIRS,n,2,313.22,5.9,D,0
29.53645,79.3353,345.14,0.39,0.36,2024-04-25,0750,N,VIIRS,n,2,310.42,5.25,D,0
29.61878,79.95137,339.79,0.39,0.36,2024-04-25,0750,N,VIIRS,n,2,304.48,2.26,D,0
29.59817,79.83057,341.2,0.39,0.36,2024-04-25,0750,N,VIIRS,n,2,309.1,5.07,D,0
29.53021,79.38531,343.17,0.39,0.36,2024-04-25,0750,N,VIIRS,n,2,313.24,3.02,D,0
29.59484,79.83117,341.7,0.39,0.36,2024-04-25,0750,N,VIIRS,n,2,310.82,5.07,D,0
29.31199,78.01765,338.14,0.39,0.36,2024-04-25,0750,N,VIIRS,l,2,310.66,3.34,D,0
29.31262,78.02164,339.57,0.39,0.36,2024-04-25,0750,N,VIIRS,n,2,312.81,3.34,D,0
29.30868,78.01834,337.75,0.39,0.36,2024-04-25,0750,N,VIIRS,l,2,310.73,3.34,D,0
29.3093,78.02232,337.17,0.39,0.36,2024-04-25,0750,N,VIIRS,l,2,310.48,3.34,D,0
29.51711,79.38343,341.79,0.39,0.36,2024-04-25,0750,N,VIIRS,n,2,306.42,3.51,D,0
29.59436,79.96027,367,0.39,0.36,2024-04-25,0750,N,VIIRS,h,2,312.27,13.79,D,0
29.5048,79.36924,355.9,0.39,0.36,2024-04-25,0750,N,VIIRS,n,2,312.27,5.04,D,0
29.50538,79.3732,331.35,0.39,0.36,2024-04-25,0750,N,VIIRS,l,2,305.53,5.04,D,0
29.59098,79.96071,347.99,0.39,0.36,2024-04-25,0750,N,VIIRS,n,2,309.27,14.74,D,0
29.52961,79.56084,347.59,0.39,0.36,2024-04-25,0750,N,VIIRS,n,2,313.2,6.22,D,0
29.72061,79.27229,346.65,0.39,0.36,2024-04-25,0750,N,VIIRS,n,2,310.83,5.39,D,0
29.75798,79.52625,351.4,0.39,0.36,2024-04-25,0750,N,VIIRS,n,2,309.09,6.6,D,0
29.7597,79.53807,336.84,0.39,0.36,2024-04-25,0750,N,VIIRS,n,2,303.34,2.58,D,0
29.72493,79.32446,343.05,0.39,0.36,2024-04-25,0750,N,VIIRS,n,2,311.63,4.43,D,0
29.75467,79.52689,352.07,0.39,0.36,2024-04-25,0750,N,VIIRS,n,2,308.72,6.6,D,0
29.88049,80.40594,333.38,0.4,0.37,2024-04-25,0750,N,VIIRS,n,2,301.42,7.67,D,0
29.59993,78.53966,339.84,0.38,0.36,2024-04-25,0750,N,VIIRS,n,2,313.67,3.06,D,0
29.71891,79.32973,346.5,0.39,0.36,2024-04-25,0750,N,VIIRS,n,2,313.02,2.78,D,0
29.7195,79.33376,344.53,0.39,0.36,2024-04-25,0750,N,VIIRS,n,2,312.98,2.78,D,0
29.79688,79.86489,333.56,0.39,0.36,2024-04-25,0750,N,VIIRS,l,2,308.48,1.44,D,0
29.7162,79.3344,347.03,0.39,0.36,2024-04-25,0750,N,VIIRS,n,2,312.96,2.89,D,0
29.71912,79.35425,342.37,0.39,0.36,2024-04-25,0750,N,VIIRS,l,2,313.02,5.9,D,0
29.835,80.20468,332.33,0.4,0.37,2024-04-25,0750,N,VIIRS,l,2,306.13,2.74,D,0
29.68262,79.22248,348.38,0.39,0.36,2024-04-25,0750,N,VIIRS,n,2,316.45,12.01,D,0
29.67286,79.1797,335.9,0.39,0.36,2024-04-25,0750,N,VIIRS,l,2,309.06,2.16,D,0
29.6385,78.99519,353.52,0.38,0.36,2024-04-25,0750,N,VIIRS,n,2,316.2,12.48,D,0
29.78955,80.05354,342.42,0.39,0.37,2024-04-25,0750,N,VIIRS,n,2,308.75,3.43,D,0
29.70758,79.5076,342.13,0.39,0.36,2024-04-25,0750,N,VIIRS,l,2,314.1,3.95,D,0
29.67392,79.30151,336.65,0.39,0.36,2024-04-25,0750,N,VIIRS,n,2,310.17,2.2,D,0
29.58182,79.99226,347.24,0.39,0.36,2024-04-25,0750,N,VIIRS,n,2,321.65,18.39,D,0
29.57849,79.99292,348.73,0.39,0.36,2024-04-25,0750,N,VIIRS,n,2,317.1,18.39,D,0
29.54518,79.83247,344.74,0.39,0.36,2024-04-25,0750,N,VIIRS,n,2,315.41,3.8,D,0
29.54187,79.83322,345.7,0.39,0.36,2024-04-25,0750,N,VIIRS,n,2,314.02,3.8,D,0
29.54245,79.83726,337.55,0.39,0.36,2024-04-25,0750,N,VIIRS,l,2,310.27,5.32,D,0
29.53856,79.83397,348.24,0.39,0.36,2024-04-25,0750,N,VIIRS,n,2,313.74,5.77,D,0
29.53914,79.838,337.63,0.39,0.36,2024-04-25,0750,N,VIIRS,l,2,310.06,3.48,D,0
29.45395,79.27818,341.33,0.39,0.36,2024-04-25,0750,N,VIIRS,l,2,313.71,2.34,D,0
29.50216,79.67648,335.76,0.39,0.36,2024-04-25,0750,N,VIIRS,n,2,309.4,2.56,D,0
29.49002,79.6868,335.23,0.39,0.36,2024-04-25,0750,N,VIIRS,l,2,308.42,2.97,D,0
29.48338,79.68801,353.11,0.39,0.36,2024-04-25,0750,N,VIIRS,n,2,310.76,8.81,D,0
29.49809,79.83778,349.59,0.39,0.36,2024-04-25,0750,N,VIIRS,n,2,313.65,7.31,D,0
29.50411,80.01442,350.76,0.39,0.36,2024-04-25,0750,N,VIIRS,n,2,319.76,10.49,D,0
29.40178,79.33672,344.21,0.39,0.36,2024-04-25,0750,N,VIIRS,n,2,310.59,2.54,D,0
29.40236,79.34065,345.41,0.39,0.36,2024-04-25,0750,N,VIIRS,n,2,310.96,3.74,D,0
29.41979,79.45879,344.9,0.39,0.36,2024-04-25,0750,N,VIIRS,n,2,303.35,5.85,D,0
29.4204,79.46289,356.44,0.39,0.36,2024-04-25,0750,N,VIIRS,n,2,308.11,5.85,D,0
29.412,79.52141,332.1,0.39,0.36,2024-04-25,0750,N,VIIRS,n,2,302.57,2.08,D,0
29.4968,80.10725,342.95,0.39,0.37,2024-04-25,0750,N,VIIRS,n,2,309.62,4.98,D,0
29.49404,80.11196,348.38,0.39,0.37,2024-04-25,0750,N,VIIRS,n,2,310.73,7.16,D,0
29.39974,79.50743,333.71,0.39,0.36,2024-04-25,0750,N,VIIRS,n,2,303.26,3.42,D,0
29.42034,79.69507,331.25,0.39,0.36,2024-04-25,0750,N,VIIRS,n,2,300.66,2.96,D,0
29.47779,80.11848,336.38,0.39,0.37,2024-04-25,0750,N,VIIRS,l,2,308.14,2.97,D,0
29.39424,79.58598,347.26,0.39,0.36,2024-04-25,0750,N,VIIRS,n,2,308.97,8.62,D,0
29.39481,79.58994,334.64,0.39,0.36,2024-04-25,0750,N,VIIRS,n,2,303.7,8.62,D,0
29.39094,79.58669,332.08,0.39,0.36,2024-04-25,0750,N,VIIRS,l,2,303.75,8.62,D,0
29.37658,79.51186,338.7,0.39,0.36,2024-04-25,0750,N,VIIRS,n,2,309.83,3.46,D,0
29.36882,79.50536,333.36,0.39,0.36,2024-04-25,0750,N,VIIRS,l,2,307.53,2.22,D,0
29.3694,79.50929,334.5,0.39,0.36,2024-04-25,0750,N,VIIRS,l,2,307.62,2.76,D,0
29.42662,79.90395,337.19,0.39,0.36,2024-04-25,0750,N,VIIRS,n,2,307.05,1.8,D,0
29.3661,79.50997,339.75,0.39,0.36,2024-04-25,0750,N,VIIRS,n,2,310.84,2.76,D,0
29.36725,79.51784,344.52,0.39,0.36,2024-04-25,0750,N,VIIRS,n,2,313.62,5.69,D,0
29.35659,79.49157,335.33,0.39,0.36,2024-04-25,0750,N,VIIRS,n,2,309.83,4.3,D,0
29.35717,79.49558,347.94,0.39,0.36,2024-04-25,0750,N,VIIRS,n,2,314.03,21.26,D,0
29.35908,79.53175,340.64,0.39,0.36,2024-04-25,0750,N,VIIRS,n,2,307.63,4.18,D,0
29.35577,79.53242,336.63,0.39,0.36,2024-04-25,0750,N,VIIRS,n,2,305.6,4.18,D,0
29.35634,79.53637,353.72,0.39,0.36,2024-04-25,0750,N,VIIRS,n,2,312.42,9.13,D,0
29.35692,79.54034,344.51,0.39,0.36,2024-04-25,0750,N,VIIRS,n,2,306.75,9.13,D,0
29.39619,79.81105,347.93,0.39,0.36,2024-04-25,0750,N,VIIRS,n,2,306.1,11.02,D,0
29.34668,79.49364,340.09,0.39,0.36,2024-04-25,0750,N,VIIRS,l,2,310.76,2.81,D,0
29.34726,79.49763,348.44,0.39,0.36,2024-04-25,0750,N,VIIRS,n,2,312.99,6.13,D,0
29.35303,79.53701,343.16,0.39,0.36,2024-04-25,0750,N,VIIRS,n,2,310.11,8.69,D,0
29.3923,79.80773,333.57,0.39,0.36,2024-04-25,0750,N,VIIRS,n,2,303.69,4.16,D,0
29.39288,79.81173,346.63,0.39,0.36,2024-04-25,0750,N,VIIRS,n,2,306.76,4.16,D,0
29.4273,80.05271,335.34,0.39,0.36,2024-04-25,0750,N,VIIRS,l,2,309.51,2.32,D,0
29.3774,79.82281,353.68,0.39,0.36,2024-04-25,0750,N,VIIRS,n,2,315.41,23.58,D,0
29.37538,79.82314,331.88,0.39,0.36,2024-04-25,0750,N,VIIRS,l,2,306.6,3.18,D,0
29.35104,79.67972,330.74,0.39,0.36,2024-04-25,0750,N,VIIRS,l,2,303.85,3.42,D,0
29.22084,78.87363,348.25,0.38,0.36,2024-04-25,0750,N,VIIRS,n,2,319.1,7.43,D,0
29.08625,78.09232,344.73,0.39,0.36,2024-04-25,0750,N,VIIRS,n,2,313.12,5.96,D,0
29.3354,79.73598,338.4,0.39,0.36,2024-04-25,0750,N,VIIRS,n,2,307.69,4.19,D,0
29.3655,79.94394,340.16,0.39,0.36,2024-04-25,0750,N,VIIRS,n,2,308.84,5.52,D,0
29.31853,79.69034,352.45,0.39,0.36,2024-04-25,0750,N,VIIRS,n,2,308,12.83,D,0
29.31794,79.68629,367,0.39,0.36,2024-04-25,0750,N,VIIRS,h,2,306.29,11.79,D,0
29.31522,79.69096,334.38,0.39,0.36,2024-04-25,0750,N,VIIRS,n,2,304.87,5.67,D,0
29.31581,79.69502,341.65,0.39,0.36,2024-04-25,0750,N,VIIRS,n,2,305.28,5.67,D,0
29.3119,79.69161,335.72,0.39,0.36,2024-04-25,0750,N,VIIRS,n,2,305.38,5.67,D,0
29.3125,79.6957,346.34,0.39,0.36,2024-04-25,0750,N,VIIRS,n,2,308.79,5.67,D,0
29.33356,79.88827,330.4,0.39,0.36,2024-04-25,0750,N,VIIRS,l,2,305.16,2.1,D,0
29.2812,79.55132,334.57,0.39,0.36,2024-04-25,0750,N,VIIRS,l,2,308.9,2.32,D,0
29.26913,79.49235,340.91,0.39,0.36,2024-04-25,0750,N,VIIRS,n,2,309.1,6.89,D,0
29.27788,79.55195,337.01,0.39,0.36,2024-04-25,0750,N,VIIRS,l,2,309.66,2.32,D,0
29.34409,80.00934,332.48,0.39,0.36,2024-04-25,0750,N,VIIRS,n,2,299.21,1.73,D,0
29.18595,78.95743,343.16,0.38,0.36,2024-04-25,0750,N,VIIRS,n,2,312.71,4.3,D,0
29.26583,79.49303,341.37,0.39,0.36,2024-04-25,0750,N,VIIRS,n,2,309.61,8.09,D,0
29.03186,78.02979,338.43,0.39,0.36,2024-04-25,0750,N,VIIRS,l,2,311.16,1.08,D,0
29.30965,79.86462,336.59,0.39,0.36,2024-04-25,0750,N,VIIRS,n,2,306.8,2.34,D,0
29.25087,79.48394,342.5,0.39,0.36,2024-04-25,0750,N,VIIRS,n,2,311.47,2.83,D,0
29.26236,79.63227,342.61,0.39,0.36,2024-04-25,0750,N,VIIRS,n,2,311.81,4.22,D,0
29.25905,79.63292,355.74,0.39,0.36,2024-04-25,0750,N,VIIRS,n,2,314.59,6.27,D,0
29.25574,79.6336,347.59,0.39,0.36,2024-04-25,0750,N,VIIRS,n,2,312.94,6.27,D,0
29.29319,79.91646,344.63,0.39,0.36,2024-04-25,0750,N,VIIRS,n,2,304.95,5.62,D,0
29.29376,79.92051,342.57,0.39,0.36,2024-04-25,0750,N,VIIRS,n,2,305.61,5.62,D,0
29.29433,79.92448,338.54,0.39,0.36,2024-04-25,0750,N,VIIRS,n,2,303.24,4.48,D,0
29.26286,79.72935,333.28,0.39,0.36,2024-04-25,0750,N,VIIRS,l,2,303.3,2.4,D,0
29.28987,79.91717,335.05,0.39,0.36,2024-04-25,0750,N,VIIRS,n,2,302.16,5.62,D,0
29.29101,79.92516,349.25,0.39,0.36,2024-04-25,0750,N,VIIRS,n,2,304.86,4.48,D,0
29.29157,79.92907,346.92,0.39,0.36,2024-04-25,0750,N,VIIRS,n,2,303.95,4.48,D,0
29.25837,79.72176,347.52,0.39,0.36,2024-04-25,0750,N,VIIRS,n,2,305.2,5.4,D,0
29.25953,79.72987,347.51,0.39,0.36,2024-04-25,0750,N,VIIRS,n,2,305.3,10.59,D,0
29.28655,79.91789,347.32,0.39,0.36,2024-04-25,0750,N,VIIRS,n,2,308.41,9.27,D,0
29.28712,79.92192,345.55,0.39,0.36,2024-04-25,0750,N,VIIRS,n,2,305.32,9.27,D,0
29.28768,79.92581,354.89,0.39,0.36,2024-04-25,0750,N,VIIRS,n,2,304.63,8.48,D,0
29.28825,79.92971,347.33,0.39,0.36,2024-04-25,0750,N,VIIRS,n,2,304.93,8.48,D,0
29.25504,79.72231,339.5,0.39,0.36,2024-04-25,0750,N,VIIRS,n,2,304.02,5.4,D,0
29.25562,79.72637,332.88,0.39,0.36,2024-04-25,0750,N,VIIRS,l,2,303.31,10.59,D,0
29.2838,79.92262,340.69,0.39,0.36,2024-04-25,0750,N,VIIRS,n,2,304.98,9.27,D,0
29.29119,79.97421,333.85,0.39,0.36,2024-04-25,0750,N,VIIRS,n,2,301.66,2.17,D,0
29.28436,79.92648,367,0.39,0.36,2024-04-25,0750,N,VIIRS,h,2,308.04,8.48,D,0
29.20306,79.38738,367,0.39,0.36,2024-04-25,0750,N,VIIRS,h,2,319.6,10.48,D,0
29.22699,79.64239,335.05,0.39,0.36,2024-04-25,0750,N,VIIRS,l,2,308.2,2.95,D,0
29.22757,79.64635,332.56,0.39,0.36,2024-04-25,0750,N,VIIRS,l,2,307.5,2.95,D,0
29.22816,79.65034,345.52,0.39,0.36,2024-04-25,0750,N,VIIRS,n,2,309.63,6.68,D,0
28.75073,76.64021,348.63,0.42,0.37,2024-04-25,0750,N,VIIRS,l,2,321.37,7.34,D,0
29.2237,79.64311,343.45,0.39,0.36,2024-04-25,0750,N,VIIRS,n,2,310.38,2.95,D,0
29.23468,79.71832,349.65,0.39,0.36,2024-04-25,0750,N,VIIRS,n,2,313.37,8.5,D,0
29.28668,80.07787,333.53,0.39,0.36,2024-04-25,0750,N,VIIRS,n,2,303.24,1.51,D,0
28.74731,76.64096,344.16,0.42,0.37,2024-04-25,0750,N,VIIRS,l,2,317.73,16.04,D,0
29.22271,79.65965,339.81,0.39,0.36,2024-04-25,0750,N,VIIRS,n,2,307.13,4.61,D,0
29.24168,79.78996,353.49,0.39,0.36,2024-04-25,0750,N,VIIRS,n,2,314.01,14.45,D,0
29.24226,79.79393,337.75,0.39,0.36,2024-04-25,0750,N,VIIRS,n,2,302.45,4.49,D,0
29.21941,79.66032,344.85,0.39,0.36,2024-04-25,0750,N,VIIRS,n,2,308.96,4.61,D,0
29.21997,79.66424,347.6,0.39,0.36,2024-04-25,0750,N,VIIRS,n,2,310.07,4.61,D,0
29.23837,79.79066,331.57,0.39,0.36,2024-04-25,0750,N,VIIRS,l,2,306.1,14.45,D,0
29.25293,79.89089,348.43,0.39,0.36,2024-04-25,0750,N,VIIRS,n,2,306.88,6.96,D,0
29.23582,79.91441,354.78,0.39,0.36,2024-04-25,0750,N,VIIRS,n,2,311.44,32.13,D,0
29.23642,79.91861,348.13,0.39,0.36,2024-04-25,0750,N,VIIRS,n,2,303.66,4.18,D,0
29.23248,79.91498,344.25,0.39,0.36,2024-04-25,0750,N,VIIRS,n,2,304.34,4.95,D,0
29.22748,79.90395,341.33,0.39,0.36,2024-04-25,0750,N,VIIRS,n,2,310.5,8.44,D,0
29.25219,80.07625,339.27,0.39,0.36,2024-04-25,0750,N,VIIRS,n,2,302.03,2.87,D,0
28.78351,77.06683,341.29,0.41,0.37,2024-04-25,0750,N,VIIRS,l,2,315.52,3.22,D,0
29.20452,79.76876,347.5,0.39,0.36,2024-04-25,0750,N,VIIRS,n,2,308.63,4.34,D,0
29.24495,80.07349,342.49,0.39,0.36,2024-04-25,0750,N,VIIRS,n,2,306.12,5.06,D,0
29.24108,80.07036,344.58,0.39,0.36,2024-04-25,0750,N,VIIRS,n,2,307.32,3.77,D,0
29.24162,80.0742,343.67,0.39,0.36,2024-04-25,0750,N,VIIRS,n,2,307.08,7.64,D,0
29.22173,79.95903,341.26,0.39,0.36,2024-04-25,0750,N,VIIRS,n,2,304.23,2.45,D,0
29.21839,79.95963,342.64,0.39,0.36,2024-04-25,0750,N,VIIRS,n,2,305.26,2.89,D,0
29.21897,79.96369,335.61,0.39,0.36,2024-04-25,0750,N,VIIRS,l,2,307.25,3.5,D,0
28.7865,77.18981,343.77,0.4,0.37,2024-04-25,0750,N,VIIRS,n,2,312.56,3.99,D,0
29.20415,79.88437,331.5,0.39,0.36,2024-04-25,0750,N,VIIRS,l,2,305.29,1.38,D,0
29.21151,79.93542,340.41,0.39,0.36,2024-04-25,0750,N,VIIRS,n,2,304.89,7,D,0
29.21209,79.9395,344.67,0.39,0.36,2024-04-25,0750,N,VIIRS,n,2,305.81,6.22,D,0
29.25564,80.24551,330.44,0.4,0.37,2024-04-25,0750,N,VIIRS,l,2,302.95,2.34,D,0
29.20082,79.88493,336.68,0.39,0.36,2024-04-25,0750,N,VIIRS,n,2,309.71,7.45,D,0
29.20138,79.88883,346.18,0.39,0.36,2024-04-25,0750,N,VIIRS,n,2,310.77,7.45,D,0
29.20877,79.94014,332.38,0.39,0.36,2024-04-25,0750,N,VIIRS,l,2,305.25,2.24,D,0
29.17324,79.81205,345.4,0.39,0.36,2024-04-25,0750,N,VIIRS,n,2,308.31,7.15,D,0
29.16993,79.81271,342.74,0.39,0.36,2024-04-25,0750,N,VIIRS,n,2,310.8,8.23,D,0
29.1705,79.8167,338.44,0.39,0.36,2024-04-25,0750,N,VIIRS,n,2,306.83,3.89,D,0
29.16718,79.81734,332.47,0.39,0.36,2024-04-25,0750,N,VIIRS,n,2,305.17,3.89,D,0
29.20143,80.13977,332.71,0.39,0.36,2024-04-25,0750,N,VIIRS,n,2,304.8,1.58,D,0
29.20371,80.15573,335.3,0.39,0.36,2024-04-25,0750,N,VIIRS,n,2,304.54,4.53,D,0
29.19805,80.14021,336.19,0.39,0.36,2024-04-25,0750,N,VIIRS,n,2,305.74,1.96,D,0
29.19863,80.14427,332.21,0.39,0.36,2024-04-25,0750,N,VIIRS,n,2,304.19,1.96,D,0
29.06252,79.21526,367,0.38,0.36,2024-04-25,0750,N,VIIRS,h,2,335.9,63.59,D,0
29.14934,79.87351,334.57,0.39,0.36,2024-04-25,0750,N,VIIRS,l,2,306.76,2.88,D,0
29.14657,79.87807,335.69,0.39,0.36,2024-04-25,0750,N,VIIRS,l,2,306.34,4.36,D,0
29.14715,79.88204,345.37,0.39,0.36,2024-04-25,0750,N,VIIRS,n,2,308.44,4.36,D,0
29.14945,79.89797,352.96,0.39,0.36,2024-04-25,0750,N,VIIRS,n,2,308.48,10.06,D,0
29.15062,79.90601,330.78,0.39,0.36,2024-04-25,0750,N,VIIRS,l,2,303.77,29.78,D,0
29.08876,79.50606,347.95,0.39,0.36,2024-04-25,0750,N,VIIRS,n,2,314.67,4.15,D,0
29.08934,79.51001,347.75,0.39,0.36,2024-04-25,0750,N,VIIRS,n,2,315.99,4.15,D,0
29.14381,79.88258,350.71,0.39,0.36,2024-04-25,0750,N,VIIRS,n,2,308,4.36,D,0
29.14438,79.88657,352.66,0.39,0.36,2024-04-25,0750,N,VIIRS,n,2,307.8,8.17,D,0
29.14496,79.89055,351.23,0.39,0.36,2024-04-25,0750,N,VIIRS,n,2,308.44,8.17,D,0
29.14554,79.89453,342.85,0.39,0.36,2024-04-25,0750,N,VIIRS,n,2,307.14,10.06,D,0
29.14671,79.9026,343.55,0.39,0.36,2024-04-25,0750,N,VIIRS,n,2,307.19,29.78,D,0
29.14612,79.89855,367,0.39,0.36,2024-04-25,0750,N,VIIRS,h,2,310.47,10.06,D,0
29.0802,79.47115,339.95,0.39,0.36,2024-04-25,0750,N,VIIRS,n,2,312.33,2.46,D,0
29.08078,79.4751,354.91,0.39,0.36,2024-04-25,0750,N,VIIRS,n,2,318.48,9.15,D,0
29.14161,79.89107,336.06,0.39,0.36,2024-04-25,0750,N,VIIRS,l,2,308.7,2.32,D,0
29.07864,79.48363,344.76,0.39,0.36,2024-04-25,0750,N,VIIRS,n,2,312.12,3.26,D,0
29.13539,79.87168,332.17,0.39,0.36,2024-04-25,0750,N,VIIRS,n,2,305.3,1.57,D,0
29.13827,79.89158,341.92,0.39,0.36,2024-04-25,0750,N,VIIRS,n,2,305.58,2.32,D,0
29.13495,79.89223,348.97,0.39,0.36,2024-04-25,0750,N,VIIRS,n,2,308.73,6.46,D,0
29.16234,80.1545,333.12,0.39,0.36,2024-04-25,0750,N,VIIRS,n,2,302.66,3.07,D,0
29.13263,79.97089,338.39,0.39,0.36,2024-04-25,0750,N,VIIRS,n,2,305.58,2.7,D,0
29.13321,79.97491,339.73,0.39,0.36,2024-04-25,0750,N,VIIRS,n,2,306.66,2.7,D,0
29.12928,79.9714,336.63,0.39,0.36,2024-04-25,0750,N,VIIRS,l,2,307.82,2.7,D,0
29.14676,80.14142,347.63,0.39,0.36,2024-04-25,0750,N,VIIRS,n,2,308.82,6.84,D,0
28.93826,78.93244,341.44,0.38,0.36,2024-04-25,0750,N,VIIRS,n,2,315.12,12.55,D,0
22.36669,70.22653,338.8,0.78,0.78,2024-04-25,0929,N,VIIRS,n,2,298.72,4.77,D,0
30.94015,76.20105,337.98,0.44,0.46,2024-04-25,2014,N,VIIRS,n,2,290.87,5.01,N,0
30.93586,76.20044,325.11,0.44,0.46,2024-04-25,2014,N,VIIRS,n,2,285.72,5.01,N,0
30.84783,76.94532,309.1,0.4,0.44,2024-04-25,2014,N,VIIRS,n,2,294.56,1.05,N,0
30.84378,76.9443,305.03,0.4,0.44,2024-04-25,2014,N,VIIRS,n,2,294.64,1.28,N,0
30.671,78.34583,301.74,0.51,0.41,2024-04-25,2014,N,VIIRS,n,2,288.43,0.49,N,0
30.61615,78.39051,300.08,0.51,0.41,2024-04-25,2014,N,VIIRS,n,2,285.5,0.81,N,0
30.59995,78.33465,301.13,0.51,0.41,2024-04-25,2014,N,VIIRS,n,2,289.16,1.01,N,0
30.48194,78.86177,330.8,0.48,0.4,2024-04-25,2014,N,VIIRS,n,2,287.91,5.2,N,0
30.50468,78.52017,299.62,0.5,0.41,2024-04-25,2014,N,VIIRS,n,2,287.34,0.65,N,0
30.52257,78.33749,309.09,0.51,0.41,2024-04-25,2014,N,VIIRS,n,2,288.49,1.59,N,0
30.44072,79.01317,304.43,0.47,0.4,2024-04-25,2014,N,VIIRS,n,2,286.91,1.25,N,0
30.44012,79.01794,299.06,0.47,0.4,2024-04-25,2014,N,VIIRS,n,2,286.8,1.25,N,0
30.43653,79.01675,320.26,0.47,0.4,2024-04-25,2014,N,VIIRS,n,2,288.35,1.25,N,0
30.51937,78.33208,307.93,0.51,0.41,2024-04-25,2014,N,VIIRS,n,2,288.49,2.12,N,0
30.51878,78.33704,314.79,0.51,0.41,2024-04-25,2014,N,VIIRS,n,2,288.88,1.59,N,0
30.43713,79.01199,302.75,0.47,0.4,2024-04-25,2014,N,VIIRS,n,2,287.47,1.25,N,0
30.50406,78.51861,299.92,0.5,0.41,2024-04-25,2014,N,VIIRS,n,2,287,0.76,N,0
30.44059,79.01622,302.4,0.47,0.4,2024-04-25,2014,N,VIIRS,n,2,286.56,0.91,N,0
30.43703,79.01497,328.17,0.47,0.4,2024-04-25,2014,N,VIIRS,n,2,288.77,3.87,N,0
30.52303,78.33616,302.72,0.51,0.41,2024-04-25,2014,N,VIIRS,n,2,288.51,2.38,N,0
30.51923,78.33575,325.86,0.51,0.41,2024-04-25,2014,N,VIIRS,n,2,289.36,2.38,N,0
30.39704,79.09458,299.13,0.47,0.4,2024-04-25,2014,N,VIIRS,n,2,286.97,1.45,N,0
30.39634,79.09995,311.13,0.47,0.4,2024-04-25,2014,N,VIIRS,n,2,286.47,1.22,N,0
30.47766,78.42354,300.44,0.5,0.41,2024-04-25,2014,N,VIIRS,n,2,289.42,0.61,N,0
30.51817,77.9926,309.86,0.53,0.42,2024-04-25,2014,N,VIIRS,n,2,289.99,1.42,N,0
30.51746,77.9985,304.82,0.53,0.42,2024-04-25,2014,N,VIIRS,n,2,290.06,1.7,N,0
30.5144,77.99136,313.03,0.53,0.42,2024-04-25,2014,N,VIIRS,n,2,290.35,1.42,N,0
30.41482,78.62477,308.62,0.49,0.4,2024-04-25,2014,N,VIIRS,n,2,289.48,1.26,N,0
30.41106,78.6245,302.31,0.49,0.4,2024-04-25,2014,N,VIIRS,n,2,289.32,1.36,N,0
30.35104,79.10658,302.17,0.47,0.39,2024-04-25,2014,N,VIIRS,n,2,286.72,1.63,N,0
30.35046,79.11108,297.66,0.47,0.39,2024-04-25,2014,N,VIIRS,n,2,285.99,0.7,N,0
30.32964,79.15845,322.86,0.46,0.39,2024-04-25,2014,N,VIIRS,n,2,290.13,2.75,N,0
30.32476,79.16783,300.68,0.46,0.39,2024-04-25,2014,N,VIIRS,n,2,288.84,0.96,N,0
30.37175,78.76052,299.36,0.48,0.4,2024-04-25,2014,N,VIIRS,n,2,287.55,0.83,N,0
30.31744,79.16735,302.8,0.46,0.39,2024-04-25,2014,N,VIIRS,n,2,289.89,1.3,N,0
30.36599,78.70267,304.57,0.49,0.4,2024-04-25,2014,N,VIIRS,n,2,287.58,1.01,N,0
30.36239,78.70131,299.08,0.49,0.4,2024-04-25,2014,N,VIIRS,n,2,287.36,0.67,N,0
30.36166,78.7071,298.48,0.49,0.4,2024-04-25,2014,N,VIIRS,n,2,287.63,0.67,N,0
30.34956,78.68333,302.33,0.49,0.4,2024-04-25,2014,N,VIIRS,n,2,288.64,0.88,N,0
30.35326,78.56301,300.22,0.49,0.4,2024-04-25,2014,N,VIIRS,n,2,289.34,0.99,N,0
30.28285,79.119,302.61,0.46,0.39,2024-04-25,2014,N,VIIRS,n,2,290.21,1.07,N,0
30.28225,79.12372,311.17,0.46,0.39,2024-04-25,2014,N,VIIRS,n,2,290.14,1.07,N,0
30.28918,79.04086,303.88,0.47,0.4,2024-04-25,2014,N,VIIRS,n,2,289.69,0.77,N,0
30.28495,79.01579,333.54,0.47,0.4,2024-04-25,2014,N,VIIRS,n,2,294.38,5.87,N,0
30.28429,79.02096,315.84,0.47,0.4,2024-04-25,2014,N,VIIRS,n,2,290.34,4.06,N,0
30.28119,79.01616,332.23,0.47,0.4,2024-04-25,2014,N,VIIRS,n,2,290.33,5.87,N,0
30.30471,78.70993,323.18,0.48,0.4,2024-04-25,2014,N,VIIRS,n,2,291.1,2.21,N,0
30.28054,78.87357,303.94,0.48,0.4,2024-04-25,2014,N,VIIRS,n,2,289.63,0.84,N,0
30.30244,78.66721,306.91,0.49,0.4,2024-04-25,2014,N,VIIRS,n,2,290.9,0.83,N,0
30.29802,78.703,299.89,0.48,0.4,2024-04-25,2014,N,VIIRS,n,2,288.79,0.97,N,0
30.29253,78.71683,302.45,0.48,0.4,2024-04-25,2014,N,VIIRS,n,2,290.25,1.13,N,0
30.2967,78.65253,310.73,0.49,0.4,2024-04-25,2014,N,VIIRS,n,2,289.95,1.32,N,0
30.28888,78.71584,306.8,0.48,0.4,2024-04-25,2014,N,VIIRS,n,2,290.36,1.13,N,0
30.28828,78.72073,317.37,0.48,0.4,2024-04-25,2014,N,VIIRS,n,2,290.52,1.13,N,0
30.27946,78.76173,300.94,0.48,0.4,2024-04-25,2014,N,VIIRS,n,2,289.51,0.71,N,0
30.28809,78.66109,307.65,0.49,0.4,2024-04-25,2014,N,VIIRS,n,2,289.28,1.85,N,0
30.33985,78.13418,303.36,0.52,0.41,2024-04-25,2014,N,VIIRS,n,2,292.23,1.18,N,0
30.24893,78.88696,303.02,0.48,0.4,2024-04-25,2014,N,VIIRS,n,2,290.6,0.81,N,0
30.33665,78.12836,304.39,0.52,0.41,2024-04-25,2014,N,VIIRS,n,2,292.86,1.18,N,0
30.33602,78.13374,317.76,0.52,0.41,2024-04-25,2014,N,VIIRS,n,2,292.59,1.18,N,0
30.26171,78.69144,300.11,0.49,0.4,2024-04-25,2014,N,VIIRS,n,2,289.41,0.64,N,0
30.33743,78.13245,324.24,0.52,0.41,2024-04-25,2014,N,VIIRS,n,2,293.36,2.61,N,0
30.25943,78.6941,301.17,0.48,0.4,2024-04-25,2014,N,VIIRS,n,2,289.91,0.56,N,0
30.22982,78.86714,338.26,0.48,0.4,2024-04-25,2014,N,VIIRS,n,2,293.5,6.71,N,0
30.23709,78.78087,303.65,0.48,0.4,2024-04-25,2014,N,VIIRS,n,2,290.47,0.6,N,0
30.22615,78.86653,304.58,0.48,0.4,2024-04-25,2014,N,VIIRS,n,2,289.24,0.64,N,0
30.24782,78.6665,301.47,0.49,0.4,2024-04-25,2014,N,VIIRS,n,2,289.56,0.57,N,0
30.23469,78.77021,305.08,0.48,0.4,2024-04-25,2014,N,VIIRS,n,2,290.01,0.84,N,0
30.23317,78.66278,301.09,0.49,0.4,2024-04-25,2014,N,VIIRS,n,2,290.26,0.64,N,0
30.20498,78.79704,306.32,0.48,0.4,2024-04-25,2014,N,VIIRS,n,2,289.7,1.08,N,0
30.24584,78.34476,300.59,0.5,0.41,2024-04-25,2014,N,VIIRS,n,2,289.33,0.5,N,0
30.24207,78.34417,300.17,0.5,0.41,2024-04-25,2014,N,VIIRS,n,2,289.16,0.5,N,0
30.2074,78.56535,315.5,0.49,0.4,2024-04-25,2014,N,VIIRS,n,2,291.64,2.69,N,0
30.20373,78.56432,311.62,0.49,0.4,2024-04-25,2014,N,VIIRS,n,2,291.55,1.91,N,0
30.20875,78.49253,304.19,0.49,0.41,2024-04-25,2014,N,VIIRS,n,2,287.82,1.09,N,0
30.19936,78.56895,309.03,0.49,0.4,2024-04-25,2014,N,VIIRS,n,2,291.74,1.83,N,0
30.1699,78.80769,302.22,0.48,0.4,2024-04-25,2014,N,VIIRS,n,2,290.11,0.66,N,0
30.20679,78.47747,296.93,0.5,0.41,2024-04-25,2014,N,VIIRS,n,2,286.08,0.59,N,0
30.20243,78.48203,300.07,0.5,0.41,2024-04-25,2014,N,VIIRS,n,2,286.83,0.68,N,0
30.20181,78.48712,307.61,0.5,0.41,2024-04-25,2014,N,VIIRS,n,2,286.38,0.68,N,0
30.24679,78.07836,309,0.52,0.41,2024-04-25,2014,N,VIIRS,n,2,292.79,1.42,N,0
30.15812,78.81206,311.18,0.48,0.4,2024-04-25,2014,N,VIIRS,n,2,289.3,2.21,N,0
30.15745,78.81746,318.7,0.48,0.4,2024-04-25,2014,N,VIIRS,n,2,290.66,2.21,N,0
30.1544,78.81189,321.5,0.48,0.4,2024-04-25,2014,N,VIIRS,n,2,289.07,2.21,N,0
30.16488,78.72704,303.42,0.48,0.4,2024-04-25,2014,N,VIIRS,n,2,289.44,0.87,N,0
30.15373,78.8173,319.85,0.48,0.4,2024-04-25,2014,N,VIIRS,n,2,289.25,2.21,N,0
30.15184,78.8326,317.69,0.48,0.4,2024-04-25,2014,N,VIIRS,n,2,289.26,2.04,N,0
30.16114,78.72688,306.01,0.48,0.4,2024-04-25,2014,N,VIIRS,n,2,289.13,1.23,N,0
30.14939,78.82224,305.37,0.48,0.4,2024-04-25,2014,N,VIIRS,n,2,288.59,1.91,N,0
30.14874,78.82743,319.36,0.48,0.4,2024-04-25,2014,N,VIIRS,n,2,288.92,1.91,N,0
29.12428,75.77754,311.87,0.44,0.46,2024-04-25,2014,N,VIIRS,n,2,295.14,2.4,N,2
28.7688,79.75803,303.54,0.43,0.38,2024-04-25,2014,N,VIIRS,n,2,290.29,1.13,N,0
28.85054,80.00129,315.28,0.42,0.38,2024-04-25,2014,N,VIIRS,n,2,292.59,1.32,N,0
28.94051,79.71021,307.12,0.43,0.38,2024-04-25,2014,N,VIIRS,n,2,290.76,0.81,N,0
28.91826,79.94723,300.5,0.42,0.38,2024-04-25,2014,N,VIIRS,n,2,290.36,0.32,N,0
28.95463,79.89841,302.34,0.42,0.38,2024-04-25,2014,N,VIIRS,n,2,289.87,0.47,N,0
28.98637,79.77004,316.15,0.43,0.38,2024-04-25,2014,N,VIIRS,n,2,291.86,1.46,N,0
29.37687,76.64239,308.87,0.4,0.44,2024-04-25,2014,N,VIIRS,n,2,290.36,0.95,N,0
29.08458,79.49667,312.64,0.44,0.38,2024-04-25,2014,N,VIIRS,n,2,293.02,1.65,N,0
29.08749,79.50179,319.83,0.44,0.38,2024-04-25,2014,N,VIIRS,n,2,293.6,1.65,N,0
29.08405,79.49901,310.38,0.44,0.38,2024-04-25,2014,N,VIIRS,n,2,293.01,1.36,N,0
29.08757,79.49964,315.21,0.44,0.38,2024-04-25,2014,N,VIIRS,n,2,293.11,1.36,N,0
29.0899,79.50925,305.84,0.44,0.38,2024-04-25,2014,N,VIIRS,n,2,293.04,0.86,N,0
29.0905,79.50476,305.44,0.44,0.38,2024-04-25,2014,N,VIIRS,n,2,292.76,0.86,N,0
29.09343,79.50988,311.17,0.44,0.38,2024-04-25,2014,N,VIIRS,n,2,293.93,0.86,N,0
29.05538,80.00355,309.12,0.42,0.38,2024-04-25,2014,N,VIIRS,n,2,292.5,0.73,N,0
29.11433,80.03785,306.66,0.42,0.38,2024-04-25,2014,N,VIIRS,n,2,295.86,1.42,N,0
29.12572,79.95623,304.04,0.42,0.38,2024-04-25,2014,N,VIIRS,n,2,293.82,0.95,N,0
29.11659,80.047,310.31,0.42,0.38,2024-04-25,2014,N,VIIRS,n,2,295.98,1.24,N,0
29.12002,80.04776,310.68,0.42,0.38,2024-04-25,2014,N,VIIRS,n,2,296.28,1.24,N,0
29.11774,80.05019,310.56,0.42,0.38,2024-04-25,2014,N,VIIRS,n,2,296.37,1.46,N,0
29.11831,80.0461,309.23,0.42,0.38,2024-04-25,2014,N,VIIRS,n,2,296.23,1.93,N,0
29.13163,80.02621,308.67,0.42,0.38,2024-04-25,2014,N,VIIRS,n,2,294.76,1.67,N,0
29.23577,79.2437,303.72,0.45,0.39,2024-04-25,2014,N,VIIRS,n,2,292.23,1.08,N,0
29.23874,79.24895,302.47,0.45,0.39,2024-04-25,2014,N,VIIRS,n,2,291.79,0.56,N,0
29.12425,80.18259,314.57,0.42,0.37,2024-04-25,2014,N,VIIRS,n,2,296.29,1.54,N,0
29.13135,80.13116,313.91,0.42,0.37,2024-04-25,2014,N,VIIRS,n,2,296.91,3.29,N,0
29.17377,79.82071,305.57,0.43,0.38,2024-04-25,2014,N,VIIRS,n,2,293.65,1.55,N,0
29.13076,80.13543,336.98,0.42,0.37,2024-04-25,2014,N,VIIRS,n,2,297.8,3.29,N,0
29.17319,79.82494,322.42,0.43,0.38,2024-04-25,2014,N,VIIRS,n,2,294.67,1.55,N,0
29.12772,80.18296,318.68,0.42,0.37,2024-04-25,2014,N,VIIRS,n,2,296.66,1.95,N,0
29.1336,80.14043,315.52,0.42,0.37,2024-04-25,2014,N,VIIRS,n,2,296.2,1.62,N,0
29.13478,80.13193,318.51,0.42,0.37,2024-04-25,2014,N,VIIRS,n,2,297.34,3.13,N,0
29.13536,80.12773,312.12,0.42,0.38,2024-04-25,2014,N,VIIRS,n,2,296.39,1.88,N,0
29.13594,80.12353,313.14,0.42,0.38,2024-04-25,2014,N,VIIRS,n,2,296.43,1.88,N,0
29.13652,80.11933,313.34,0.42,0.38,2024-04-25,2014,N,VIIRS,n,2,296.8,2.37,N,0
29.13419,80.1362,331.14,0.42,0.37,2024-04-25,2014,N,VIIRS,n,2,297.89,3.13,N,0
29.13703,80.1412,315.37,0.42,0.37,2024-04-25,2014,N,VIIRS,n,2,296.49,1.62,N,0
29.13877,80.12857,332.88,0.42,0.38,2024-04-25,2014,N,VIIRS,n,2,297.8,1.88,N,0
29.14044,80.14205,319.98,0.42,0.37,2024-04-25,2014,N,VIIRS,n,2,296.51,2.89,N,0
29.1473,80.11803,311.58,0.42,0.38,2024-04-25,2014,N,VIIRS,n,2,295.73,2.16,N,0
29.14789,80.11372,309.62,0.42,0.38,2024-04-25,2014,N,VIIRS,n,2,295.78,2.28,N,0
29.15025,80.09669,310.87,0.42,0.38,2024-04-25,2014,N,VIIRS,n,2,295.18,1.57,N,0
29.15669,80.05002,304.63,0.42,0.38,2024-04-25,2014,N,VIIRS,n,2,293.1,1.07,N,0
29.15188,80.11048,304.64,0.42,0.38,2024-04-25,2014,N,VIIRS,n,2,293.8,0.66,N,0
29.2849,79.11897,305.28,0.45,0.39,2024-04-25,2014,N,VIIRS,n,2,294.11,1.06,N,0
29.15528,80.11136,306.62,0.42,0.38,2024-04-25,2014,N,VIIRS,n,2,292.51,0.66,N,0
29.20626,79.7653,312.21,0.43,0.38,2024-04-25,2014,N,VIIRS,n,2,290.98,0.78,N,0
29.24583,79.47088,316.81,0.44,0.38,2024-04-25,2014,N,VIIRS,n,2,298.35,2.84,N,0
29.24522,79.47543,322.03,0.44,0.38,2024-04-25,2014,N,VIIRS,n,2,298.7,2.59,N,0
29.20971,79.7662,301.75,0.43,0.38,2024-04-25,2014,N,VIIRS,n,2,290.11,0.78,N,0
29.24753,79.48524,315.25,0.44,0.38,2024-04-25,2014,N,VIIRS,n,2,298.36,2.23,N,0
29.24812,79.4808,318.12,0.44,0.38,2024-04-25,2014,N,VIIRS,n,2,297.89,2.59,N,0
29.23018,79.64137,316.79,0.43,0.38,2024-04-25,2014,N,VIIRS,n,2,291.96,1.01,N,0
29.23079,79.63684,301.57,0.43,0.38,2024-04-25,2014,N,VIIRS,n,2,291.01,0.37,N,0
29.16888,80.14047,303.27,0.42,0.37,2024-04-25,2014,N,VIIRS,n,2,291.96,0.59,N,0
29.16947,80.13623,304.47,0.42,0.38,2024-04-25,2014,N,VIIRS,n,2,291.65,0.52,N,0
29.17848,80.07133,313.66,0.42,0.38,2024-04-25,2014,N,VIIRS,n,2,292.31,1.46,N,0
29.21842,79.78085,302.51,0.43,0.38,2024-04-25,2014,N,VIIRS,n,2,290.36,1.48,N,0
29.17293,80.13674,302.86,0.42,0.38,2024-04-25,2014,N,VIIRS,n,2,292.09,0.52,N,0
29.22188,79.78162,322.07,0.43,0.38,2024-04-25,2014,N,VIIRS,n,2,291.27,1.48,N,0
29.20502,79.93059,302.47,0.42,0.38,2024-04-25,2014,N,VIIRS,n,2,292.18,1.18,N,0
29.23084,79.74211,311.58,0.43,0.38,2024-04-25,2014,N,VIIRS,n,2,291.86,1.3,N,0
29.20724,79.94013,304.64,0.42,0.38,2024-04-25,2014,N,VIIRS,n,2,290.92,0.75,N,0
29.20784,79.93581,301.83,0.42,0.38,2024-04-25,2014,N,VIIRS,n,2,291.03,0.75,N,0
29.26787,79.49515,306.12,0.44,0.38,2024-04-25,2014,N,VIIRS,n,2,295.95,2.02,N,0
29.20842,79.93159,322.72,0.42,0.38,2024-04-25,2014,N,VIIRS,n,2,292.49,1.18,N,0
29.27135,79.49609,315.48,0.44,0.38,2024-04-25,2014,N,VIIRS,n,2,295.38,1.41,N,0
29.272,79.49135,310.53,0.44,0.38,2024-04-25,2014,N,VIIRS,n,2,295.85,1.41,N,0
29.21419,79.94126,303.3,0.42,0.38,2024-04-25,2014,N,VIIRS,n,2,291.77,0.97,N,0
29.27617,79.48717,311.83,0.44,0.38,2024-04-25,2014,N,VIIRS,n,2,295.88,2.55,N,0
29.21487,79.96207,306.4,0.42,0.38,2024-04-25,2014,N,VIIRS,n,2,291.56,0.83,N,0
29.21542,79.95807,301.71,0.42,0.38,2024-04-25,2014,N,VIIRS,n,2,291,1,N,0
29.21882,79.93338,323.49,0.42,0.38,2024-04-25,2014,N,VIIRS,n,2,292.31,1.8,N,0
29.22233,79.93374,309.18,0.42,0.38,2024-04-25,2014,N,VIIRS,n,2,292.84,1.8,N,0
29.19969,80.12202,327.27,0.42,0.38,2024-04-25,2014,N,VIIRS,n,2,294.36,2.29,N,0
29.26908,79.61935,322.99,0.44,0.38,2024-04-25,2014,N,VIIRS,n,2,293.67,2.45,N,0
29.27035,79.60999,332.19,0.44,0.38,2024-04-25,2014,N,VIIRS,n,2,294.25,2.62,N,0
29.27321,79.61536,309.48,0.44,0.38,2024-04-25,2014,N,VIIRS,n,2,293.32,2.62,N,0
29.20517,80.15842,317.4,0.42,0.37,2024-04-25,2014,N,VIIRS,n,2,294.35,2.02,N,0
29.21891,80.0603,306.13,0.42,0.38,2024-04-25,2014,N,VIIRS,n,2,291.99,0.95,N,0
29.22141,80.0425,307.51,0.42,0.38,2024-04-25,2014,N,VIIRS,n,2,291.07,0.47,N,0
29.28691,79.5676,308.96,0.44,0.38,2024-04-25,2014,N,VIIRS,n,2,294.63,1.84,N,0
29.28629,79.57216,324.74,0.44,0.38,2024-04-25,2014,N,VIIRS,n,2,294.96,1.84,N,0
29.26752,79.73534,310.54,0.43,0.38,2024-04-25,2014,N,VIIRS,n,2,290.04,1.57,N,0
29.26853,79.73327,314.17,0.43,0.38,2024-04-25,2014,N,VIIRS,n,2,290.77,1.35,N,0
29.2907,79.56556,305.7,0.44,0.38,2024-04-25,2014,N,VIIRS,n,2,293.38,0.52,N,0
29.2901,79.59734,302.79,0.44,0.38,2024-04-25,2014,N,VIIRS,n,2,292.72,0.31,N,0
29.22323,80.14644,305.92,0.42,0.38,2024-04-25,2014,N,VIIRS,n,2,293.33,1.1,N,0
29.23784,80.03978,305.5,0.42,0.38,2024-04-25,2014,N,VIIRS,n,2,291.31,0.8,N,0
29.32794,79.4199,314.43,0.44,0.39,2024-04-25,2014,N,VIIRS,n,2,296.27,2.2,N,0
29.26345,79.92982,306.31,0.42,0.38,2024-04-25,2014,N,VIIRS,n,2,291.4,0.96,N,0
29.33147,79.42056,314.3,0.44,0.39,2024-04-25,2014,N,VIIRS,n,2,295.65,2.01,N,0
29.30073,79.7064,306.48,0.43,0.38,2024-04-25,2014,N,VIIRS,n,2,289.83,1.19,N,0
29.27665,79.93735,306.43,0.42,0.38,2024-04-25,2014,N,VIIRS,n,2,291.39,6.66,N,0
29.27914,79.91893,303.78,0.43,0.38,2024-04-25,2014,N,VIIRS,n,2,291.39,1.35,N,0
29.27727,79.93272,340.95,0.42,0.38,2024-04-25,2014,N,VIIRS,n,2,295.12,7.33,N,0
29.2779,79.92806,336.42,0.42,0.38,2024-04-25,2014,N,VIIRS,n,2,293.55,7.33,N,0
29.31512,79.67944,306.35,0.43,0.38,2024-04-25,2014,N,VIIRS,n,2,288.46,0.43,N,0
29.34589,79.44862,313.92,0.44,0.39,2024-04-25,2014,N,VIIRS,n,2,290.91,1.59,N,0
29.28008,79.93825,329.63,0.42,0.38,2024-04-25,2014,N,VIIRS,n,2,298.73,6.66,N,0
29.2807,79.9336,338,0.42,0.38,2024-04-25,2014,N,VIIRS,n,2,296.48,7.33,N,0
29.34652,79.44388,331.06,0.44,0.39,2024-04-25,2014,N,VIIRS,n,2,295.66,5.01,N,0
29.28415,79.93442,317.69,0.42,0.38,2024-04-25,2014,N,VIIRS,n,2,292.35,2.55,N,0
29.28351,79.93906,326.68,0.42,0.38,2024-04-25,2014,N,VIIRS,n,2,291.9,1.29,N,0
29.2816,79.97901,303.93,0.42,0.38,2024-04-25,2014,N,VIIRS,n,2,289.4,0.66,N,0
29.28696,79.93984,305.55,0.42,0.38,2024-04-25,2014,N,VIIRS,n,2,289.17,1.29,N,0
29.32166,79.68402,300.86,0.43,0.38,2024-04-25,2014,N,VIIRS,n,2,289.03,0.59,N,0
29.28759,79.9352,320.82,0.42,0.38,2024-04-25,2014,N,VIIRS,n,2,291.8,2.55,N,0
29.29105,79.93589,314.32,0.42,0.38,2024-04-25,2014,N,VIIRS,n,2,291.16,1.95,N,0
29.34797,79.54151,304.23,0.44,0.38,2024-04-25,2014,N,VIIRS,n,2,290.8,0.83,N,0
29.39154,79.2123,304.07,0.45,0.39,2024-04-25,2014,N,VIIRS,n,2,291.68,0.49,N,0
29.35151,79.54198,301.81,0.44,0.38,2024-04-25,2014,N,VIIRS,n,2,290.52,0.4,N,0
29.35212,79.53738,308.28,0.44,0.38,2024-04-25,2014,N,VIIRS,n,2,290.86,1.07,N,0
29.35763,79.4962,312.33,0.44,0.38,2024-04-25,2014,N,VIIRS,n,2,293.05,2.02,N,0
29.3582,79.49191,305.98,0.44,0.38,2024-04-25,2014,N,VIIRS,n,2,290.72,1.45,N,0
29.36173,79.49253,317.93,0.44,0.38,2024-04-25,2014,N,VIIRS,n,2,291.89,1.45,N,0
29.31938,79.83264,306.12,0.43,0.38,2024-04-25,2014,N,VIIRS,n,2,290.7,0.92,N,0
29.2832,80.14663,300.69,0.42,0.38,2024-04-25,2014,N,VIIRS,n,2,290.03,1.13,N,0
29.36248,79.56756,300.55,0.44,0.38,2024-04-25,2014,N,VIIRS,n,2,290.12,1.6,N,0
29.37099,79.50426,304.01,0.44,0.38,2024-04-25,2014,N,VIIRS,n,2,291.02,1.11,N,0
29.34348,79.73444,299.08,0.43,0.38,2024-04-25,2014,N,VIIRS,n,2,288.4,0.54,N,0
29.30741,80.0231,307.36,0.42,0.38,2024-04-25,2014,N,VIIRS,n,2,289.91,0.82,N,0
29.39833,79.38126,307.28,0.45,0.39,2024-04-25,2014,N,VIIRS,n,2,292.82,1.23,N,0
29.33488,79.87557,302.59,0.43,0.38,2024-04-25,2014,N,VIIRS,n,2,289.85,0.7,N,0
29.40185,79.38201,329.8,0.45,0.39,2024-04-25,2014,N,VIIRS,n,2,294.54,2.82,N,0
29.40659,79.37375,303.96,0.45,0.39,2024-04-25,2014,N,VIIRS,n,2,292.64,1.79,N,0
29.32179,80.02158,303.06,0.42,0.38,2024-04-25,2014,N,VIIRS,n,2,287.7,0.47,N,0
29.39913,79.50975,307.01,0.44,0.38,2024-04-25,2014,N,VIIRS,n,2,287.85,1.26,N,0
29.39567,79.58526,300.21,0.44,0.38,2024-04-25,2014,N,VIIRS,n,2,286.68,0.65,N,0
29.37147,79.82102,302.22,0.43,0.38,2024-04-25,2014,N,VIIRS,n,2,289.52,0.92,N,0
29.36546,79.89233,299.05,0.43,0.38,2024-04-25,2014,N,VIIRS,n,2,286.94,0.44,N,0
29.42348,79.45592,305.24,0.44,0.39,2024-04-25,2014,N,VIIRS,n,2,289.59,1.3,N,0
29.42654,79.46003,300.61,0.44,0.39,2024-04-25,2014,N,VIIRS,n,2,288.56,0.41,N,0
29.42708,79.45605,307.49,0.44,0.39,2024-04-25,2014,N,VIIRS,n,2,289.97,1.16,N,0
29.41199,79.96839,301.15,0.42,0.38,2024-04-25,2014,N,VIIRS,n,2,290.01,0.69,N,0
29.41256,79.96421,305.68,0.42,0.38,2024-04-25,2014,N,VIIRS,n,2,289.71,0.97,N,0
29.50385,79.28649,303.66,0.45,0.39,2024-04-25,2014,N,VIIRS,n,2,288.64,0.93,N,0
29.43172,79.8504,301.6,0.43,0.38,2024-04-25,2014,N,VIIRS,n,2,290.11,0.73,N,0
29.50746,79.2868,306.51,0.45,0.39,2024-04-25,2014,N,VIIRS,n,2,289.69,1.27,N,0
29.50805,79.2823,307.91,0.45,0.39,2024-04-25,2014,N,VIIRS,n,2,289.64,1.11,N,0
29.3954,80.13967,302.92,0.42,0.38,2024-04-25,2014,N,VIIRS,n,2,287.21,0.96,N,0
29.43524,79.85069,312.66,0.43,0.38,2024-04-25,2014,N,VIIRS,n,2,290.6,0.73,N,0
29.51168,79.28246,307.92,0.45,0.39,2024-04-25,2014,N,VIIRS,n,2,290.36,1.11,N,0
29.47721,79.54095,320.38,0.44,0.38,2024-04-25,2014,N,VIIRS,n,2,288.43,2.03,N,0
29.48018,79.54569,297.37,0.44,0.38,2024-04-25,2014,N,VIIRS,n,2,286.31,0.51,N,0
29.48077,79.54131,305.75,0.44,0.38,2024-04-25,2014,N,VIIRS,n,2,287.76,1.37,N,0
29.52688,79.33253,300.97,0.45,0.39,2024-04-25,2014,N,VIIRS,n,2,290.61,0.98,N,0
29.528,79.32407,300.84,0.45,0.39,2024-04-25,2014,N,VIIRS,n,2,288.56,0.77,N,0
29.53051,79.33261,312.81,0.45,0.39,2024-04-25,2014,N,VIIRS,n,2,292.43,1.84,N,0
29.56005,79.19346,328.52,0.45,0.39,2024-04-25,2014,N,VIIRS,n,2,293.74,2.81,N,0
29.47943,79.82129,302.35,0.43,0.38,2024-04-25,2014,N,VIIRS,n,2,288.87,0.49,N,0
29.49902,79.67407,299.89,0.44,0.38,2024-04-25,2014,N,VIIRS,n,2,287.57,0.54,N,0
29.56131,79.19617,331.54,0.45,0.39,2024-04-25,2014,N,VIIRS,n,2,294.37,3.43,N,0
29.46838,79.92976,312.09,0.43,0.38,2024-04-25,2014,N,VIIRS,n,2,291.14,1.43,N,0
29.56237,79.32914,314.35,0.45,0.39,2024-04-25,2014,N,VIIRS,n,2,291.81,1.67,N,0
29.51836,79.69051,297.58,0.43,0.38,2024-04-25,2014,N,VIIRS,n,2,286.38,0.63,N,0
29.50758,79.79769,304.13,0.43,0.38,2024-04-25,2014,N,VIIRS,n,2,287.95,0.52,N,0
29.57002,79.32642,312.66,0.45,0.39,2024-04-25,2014,N,VIIRS,n,2,291.19,1.67,N,0
29.50123,79.95,300.71,0.43,0.38,2024-04-25,2014,N,VIIRS,n,2,289.67,0.58,N,0
29.59889,79.21697,308.13,0.45,0.39,2024-04-25,2014,N,VIIRS,n,2,290.78,1.25,N,0
29.5047,79.95061,304.22,0.43,0.38,2024-04-25,2014,N,VIIRS,n,2,290.34,0.54,N,0
29.50528,79.94635,302.92,0.43,0.38,2024-04-25,2014,N,VIIRS,n,2,290.97,0.54,N,0
29.48908,80.11623,315.66,0.42,0.38,2024-04-25,2014,N,VIIRS,n,2,293.31,1.3,N,0
29.49256,80.11668,310.61,0.42,0.38,2024-04-25,2014,N,VIIRS,n,2,293.75,1.3,N,0
29.54052,79.81851,301.67,0.43,0.38,2024-04-25,2014,N,VIIRS,n,2,290.12,0.54,N,0
29.65635,79.05818,311,0.46,0.39,2024-04-25,2014,N,VIIRS,n,2,292.43,1.75,N,0
29.68319,78.8802,310.36,0.47,0.4,2024-04-25,2014,N,VIIRS,n,2,293.4,1.54,N,0
29.52085,80.11691,309.12,0.42,0.38,2024-04-25,2014,N,VIIRS,n,2,291.72,0.67,N,0
29.52146,80.11252,306.15,0.42,0.38,2024-04-25,2014,N,VIIRS,n,2,292.36,0.88,N,0
29.55531,79.89309,303.15,0.43,0.38,2024-04-25,2014,N,VIIRS,n,2,288.86,0.61,N,0
29.55589,79.88885,299.96,0.43,0.38,2024-04-25,2014,N,VIIRS,n,2,289.57,0.79,N,0
29.60581,79.52183,297.58,0.44,0.38,2024-04-25,2014,N,VIIRS,n,2,285.8,0.76,N,0
29.60621,79.54562,306.76,0.44,0.38,2024-04-25,2014,N,VIIRS,n,2,287.62,1.31,N,0
29.6068,79.54125,328.4,0.44,0.38,2024-04-25,2014,N,VIIRS,n,2,289.25,3.33,N,0
29.62121,79.48803,309.25,0.44,0.39,2024-04-25,2014,N,VIIRS,n,2,288.15,1.43,N,0
29.6386,79.38584,304.83,0.45,0.39,2024-04-25,2014,N,VIIRS,n,2,289.08,1.73,N,0
29.57757,79.83492,339.36,0.43,0.38,2024-04-25,2014,N,VIIRS,n,2,289.93,8.55,N,0
29.5708,79.90998,304.87,0.43,0.38,2024-04-25,2014,N,VIIRS,n,2,289.42,1.02,N,0
29.5726,79.89692,305.68,0.43,0.38,2024-04-25,2014,N,VIIRS,n,2,288.71,0.55,N,0
29.70993,78.87482,307.81,0.47,0.4,2024-04-25,2014,N,VIIRS,n,2,293.09,0.97,N,0
29.56825,79.90787,299.43,0.43,0.38,2024-04-25,2014,N,VIIRS,n,2,288.82,0.89,N,0
29.5776,79.83798,307.44,0.43,0.38,2024-04-25,2014,N,VIIRS,n,2,285.41,4.15,N,0
29.57821,79.83347,332.3,0.43,0.38,2024-04-25,2014,N,VIIRS,n,2,291.05,4.15,N,0
29.57346,79.89559,306.78,0.43,0.38,2024-04-25,2014,N,VIIRS,n,2,288.5,0.91,N,0
29.64079,79.38427,301.51,0.45,0.39,2024-04-25,2014,N,VIIRS,n,2,289.88,1.04,N,0
29.57223,79.93131,300.3,0.43,0.38,2024-04-25,2014,N,VIIRS,n,2,288.81,0.55,N,0
29.55176,80.10847,307.01,0.42,0.38,2024-04-25,2014,N,VIIRS,n,2,291.42,1.35,N,0
29.57573,79.93171,300.03,0.43,0.38,2024-04-25,2014,N,VIIRS,n,2,289.47,0.55,N,0
29.64853,79.38066,302.47,0.45,0.39,2024-04-25,2014,N,VIIRS,n,2,289.34,1.16,N,0
29.71269,78.87785,308.88,0.47,0.4,2024-04-25,2014,N,VIIRS,n,2,292.84,1.23,N,0
29.67867,79.17521,315.95,0.46,0.39,2024-04-25,2014,N,VIIRS,n,2,291.59,2.34,N,0
29.67811,79.17957,326.64,0.46,0.39,2024-04-25,2014,N,VIIRS,n,2,292.34,2.34,N,0
29.71999,78.8789,304.67,0.47,0.4,2024-04-25,2014,N,VIIRS,n,2,292.08,0.83,N,0
29.58222,79.98867,301.8,0.43,0.38,2024-04-25,2014,N,VIIRS,n,2,291.51,0.75,N,0
29.59485,79.89561,298.32,0.43,0.38,2024-04-25,2014,N,VIIRS,n,2,286.7,0.38,N,0
29.59719,79.87827,299.85,0.43,0.38,2024-04-25,2014,N,VIIRS,n,2,287.16,0.96,N,0
29.60069,79.87875,297.41,0.43,0.38,2024-04-25,2014,N,VIIRS,n,2,287.24,0.74,N,0
29.70748,79.06529,309.99,0.46,0.39,2024-04-25,2014,N,VIIRS,n,2,289.91,0.96,N,0
29.71232,79.02737,309.22,0.46,0.39,2024-04-25,2014,N,VIIRS,n,2,290.78,0.86,N,0
29.65512,79.49703,305.23,0.44,0.39,2024-04-25,2014,N,VIIRS,n,2,287.24,1.2,N,0
29.71169,79.06123,319.38,0.46,0.39,2024-04-25,2014,N,VIIRS,n,2,290.52,2.1,N,0
29.65864,79.49778,327.84,0.44,0.39,2024-04-25,2014,N,VIIRS,n,2,289.48,2.01,N,0
29.60644,79.91532,301.39,0.43,0.38,2024-04-25,2014,N,VIIRS,n,2,287.14,0.59,N,0
29.66158,79.50292,305.72,0.44,0.39,2024-04-25,2014,N,VIIRS,n,2,288.49,2.01,N,0
29.66216,79.4985,317.43,0.44,0.39,2024-04-25,2014,N,VIIRS,n,2,288.74,2.01,N,0
29.66451,79.50809,296.83,0.44,0.39,2024-04-25,2014,N,VIIRS,n,2,285.45,0.39,N,0
29.66511,79.50357,318.36,0.44,0.39,2024-04-25,2014,N,VIIRS,n,2,288.81,1.59,N,0
29.66631,79.49451,302.09,0.44,0.39,2024-04-25,2014,N,VIIRS,n,2,287.67,0.92,N,0
29.66925,79.49965,307.83,0.44,0.39,2024-04-25,2014,N,VIIRS,n,2,287.87,1.59,N,0
29.66986,79.49503,308.74,0.44,0.39,2024-04-25,2014,N,VIIRS,n,2,287.95,0.92,N,0
29.6728,79.50014,306.65,0.44,0.39,2024-04-25,2014,N,VIIRS,n,2,287.74,0.77,N,0
29.72046,79.13617,301.37,0.46,0.39,2024-04-25,2014,N,VIIRS,n,2,290.17,0.55,N,0
29.63533,79.8072,298.55,0.43,0.38,2024-04-25,2014,N,VIIRS,n,2,286.75,0.44,N,0
29.63444,79.86661,320.75,0.43,0.38,2024-04-25,2014,N,VIIRS,n,2,285.42,1.58,N,0
29.7746,78.83011,301.69,0.47,0.4,2024-04-25,2014,N,VIIRS,n,2,290.61,0.71,N,0
29.80502,78.59002,303.22,0.48,0.4,2024-04-25,2014,N,VIIRS,n,2,291.73,0.45,N,0
29.76182,78.95879,302.76,0.47,0.39,2024-04-25,2014,N,VIIRS,n,2,289.29,0.77,N,0
29.78721,78.76053,304.68,0.48,0.4,2024-04-25,2014,N,VIIRS,n,2,293.18,1.22,N,0
29.76601,78.95505,308.19,0.47,0.39,2024-04-25,2014,N,VIIRS,n,2,288.61,0.93,N,0
29.79081,78.76167,302.8,0.48,0.4,2024-04-25,2014,N,VIIRS,n,2,292.24,1.02,N,0
29.79143,78.75673,309.12,0.48,0.4,2024-04-25,2014,N,VIIRS,n,2,292.68,1.85,N,0
29.64011,79.98159,312.88,0.43,0.38,2024-04-25,2014,N,VIIRS,n,2,290.58,1.45,N,0
29.72717,79.33656,298.2,0.45,0.39,2024-04-25,2014,N,VIIRS,n,2,288.08,0.52,N,0
29.82944,78.54607,306.92,0.49,0.4,2024-04-25,2014,N,VIIRS,n,2,290.81,2.85,N,0
29.82876,78.55146,334.01,0.49,0.4,2024-04-25,2014,N,VIIRS,n,2,291.92,2.85,N,0
29.59159,80.35615,303.02,0.41,0.37,2024-04-25,2014,N,VIIRS,n,2,289.69,0.66,N,0
29.64487,79.97285,310.83,0.43,0.38,2024-04-25,2014,N,VIIRS,n,2,291.63,1.14,N,0
29.81324,78.70338,303.38,0.48,0.4,2024-04-25,2014,N,VIIRS,n,2,292.36,1.04,N,0
29.83245,78.55221,299.86,0.49,0.4,2024-04-25,2014,N,VIIRS,n,2,288.69,0.55,N,0
29.83313,78.54687,308.67,0.49,0.4,2024-04-25,2014,N,VIIRS,n,2,290.25,0.55,N,0
29.59497,80.35705,302.91,0.41,0.37,2024-04-25,2014,N,VIIRS,n,2,288.17,0.66,N,0
29.75732,79.16344,302.47,0.46,0.39,2024-04-25,2014,N,VIIRS,n,2,287.58,0.57,N,0
29.76369,79.11495,305.82,0.46,0.39,2024-04-25,2014,N,VIIRS,n,2,289.85,1.08,N,0
29.76546,79.10138,299.19,0.46,0.39,2024-04-25,2014,N,VIIRS,n,2,288.67,0.79,N,0
29.83498,78.56205,301.85,0.49,0.4,2024-04-25,2014,N,VIIRS,n,2,290.56,0.38,N,0
29.67805,79.78259,316.79,0.43,0.38,2024-04-25,2014,N,VIIRS,n,2,290.06,2.18,N,0
29.76482,79.13435,301.97,0.46,0.39,2024-04-25,2014,N,VIIRS,n,2,288.38,0.33,N,0
29.769,79.10249,301.74,0.46,0.39,2024-04-25,2014,N,VIIRS,n,2,288.14,1.14,N,0
29.6932,79.6976,314.29,0.44,0.38,2024-04-25,2014,N,VIIRS,n,2,289.33,1.59,N,0
29.77199,79.10772,298.51,0.46,0.39,2024-04-25,2014,N,VIIRS,n,2,288.27,1.24,N,0
29.7737,79.12277,297.89,0.46,0.39,2024-04-25,2014,N,VIIRS,n,2,286.9,0.86,N,0
29.77434,79.11789,315.88,0.46,0.39,2024-04-25,2014,N,VIIRS,n,2,288.85,0.86,N,0
29.74702,79.45245,303.31,0.45,0.39,2024-04-25,2014,N,VIIRS,n,2,289.79,0.74,N,0
29.80524,78.99851,311.57,0.47,0.39,2024-04-25,2014,N,VIIRS,n,2,288.55,1.52,N,0
29.80893,78.99849,301.71,0.47,0.39,2024-04-25,2014,N,VIIRS,n,2,288.01,0.51,N,0
29.84544,78.70638,302.61,0.48,0.4,2024-04-25,2014,N,VIIRS,n,2,291.12,0.52,N,0
29.80455,79.09123,296.42,0.46,0.39,2024-04-25,2014,N,VIIRS,n,2,286.04,0.63,N,0
29.84813,78.74534,304.1,0.48,0.4,2024-04-25,2014,N,VIIRS,n,2,289.01,1.03,N,0
29.8488,78.73991,300.52,0.48,0.4,2024-04-25,2014,N,VIIRS,n,2,289.53,1.03,N,0
29.80706,79.10035,300.49,0.46,0.39,2024-04-25,2014,N,VIIRS,n,2,286.22,0.59,N,0
29.80822,79.09129,302.6,0.46,0.39,2024-04-25,2014,N,VIIRS,n,2,286.33,0.63,N,0
29.75624,79.52061,303.54,0.44,0.39,2024-04-25,2014,N,VIIRS,n,2,289.09,1.12,N,0
29.82115,79.01867,310.73,0.46,0.39,2024-04-25,2014,N,VIIRS,n,2,288.42,1.13,N,0
29.82175,79.01397,307.04,0.46,0.39,2024-04-25,2014,N,VIIRS,n,2,289.02,1.13,N,0
29.70118,79.96041,311.62,0.43,0.38,2024-04-25,2014,N,VIIRS,n,2,289.79,0.86,N,0
29.70528,79.95639,303.11,0.43,0.38,2024-04-25,2014,N,VIIRS,n,2,290.41,0.86,N,0
29.76139,79.53661,300.11,0.44,0.39,2024-04-25,2014,N,VIIRS,n,2,287.42,0.44,N,0
29.76202,79.53179,298.2,0.44,0.39,2024-04-25,2014,N,VIIRS,n,2,287.56,0.44,N,0
29.86876,78.70002,306.13,0.48,0.4,2024-04-25,2014,N,VIIRS,n,2,291.25,1.51,N,0
29.74092,79.71796,310.29,0.44,0.38,2024-04-25,2014,N,VIIRS,n,2,289.18,1.34,N,0
29.76491,79.53737,297.24,0.44,0.39,2024-04-25,2014,N,VIIRS,n,2,287.05,0.44,N,0
29.87492,78.71073,302.01,0.48,0.4,2024-04-25,2014,N,VIIRS,n,2,290.42,0.56,N,0
29.75096,79.69667,311.26,0.44,0.38,2024-04-25,2014,N,VIIRS,n,2,287.94,1.38,N,0
29.86141,78.87716,300.25,0.47,0.4,2024-04-25,2014,N,VIIRS,n,2,290.15,1.13,N,0
29.91934,78.44514,301.61,0.49,0.41,2024-04-25,2014,N,VIIRS,n,2,289.41,0.76,N,0
29.89923,78.66693,326.27,0.48,0.4,2024-04-25,2014,N,VIIRS,n,2,290.88,2.36,N,0
29.81419,79.35626,305.03,0.45,0.39,2024-04-25,2014,N,VIIRS,n,2,288.09,1.12,N,0
29.90353,78.66266,304.49,0.48,0.4,2024-04-25,2014,N,VIIRS,n,2,289.42,0.86,N,0
29.90422,78.65715,304.67,0.48,0.4,2024-04-25,2014,N,VIIRS,n,2,291.05,0.86,N,0
29.81833,79.35251,299.27,0.45,0.39,2024-04-25,2014,N,VIIRS,n,2,289.04,1.12,N,0
30.18499,76.32397,325.86,0.43,0.46,2024-04-25,2014,N,VIIRS,n,2,291.46,2.46,N,0
29.87613,78.99413,307.82,0.47,0.39,2024-04-25,2014,N,VIIRS,n,2,287.24,1.3,N,0
29.8768,78.98894,297.69,0.47,0.39,2024-04-25,2014,N,VIIRS,n,2,286.6,0.63,N,0
29.90787,78.74698,308.11,0.48,0.4,2024-04-25,2014,N,VIIRS,n,2,289.75,0.97,N,0
29.94331,78.46638,305.72,0.49,0.4,2024-04-25,2014,N,VIIRS,n,2,291.56,1.01,N,0
29.83906,79.30608,313.85,0.45,0.39,2024-04-25,2014,N,VIIRS,n,2,290.08,1.72,N,0
29.74839,80.0057,299.35,0.43,0.38,2024-04-25,2014,N,VIIRS,n,2,288.14,0.82,N,0
29.74588,80.0498,302.48,0.42,0.38,2024-04-25,2014,N,VIIRS,n,2,289.76,1.61,N,0
29.74933,80.05045,303.4,0.42,0.38,2024-04-25,2014,N,VIIRS,n,2,289.08,1.21,N,0
29.95611,78.60471,305.03,0.49,0.4,2024-04-25,2014,N,VIIRS,n,2,290.34,1.31,N,0
29.9488,78.61505,306.43,0.49,0.4,2024-04-25,2014,N,VIIRS,n,2,290.54,0.88,N,0
29.95744,78.60609,302.67,0.49,0.4,2024-04-25,2014,N,VIIRS,n,2,290.24,0.75,N,0
29.97167,78.58234,303.1,0.49,0.4,2024-04-25,2014,N,VIIRS,n,2,290.07,0.71,N,0
29.97231,78.57715,299.94,0.49,0.4,2024-04-25,2014,N,VIIRS,n,2,289.79,1.04,N,0
30.00257,78.35971,312.99,0.5,0.41,2024-04-25,2014,N,VIIRS,n,2,293.79,1.85,N,0
30.0052,78.33788,309.46,0.5,0.41,2024-04-25,2014,N,VIIRS,n,2,290.77,1.18,N,0
29.94369,78.86842,303.22,0.47,0.4,2024-04-25,2014,N,VIIRS,n,2,289.63,0.95,N,0
29.97659,78.60384,300.35,0.49,0.4,2024-04-25,2014,N,VIIRS,n,2,290.29,0.75,N,0
30.00896,78.33846,304.41,0.5,0.41,2024-04-25,2014,N,VIIRS,n,2,291.75,1.18,N,0
29.97713,78.59949,326.9,0.49,0.4,2024-04-25,2014,N,VIIRS,n,2,292.14,3.84,N,0
29.9003,79.32365,303.21,0.45,0.39,2024-04-25,2014,N,VIIRS,n,2,290.62,1.36,N,0
29.92451,79.16492,298.84,0.46,0.39,2024-04-25,2014,N,VIIRS,n,2,288.24,0.4,N,0
29.93969,79.04665,307.82,0.46,0.39,2024-04-25,2014,N,VIIRS,n,2,287.35,1.9,N,0
30.02642,78.35223,309.75,0.5,0.41,2024-04-25,2014,N,VIIRS,n,2,292.65,1.25,N,0
29.78435,80.26897,307.64,0.42,0.38,2024-04-25,2014,N,VIIRS,n,2,285.2,1.01,N,0
29.81073,80.10278,301.02,0.42,0.38,2024-04-25,2014,N,VIIRS,n,2,288.75,0.53,N,0
29.84649,79.83955,300.93,0.43,0.38,2024-04-25,2014,N,VIIRS,n,2,287.65,0.83,N,0
29.92329,79.28765,298.76,0.45,0.39,2024-04-25,2014,N,VIIRS,n,2,287.32,0.53,N,0
30.018,78.54431,300.72,0.49,0.4,2024-04-25,2014,N,VIIRS,n,2,288.78,0.8,N,0
30.01866,78.53896,300.6,0.49,0.4,2024-04-25,2014,N,VIIRS,n,2,288.66,0.8,N,0
29.92173,79.32755,303.49,0.45,0.39,2024-04-25,2014,N,VIIRS,n,2,290.56,1.35,N,0
30.02237,78.53967,308.53,0.49,0.4,2024-04-25,2014,N,VIIRS,n,2,289.32,0.8,N,0
29.92469,79.33281,316.38,0.45,0.39,2024-04-25,2014,N,VIIRS,n,2,289.87,1.67,N,0
29.92591,79.32352,303.48,0.45,0.39,2024-04-25,2014,N,VIIRS,n,2,289.92,1.21,N,0
30.02478,78.55067,309.13,0.49,0.4,2024-04-25,2014,N,VIIRS,n,2,289.86,1.03,N,0
30.02615,78.53973,302.03,0.49,0.4,2024-04-25,2014,N,VIIRS,n,2,290.07,0.84,N,0
29.92244,79.37777,309.98,0.45,0.39,2024-04-25,2014,N,VIIRS,n,2,287.71,0.84,N,0
29.92888,79.32872,309.13,0.45,0.39,2024-04-25,2014,N,VIIRS,n,2,290.68,1.67,N,0
29.92948,79.32422,310.63,0.45,0.39,2024-04-25,2014,N,VIIRS,n,2,290.82,1.21,N,0
29.9266,79.37386,299.12,0.45,0.39,2024-04-25,2014,N,VIIRS,n,2,287.22,1.31,N,0
29.92597,79.37861,344.24,0.45,0.39,2024-04-25,2014,N,VIIRS,n,2,291.34,4,N,0
29.87791,79.76609,308.01,0.44,0.38,2024-04-25,2014,N,VIIRS,n,2,288.11,0.86,N,0
29.93017,79.37443,311.77,0.45,0.39,2024-04-25,2014,N,VIIRS,n,2,289.52,1.31,N,0
29.93083,79.36944,299.5,0.45,0.39,2024-04-25,2014,N,VIIRS,n,2,288.17,1.31,N,0
29.92954,79.37923,327.27,0.45,0.39,2024-04-25,2014,N,VIIRS,n,2,289.67,4,N,0
29.88146,79.76646,313.43,0.44,0.38,2024-04-25,2014,N,VIIRS,n,2,288.63,1.05,N,0
29.93645,79.35453,314.14,0.45,0.39,2024-04-25,2014,N,VIIRS,n,2,288.96,1.45,N,0
29.93927,79.36077,298.78,0.45,0.39,2024-04-25,2014,N,VIIRS,n,2,288.48,1.22,N,0
29.93995,79.35564,314.3,0.45,0.39,2024-04-25,2014,N,VIIRS,n,2,290.17,1.45,N,0
30.05163,78.48779,306.46,0.49,0.4,2024-04-25,2014,N,VIIRS,n,2,292.37,1.48,N,0
29.87266,79.96242,299.36,0.43,0.38,2024-04-25,2014,N,VIIRS,n,2,288.52,0.72,N,0
29.95115,79.38139,304.47,0.45,0.39,2024-04-25,2014,N,VIIRS,n,2,288.06,0.92,N,0
30.03151,78.76568,301.95,0.48,0.4,2024-04-25,2014,N,VIIRS,n,2,288.63,1.17,N,0
29.95465,79.38247,319.15,0.45,0.39,2024-04-25,2014,N,VIIRS,n,2,289.44,1.93,N,0
29.86392,80.07748,301.24,0.42,0.38,2024-04-25,2014,N,VIIRS,n,2,288.47,0.31,N,0
30.03746,78.7777,299.71,0.48,0.4,2024-04-25,2014,N,VIIRS,n,2,288.63,0.9,N,0
29.86733,80.07845,305.24,0.42,0.38,2024-04-25,2014,N,VIIRS,n,2,290.54,1.12,N,0
29.8701,80.08401,309.31,0.42,0.38,2024-04-25,2014,N,VIIRS,n,2,290.25,1.12,N,0
29.87074,80.07947,312.12,0.42,0.38,2024-04-25,2014,N,VIIRS,n,2,290.77,1.12,N,0
29.95771,79.44127,298.12,0.45,0.39,2024-04-25,2014,N,VIIRS,n,2,285.91,0.44,N,0
29.86844,80.08141,306.51,0.42,0.38,2024-04-25,2014,N,VIIRS,n,2,290.52,1.21,N,0
30.03687,78.77415,304.7,0.48,0.4,2024-04-25,2014,N,VIIRS,n,2,288.42,1,N,0
29.87186,80.08247,318.51,0.42,0.38,2024-04-25,2014,N,VIIRS,n,2,290.51,1.21,N,0
29.87247,80.07792,300.9,0.42,0.38,2024-04-25,2014,N,VIIRS,n,2,289.97,1.21,N,0
29.95683,79.43832,301.17,0.45,0.39,2024-04-25,2014,N,VIIRS,n,2,286.61,0.73,N,0
29.87346,80.17517,301.91,0.42,0.38,2024-04-25,2014,N,VIIRS,n,2,289.11,0.23,N,0
30.04292,78.87621,302.75,0.47,0.4,2024-04-25,2014,N,VIIRS,n,2,289.04,1.09,N,0
29.90039,80.00275,301.23,0.43,0.38,2024-04-25,2014,N,VIIRS,n,2,288.12,0.74,N,0
29.98067,79.3948,298.1,0.45,0.39,2024-04-25,2014,N,VIIRS,n,2,287.77,0.67,N,0
29.98354,79.37273,304.65,0.45,0.39,2024-04-25,2014,N,VIIRS,n,2,287.28,0.65,N,0
29.87899,80.28993,315.45,0.42,0.38,2024-04-25,2014,N,VIIRS,n,2,288.75,1.74,N,0
29.87953,80.28606,315.96,0.42,0.38,2024-04-25,2014,N,VIIRS,n,2,288.88,1.74,N,0
30.08093,78.78162,298.36,0.48,0.4,2024-04-25,2014,N,VIIRS,n,2,286.62,0.99,N,0
30.07172,78.88444,304.91,0.47,0.4,2024-04-25,2014,N,VIIRS,n,2,289.66,1.04,N,0
29.88606,80.31525,312.85,0.42,0.38,2024-04-25,2014,N,VIIRS,n,2,291.15,1.31,N,0
29.88868,80.2964,297.9,0.42,0.38,2024-04-25,2014,N,VIIRS,n,2,287.35,0.49,N,0
29.95332,79.84816,301.98,0.43,0.38,2024-04-25,2014,N,VIIRS,n,2,287.29,0.78,N,0
30.09126,78.78894,302.06,0.48,0.4,2024-04-25,2014,N,VIIRS,n,2,288.87,1.57,N,0
29.89617,80.29317,299.99,0.42,0.38,2024-04-25,2014,N,VIIRS,n,2,287.28,0.73,N,0
29.89676,80.28897,302.55,0.42,0.38,2024-04-25,2014,N,VIIRS,n,2,288.03,0.73,N,0
29.93945,79.97728,303.76,0.43,0.38,2024-04-25,2014,N,VIIRS,n,2,287.96,0.73,N,0
29.89969,80.29321,307.42,0.42,0.38,2024-04-25,2014,N,VIIRS,n,2,288.74,0.73,N,0
29.93044,80.06954,313.32,0.43,0.38,2024-04-25,2014,N,VIIRS,n,2,289.4,1.24,N,0
30.10043,78.77567,307.6,0.48,0.4,2024-04-25,2014,N,VIIRS,n,2,287.74,1.5,N,0
30.10343,78.78164,315.07,0.48,0.4,2024-04-25,2014,N,VIIRS,n,2,288.51,2.37,N,0
30.09264,78.92531,306.2,0.47,0.4,2024-04-25,2014,N,VIIRS,n,2,287.71,1.04,N,0
30.3832,76.46516,300.57,0.42,0.45,2024-04-25,2014,N,VIIRS,n,2,290.37,0.33,N,0
30.00735,79.66009,302.03,0.44,0.38,2024-04-25,2014,N,VIIRS,n,2,284.96,0.46,N,0
30.1174,78.84841,302.77,0.48,0.4,2024-04-25,2014,N,VIIRS,n,2,288.56,0.56,N,0
30.15495,78.67197,298.42,0.48,0.4,2024-04-25,2014,N,VIIRS,n,2,287.21,0.39,N,0
29.97272,80.12355,296.67,0.42,0.38,2024-04-25,2014,N,VIIRS,n,2,286.61,0.35,N,0
30.14596,78.82999,297.59,0.48,0.4,2024-04-25,2014,N,VIIRS,n,2,287.38,0.48,N,0
30.14664,78.82472,298.2,0.48,0.4,2024-04-25,2014,N,VIIRS,n,2,287.14,0.48,N,0
30.14735,78.81924,298.83,0.48,0.4,2024-04-25,2014,N,VIIRS,n,2,288.59,0.82,N,0
29.98061,80.07377,299.83,0.43,0.38,2024-04-25,2014,N,VIIRS,n,2,288.61,0.62,N,0
29.97411,80.14825,315.98,0.42,0.38,2024-04-25,2014,N,VIIRS,n,2,288.6,1.51,N,0
29.97474,80.1435,301.28,0.42,0.38,2024-04-25,2014,N,VIIRS,n,2,288.51,0.92,N,0
30.14812,78.83251,309.22,0.48,0.4,2024-04-25,2014,N,VIIRS,n,2,287.98,1.45,N,0
31.08116,77.03207,303.88,0.4,0.44,2024-04-25,2014,N,VIIRS,n,2,289.17,0.88,N,0
31.25373,77.14217,306.11,0.4,0.44,2024-04-25,2014,N,VIIRS,n,2,282.96,0.75,N,0
31.25767,77.14395,302.36,0.4,0.44,2024-04-25,2014,N,VIIRS,n,2,284.64,0.75,N,0
31.26249,77.13775,305.12,0.4,0.44,2024-04-25,2014,N,VIIRS,n,2,285.75,1.09,N,0
31.31606,76.9542,299.31,0.41,0.45,2024-04-25,2014,N,VIIRS,n,2,278.56,0.65,N,0
31.53217,76.32533,316.35,0.44,0.46,2024-04-25,2014,N,VIIRS,n,2,294.92,3.75,N,0
31.9042,77.13263,296.58,0.4,0.44,2024-04-25,2014,N,VIIRS,n,2,283.89,0.57,N,0
29.93507,79.36497,301.43,0.45,0.39,2024-04-25,2014,N,VIIRS,n,2,289.11,1.22,N,0
31.08063,77.03687,300.54,0.4,0.44,2024-04-25,2014,N,VIIRS,n,2,289.28,0.93,N,0
24.17442,82.65459,313.65,0.4,0.37,2024-04-25,2015,N,VIIRS,n,2,295.86,1.32,N,0
24.17777,82.65525,311.13,0.4,0.37,2024-04-25,2015,N,VIIRS,n,2,294.88,1.53,N,0
24.1908,82.57751,309.36,0.4,0.37,2024-04-25,2015,N,VIIRS,n,2,296.52,1.74,N,2
24.19544,82.57047,309.21,0.4,0.37,2024-04-25,2015,N,VIIRS,n,2,296.35,1.61,N,0
24.23721,82.42307,306.69,0.39,0.36,2024-04-25,2015,N,VIIRS,n,2,294.21,0.83,N,0
24.20552,82.71719,308.32,0.4,0.37,2024-04-25,2015,N,VIIRS,n,2,297.49,1.65,N,0
24.20683,82.70942,321.47,0.4,0.37,2024-04-25,2015,N,VIIRS,n,2,299.92,2.9,N,2
24.12729,83.22148,308.86,0.41,0.37,2024-04-25,2015,N,VIIRS,n,2,294.49,0.91,N,0
24.26262,82.43607,318.81,0.39,0.36,2024-04-25,2015,N,VIIRS,n,2,294.4,2.27,N,0
23.64629,85.96001,303.08,0.55,0.42,2024-04-25,2015,N,VIIRS,n,2,292.76,0.63,N,0
23.54697,86.54677,307.42,0.39,0.44,2024-04-25,2015,N,VIIRS,n,2,296.34,0.78,N,2
24.22631,82.86299,313.07,0.4,0.37,2024-04-25,2015,N,VIIRS,n,2,296.4,2.3,N,0
23.6658,86.09313,309.34,0.55,0.43,2024-04-25,2015,N,VIIRS,n,2,294.62,1.94,N,2
23.6756,86.08413,313.27,0.55,0.43,2024-04-25,2015,N,VIIRS,n,2,298.18,2.38,N,2
24.32928,82.42049,306.14,0.39,0.36,2024-04-25,2015,N,VIIRS,n,2,292.78,0.89,N,0
23.67504,86.08552,312.39,0.55,0.43,2024-04-25,2015,N,VIIRS,n,2,297.92,4.03,N,2
23.68178,86.09267,315.49,0.55,0.43,2024-04-25,2015,N,VIIRS,n,2,297.99,3.86,N,2
24.25932,83.04456,304.82,0.41,0.37,2024-04-25,2015,N,VIIRS,n,2,294.28,0.71,N,0
23.66812,86.41998,310.62,0.39,0.44,2024-04-25,2015,N,VIIRS,n,2,296.38,2.34,N,2
23.48785,87.36755,308.89,0.44,0.46,2024-04-25,2015,N,VIIRS,n,2,298.54,2.23,N,0
23.67567,86.40216,318.44,0.38,0.43,2024-04-25,2015,N,VIIRS,n,2,301.39,2.65,N,2
23.67638,86.39842,316.21,0.38,0.43,2024-04-25,2015,N,VIIRS,n,2,301.49,2.07,N,2
23.6771,86.39467,310.04,0.38,0.43,2024-04-25,2015,N,VIIRS,n,2,299.83,2.07,N,2
23.68107,86.39553,315.07,0.38,0.43,2024-04-25,2015,N,VIIRS,n,2,297.88,2.89,N,2
23.68178,86.39185,322.85,0.38,0.43,2024-04-25,2015,N,VIIRS,n,2,297.84,2.4,N,2
23.51547,87.27199,308.32,0.43,0.46,2024-04-25,2015,N,VIIRS,n,2,297.5,1.85,N,2
23.68645,86.38902,316.4,0.38,0.43,2024-04-25,2015,N,VIIRS,n,2,299.37,2.4,N,2
23.68574,86.3927,329.97,0.38,0.43,2024-04-25,2015,N,VIIRS,n,2,300.88,2.4,N,2
23.61406,86.78806,316.61,0.4,0.45,2024-04-25,2015,N,VIIRS,n,2,300.1,2.81,N,2
23.5612,87.08273,313.29,0.42,0.45,2024-04-25,2015,N,VIIRS,n,2,297.51,1.84,N,2
23.55131,87.24518,310.59,0.43,0.46,2024-04-25,2015,N,VIIRS,n,2,300.4,2.81,N,3
23.5563,87.24196,320.77,0.43,0.46,2024-04-25,2015,N,VIIRS,n,2,298.33,2.81,N,3
23.55711,87.23778,339.5,0.43,0.46,2024-04-25,2015,N,VIIRS,n,2,296.59,5.74,N,2
23.71464,86.44206,310.64,0.39,0.44,2024-04-25,2015,N,VIIRS,n,2,298.02,2.55,N,2
23.55612,87.24104,322.37,0.43,0.46,2024-04-25,2015,N,VIIRS,n,2,298.06,5.13,N,2
23.55696,87.23689,334.16,0.43,0.46,2024-04-25,2015,N,VIIRS,n,2,296.42,3.12,N,2
23.71788,86.44666,317.14,0.39,0.44,2024-04-25,2015,N,VIIRS,n,2,306.92,2.55,N,2
23.71934,86.4392,309.53,0.39,0.44,2024-04-25,2015,N,VIIRS,n,2,299.2,2.26,N,2
23.56113,87.23785,335.7,0.43,0.46,2024-04-25,2015,N,VIIRS,n,2,296.91,3.12,N,2
23.76998,86.19962,307.61,0.56,0.43,2024-04-25,2015,N,VIIRS,n,2,295.61,4.11,N,2
23.77285,86.20593,309.75,0.56,0.43,2024-04-25,2015,N,VIIRS,n,2,298.68,2.72,N,2
23.7327,86.43441,315.71,0.38,0.44,2024-04-25,2015,N,VIIRS,n,2,299.44,2.1,N,0
23.73343,86.43067,318.51,0.38,0.44,2024-04-25,2015,N,VIIRS,n,2,300.11,2.1,N,0
23.77677,86.20677,309.81,0.56,0.43,2024-04-25,2015,N,VIIRS,n,2,299.41,4.79,N,2
23.7374,86.43155,315.66,0.38,0.44,2024-04-25,2015,N,VIIRS,n,2,300.86,2.1,N,0
23.78069,86.2076,336.39,0.56,0.43,2024-04-25,2015,N,VIIRS,n,2,303.41,4.79,N,2
23.60434,87.15228,312.15,0.42,0.46,2024-04-25,2015,N,VIIRS,n,2,297.64,1.96,N,2
23.74751,86.4221,315.75,0.38,0.43,2024-04-25,2015,N,VIIRS,n,2,299.78,2.87,N,2
23.75579,86.40063,315.43,0.38,0.43,2024-04-25,2015,N,VIIRS,n,2,298.35,4.9,N,2
23.75508,86.40434,330.78,0.38,0.43,2024-04-25,2015,N,VIIRS,n,2,300.19,4.18,N,2
23.76047,86.39781,313.75,0.38,0.43,2024-04-25,2015,N,VIIRS,n,2,300.49,4.9,N,2
23.76136,86.39318,318.89,0.57,0.43,2024-04-25,2015,N,VIIRS,n,2,304.04,4.97,N,2
23.75976,86.40151,343.34,0.38,0.43,2024-04-25,2015,N,VIIRS,n,2,304.38,4.9,N,2
23.76372,86.40238,320.91,0.38,0.43,2024-04-25,2015,N,VIIRS,n,2,300.43,9.09,N,2
23.76532,86.39407,325.5,0.57,0.43,2024-04-25,2015,N,VIIRS,n,2,307.94,10.86,N,2
23.7757,86.36154,312.33,0.57,0.43,2024-04-25,2015,N,VIIRS,n,2,300.23,3.83,N,2
23.77888,86.34494,326.31,0.57,0.43,2024-04-25,2015,N,VIIRS,n,2,300.35,4.57,N,2
23.77539,86.38461,310.12,0.57,0.43,2024-04-25,2015,N,VIIRS,n,2,298.85,4.91,N,2
23.78496,86.33473,318.24,0.57,0.43,2024-04-25,2015,N,VIIRS,n,2,302.38,5,N,2
23.77432,86.39019,326.53,0.57,0.43,2024-04-25,2015,N,VIIRS,n,2,303.59,4.21,N,2
23.7772,86.39669,318.9,0.57,0.43,2024-04-25,2015,N,VIIRS,n,2,302.13,4.21,N,2
23.78148,86.3744,312.13,0.57,0.43,2024-04-25,2015,N,VIIRS,n,2,298.89,4.83,N,2
23.77828,86.39106,326.13,0.57,0.43,2024-04-25,2015,N,VIIRS,n,2,303.73,4.21,N,2
23.78967,86.35308,312.58,0.57,0.43,2024-04-25,2015,N,VIIRS,n,2,297.88,3.34,N,2
23.78224,86.39194,327.54,0.57,0.43,2024-04-25,2015,N,VIIRS,n,2,304.33,6.56,N,2
23.79362,86.35398,316.21,0.57,0.43,2024-04-25,2015,N,VIIRS,n,2,300.04,3.34,N,2
23.8018,86.33267,307.78,0.57,0.43,2024-04-25,2015,N,VIIRS,n,2,296.59,3.83,N,2
23.80389,86.32168,319.71,0.57,0.43,2024-04-25,2015,N,VIIRS,n,2,301.08,8,N,2
23.80285,86.32715,324.46,0.57,0.43,2024-04-25,2015,N,VIIRS,n,2,303.69,3.83,N,2
23.6884,87.09866,318.37,0.42,0.45,2024-04-25,2015,N,VIIRS,n,2,300.34,3.64,N,2
23.68855,87.12022,318.42,0.42,0.45,2024-04-25,2015,N,VIIRS,n,2,298.8,2.74,N,2
23.69015,87.11197,306.89,0.42,0.45,2024-04-25,2015,N,VIIRS,n,2,296.76,2.18,N,2
23.68519,87.12217,310.19,0.42,0.45,2024-04-25,2015,N,VIIRS,n,2,297.75,1.65,N,2
23.69013,87.09751,313.9,0.42,0.45,2024-04-25,2015,N,VIIRS,n,2,300.69,3.43,N,2
23.68932,87.12312,311.08,0.42,0.45,2024-04-25,2015,N,VIIRS,n,2,297.94,1.59,N,2
23.6918,87.11077,312.38,0.42,0.45,2024-04-25,2015,N,VIIRS,n,2,298.16,3.22,N,2
23.69346,87.12405,315.56,0.42,0.45,2024-04-25,2015,N,VIIRS,n,2,299.2,1.59,N,2
24.44951,83.04028,312.74,0.4,0.37,2024-04-25,2015,N,VIIRS,n,2,298.79,1.58,N,2
23.9403,86.13617,311.4,0.55,0.43,2024-04-25,2015,N,VIIRS,n,2,300.24,4.83,N,0
23.94133,86.13076,319.74,0.55,0.43,2024-04-25,2015,N,VIIRS,n,2,300.68,5.47,N,0
23.94339,86.11987,316.79,0.55,0.43,2024-04-25,2015,N,VIIRS,n,2,300.35,4.88,N,0
23.95145,86.12003,313.32,0.55,0.43,2024-04-25,2015,N,VIIRS,n,2,298.65,3.03,N,0
23.95245,86.11477,316.56,0.55,0.43,2024-04-25,2015,N,VIIRS,n,2,298.87,3.03,N,0
23.95644,86.11503,326.78,0.55,0.43,2024-04-25,2015,N,VIIRS,n,2,298.55,3.03,N,0
23.95949,86.12029,312.43,0.55,0.43,2024-04-25,2015,N,VIIRS,n,2,297.03,3.3,N,0
23.97261,86.09362,308.64,0.55,0.43,2024-04-25,2015,N,VIIRS,n,2,297.07,2.7,N,0
23.97088,86.10279,333.67,0.55,0.43,2024-04-25,2015,N,VIIRS,n,2,300.24,4.47,N,0
23.97172,86.09834,325.33,0.55,0.43,2024-04-25,2015,N,VIIRS,n,2,299.45,4.47,N,0
23.97389,86.10824,313.44,0.55,0.43,2024-04-25,2015,N,VIIRS,n,2,297.27,3.72,N,0
23.97476,86.10363,326.81,0.55,0.43,2024-04-25,2015,N,VIIRS,n,2,300.22,4.47,N,0
23.79372,87.07481,314.83,0.42,0.45,2024-04-25,2015,N,VIIRS,n,2,303.63,3.47,N,2
23.97093,86.14552,311.1,0.55,0.43,2024-04-25,2015,N,VIIRS,n,2,296.78,2.64,N,0
23.97469,86.14706,312.42,0.55,0.43,2024-04-25,2015,N,VIIRS,n,2,297.5,2.64,N,0
23.97492,86.14275,314.57,0.55,0.43,2024-04-25,2015,N,VIIRS,n,2,297.4,3,N,0
28.44084,76.70182,325.96,0.39,0.44,2024-04-25,2015,N,VIIRS,n,2,291.85,1.96,N,0
28.34641,77.23013,301.63,0.54,0.42,2024-04-25,2015,N,VIIRS,n,2,291.21,0.47,N,0
28.43681,76.29847,301.47,0.41,0.45,2024-04-25,2015,N,VIIRS,n,2,291.03,0.55,N,0
20.98039,85.13599,317.19,0.54,0.42,2024-04-25,2016,N,VIIRS,n,2,298.62,3.03,N,2
20.97848,85.14632,316.1,0.54,0.42,2024-04-25,2016,N,VIIRS,n,2,298.52,4.82,N,2
20.97748,85.12996,320.8,0.54,0.42,2024-04-25,2016,N,VIIRS,n,2,299.1,3.03,N,2
20.97653,85.13516,327.28,0.54,0.42,2024-04-25,2016,N,VIIRS,n,2,300.39,3.03,N,2
20.96984,85.17141,314.19,0.54,0.42,2024-04-25,2016,N,VIIRS,n,2,299.65,2.5,N,2
20.96889,85.17657,311.36,0.54,0.42,2024-04-25,2016,N,VIIRS,n,2,298.29,2.5,N,2
20.9698,85.14985,321.79,0.54,0.42,2024-04-25,2016,N,VIIRS,n,2,298.17,2.77,N,2
20.96884,85.15505,311.7,0.54,0.42,2024-04-25,2016,N,VIIRS,n,2,297.84,2.77,N,2
20.96598,85.17057,312.08,0.54,0.42,2024-04-25,2016,N,VIIRS,n,2,298.42,2.74,N,2
20.96211,85.16972,328.14,0.54,0.42,2024-04-25,2016,N,VIIRS,n,2,300.71,2.74,N,2
20.96498,85.15421,319.35,0.54,0.42,2024-04-25,2016,N,VIIRS,n,2,298.99,2.77,N,2
20.96307,85.16454,311.71,0.54,0.42,2024-04-25,2016,N,VIIRS,n,2,299.27,5.36,N,2
20.96115,85.17493,313.68,0.54,0.42,2024-04-25,2016,N,VIIRS,n,2,300.35,2.74,N,2
20.95227,85.00719,307.05,0.53,0.42,2024-04-25,2016,N,VIIRS,n,2,296.73,2.19,N,2
20.89598,84.98296,310.9,0.53,0.42,2024-04-25,2016,N,VIIRS,n,2,297.52,2.54,N,0
20.88832,84.98135,308.18,0.53,0.42,2024-04-25,2016,N,VIIRS,n,2,297.55,1.9,N,2
20.86633,84.99255,313.23,0.53,0.42,2024-04-25,2016,N,VIIRS,n,2,298.66,2.38,N,2
20.86249,84.99178,310.09,0.53,0.42,2024-04-25,2016,N,VIIRS,n,2,297.49,2.38,N,2
20.80535,85.25509,318.91,0.55,0.43,2024-04-25,2016,N,VIIRS,n,2,300.3,4.37,N,2
20.79657,85.25869,310.61,0.55,0.43,2024-04-25,2016,N,VIIRS,n,2,298.46,2.86,N,2
20.79366,85.25257,338.35,0.55,0.43,2024-04-25,2016,N,VIIRS,n,2,300.44,10.07,N,2
20.79267,85.25787,332.71,0.55,0.43,2024-04-25,2016,N,VIIRS,n,2,299.92,4.42,N,2
20.78876,85.25708,323.15,0.55,0.43,2024-04-25,2016,N,VIIRS,n,2,299.6,4.42,N,2
20.78676,85.26768,331.78,0.55,0.43,2024-04-25,2016,N,VIIRS,n,2,299.6,6.48,N,2
20.78776,85.26238,318.34,0.55,0.43,2024-04-25,2016,N,VIIRS,n,2,299.74,4.42,N,2
20.78385,85.26157,318.19,0.55,0.43,2024-04-25,2016,N,VIIRS,n,2,298.6,4.57,N,2
20.74531,84.90656,310,0.53,0.42,2024-04-25,2016,N,VIIRS,n,2,298.91,3.29,N,0
20.65197,85.0829,327.44,0.54,0.42,2024-04-25,2016,N,VIIRS,n,2,300.09,6.44,N,0
22.12971,72.7649,306.52,0.56,0.51,2024-04-25,2016,N,VIIRS,n,2,293.55,0.8,N,0
24.15324,82.56716,325.02,0.4,0.37,2024-04-25,2016,N,VIIRS,n,2,296.73,2.79,N,0
24.1425,82.67364,314.22,0.4,0.37,2024-04-25,2016,N,VIIRS,n,2,294.66,2.1,N,0
24.15351,82.60725,310.34,0.4,0.37,2024-04-25,2016,N,VIIRS,n,2,296.42,1.73,N,0
24.16855,82.55821,309.35,0.4,0.37,2024-04-25,2016,N,VIIRS,n,2,297.39,1.82,N,2
24.14935,82.695,311.29,0.4,0.37,2024-04-25,2016,N,VIIRS,n,2,296.05,1.47,N,0
24.15722,82.66843,307.44,0.4,0.37,2024-04-25,2016,N,VIIRS,n,2,294.86,1.27,N,0
24.15657,82.67233,320.45,0.4,0.37,2024-04-25,2016,N,VIIRS,n,2,296.1,1.27,N,0
24.15993,82.67297,312.8,0.4,0.37,2024-04-25,2016,N,VIIRS,n,2,296.92,1.27,N,0
23.77328,82.45409,308.81,0.4,0.37,2024-04-25,2016,N,VIIRS,n,2,296.23,1.98,N,0
23.7436,82.52119,307.67,0.4,0.37,2024-04-25,2016,N,VIIRS,n,2,295.74,1.86,N,0
23.6861,82.67928,308.33,0.4,0.37,2024-04-25,2016,N,VIIRS,n,2,296.29,1.9,N,0
23.66098,82.8082,317.1,0.4,0.37,2024-04-25,2016,N,VIIRS,n,2,297.43,1.92,N,0
23.62283,82.97181,305.51,0.41,0.37,2024-04-25,2016,N,VIIRS,n,2,294.36,1.54,N,0
23.62081,82.98373,306.95,0.41,0.37,2024-04-25,2016,N,VIIRS,n,2,295.28,1.61,N,0
23.61335,83.00697,310.54,0.41,0.37,2024-04-25,2016,N,VIIRS,n,2,294.08,1.5,N,0
23.612,83.0149,313.65,0.41,0.37,2024-04-25,2016,N,VIIRS,n,2,296.02,2.28,N,0
23.61063,83.02298,310.63,0.41,0.37,2024-04-25,2016,N,VIIRS,n,2,297.33,1.67,N,0
23.75245,82.15414,316.53,0.39,0.36,2024-04-25,2016,N,VIIRS,n,2,295.84,2.8,N,0
23.63015,82.88732,308.37,0.41,0.37,2024-04-25,2016,N,VIIRS,n,2,294.05,1.3,N,0
23.61807,82.95857,309.77,0.41,0.37,2024-04-25,2016,N,VIIRS,n,2,294.48,1.43,N,0
23.6174,82.96253,305.45,0.41,0.37,2024-04-25,2016,N,VIIRS,n,2,293.7,0.97,N,0
23.60724,83.02225,312.64,0.41,0.37,2024-04-25,2016,N,VIIRS,n,2,297.4,1.67,N,0
23.74912,82.15352,312.15,0.39,0.36,2024-04-25,2016,N,VIIRS,n,2,296.13,1,N,0
23.60385,83.0215,314.58,0.41,0.37,2024-04-25,2016,N,VIIRS,n,2,296.82,2.27,N,0
23.74579,82.15289,305.08,0.39,0.36,2024-04-25,2016,N,VIIRS,n,2,293.93,1,N,0
23.73762,82.20252,312.22,0.39,0.36,2024-04-25,2016,N,VIIRS,n,2,295.65,1.11,N,0
23.60182,83.01285,304.88,0.41,0.37,2024-04-25,2016,N,VIIRS,n,2,294.07,1.46,N,0
23.59706,82.97899,306.38,0.41,0.37,2024-04-25,2016,N,VIIRS,n,2,293.19,1.06,N,0
23.59638,82.98298,306.5,0.41,0.37,2024-04-25,2016,N,VIIRS,n,2,293.74,0.52,N,0
24.13185,82.57104,307.86,0.4,0.37,2024-04-25,2016,N,VIIRS,n,2,296.1,1.67,N,0
23.48251,85.91013,309.18,0.55,0.42,2024-04-25,2016,N,VIIRS,n,2,297.74,2.51,N,0
23.47862,85.90939,308.68,0.55,0.42,2024-04-25,2016,N,VIIRS,n,2,297.31,2.55,N,0
23.5923,83.00686,307.05,0.41,0.37,2024-04-25,2016,N,VIIRS,n,2,294.12,1.2,N,0
23.59163,83.01081,311.77,0.41,0.37,2024-04-25,2016,N,VIIRS,n,2,295.8,1.2,N,0
23.64929,82.54694,304.92,0.4,0.37,2024-04-25,2016,N,VIIRS,n,2,293.88,1.03,N,0
23.63523,82.58132,318.04,0.4,0.37,2024-04-25,2016,N,VIIRS,n,2,295.6,2.39,N,0
23.66596,82.2486,306.86,0.39,0.36,2024-04-25,2016,N,VIIRS,n,2,295.28,1.4,N,0
23.4826,82.88802,304.86,0.41,0.37,2024-04-25,2016,N,VIIRS,n,2,294.39,0.89,N,0
23.4913,82.71146,306.63,0.4,0.37,2024-04-25,2016,N,VIIRS,n,2,296.38,1.77,N,0
23.48792,82.71081,306.9,0.4,0.37,2024-04-25,2016,N,VIIRS,n,2,295.65,1.54,N,0
23.55452,82.26739,305.62,0.39,0.36,2024-04-25,2016,N,VIIRS,n,2,295.15,1.01,N,0
23.4372,82.88799,306.23,0.41,0.37,2024-04-25,2016,N,VIIRS,n,2,295.16,1.42,N,0
23.26799,83.36711,304.39,0.42,0.38,2024-04-25,2016,N,VIIRS,n,2,291.26,1.07,N,0
23.16796,82.3414,326.7,0.4,0.37,2024-04-25,2016,N,VIIRS,n,2,299.04,2.09,N,2
23.16461,82.34077,328.39,0.4,0.37,2024-04-25,2016,N,VIIRS,n,2,298.79,2.09,N,2
23.16525,82.33691,315.34,0.4,0.37,2024-04-25,2016,N,VIIRS,n,2,297.38,2.09,N,0
22.93709,83.525,312.64,0.43,0.38,2024-04-25,2016,N,VIIRS,n,2,296.18,2.57,N,0
22.93622,83.52662,311.69,0.43,0.38,2024-04-25,2016,N,VIIRS,n,2,296.04,2.51,N,0
22.75269,83.28674,308.72,0.42,0.38,2024-04-25,2016,N,VIIRS,n,2,295.89,1.4,N,0
22.752,83.29078,307.35,0.43,0.38,2024-04-25,2016,N,VIIRS,n,2,296.89,2.45,N,0
22.74922,83.28619,313.17,0.42,0.38,2024-04-25,2016,N,VIIRS,n,2,295.1,1.4,N,0
22.27909,83.51241,308.52,0.44,0.38,2024-04-25,2016,N,VIIRS,n,2,297.5,2.31,N,0
22.2966,83.22254,310.51,0.43,0.38,2024-04-25,2016,N,VIIRS,n,2,296.99,1.96,N,0
22.33536,82.66522,327.66,0.41,0.37,2024-04-25,2016,N,VIIRS,n,2,298.12,3.34,N,0
22.33059,82.65202,319.39,0.41,0.37,2024-04-25,2016,N,VIIRS,n,2,298.71,3.06,N,2
22.32992,82.65598,307.84,0.41,0.37,2024-04-25,2016,N,VIIRS,n,2,297.02,1.61,N,2
22.3252,82.68363,314.02,0.41,0.37,2024-04-25,2016,N,VIIRS,n,2,297.79,2.15,N,2
22.33148,82.60433,311.4,0.41,0.37,2024-04-25,2016,N,VIIRS,n,2,297.85,1.52,N,2
22.32809,82.60366,310.93,0.41,0.37,2024-04-25,2016,N,VIIRS,n,2,298.11,1.52,N,2
22.32601,82.59513,322.7,0.41,0.37,2024-04-25,2016,N,VIIRS,n,2,298.79,2.91,N,2
22.32535,82.59905,322.88,0.41,0.37,2024-04-25,2016,N,VIIRS,n,2,298.22,1.77,N,2
22.3247,82.60298,311.71,0.41,0.37,2024-04-25,2016,N,VIIRS,n,2,296.64,1.77,N,2
22.32394,82.58659,315.02,0.41,0.37,2024-04-25,2016,N,VIIRS,n,2,297.75,2.11,N,2
22.32974,82.53098,310.55,0.41,0.37,2024-04-25,2016,N,VIIRS,n,2,297.78,1.94,N,2
22.31989,82.58984,311.96,0.41,0.37,2024-04-25,2016,N,VIIRS,n,2,297.84,1.62,N,0
22.32111,82.56167,310.65,0.41,0.37,2024-04-25,2016,N,VIIRS,n,2,298.5,2.56,N,2
22.31838,82.55708,323.35,0.41,0.37,2024-04-25,2016,N,VIIRS,n,2,298.01,2.92,N,0
22.32494,82.51788,311.81,0.41,0.37,2024-04-25,2016,N,VIIRS,n,2,298.06,2.12,N,0
22.31706,82.56493,309.24,0.41,0.37,2024-04-25,2016,N,VIIRS,n,2,297.2,2.24,N,2
22.3209,82.52113,325.8,0.41,0.37,2024-04-25,2016,N,VIIRS,n,2,298.72,2.12,N,0
22.35723,82.30322,316.05,0.4,0.37,2024-04-25,2016,N,VIIRS,n,2,296.15,1.71,N,0
22.31882,82.51265,322.3,0.41,0.37,2024-04-25,2016,N,VIIRS,n,2,297.34,2.84,N,0
22.31817,82.51656,314.09,0.41,0.37,2024-04-25,2016,N,VIIRS,n,2,297.74,3.63,N,2
22.31554,82.53223,314.68,0.41,0.37,2024-04-25,2016,N,VIIRS,n,2,298.59,1.52,N,2
22.31216,82.53159,309.37,0.41,0.37,2024-04-25,2016,N,VIIRS,n,2,297.08,1.52,N,2
22.10655,83.52346,310.18,0.44,0.38,2024-04-25,2016,N,VIIRS,n,2,298.32,1.75,N,2
22.10303,83.52275,317.86,0.44,0.38,2024-04-25,2016,N,VIIRS,n,2,296.07,2.5,N,2
22.59678,82.79926,308.6,0.41,0.37,2024-04-25,2016,N,VIIRS,n,2,296.58,1.88,N,0
22.58779,82.74847,308.24,0.41,0.37,2024-04-25,2016,N,VIIRS,n,2,297.2,2.07,N,0
22.57959,82.73469,310.2,0.41,0.37,2024-04-25,2016,N,VIIRS,n,2,297.45,1.71,N,0
22.54515,82.93732,310.75,0.42,0.37,2024-04-25,2016,N,VIIRS,n,2,296.76,2.56,N,0
23.75269,74.02907,311.2,0.49,0.48,2024-04-25,2016,N,VIIRS,n,2,296.12,1.52,N,0
22.50477,82.86382,307.95,0.41,0.37,2024-04-25,2016,N,VIIRS,n,2,296.35,1.54,N,0
22.44692,82.89507,308.14,0.42,0.37,2024-04-25,2016,N,VIIRS,n,2,296.6,2.13,N,0
22.10397,83.12035,320.57,0.43,0.38,2024-04-25,2016,N,VIIRS,n,2,298.9,3.95,N,2
22.10121,83.11559,312.05,0.42,0.38,2024-04-25,2016,N,VIIRS,n,2,297.92,2.43,N,2
22.03906,83.35081,312.3,0.43,0.38,2024-04-25,2016,N,VIIRS,n,2,297.86,2.73,N,2
22.03338,83.36268,309.58,0.43,0.38,2024-04-25,2016,N,VIIRS,n,2,297.53,1.7,N,2
22.02916,83.36616,308.4,0.43,0.38,2024-04-25,2016,N,VIIRS,n,2,296.84,2.12,N,2
21.98579,83.36618,308.46,0.43,0.38,2024-04-25,2016,N,VIIRS,n,2,296.78,1.37,N,0
21.985,83.36755,308.76,0.44,0.38,2024-04-25,2016,N,VIIRS,n,2,296.75,1.42,N,0
21.98274,83.2338,315.13,0.43,0.38,2024-04-25,2016,N,VIIRS,n,2,297.92,2.69,N,2
21.92503,83.33832,323.08,0.43,0.38,2024-04-25,2016,N,VIIRS,n,2,299.71,3.13,N,3
21.92284,83.35085,321.63,0.43,0.38,2024-04-25,2016,N,VIIRS,n,2,300.6,4.44,N,2
21.91935,83.35015,343.54,0.43,0.38,2024-04-25,2016,N,VIIRS,n,2,303.85,4.44,N,2
21.87612,83.55542,310.62,0.44,0.39,2024-04-25,2016,N,VIIRS,n,2,296.26,2.33,N,2
21.87603,83.49388,308.51,0.44,0.38,2024-04-25,2016,N,VIIRS,n,2,296.91,1.59,N,2
22.00484,82.66945,322.17,0.41,0.37,2024-04-25,2016,N,VIIRS,n,2,299.08,1.92,N,2
22.00143,82.66879,311.28,0.41,0.37,2024-04-25,2016,N,VIIRS,n,2,297.57,1.92,N,2
23.31408,70.48542,306.21,0.4,0.6,2024-04-25,2016,N,VIIRS,n,2,294.91,1.11,N,2
23.3268,70.21336,310.06,0.42,0.61,2024-04-25,2016,N,VIIRS,n,2,294.03,1.04,N,2
22.94679,73.97249,308.58,0.48,0.48,2024-04-25,2016,N,VIIRS,n,2,294.39,2.14,N,0
21.07504,85.04105,321.53,0.53,0.42,2024-04-25,2016,N,VIIRS,n,2,299.35,2.67,N,2
21.07692,85.03088,316.99,0.53,0.42,2024-04-25,2016,N,VIIRS,n,2,299.3,3.33,N,2
21.07598,85.03599,313.12,0.53,0.42,2024-04-25,2016,N,VIIRS,n,2,300.07,3.33,N,2
21.0712,85.04024,310.13,0.53,0.42,2024-04-25,2016,N,VIIRS,n,2,298.3,2.67,N,2
23.48131,85.91376,309.08,0.55,0.42,2024-04-25,2016,N,VIIRS,n,2,298.1,2.23,N,0
23.47838,85.90783,306.96,0.55,0.42,2024-04-25,2016,N,VIIRS,n,2,296.44,2.23,N,0
23.89981,82.43099,312.08,0.4,0.37,2024-04-25,2016,N,VIIRS,n,2,296.79,1.83,N,0
23.89545,82.17319,310.61,0.39,0.36,2024-04-25,2016,N,VIIRS,n,2,295.31,1.83,N,0
21.64242,74.13491,306.26,0.45,0.47,2024-04-25,2017,N,VIIRS,n,2,293.42,2.19,N,0
21.7946,72.64569,306.72,0.56,0.52,2024-04-25,2017,N,VIIRS,n,2,293.84,0.77,N,2
21.87579,70.31242,312.39,0.4,0.6,2024-04-25,2017,N,VIIRS,n,2,292.71,0.87,N,0
21.3927,73.71696,305.99,0.48,0.48,2024-04-25,2017,N,VIIRS,n,2,291.41,6.72,N,0
21.10753,72.64278,326.59,0.55,0.51,2024-04-25,2017,N,VIIRS,n,2,294.79,3.46,N,2
21.10814,72.63741,307.15,0.55,0.51,2024-04-25,2017,N,VIIRS,n,2,294.34,2.3,N,2
21.10693,72.64816,316.69,0.55,0.51,2024-04-25,2017,N,VIIRS,n,2,294.93,3.46,N,2
21.10339,72.6368,331.26,0.55,0.51,2024-04-25,2017,N,VIIRS,n,2,294.34,6.66,N,2
21.10279,72.64217,306.82,0.55,0.51,2024-04-25,2017,N,VIIRS,n,2,293.4,1.63,N,2
20.90808,71.45716,309.06,0.33,0.55,2024-04-25,2017,N,VIIRS,n,2,293.67,1.07,N,2
20.65094,85.09182,334.59,0.39,0.36,2024-04-26,0728,N,VIIRS,n,2,308.67,4.03,D,0
20.65037,85.08813,339.07,0.39,0.36,2024-04-26,0728,N,VIIRS,n,2,308.03,3.91,D,0
20.6532,85.09103,337.44,0.39,0.36,2024-04-26,0728,N,VIIRS,n,2,309.41,4.12,D,0
20.65262,85.08732,339.34,0.39,0.36,2024-04-26,0728,N,VIIRS,n,2,308.86,4.74,D,0
20.70138,85.00636,339.14,0.39,0.36,2024-04-26,0728,N,VIIRS,l,2,311.62,3.56,D,0
20.70081,85.00269,339.04,0.39,0.36,2024-04-26,0728,N,VIIRS,l,2,310.85,3.76,D,0
20.74544,85.24567,341.36,0.39,0.36,2024-04-26,0728,N,VIIRS,l,2,314.26,3.89,D,0
20.74876,85.24509,343.9,0.39,0.36,2024-04-26,0728,N,VIIRS,l,2,312.64,3.89,D,0
20.72128,84.91514,337.07,0.39,0.36,2024-04-26,0728,N,VIIRS,l,2,310.12,3.65,D,0
20.74041,84.91148,341.42,0.39,0.36,2024-04-26,0728,N,VIIRS,l,2,311.4,2.51,D,0
20.74374,84.91087,340.6,0.39,0.36,2024-04-26,0728,N,VIIRS,l,2,310.51,2.51,D,0
20.74706,84.91026,337.84,0.39,0.36,2024-04-26,0728,N,VIIRS,l,2,311.39,2.34,D,0
20.74647,84.90653,337.08,0.39,0.36,2024-04-26,0728,N,VIIRS,n,2,310.81,2.34,D,0
20.80811,85.25719,341.5,0.39,0.36,2024-04-26,0728,N,VIIRS,l,2,315.41,3.62,D,2
20.77343,84.94756,343.86,0.39,0.36,2024-04-26,0728,N,VIIRS,l,2,312.13,5.22,D,0
20.81249,84.97884,338.99,0.39,0.36,2024-04-26,0728,N,VIIRS,l,2,312.67,3.49,D,0
20.81581,84.97823,341.24,0.39,0.36,2024-04-26,0728,N,VIIRS,l,2,311.7,3.49,D,0
20.81624,84.95912,335.74,0.39,0.36,2024-04-26,0728,N,VIIRS,l,2,310.45,1.52,D,0
20.86331,85.23993,349.46,0.39,0.36,2024-04-26,0728,N,VIIRS,n,2,309.72,6.15,D,0
20.9011,85.41898,340.07,0.38,0.36,2024-04-26,0728,N,VIIRS,n,2,307.67,1.81,D,0
20.86754,85.20123,344.17,0.39,0.36,2024-04-26,0728,N,VIIRS,n,2,313.35,4.97,D,0
20.8777,85.245,336.8,0.39,0.36,2024-04-26,0728,N,VIIRS,l,2,306.99,1.91,D,0
20.86536,84.99643,346.05,0.39,0.36,2024-04-26,0728,N,VIIRS,l,2,316.71,7.44,D,2
20.93727,85.37125,336.28,0.39,0.36,2024-04-26,0728,N,VIIRS,l,2,311.27,3.36,D,0
20.85174,84.82301,339.88,0.39,0.36,2024-04-26,0728,N,VIIRS,l,2,311.32,4.6,D,0
20.89019,84.98059,341.35,0.39,0.36,2024-04-26,0728,N,VIIRS,l,2,315.36,6.68,D,2
20.9517,85.26643,335.02,0.39,0.36,2024-04-26,0728,N,VIIRS,l,2,308.53,1.31,D,0
20.91897,85.0556,340.32,0.39,0.36,2024-04-26,0728,N,VIIRS,l,2,313.32,4.64,D,0
20.96449,85.1731,348.43,0.39,0.36,2024-04-26,0728,N,VIIRS,l,2,315.63,10.49,D,2
20.96825,85.15342,347.01,0.39,0.36,2024-04-26,0728,N,VIIRS,l,2,311.39,5.62,D,2
20.97979,85.13998,343.08,0.39,0.36,2024-04-26,0728,N,VIIRS,l,2,313.65,6.35,D,2
20.97865,85.13257,344.61,0.39,0.36,2024-04-26,0728,N,VIIRS,l,2,317.54,8.86,D,2
20.96875,85.04676,355.72,0.39,0.36,2024-04-26,0728,N,VIIRS,n,2,313.43,17.03,D,0
20.96932,85.05047,367,0.39,0.36,2024-04-26,0728,N,VIIRS,l,2,328.85,71.09,D,0
20.97209,85.0498,350.08,0.39,0.36,2024-04-26,0728,N,VIIRS,n,2,310.31,9.06,D,0
20.97151,85.04609,338.36,0.39,0.36,2024-04-26,0728,N,VIIRS,l,2,310.83,4.18,D,0
20.9607,84.80335,340.95,0.39,0.36,2024-04-26,0728,N,VIIRS,l,2,313.06,3.71,D,0
21.00759,85.05876,343.14,0.39,0.36,2024-04-26,0728,N,VIIRS,l,2,312.07,7.66,D,0
21.00701,85.05505,348.37,0.39,0.36,2024-04-26,0728,N,VIIRS,l,2,312.2,6.48,D,0
21.02274,85.09037,336.57,0.39,0.36,2024-04-26,0728,N,VIIRS,l,2,310.07,1.64,D,0
21.04018,85.13684,335.64,0.39,0.36,2024-04-26,0728,N,VIIRS,l,2,309.71,1.79,D,0
21.0767,85.04272,345.84,0.39,0.36,2024-04-26,0728,N,VIIRS,l,2,319.22,9.79,D,2
21.12315,85.30405,339.16,0.39,0.36,2024-04-26,0728,N,VIIRS,l,2,313.28,2.58,D,0
21.12646,85.30347,341.77,0.39,0.36,2024-04-26,0728,N,VIIRS,l,2,313.7,3.04,D,0
21.12229,85.05713,341.91,0.39,0.36,2024-04-26,0728,N,VIIRS,l,2,311.85,3.14,D,0
21.17214,85.26896,337.74,0.39,0.36,2024-04-26,0728,N,VIIRS,l,2,310.88,3.18,D,0
21.17157,85.26526,344.08,0.39,0.36,2024-04-26,0728,N,VIIRS,n,2,311.6,3.18,D,0
21.16276,85.16418,337.42,0.39,0.36,2024-04-26,0728,N,VIIRS,l,2,312.23,3.14,D,0
21.1847,85.24013,338.23,0.39,0.36,2024-04-26,0728,N,VIIRS,l,2,312.29,3.19,D,0
21.15329,84.97153,341.11,0.39,0.36,2024-04-26,0728,N,VIIRS,l,2,311.03,6.22,D,0
21.21953,85.37819,344.62,0.38,0.36,2024-04-26,0728,N,VIIRS,n,2,310.79,2.91,D,0
21.20468,85.25939,340.49,0.39,0.36,2024-04-26,0728,N,VIIRS,l,2,312.45,3.56,D,0
21.1838,84.84352,344.79,0.39,0.36,2024-04-26,0728,N,VIIRS,n,2,314.33,4.86,D,0
21.18321,84.8398,341.88,0.39,0.36,2024-04-26,0728,N,VIIRS,n,2,312.7,5.09,D,0
21.18712,84.84293,340.2,0.39,0.36,2024-04-26,0728,N,VIIRS,l,2,312.04,4.86,D,0
21.20843,84.86985,341.62,0.39,0.36,2024-04-26,0728,N,VIIRS,l,2,312.57,4.45,D,0
21.2951,85.29645,337.06,0.39,0.36,2024-04-26,0728,N,VIIRS,n,2,310.73,1.77,D,0
21.92215,83.35099,353.65,0.42,0.37,2024-04-26,0729,N,VIIRS,n,2,320.23,13.48,D,2
20.02711,73.35979,330.35,0.56,0.69,2024-04-26,0729,N,VIIRS,n,2,298.2,2.05,D,0
20.02996,73.3588,330.49,0.56,0.69,2024-04-26,0729,N,VIIRS,n,2,298.12,4.07,D,0
22.16434,83.52362,338.12,0.41,0.37,2024-04-26,0729,N,VIIRS,l,2,312.55,4.48,D,0
22.13577,83.28704,337.16,0.42,0.37,2024-04-26,0729,N,VIIRS,l,2,311.85,4.49,D,0
22.17079,83.13474,340.07,0.42,0.38,2024-04-26,0729,N,VIIRS,l,2,312.05,5.79,D,0
20.20526,73.32137,337.09,0.56,0.68,2024-04-26,0729,N,VIIRS,n,2,297.31,2.73,D,0
22.27192,83.51623,343.29,0.41,0.37,2024-04-26,0729,N,VIIRS,n,2,313.21,4.21,D,0
22.21922,83.11338,337.72,0.42,0.38,2024-04-26,0729,N,VIIRS,l,2,311.69,3.38,D,0
22.27151,83.25771,351.06,0.42,0.37,2024-04-26,0729,N,VIIRS,n,2,314.87,10.14,D,0
22.32695,83.32159,343.41,0.41,0.37,2024-04-26,0729,N,VIIRS,n,2,315.14,4.51,D,0
22.25745,82.90843,341.95,0.43,0.38,2024-04-26,0729,N,VIIRS,l,2,313.17,4.24,D,0
22.2609,82.90771,349.19,0.43,0.38,2024-04-26,0729,N,VIIRS,n,2,316.24,4.24,D,0
22.37359,83.28402,346.01,0.41,0.37,2024-04-26,0729,N,VIIRS,n,2,313.44,4.16,D,0
22.37262,83.04231,339.58,0.42,0.38,2024-04-26,0729,N,VIIRS,n,2,312.05,2.57,D,0
22.33021,82.65421,341.44,0.44,0.38,2024-04-26,0729,N,VIIRS,l,2,315.49,7.73,D,2
22.33586,82.66608,343.44,0.44,0.38,2024-04-26,0729,N,VIIRS,l,2,316.22,7.17,D,0
22.32857,82.60234,338.76,0.44,0.38,2024-04-26,0729,N,VIIRS,l,2,311.96,6.47,D,2
22.32133,82.56013,344.03,0.44,0.38,2024-04-26,0729,N,VIIRS,l,2,315.38,9.46,D,0
22.32181,82.52058,343.3,0.44,0.38,2024-04-26,0729,N,VIIRS,l,2,318.25,7.23,D,0
22.32108,82.51632,343.31,0.44,0.38,2024-04-26,0729,N,VIIRS,l,2,318.02,7.23,D,0
22.40174,82.79989,343.21,0.43,0.38,2024-04-26,0729,N,VIIRS,l,2,315.34,5.32,D,0
22.39538,82.71935,346.8,0.43,0.38,2024-04-26,0729,N,VIIRS,l,2,318.29,8.73,D,0
22.39468,82.71516,343.6,0.43,0.38,2024-04-26,0729,N,VIIRS,l,2,315.73,6.25,D,0
22.42468,82.76534,346.29,0.43,0.38,2024-04-26,0729,N,VIIRS,l,2,315.98,9.05,D,0
20.58335,73.43388,332.45,0.54,0.68,2024-04-26,0729,N,VIIRS,n,2,296.51,3.36,D,0
22.53457,82.98833,336.93,0.42,0.38,2024-04-26,0729,N,VIIRS,l,2,308.84,2.34,D,0
22.53276,82.93492,347.36,0.42,0.38,2024-04-26,0729,N,VIIRS,n,2,309.74,3.39,D,0
22.52993,82.87531,345.9,0.43,0.38,2024-04-26,0729,N,VIIRS,l,2,310.11,5.74,D,0
22.57668,83.11353,344.36,0.42,0.38,2024-04-26,0729,N,VIIRS,l,2,314.12,6.97,D,0
22.55205,82.94376,331.33,0.42,0.38,2024-04-26,0729,N,VIIRS,l,2,305.88,1.83,D,0
22.55138,82.93974,336.29,0.42,0.38,2024-04-26,0729,N,VIIRS,l,2,310.78,1.83,D,0
22.46765,82.23306,334.02,0.45,0.39,2024-04-26,0729,N,VIIRS,l,2,306.85,4.73,D,0
22.60634,83.02129,342.05,0.42,0.38,2024-04-26,0729,N,VIIRS,l,2,309.7,6.28,D,0
22.4717,82.21413,334.44,0.45,0.39,2024-04-26,0729,N,VIIRS,l,2,309,3.02,D,0
22.47525,82.2134,335.49,0.45,0.39,2024-04-26,0729,N,VIIRS,l,2,308.89,3.02,D,0
22.49003,82.19261,338.08,0.45,0.39,2024-04-26,0729,N,VIIRS,l,2,309.11,7.37,D,0
22.50315,82.22591,336.96,0.45,0.39,2024-04-26,0729,N,VIIRS,l,2,308.57,5.9,D,0
22.50006,82.12276,339.34,0.46,0.39,2024-04-26,0729,N,VIIRS,n,2,308.27,4.99,D,0
22.59606,82.49236,337.67,0.44,0.38,2024-04-26,0729,N,VIIRS,l,2,309.55,5.62,D,0
22.59064,82.37413,337.22,0.44,0.39,2024-04-26,0729,N,VIIRS,l,2,311.05,6.59,D,0
22.59319,82.26768,335.06,0.45,0.39,2024-04-26,0729,N,VIIRS,l,2,309.02,6.43,D,0
22.68066,82.50157,339,0.44,0.38,2024-04-26,0729,N,VIIRS,l,2,313.83,6.75,D,0
23.44234,87.31616,337.96,0.42,0.37,2024-04-26,0729,N,VIIRS,l,2,312.68,1.86,D,0
22.75506,82.68671,339.43,0.43,0.38,2024-04-26,0729,N,VIIRS,l,2,312.97,3.64,D,0
22.75629,82.68719,339.41,0.43,0.38,2024-04-26,0729,N,VIIRS,l,2,313.41,3.17,D,0
23.45372,86.99788,344.13,0.41,0.37,2024-04-26,0729,N,VIIRS,n,2,315.62,4.92,D,0
23.46497,87.02868,346.21,0.41,0.37,2024-04-26,0729,N,VIIRS,n,2,319.26,7.89,D,0
23.52476,87.43713,339.39,0.42,0.38,2024-04-26,0729,N,VIIRS,l,2,313.94,5.29,D,0
23.5242,87.43301,338.57,0.42,0.38,2024-04-26,0729,N,VIIRS,l,2,313.27,5.29,D,0
23.4582,86.80688,343.58,0.4,0.37,2024-04-26,0729,N,VIIRS,l,2,316.16,3.78,D,0
23.45059,86.6557,345.84,0.4,0.37,2024-04-26,0729,N,VIIRS,n,2,317.99,4.84,D,0
23.56083,87.23933,347.02,0.41,0.37,2024-04-26,0729,N,VIIRS,l,2,319.5,9.15,D,2
22.9377,83.13364,337.6,0.41,0.37,2024-04-26,0729,N,VIIRS,l,2,312.26,2.75,D,0
23.64694,87.41438,342.43,0.42,0.38,2024-04-26,0729,N,VIIRS,l,2,316.14,6.4,D,0
23.6504,87.41382,350.22,0.42,0.38,2024-04-26,0729,N,VIIRS,l,2,320.93,14.76,D,0
23.46424,85.98053,348.56,0.39,0.36,2024-04-26,0729,N,VIIRS,n,2,314.39,5.35,D,0
23.46368,85.97673,337.85,0.39,0.36,2024-04-26,0729,N,VIIRS,l,2,312.47,1.54,D,0
23.67229,87.41872,344.09,0.42,0.38,2024-04-26,0729,N,VIIRS,n,2,313.41,7.69,D,0
23.60583,86.89246,341.92,0.41,0.37,2024-04-26,0729,N,VIIRS,l,2,315.81,3.85,D,0
23.10692,83.31212,347.52,0.41,0.37,2024-04-26,0729,N,VIIRS,l,2,316.03,3.75,D,0
23.11031,83.31148,345.58,0.41,0.37,2024-04-26,0729,N,VIIRS,l,2,316.12,3.75,D,0
23.5616,86.18676,343.75,0.39,0.36,2024-04-26,0729,N,VIIRS,l,2,315.92,3.38,D,0
23.03035,82.74693,340.32,0.43,0.38,2024-04-26,0729,N,VIIRS,l,2,313.11,6,D,0
23.6731,86.87357,353.46,0.41,0.37,2024-04-26,0729,N,VIIRS,n,2,314.99,7.01,D,0
23.72467,87.16853,350.64,0.41,0.37,2024-04-26,0729,N,VIIRS,n,2,319.4,12.11,D,0
23.56888,86.00172,349.66,0.39,0.36,2024-04-26,0729,N,VIIRS,l,2,321.29,9.57,D,0
23.56832,85.99791,350.21,0.39,0.36,2024-04-26,0729,N,VIIRS,l,2,323.13,8.6,D,0
23.57221,86.00115,343.27,0.39,0.36,2024-04-26,0729,N,VIIRS,l,2,318,7.32,D,0
23.57165,85.99734,353.84,0.39,0.36,2024-04-26,0729,N,VIIRS,n,2,323.72,12.34,D,0
23.74408,87.18201,344.98,0.41,0.37,2024-04-26,0729,N,VIIRS,l,2,318.92,8.37,D,0
23.76523,87.06297,347.14,0.41,0.37,2024-04-26,0729,N,VIIRS,l,2,318.32,7.33,D,0
23.66766,86.36565,345.12,0.39,0.37,2024-04-26,0729,N,VIIRS,l,2,315.36,5.76,D,0
23.76865,87.06242,350.7,0.41,0.37,2024-04-26,0729,N,VIIRS,n,2,320.53,6.39,D,0
23.68203,86.44254,343.31,0.4,0.37,2024-04-26,0729,N,VIIRS,l,2,314.29,3.76,D,0
23.77207,87.06185,350.34,0.41,0.37,2024-04-26,0729,N,VIIRS,n,2,317.24,6.39,D,0
23.76985,87.04574,342.12,0.41,0.37,2024-04-26,0729,N,VIIRS,n,2,316.65,3.52,D,0
23.68549,86.39435,354.23,0.4,0.37,2024-04-26,0729,N,VIIRS,n,2,322.24,10.65,D,2
23.72817,86.62234,340.9,0.4,0.37,2024-04-26,0729,N,VIIRS,l,2,315.54,5.94,D,0
23.78591,87.01023,341.95,0.41,0.37,2024-04-26,0729,N,VIIRS,l,2,314.5,4.02,D,0
23.78535,87.00622,349.84,0.41,0.37,2024-04-26,0729,N,VIIRS,n,2,317.55,5.32,D,0
23.7393,86.67669,342.94,0.4,0.37,2024-04-26,0729,N,VIIRS,l,2,313.39,4.32,D,0
23.74213,86.6722,345.14,0.4,0.37,2024-04-26,0729,N,VIIRS,l,2,315.28,8.27,D,0
23.25555,83.43005,341.41,0.4,0.37,2024-04-26,0729,N,VIIRS,l,2,315.02,2.96,D,0
23.65579,85.9749,345.98,0.39,0.36,2024-04-26,0729,N,VIIRS,l,2,317.83,6.45,D,0
23.7419,86.47609,339.99,0.4,0.37,2024-04-26,0729,N,VIIRS,l,2,314.26,2.16,D,0
23.7358,86.43344,350.1,0.4,0.37,2024-04-26,0729,N,VIIRS,l,2,323.17,9.36,D,0
23.74526,86.47553,342.7,0.4,0.37,2024-04-26,0729,N,VIIRS,l,2,313.85,2.16,D,0
23.2702,83.3703,341.48,0.41,0.37,2024-04-26,0729,N,VIIRS,l,2,315.53,7.54,D,0
23.27359,83.36967,339.58,0.41,0.37,2024-04-26,0729,N,VIIRS,l,2,314.48,4.99,D,0
21.17807,72.76784,342.64,0.57,0.69,2024-04-26,0729,N,VIIRS,n,2,295.51,8.19,D,0
23.74257,86.3609,343.75,0.4,0.37,2024-04-26,0729,N,VIIRS,n,2,317.65,3.37,D,0
23.75877,86.40176,349.94,0.4,0.37,2024-04-26,0729,N,VIIRS,l,2,322.23,7.8,D,2
23.76213,86.40119,348.38,0.4,0.37,2024-04-26,0729,N,VIIRS,l,2,322.22,7.8,D,2
23.76493,86.39676,367,0.4,0.37,2024-04-26,0729,N,VIIRS,l,2,325.2,15.18,D,2
23.77604,86.39103,347.14,0.4,0.37,2024-04-26,0729,N,VIIRS,l,2,321.03,5.5,D,2
23.77995,86.39433,352.12,0.4,0.37,2024-04-26,0729,N,VIIRS,l,2,326.98,5.5,D,2
23.7794,86.39046,354.24,0.4,0.37,2024-04-26,0729,N,VIIRS,l,2,325.47,5.5,D,2
23.79817,86.49866,343.48,0.4,0.37,2024-04-26,0729,N,VIIRS,l,2,316.71,5.98,D,0
23.78331,86.39377,348.37,0.4,0.37,2024-04-26,0729,N,VIIRS,l,2,322.78,8.72,D,2
23.78005,86.34676,350.27,0.4,0.37,2024-04-26,0729,N,VIIRS,n,2,322.6,7.61,D,2
21.17283,72.76635,342.45,0.57,0.69,2024-04-26,0729,N,VIIRS,n,2,296.85,8.82,D,0
23.74975,86.08791,341.48,0.39,0.36,2024-04-26,0729,N,VIIRS,l,2,315.86,4.93,D,0
23.78846,86.33345,348.25,0.39,0.37,2024-04-26,0729,N,VIIRS,l,2,323.11,7.25,D,2
23.77523,86.21717,367,0.39,0.36,2024-04-26,0729,N,VIIRS,h,2,322.61,10.29,D,0
23.1678,82.34052,344.01,0.44,0.38,2024-04-26,0729,N,VIIRS,l,2,317.45,9.72,D,2
23.78081,86.20834,351.99,0.39,0.36,2024-04-26,0729,N,VIIRS,l,2,326.04,10.66,D,2
23.76198,86.0779,345.87,0.39,0.36,2024-04-26,0729,N,VIIRS,l,2,317.34,6.11,D,0
23.80523,86.33059,353.08,0.39,0.37,2024-04-26,0729,N,VIIRS,l,2,326.2,10.66,D,2
23.37674,83.46365,342.01,0.4,0.37,2024-04-26,0729,N,VIIRS,n,2,316.55,2.75,D,0
23.38011,83.463,340.69,0.4,0.37,2024-04-26,0729,N,VIIRS,l,2,314.97,2.75,D,0
23.78812,86.04597,351.79,0.39,0.36,2024-04-26,0729,N,VIIRS,n,2,316.5,5.47,D,0
23.79582,85.91178,344.6,0.39,0.36,2024-04-26,0729,N,VIIRS,n,2,315.88,4.65,D,0
23.96502,87.04308,349.74,0.41,0.37,2024-04-26,0729,N,VIIRS,n,2,318.09,5.89,D,0
23.93316,86.71737,345.75,0.4,0.37,2024-04-26,0729,N,VIIRS,l,2,318.8,9.24,D,0
23.99739,86.80418,349.44,0.41,0.37,2024-04-26,0729,N,VIIRS,l,2,319.67,4.75,D,0
23.43649,82.8678,343.54,0.42,0.38,2024-04-26,0729,N,VIIRS,l,2,315.7,8.79,D,0
23.38452,82.37878,339.55,0.44,0.38,2024-04-26,0729,N,VIIRS,l,2,314.38,6.23,D,0
21.08046,71.23989,337.13,0.71,0.75,2024-04-26,0729,N,VIIRS,n,2,299.25,7.16,D,0
21.07875,71.23298,338.52,0.71,0.75,2024-04-26,0729,N,VIIRS,n,2,299.41,6.19,D,0
23.51078,82.72359,344.36,0.42,0.38,2024-04-26,0729,N,VIIRS,l,2,308.51,3.78,D,0
23.52188,82.7047,340.38,0.42,0.38,2024-04-26,0729,N,VIIRS,n,2,311.32,5.41,D,0
23.52006,82.70553,337.88,0.42,0.38,2024-04-26,0729,N,VIIRS,l,2,310.74,6.01,D,0
23.58982,83.01482,342.55,0.41,0.37,2024-04-26,0729,N,VIIRS,l,2,312.73,2.31,D,0
23.58915,83.01079,339.25,0.41,0.37,2024-04-26,0729,N,VIIRS,l,2,313.03,2.31,D,0
23.59664,83.01347,345.54,0.41,0.37,2024-04-26,0729,N,VIIRS,l,2,312.23,5.87,D,0
23.60072,83.01685,339.22,0.41,0.37,2024-04-26,0729,N,VIIRS,l,2,312.18,2.71,D,0
23.59468,82.98059,339.87,0.41,0.37,2024-04-26,0729,N,VIIRS,l,2,312.28,6.83,D,0
23.59401,82.97657,346.61,0.41,0.37,2024-04-26,0729,N,VIIRS,n,2,313.44,6.83,D,0
23.59334,82.97254,346.61,0.41,0.37,2024-04-26,0729,N,VIIRS,n,2,316.13,18.34,D,0
23.60076,82.99596,339.78,0.41,0.37,2024-04-26,0729,N,VIIRS,n,2,312.55,2.16,D,0
23.61709,83.00945,343.86,0.41,0.37,2024-04-26,0729,N,VIIRS,l,2,313.69,5.05,D,0
23.61186,82.93552,343.51,0.42,0.37,2024-04-26,0729,N,VIIRS,n,2,312.7,2.86,D,0
23.61119,82.93147,338,0.42,0.37,2024-04-26,0729,N,VIIRS,l,2,311.98,2.86,D,0
23.60984,82.92337,338.95,0.42,0.37,2024-04-26,0729,N,VIIRS,n,2,312.1,2.04,D,0
23.61528,82.93487,348.9,0.42,0.37,2024-04-26,0729,N,VIIRS,n,2,314.06,6.41,D,0
23.61461,82.93081,339.78,0.42,0.37,2024-04-26,0729,N,VIIRS,n,2,313.42,6.41,D,0
23.61326,82.92271,348.15,0.42,0.37,2024-04-26,0729,N,VIIRS,n,2,312.6,6.69,D,0
23.62539,82.9746,344.11,0.41,0.37,2024-04-26,0729,N,VIIRS,n,2,312.26,3.2,D,0
23.48163,82.12197,339.04,0.44,0.39,2024-04-26,0729,N,VIIRS,l,2,312.25,3.17,D,0
23.63695,82.98057,339.6,0.41,0.37,2024-04-26,0729,N,VIIRS,l,2,314.06,2.2,D,0
23.51614,82.2175,339.87,0.44,0.38,2024-04-26,0729,N,VIIRS,l,2,313.54,3.74,D,0
23.59585,82.66916,337.16,0.42,0.38,2024-04-26,0729,N,VIIRS,l,2,310.69,2.98,D,0
23.53405,82.30167,346.81,0.44,0.38,2024-04-26,0729,N,VIIRS,n,2,311.62,5.29,D,0
23.70197,83.22724,347.51,0.41,0.37,2024-04-26,0729,N,VIIRS,n,2,315.95,4.38,D,0
23.6496,82.88625,336.98,0.42,0.37,2024-04-26,0729,N,VIIRS,l,2,311.34,1.96,D,0
23.76125,83.5077,342.28,0.4,0.37,2024-04-26,0729,N,VIIRS,n,2,315.81,4.6,D,0
23.76255,83.50761,349,0.4,0.37,2024-04-26,0729,N,VIIRS,n,2,316.07,6.4,D,0
23.65926,82.84273,339.86,0.42,0.37,2024-04-26,0729,N,VIIRS,l,2,312.95,2.36,D,0
23.62029,82.5284,340.51,0.43,0.38,2024-04-26,0729,N,VIIRS,n,2,311.95,5.19,D,0
23.61958,82.52422,349.47,0.43,0.38,2024-04-26,0729,N,VIIRS,n,2,317.02,5.19,D,0
23.63289,82.58147,347.84,0.43,0.38,2024-04-26,0729,N,VIIRS,l,2,314.93,7.38,D,0
23.62376,82.52772,348.51,0.43,0.38,2024-04-26,0729,N,VIIRS,n,2,313.75,5.19,D,0
23.62304,82.52353,338.94,0.43,0.38,2024-04-26,0729,N,VIIRS,n,2,311.41,5.19,D,0
23.62722,82.52704,337.87,0.43,0.38,2024-04-26,0729,N,VIIRS,l,2,311.88,4.34,D,0
23.6265,82.52281,340.33,0.43,0.38,2024-04-26,0729,N,VIIRS,l,2,312.58,4.34,D,0
23.62579,82.51862,339.22,0.43,0.38,2024-04-26,0729,N,VIIRS,l,2,312.78,6.58,D,0
23.62437,82.51029,339.19,0.43,0.38,2024-04-26,0729,N,VIIRS,l,2,312.33,4.11,D,0
23.62368,82.50618,346.87,0.43,0.38,2024-04-26,0729,N,VIIRS,n,2,313.2,4.11,D,0
23.62297,82.50203,338.79,0.43,0.38,2024-04-26,0729,N,VIIRS,n,2,312.11,4.08,D,0
23.57505,82.17986,337.66,0.44,0.38,2024-04-26,0729,N,VIIRS,l,2,311.53,3.37,D,0
23.73093,83.08219,348.85,0.41,0.37,2024-04-26,0729,N,VIIRS,l,2,316.49,18.32,D,0
23.60221,82.25361,340.67,0.44,0.38,2024-04-26,0729,N,VIIRS,n,2,312.83,2.58,D,0
23.78805,83.17389,349.89,0.41,0.37,2024-04-26,0729,N,VIIRS,n,2,317.15,6.37,D,0
23.61766,82.04565,343.78,0.45,0.39,2024-04-26,0729,N,VIIRS,l,2,310.91,6.47,D,0
23.67101,82.27546,334.72,0.44,0.38,2024-04-26,0729,N,VIIRS,l,2,308.37,3.26,D,0
21.76041,72.86761,335.01,0.55,0.68,2024-04-26,0729,N,VIIRS,n,2,297.34,2.76,D,0
23.87795,82.95448,346.12,0.41,0.37,2024-04-26,0729,N,VIIRS,n,2,320.31,5.97,D,0
23.75305,82.16197,341.63,0.44,0.38,2024-04-26,0729,N,VIIRS,l,2,314.09,8.12,D,0
23.75656,82.16125,339.89,0.44,0.38,2024-04-26,0729,N,VIIRS,l,2,312.98,8.12,D,0
23.75266,82.15932,345.02,0.44,0.38,2024-04-26,0729,N,VIIRS,n,2,315.65,7.9,D,0
23.75616,82.15859,345.29,0.44,0.38,2024-04-26,0729,N,VIIRS,n,2,313.64,7.9,D,0
23.9025,82.91328,349.84,0.41,0.37,2024-04-26,0729,N,VIIRS,n,2,319.06,7.1,D,0
24.08443,83.25213,347.39,0.4,0.37,2024-04-26,0729,N,VIIRS,n,2,318.31,5.23,D,0
24.08186,83.23646,344.27,0.4,0.37,2024-04-26,0729,N,VIIRS,l,2,316.53,3.89,D,0
24.10066,83.24491,350.14,0.4,0.37,2024-04-26,0729,N,VIIRS,n,2,321.37,9.64,D,0
24.14708,83.18315,348.92,0.4,0.37,2024-04-26,0729,N,VIIRS,l,2,321.32,5.44,D,0
24.06471,82.43764,341.27,0.43,0.38,2024-04-26,0729,N,VIIRS,l,2,314.79,10.47,D,0
24.22345,82.86354,341.61,0.41,0.37,2024-04-26,0729,N,VIIRS,l,2,316.26,7.7,D,0
24.1775,82.50554,346.02,0.42,0.38,2024-04-26,0729,N,VIIRS,l,2,319.9,9.92,D,0
24.25056,82.89967,346.4,0.41,0.37,2024-04-26,0729,N,VIIRS,n,2,315.89,6.84,D,0
24.26586,82.80082,341.79,0.41,0.37,2024-04-26,0729,N,VIIRS,l,2,314.93,5.19,D,0
24.27244,82.64835,348.1,0.42,0.38,2024-04-26,0729,N,VIIRS,l,2,320.97,24.52,D,0
24.27162,82.64909,353,0.42,0.38,2024-04-26,0729,N,VIIRS,l,2,322.01,31.6,D,0
23.58236,72.41772,348.79,0.53,0.67,2024-04-26,0730,N,VIIRS,n,2,304.85,7.71,D,0
23.58055,72.42017,351.1,0.53,0.67,2024-04-26,0730,N,VIIRS,n,2,305.67,7.54,D,0
24.23497,73.72977,367,0.43,0.62,2024-04-26,0730,N,VIIRS,h,2,298.82,10.9,D,0
24.23137,73.73037,340.55,0.43,0.62,2024-04-26,0730,N,VIIRS,n,2,299.45,5.89,D,0
24.38272,73.37061,331.63,0.45,0.63,2024-04-26,0730,N,VIIRS,l,2,302.97,2.66,D,0
27.68693,77.43201,352.28,0.44,0.46,2024-04-26,0730,N,VIIRS,n,2,316.7,9.84,D,0
27.71029,77.48156,343.57,0.44,0.46,2024-04-26,0730,N,VIIRS,l,2,314.95,6.21,D,0
27.70582,77.45963,351.07,0.44,0.46,2024-04-26,0730,N,VIIRS,n,2,318.02,5.57,D,0
27.70492,77.45523,342.28,0.44,0.46,2024-04-26,0730,N,VIIRS,l,2,316.69,5.57,D,0
27.70313,77.44644,345.89,0.44,0.46,2024-04-26,0730,N,VIIRS,n,2,314.95,8.32,D,0
27.7109,77.46297,345.26,0.44,0.46,2024-04-26,0730,N,VIIRS,n,2,313.19,11.33,D,0
27.71001,77.45857,345.82,0.44,0.46,2024-04-26,0730,N,VIIRS,l,2,317.15,5.57,D,0
27.79265,77.4155,356.15,0.44,0.46,2024-04-26,0730,N,VIIRS,n,2,317.35,13.06,D,0
27.69182,76.81916,345.53,0.48,0.48,2024-04-26,0730,N,VIIRS,l,2,316.23,6.65,D,0
27.84655,77.4203,347.8,0.44,0.46,2024-04-26,0730,N,VIIRS,n,2,315.45,9.54,D,0
27.90165,77.49812,345.27,0.43,0.46,2024-04-26,0730,N,VIIRS,l,2,315.96,8.48,D,0
27.90582,77.49706,354.69,0.43,0.46,2024-04-26,0730,N,VIIRS,n,2,319.22,8.48,D,0
27.90198,77.49914,346.7,0.43,0.46,2024-04-26,0730,N,VIIRS,l,2,318.44,13.97,D,0
27.90615,77.49807,347.61,0.43,0.46,2024-04-26,0730,N,VIIRS,l,2,319.23,14.5,D,0
27.90526,77.49375,345.51,0.43,0.46,2024-04-26,0730,N,VIIRS,n,2,315.81,7.9,D,0
29.60152,79.22832,338.44,0.49,0.41,2024-04-26,0731,N,VIIRS,n,2,307.21,5.41,D,0
27.9943,77.41699,343.12,0.43,0.46,2024-04-26,0731,N,VIIRS,l,2,316.51,5.15,D,0
28.08367,77.49013,346.48,0.43,0.46,2024-04-26,0731,N,VIIRS,n,2,315.2,7.78,D,0
28.07036,77.31426,341.98,0.44,0.46,2024-04-26,0731,N,VIIRS,l,2,314.83,6.61,D,0
28.73941,80.21606,352.38,0.46,0.39,2024-04-26,0731,N,VIIRS,l,2,322.31,55.5,D,0
28.20115,77.35791,343.83,0.43,0.46,2024-04-26,0731,N,VIIRS,n,2,312.32,4.23,D,0
28.17778,77.11593,355.05,0.45,0.47,2024-04-26,0731,N,VIIRS,n,2,321.07,19.37,D,0
28.17685,77.1114,344.66,0.45,0.47,2024-04-26,0731,N,VIIRS,l,2,318.62,10.46,D,0
28.18108,77.11032,345.36,0.45,0.47,2024-04-26,0731,N,VIIRS,l,2,316.85,7.03,D,0
28.27785,77.41158,346.22,0.43,0.46,2024-04-26,0731,N,VIIRS,n,2,314.57,6.45,D,0
28.29119,77.41271,348.25,0.43,0.46,2024-04-26,0731,N,VIIRS,n,2,314.28,7.71,D,0
28.77481,79.76328,342.6,0.48,0.4,2024-04-26,0731,N,VIIRS,l,2,317.13,5.78,D,0
28.28572,76.77879,345.19,0.47,0.48,2024-04-26,0731,N,VIIRS,n,2,314.58,11.86,D,0
28.28476,76.77408,340.63,0.47,0.48,2024-04-26,0731,N,VIIRS,l,2,314.99,10.64,D,0
28.89448,79.78487,349.55,0.48,0.4,2024-04-26,0731,N,VIIRS,n,2,315.75,10.78,D,0
28.89012,79.69961,350.37,0.48,0.4,2024-04-26,0731,N,VIIRS,n,2,320.26,23.95,D,0
28.91911,79.75381,338.24,0.48,0.4,2024-04-26,0731,N,VIIRS,n,2,312.71,4.3,D,0
28.96249,79.92948,350.01,0.47,0.4,2024-04-26,0731,N,VIIRS,n,2,319.89,9.89,D,0
28.97245,79.92219,350.22,0.47,0.4,2024-04-26,0731,N,VIIRS,n,2,315.82,11.53,D,0
28.97865,79.93568,352.8,0.47,0.4,2024-04-26,0731,N,VIIRS,l,2,325.23,21.6,D,0
28.97779,79.93089,356.56,0.47,0.4,2024-04-26,0731,N,VIIRS,n,2,318.59,21.6,D,0
28.97692,79.92612,348.07,0.47,0.4,2024-04-26,0731,N,VIIRS,n,2,315.4,7.94,D,0
28.87192,79.18451,342.52,0.51,0.41,2024-04-26,0731,N,VIIRS,n,2,313.44,3.84,D,0
28.86839,79.06329,339.29,0.52,0.41,2024-04-26,0731,N,VIIRS,l,2,313.15,6.23,D,0
29.05901,80.00351,337.62,0.46,0.39,2024-04-26,0731,N,VIIRS,l,2,311.8,7.67,D,0
28.92008,79.17043,343.35,0.51,0.41,2024-04-26,0731,N,VIIRS,n,2,311.62,3.57,D,0
28.41582,76.59238,342.67,0.48,0.48,2024-04-26,0731,N,VIIRS,l,2,315.78,10.38,D,0
28.41382,76.58278,346.39,0.48,0.48,2024-04-26,0731,N,VIIRS,l,2,316.81,8.79,D,0
29.0911,80.03619,338.34,0.46,0.39,2024-04-26,0731,N,VIIRS,l,2,306.97,15.15,D,0
29.09387,80.03088,344.28,0.46,0.39,2024-04-26,0731,N,VIIRS,l,2,306.63,9.85,D,0
29.10382,80.02394,348.62,0.46,0.39,2024-04-26,0731,N,VIIRS,l,2,309.73,10.53,D,0
29.12986,80.02344,332.18,0.46,0.39,2024-04-26,0731,N,VIIRS,l,2,305.97,1.3,D,0
29.12983,79.9605,367,0.47,0.39,2024-04-26,0731,N,VIIRS,h,2,309.81,12.72,D,0
29.13334,79.95922,355.74,0.47,0.39,2024-04-26,0731,N,VIIRS,n,2,306.54,12.72,D,0
29.13401,79.96152,335.97,0.47,0.39,2024-04-26,0731,N,VIIRS,n,2,303.91,5.13,D,0
29.13318,79.95698,336.01,0.47,0.39,2024-04-26,0731,N,VIIRS,n,2,304.67,4.3,D,0
28.99129,79.15683,342.78,0.51,0.41,2024-04-26,0731,N,VIIRS,l,2,315.65,6.17,D,0
28.49826,76.63903,339.96,0.47,0.48,2024-04-26,0731,N,VIIRS,l,2,314.39,9.85,D,0
28.54338,76.81037,339.34,0.46,0.47,2024-04-26,0731,N,VIIRS,l,2,311.06,4.11,D,0
28.54241,76.80573,341.65,0.46,0.47,2024-04-26,0731,N,VIIRS,n,2,311.23,4.11,D,0
28.54669,76.8046,344.44,0.46,0.47,2024-04-26,0731,N,VIIRS,n,2,312.66,7.26,D,0
28.58295,76.89236,352.84,0.45,0.47,2024-04-26,0731,N,VIIRS,n,2,313.68,12.66,D,0
29.20095,79.93855,334.32,0.47,0.39,2024-04-26,0731,N,VIIRS,l,2,304.49,3.2,D,0
29.20718,79.95239,340.22,0.47,0.39,2024-04-26,0731,N,VIIRS,n,2,303.09,5.21,D,0
29.20463,79.9382,348.36,0.47,0.39,2024-04-26,0731,N,VIIRS,n,2,305.72,6.36,D,0
29.20372,79.93317,351.2,0.47,0.39,2024-04-26,0731,N,VIIRS,n,2,307.08,7.25,D,0
29.21293,79.96356,339.78,0.46,0.39,2024-04-26,0731,N,VIIRS,n,2,303.9,4.54,D,0
29.21219,79.95946,336.19,0.47,0.39,2024-04-26,0731,N,VIIRS,n,2,303.47,4.3,D,0
29.20825,79.93757,337.6,0.47,0.39,2024-04-26,0731,N,VIIRS,n,2,303.25,6.36,D,0
29.2074,79.93282,338.71,0.47,0.39,2024-04-26,0731,N,VIIRS,n,2,304.69,7.25,D,0
29.07755,79.01093,336.31,0.52,0.41,2024-04-26,0731,N,VIIRS,l,2,309.78,4.06,D,0
29.20743,79.76587,331.26,0.47,0.4,2024-04-26,0731,N,VIIRS,l,2,306.13,3.56,D,0
29.09476,79.14552,338.61,0.51,0.41,2024-04-26,0731,N,VIIRS,l,2,313.6,4.52,D,0
29.22828,79.83824,335.95,0.47,0.4,2024-04-26,0731,N,VIIRS,n,2,307.37,3.44,D,0
29.08027,79.00777,340.76,0.52,0.41,2024-04-26,0731,N,VIIRS,l,2,312.78,8.36,D,0
29.27371,79.92261,335.92,0.47,0.39,2024-04-26,0731,N,VIIRS,n,2,304.63,6.38,D,0
29.27732,79.92189,347.15,0.47,0.39,2024-04-26,0731,N,VIIRS,n,2,304.2,6.38,D,0
29.23804,79.70661,335.8,0.48,0.4,2024-04-26,0731,N,VIIRS,l,2,307.51,3.3,D,0
29.27751,79.9023,332.7,0.47,0.39,2024-04-26,0731,N,VIIRS,l,2,304.76,3.42,D,0
29.2372,79.64008,334.43,0.48,0.4,2024-04-26,0731,N,VIIRS,n,2,304.41,4.46,D,0
29.28746,79.87455,336.71,0.47,0.4,2024-04-26,0731,N,VIIRS,n,2,306.45,4.43,D,0
29.32505,80.02106,337.76,0.46,0.39,2024-04-26,0731,N,VIIRS,n,2,300.23,4.06,D,0
29.32863,80.02029,345.77,0.46,0.39,2024-04-26,0731,N,VIIRS,n,2,303.7,19.68,D,0
29.26147,79.62751,342.83,0.48,0.4,2024-04-26,0731,N,VIIRS,n,2,310.24,3.61,D,0
29.26513,79.62677,345.77,0.48,0.4,2024-04-26,0731,N,VIIRS,n,2,308.4,5.76,D,0
28.63825,76.41068,345.17,0.48,0.48,2024-04-26,0731,N,VIIRS,n,2,313.43,12.34,D,0
29.26793,79.62131,338.41,0.48,0.4,2024-04-26,0731,N,VIIRS,l,2,308.42,5.76,D,0
29.27252,79.62569,337.5,0.48,0.4,2024-04-26,0731,N,VIIRS,l,2,307.74,6.05,D,0
29.37389,80.17046,333.16,0.45,0.39,2024-04-26,0731,N,VIIRS,n,2,303.78,3.17,D,0
29.32208,79.8378,330.63,0.47,0.4,2024-04-26,0731,N,VIIRS,l,2,304.18,5.75,D,0
29.16673,78.98679,338,0.52,0.41,2024-04-26,0731,N,VIIRS,n,2,311.45,3.96,D,0
29.40631,79.39404,337.66,0.49,0.4,2024-04-26,0731,N,VIIRS,n,2,305.65,14.66,D,0
29.40435,79.38351,333.16,0.49,0.4,2024-04-26,0731,N,VIIRS,l,2,307.77,9.25,D,0
29.39952,79.35746,337.87,0.49,0.4,2024-04-26,0731,N,VIIRS,n,2,305.62,3.29,D,0
29.41002,79.39343,335.45,0.49,0.4,2024-04-26,0731,N,VIIRS,n,2,301.44,5.44,D,0
29.40232,79.35184,336.47,0.49,0.4,2024-04-26,0731,N,VIIRS,n,2,306.29,4.09,D,0
29.49733,79.84961,343.04,0.47,0.39,2024-04-26,0731,N,VIIRS,n,2,310.78,4.64,D,0
29.40995,79.35165,346.74,0.49,0.4,2024-04-26,0731,N,VIIRS,n,2,306.88,6.94,D,0
29.0644,77.47122,340.33,0.41,0.45,2024-04-26,0731,N,VIIRS,n,2,311.19,3.46,D,0
29.52191,79.73656,335.48,0.47,0.4,2024-04-26,0731,N,VIIRS,n,2,309.68,3.38,D,0
29.56932,79.91814,349.4,0.46,0.39,2024-04-26,0731,N,VIIRS,n,2,310.06,7.89,D,0
29.54322,79.8122,339.85,0.47,0.39,2024-04-26,0731,N,VIIRS,n,2,310.35,4.9,D,0
29.56949,79.91473,335.09,0.46,0.39,2024-04-26,0731,N,VIIRS,l,2,308.71,3.38,D,0
29.60511,79.96748,337.17,0.46,0.39,2024-04-26,0731,N,VIIRS,l,2,311.12,3.93,D,0
29.5818,79.83897,336.98,0.47,0.39,2024-04-26,0731,N,VIIRS,l,2,307.97,6.8,D,0
29.47681,79.27019,335.19,0.49,0.41,2024-04-26,0731,N,VIIRS,l,2,309.36,5.95,D,0
29.6855,80.29275,332.91,0.45,0.39,2024-04-26,0731,N,VIIRS,n,2,307.03,2.27,D,0
29.6495,80.06994,337.6,0.45,0.39,2024-04-26,0731,N,VIIRS,l,2,306.24,5.44,D,0
29.52602,79.32829,331.87,0.49,0.4,2024-04-26,0731,N,VIIRS,n,2,303.8,2.75,D,0
29.52522,79.32397,330.67,0.49,0.4,2024-04-26,0731,N,VIIRS,l,2,303.39,2.75,D,0
29.52886,79.32294,336.56,0.49,0.4,2024-04-26,0731,N,VIIRS,n,2,303.81,6.17,D,0
29.52803,79.31845,332.54,0.49,0.4,2024-04-26,0731,N,VIIRS,l,2,302.58,3.32,D,0
29.30414,78.09264,334.28,0.57,0.43,2024-04-26,0731,N,VIIRS,l,2,307.26,2.69,D,0
29.5482,79.34461,346.58,0.49,0.4,2024-04-26,0731,N,VIIRS,n,2,308.05,4.79,D,0
29.57755,79.46355,337.31,0.48,0.4,2024-04-26,0731,N,VIIRS,l,2,310.95,5.27,D,0
29.66171,79.88913,331.84,0.46,0.39,2024-04-26,0731,N,VIIRS,l,2,302.92,2.34,D,0
29.60314,79.54197,333.87,0.48,0.4,2024-04-26,0731,N,VIIRS,n,2,303.59,3.71,D,0
29.6023,79.53735,348.16,0.48,0.4,2024-04-26,0731,N,VIIRS,n,2,309.02,9.64,D,0
29.64751,79.76777,344.4,0.47,0.4,2024-04-26,0731,N,VIIRS,n,2,307.32,3.63,D,0
29.60676,79.54105,341.67,0.48,0.4,2024-04-26,0731,N,VIIRS,l,2,311.82,19.28,D,0
29.61038,79.54008,333.57,0.48,0.4,2024-04-26,0731,N,VIIRS,n,2,302.69,19.28,D,0
29.6023,79.54027,345.64,0.48,0.4,2024-04-26,0731,N,VIIRS,n,2,306.06,15.36,D,0
29.60142,79.53551,334.8,0.48,0.4,2024-04-26,0731,N,VIIRS,l,2,306.88,15.36,D,0
29.5628,79.3295,335.86,0.49,0.4,2024-04-26,0731,N,VIIRS,n,2,309.44,3,D,0
29.64774,79.76534,335.18,0.47,0.4,2024-04-26,0731,N,VIIRS,l,2,305.54,6.03,D,0
29.60591,79.53928,351.29,0.48,0.4,2024-04-26,0731,N,VIIRS,n,2,312.75,15.36,D,0
29.58626,79.43405,330.06,0.48,0.4,2024-04-26,0731,N,VIIRS,l,2,304.43,1.33,D,0
29.61041,79.54309,336.8,0.48,0.4,2024-04-26,0731,N,VIIRS,n,2,303.3,2.33,D,0
29.6095,79.53825,333.89,0.48,0.4,2024-04-26,0731,N,VIIRS,n,2,302.61,0.92,D,0
29.61022,79.52175,336.74,0.48,0.4,2024-04-26,0731,N,VIIRS,n,2,306.21,3.19,D,0
29.57311,79.32307,343.21,0.49,0.4,2024-04-26,0731,N,VIIRS,n,2,306.25,5.46,D,0
29.56141,79.19933,346.04,0.5,0.41,2024-04-26,0731,N,VIIRS,n,2,307.61,4.69,D,0
29.55526,79.16673,338.46,0.5,0.41,2024-04-26,0731,N,VIIRS,l,2,310.4,5.49,D,0
29.79064,80.43433,331.73,0.44,0.38,2024-04-26,0731,N,VIIRS,n,2,305.81,2.84,D,0
29.56519,79.1989,338.95,0.5,0.41,2024-04-26,0731,N,VIIRS,n,2,307.73,4.69,D,0
29.55905,79.16631,345.27,0.5,0.41,2024-04-26,0731,N,VIIRS,n,2,310.35,5.49,D,0
29.6765,79.77918,335.24,0.47,0.39,2024-04-26,0731,N,VIIRS,n,2,303.29,5.69,D,0
29.56284,79.16591,340.16,0.5,0.41,2024-04-26,0731,N,VIIRS,n,2,310.16,11.91,D,0
29.68765,79.81988,335.48,0.46,0.39,2024-04-26,0731,N,VIIRS,n,2,306.67,3.8,D,0
29.45361,78.57172,342.66,0.53,0.42,2024-04-26,0731,N,VIIRS,n,2,310.08,5.35,D,0
29.58571,79.2467,333.21,0.49,0.41,2024-04-26,0731,N,VIIRS,l,2,305.96,3.72,D,0
29.69455,79.77555,341.8,0.47,0.39,2024-04-26,0731,N,VIIRS,n,2,304.5,9.7,D,0
29.69375,79.77113,344.6,0.47,0.39,2024-04-26,0731,N,VIIRS,n,2,309.55,16.25,D,0
31.46832,76.51386,341.55,0.42,0.45,2024-04-26,0731,N,VIIRS,n,2,305.77,3.84,D,0
31.20757,75.53687,342.74,0.48,0.48,2024-04-26,0731,N,VIIRS,n,2,301.1,3.85,D,0
30.98652,74.88876,352.6,0.53,0.5,2024-04-26,0731,N,VIIRS,n,2,308.17,8.79,D,0
30.95611,75.28978,331.35,0.5,0.49,2024-04-26,0731,N,VIIRS,n,2,292.92,1.54,D,0
30.61269,74.55921,336.88,0.56,0.52,2024-04-26,0731,N,VIIRS,l,2,308.76,5.7,D,0
30.68384,75.29408,339.18,0.51,0.49,2024-04-26,0731,N,VIIRS,n,2,308.83,1.93,D,0
30.48368,74.47574,342.95,0.57,0.52,2024-04-26,0731,N,VIIRS,n,2,308.3,5,D,0
30.11159,73.85393,344.33,0.63,0.54,2024-04-26,0731,N,VIIRS,n,2,310.67,9.53,D,0
30.6874,77.27631,340.3,0.4,0.44,2024-04-26,0731,N,VIIRS,n,2,299.16,3.4,D,0
30.3258,75.82197,338,0.48,0.48,2024-04-26,0731,N,VIIRS,l,2,312.56,4.02,D,0
30.78004,78.12266,334.55,0.53,0.42,2024-04-26,0731,N,VIIRS,n,2,307.22,2.87,D,0
30.74896,78.2374,330.7,0.53,0.42,2024-04-26,0731,N,VIIRS,n,2,298.78,3.18,D,0
29.79008,73.81995,343.07,0.32,0.55,2024-04-26,0731,N,VIIRS,n,2,307.26,2.2,D,0
29.83615,74.70362,334.27,0.57,0.52,2024-04-26,0731,N,VIIRS,l,2,308.21,1.28,D,0
30.00424,75.61562,342.45,0.5,0.49,2024-04-26,0731,N,VIIRS,n,2,312.4,6.47,D,0
29.82933,75.00999,337.84,0.55,0.51,2024-04-26,0731,N,VIIRS,l,2,311.78,3.66,D,0
29.85053,75.12801,338.96,0.54,0.51,2024-04-26,0731,N,VIIRS,n,2,308.84,4.84,D,0
30.48122,78.18999,343.24,0.54,0.42,2024-04-26,0731,N,VIIRS,n,2,304.97,8.46,D,0
30.47754,78.19163,335.64,0.54,0.42,2024-04-26,0731,N,VIIRS,n,2,304.66,8.46,D,0
30.55611,78.78867,334.31,0.5,0.41,2024-04-26,0731,N,VIIRS,n,2,299.43,3.5,D,0
30.51868,78.64995,334.91,0.51,0.41,2024-04-26,0731,N,VIIRS,n,2,307.47,1.69,D,0
29.63447,74.56272,335.42,0.59,0.53,2024-04-26,0731,N,VIIRS,l,2,310.31,4.33,D,0
29.47049,73.93378,342.06,0.32,0.55,2024-04-26,0731,N,VIIRS,n,2,308.55,2.98,D,0
30.36216,78.22405,338.37,0.54,0.42,2024-04-26,0731,N,VIIRS,n,2,310.89,7.47,D,0
30.33705,78.13696,335.93,0.54,0.42,2024-04-26,0731,N,VIIRS,l,2,309.54,3.27,D,0
30.02208,76.60761,352,0.44,0.46,2024-04-26,0731,N,VIIRS,n,2,315.43,9.35,D,0
30.33219,78.13276,336.66,0.54,0.42,2024-04-26,0731,N,VIIRS,l,2,309.42,3.27,D,0
30.3355,78.23122,331.6,0.54,0.42,2024-04-26,0731,N,VIIRS,n,2,301.93,2.18,D,0
30.01916,76.60714,345.26,0.44,0.46,2024-04-26,0731,N,VIIRS,l,2,316.43,11.63,D,0
29.6924,75.09563,337.19,0.55,0.51,2024-04-26,0731,N,VIIRS,l,2,311.11,2.2,D,0
30.35916,78.38136,346.36,0.53,0.42,2024-04-26,0731,N,VIIRS,n,2,308.5,10.1,D,0
30.36365,78.46777,343.18,0.52,0.42,2024-04-26,0731,N,VIIRS,n,2,308.57,9.18,D,0
29.6691,75.07861,341.01,0.55,0.51,2024-04-26,0731,N,VIIRS,l,2,313.6,5.76,D,0
30.33127,78.38097,335.81,0.53,0.42,2024-04-26,0731,N,VIIRS,n,2,309.27,2.63,D,0
30.44374,79.01915,354.37,0.49,0.4,2024-04-26,0731,N,VIIRS,n,2,307.17,16.3,D,0
30.43888,79.0137,340.74,0.49,0.4,2024-04-26,0731,N,VIIRS,n,2,305.85,11.77,D,0
30.43986,79.01894,346.98,0.49,0.4,2024-04-26,0731,N,VIIRS,n,2,310.1,16.3,D,0
29.48372,74.44736,337.65,0.6,0.53,2024-04-26,0731,N,VIIRS,l,2,309.25,4.85,D,0
30.36919,78.70456,347.55,0.51,0.41,2024-04-26,0731,N,VIIRS,n,2,304.82,9,D,0
30.28084,78.26403,333.07,0.54,0.42,2024-04-26,0731,N,VIIRS,l,2,304.29,6.28,D,0
30.34815,78.67616,333.98,0.51,0.41,2024-04-26,0731,N,VIIRS,n,2,302.5,3.15,D,0
30.34899,78.68058,331.62,0.51,0.41,2024-04-26,0731,N,VIIRS,l,2,303.54,3.15,D,0
30.28888,78.42913,352.22,0.53,0.42,2024-04-26,0731,N,VIIRS,n,2,307.06,22.16,D,0
30.28969,78.45393,330.49,0.52,0.42,2024-04-26,0731,N,VIIRS,l,2,305.04,3.61,D,0
30.40549,79.10154,345.12,0.49,0.4,2024-04-26,0731,N,VIIRS,n,2,301.85,5.52,D,0
30.3045,78.67236,342.65,0.51,0.41,2024-04-26,0731,N,VIIRS,n,2,307.92,6.35,D,0
30.31194,78.73312,339.13,0.51,0.41,2024-04-26,0731,N,VIIRS,n,2,307.98,16.4,D,0
30.2533,78.48421,333.96,0.52,0.42,2024-04-26,0731,N,VIIRS,l,2,308.33,2.7,D,0
30.29276,78.71415,340.46,0.51,0.41,2024-04-26,0731,N,VIIRS,n,2,310.29,4.35,D,0
30.29368,78.71902,334.58,0.51,0.41,2024-04-26,0731,N,VIIRS,n,2,308.53,4.35,D,0
30.24684,78.51274,337.69,0.52,0.42,2024-04-26,0731,N,VIIRS,n,2,305.41,2.55,D,0
29.98876,77.3204,343.7,0.4,0.45,2024-04-26,0731,N,VIIRS,n,2,312.21,2.94,D,0
30.29475,78.89038,334.8,0.5,0.41,2024-04-26,0731,N,VIIRS,n,2,304.63,3.18,D,0
30.37291,79.30991,337.56,0.48,0.4,2024-04-26,0731,N,VIIRS,n,2,304.99,4.63,D,0
30.24697,78.65852,334.49,0.51,0.41,2024-04-26,0731,N,VIIRS,l,2,308.07,3.77,D,0
30.24811,78.66447,335.19,0.51,0.41,2024-04-26,0731,N,VIIRS,l,2,310.15,3.77,D,0
29.85069,76.6883,343.49,0.44,0.46,2024-04-26,0731,N,VIIRS,n,2,315.96,4.82,D,0
30.20773,78.47388,339.87,0.53,0.42,2024-04-26,0731,N,VIIRS,n,2,302.58,7.12,D,0
30.33375,79.1603,347.52,0.49,0.4,2024-04-26,0731,N,VIIRS,n,2,312.46,12.75,D,0
30.33468,79.16529,343.71,0.49,0.4,2024-04-26,0731,N,VIIRS,n,2,310.59,9.5,D,0
30.26163,78.83836,331.94,0.5,0.41,2024-04-26,0731,N,VIIRS,l,2,304.69,5.02,D,0
30.26266,78.84373,344.08,0.5,0.41,2024-04-26,0731,N,VIIRS,n,2,306.42,8.48,D,0
30.3495,79.30637,337.92,0.48,0.4,2024-04-26,0731,N,VIIRS,n,2,305.04,2.7,D,0
30.25881,78.84397,350.4,0.5,0.41,2024-04-26,0731,N,VIIRS,n,2,310.93,8.48,D,0
29.34894,74.51928,339.46,0.6,0.53,2024-04-26,0731,N,VIIRS,l,2,310.27,10.25,D,0
29.47886,75.11581,339.23,0.55,0.51,2024-04-26,0731,N,VIIRS,l,2,311.95,3.43,D,0
30.30342,79.16164,342.1,0.49,0.4,2024-04-26,0731,N,VIIRS,n,2,310.24,5.64,D,0
30.29958,79.16164,343.19,0.49,0.4,2024-04-26,0731,N,VIIRS,l,2,313.89,6.91,D,0
30.12916,78.29559,336.82,0.54,0.42,2024-04-26,0731,N,VIIRS,l,2,310.78,9.52,D,0
30.25492,78.94595,335.18,0.5,0.41,2024-04-26,0731,N,VIIRS,n,2,300.1,6.4,D,0
30.30109,79.15929,342.77,0.49,0.4,2024-04-26,0731,N,VIIRS,l,2,314.16,8.34,D,0
30.25485,78.94936,334.83,0.5,0.41,2024-04-26,0731,N,VIIRS,n,2,297.21,4.88,D,0
30.12786,78.29245,348.34,0.54,0.42,2024-04-26,0731,N,VIIRS,n,2,312.5,11.7,D,0
30.23566,78.86653,338.6,0.5,0.41,2024-04-26,0731,N,VIIRS,n,2,302.04,10.29,D,0
29.34739,74.52188,346.28,0.6,0.53,2024-04-26,0731,N,VIIRS,n,2,310.94,7.53,D,0
30.20767,78.758,346.18,0.51,0.41,2024-04-26,0731,N,VIIRS,n,2,305.4,10.51,D,0
30.20863,78.76314,344.44,0.51,0.41,2024-04-26,0731,N,VIIRS,n,2,296.48,6.04,D,0
30.1276,78.37534,346.52,0.53,0.42,2024-04-26,0731,N,VIIRS,n,2,309.09,13.77,D,0
30.12361,78.37534,340.61,0.53,0.42,2024-04-26,0731,N,VIIRS,n,2,310.53,13.77,D,0
29.40549,74.92177,342.38,0.57,0.52,2024-04-26,0731,N,VIIRS,l,2,313.27,5.69,D,0
30.13272,78.56906,334.28,0.52,0.42,2024-04-26,0731,N,VIIRS,n,2,302.57,3.13,D,0
30.13371,78.5743,333.39,0.52,0.42,2024-04-26,0731,N,VIIRS,n,2,293.81,3.54,D,0
30.11243,78.56638,346.98,0.52,0.42,2024-04-26,0731,N,VIIRS,n,2,310.65,13.05,D,0
29.47205,75.49172,343.71,0.52,0.5,2024-04-26,0731,N,VIIRS,n,2,312.36,4.86,D,0
29.84208,77.26209,340.01,0.41,0.45,2024-04-26,0731,N,VIIRS,l,2,312.52,2.44,D,0
30.09539,78.53944,367,0.52,0.42,2024-04-26,0731,N,VIIRS,h,2,317.77,36.37,D,0
30.14585,78.82339,339.97,0.51,0.41,2024-04-26,0731,N,VIIRS,n,2,296.93,5.51,D,0
30.14689,78.82883,330.39,0.51,0.41,2024-04-26,0731,N,VIIRS,n,2,294.12,5.87,D,0
30.09848,78.67838,334.84,0.52,0.41,2024-04-26,0731,N,VIIRS,n,2,305.49,6.43,D,0
30.11465,78.78262,333.24,0.51,0.41,2024-04-26,0731,N,VIIRS,n,2,298.1,5.56,D,0
30.11572,78.78822,332.05,0.51,0.41,2024-04-26,0731,N,VIIRS,n,2,299.2,5.56,D,0
30.09946,78.68075,336.77,0.52,0.41,2024-04-26,0731,N,VIIRS,n,2,305.18,6.6,D,0
30.11502,78.78539,349.41,0.51,0.41,2024-04-26,0731,N,VIIRS,n,2,300.14,10.27,D,0
30.19756,79.39946,347.28,0.48,0.4,2024-04-26,0731,N,VIIRS,n,2,304.19,9.07,D,0
29.99491,78.46291,344.02,0.53,0.42,2024-04-26,0731,N,VIIRS,n,2,311.39,6.05,D,0
29.96819,78.36576,340.28,0.54,0.42,2024-04-26,0731,N,VIIRS,l,2,311.14,2.58,D,0
29.97643,78.49104,345.07,0.53,0.42,2024-04-26,0731,N,VIIRS,n,2,308.4,6.68,D,0
30.04008,78.82284,346.77,0.51,0.41,2024-04-26,0731,N,VIIRS,n,2,310.14,10.82,D,0
29.9836,78.58966,336.07,0.52,0.42,2024-04-26,0731,N,VIIRS,n,2,305.54,7.23,D,0
29.98452,78.59444,353.86,0.52,0.42,2024-04-26,0731,N,VIIRS,n,2,306.03,7.23,D,0
29.98538,78.59892,346.18,0.52,0.42,2024-04-26,0731,N,VIIRS,n,2,304.84,6.35,D,0
29.92938,78.37233,334.72,0.54,0.42,2024-04-26,0731,N,VIIRS,l,2,309.55,4.53,D,0
29.9667,78.56379,347.65,0.52,0.42,2024-04-26,0731,N,VIIRS,n,2,312.09,19.18,D,0
29.97331,78.5978,336.77,0.52,0.42,2024-04-26,0731,N,VIIRS,n,2,303,3.07,D,0
29.97037,78.60308,330.94,0.52,0.42,2024-04-26,0731,N,VIIRS,l,2,304.59,2.49,D,0
29.96516,78.50275,333.58,0.53,0.42,2024-04-26,0731,N,VIIRS,l,2,306.39,3.88,D,0
29.98194,78.59246,333.93,0.52,0.42,2024-04-26,0731,N,VIIRS,l,2,304.92,3.81,D,0
29.98284,78.59724,353.58,0.52,0.42,2024-04-26,0731,N,VIIRS,n,2,308.78,6.79,D,0
29.98368,78.60166,343,0.52,0.42,2024-04-26,0731,N,VIIRS,n,2,305.7,6.79,D,0
29.96413,78.56067,347.86,0.53,0.42,2024-04-26,0731,N,VIIRS,n,2,315.15,12.34,D,0
29.96517,78.56625,339,0.52,0.42,2024-04-26,0731,N,VIIRS,l,2,312.98,8.8,D,0
29.97157,78.60036,348.27,0.52,0.42,2024-04-26,0731,N,VIIRS,n,2,306.69,6.52,D,0
29.81186,77.80687,345.27,0.38,0.43,2024-04-26,0731,N,VIIRS,n,2,312.32,5.08,D,0
29.95068,78.55241,344.15,0.53,0.42,2024-04-26,0731,N,VIIRS,n,2,305.27,6.37,D,0
29.99726,78.80039,344.58,0.51,0.41,2024-04-26,0731,N,VIIRS,n,2,312.98,5.49,D,0
29.96193,78.63301,342.18,0.52,0.42,2024-04-26,0731,N,VIIRS,n,2,304.4,6.64,D,0
29.95627,78.62399,335.31,0.52,0.42,2024-04-26,0731,N,VIIRS,n,2,305.91,4.82,D,0
29.95822,78.63431,330.72,0.52,0.42,2024-04-26,0731,N,VIIRS,l,2,304.13,3.51,D,0
29.94173,78.56803,330.1,0.53,0.42,2024-04-26,0731,N,VIIRS,l,2,304.29,4.29,D,0
29.97531,78.76685,343.29,0.51,0.41,2024-04-26,0731,N,VIIRS,n,2,312.77,4.04,D,0
29.95908,78.7224,337.19,0.52,0.41,2024-04-26,0731,N,VIIRS,n,2,309.75,3.7,D,0
29.70038,77.41206,347.25,0.4,0.45,2024-04-26,0731,N,VIIRS,n,2,314.78,8.63,D,0
29.96114,78.75412,354.16,0.51,0.41,2024-04-26,0731,N,VIIRS,n,2,316.01,13.67,D,0
29.93616,78.68449,335.23,0.52,0.41,2024-04-26,0731,N,VIIRS,l,2,305.79,4.14,D,0
29.93699,78.68883,335.87,0.52,0.41,2024-04-26,0731,N,VIIRS,l,2,307.88,4.14,D,0
29.68442,77.45959,338.47,0.4,0.44,2024-04-26,0731,N,VIIRS,n,2,313.13,1.46,D,0
29.89135,78.53281,332.09,0.53,0.42,2024-04-26,0731,N,VIIRS,l,2,306.46,3.86,D,0
29.94152,78.79545,337.21,0.51,0.41,2024-04-26,0731,N,VIIRS,n,2,305.18,2.31,D,0
29.59278,77.09331,340.68,0.42,0.45,2024-04-26,0731,N,VIIRS,l,2,312.19,2.36,D,0
29.89809,78.65039,333.38,0.52,0.42,2024-04-26,0731,N,VIIRS,l,2,307.62,3.58,D,0
29.88283,78.71461,336.62,0.52,0.41,2024-04-26,0731,N,VIIRS,n,2,309.21,4.83,D,0
29.88646,78.6669,332.89,0.52,0.42,2024-04-26,0731,N,VIIRS,n,2,303.89,3.58,D,0
29.88008,78.71707,336.89,0.52,0.41,2024-04-26,0731,N,VIIRS,l,2,310.21,6.7,D,0
29.87901,78.83697,355.51,0.51,0.41,2024-04-26,0731,N,VIIRS,n,2,313.75,14.48,D,0
29.81168,78.5434,337.35,0.53,0.42,2024-04-26,0731,N,VIIRS,n,2,304.38,4.72,D,0
29.84707,78.7507,330.16,0.52,0.41,2024-04-26,0731,N,VIIRS,l,2,302.88,3.26,D,0
29.78007,78.46163,349.62,0.53,0.42,2024-04-26,0731,N,VIIRS,n,2,312.25,12.05,D,0
29.85933,78.87783,334.4,0.51,0.41,2024-04-26,0731,N,VIIRS,l,2,305.68,5.87,D,0
29.86748,78.92101,345.49,0.51,0.41,2024-04-26,0731,N,VIIRS,n,2,306.15,17.48,D,0
29.86589,78.93327,339.28,0.51,0.41,2024-04-26,0731,N,VIIRS,n,2,307.68,68.58,D,0
29.90412,79.13711,331.94,0.49,0.41,2024-04-26,0731,N,VIIRS,l,2,306.66,5.45,D,0
29.93885,79.32396,336.9,0.48,0.4,2024-04-26,0731,N,VIIRS,n,2,288.03,7.24,D,0
29.82355,78.73044,347.37,0.52,0.41,2024-04-26,0731,N,VIIRS,n,2,310.17,16.23,D,0
29.90033,79.13741,335.69,0.49,0.41,2024-04-26,0731,N,VIIRS,l,2,308.16,5.45,D,0
29.9352,79.32488,347.17,0.48,0.4,2024-04-26,0731,N,VIIRS,n,2,287.64,7.24,D,0
29.78876,78.61053,338.59,0.53,0.42,2024-04-26,0731,N,VIIRS,n,2,300.17,4.08,D,0
29.90799,79.26066,332.3,0.49,0.4,2024-04-26,0731,N,VIIRS,l,2,305.05,4.2,D,0
29.49112,77.15432,340.78,0.42,0.45,2024-04-26,0731,N,VIIRS,n,2,313.85,2.6,D,0
29.48701,77.15541,337.98,0.42,0.45,2024-04-26,0731,N,VIIRS,l,2,312.11,2.6,D,0
29.92405,79.38776,343.02,0.48,0.4,2024-04-26,0731,N,VIIRS,n,2,305.64,11.09,D,0
29.48906,77.18649,353.46,0.42,0.45,2024-04-26,0731,N,VIIRS,n,2,312.26,5.48,D,0
29.80181,78.76079,345.67,0.52,0.41,2024-04-26,0731,N,VIIRS,n,2,306.9,6.38,D,0
29.80288,78.76632,334.75,0.52,0.41,2024-04-26,0731,N,VIIRS,l,2,305.67,6.38,D,0
29.80394,78.77186,333.61,0.52,0.41,2024-04-26,0731,N,VIIRS,l,2,304.71,14.17,D,0
29.91935,79.38298,352.79,0.48,0.4,2024-04-26,0731,N,VIIRS,n,2,308.53,13.44,D,0
29.7522,80.05394,338.78,0.45,0.39,2024-04-26,0731,N,VIIRS,l,2,302.33,3.59,D,0
29.78014,78.66864,330.93,0.52,0.42,2024-04-26,0731,N,VIIRS,n,2,299.15,7.19,D,0
29.79793,78.76109,337.76,0.52,0.41,2024-04-26,0731,N,VIIRS,n,2,309.35,6.38,D,0
29.79897,78.76652,338.77,0.52,0.41,2024-04-26,0731,N,VIIRS,l,2,310.27,6.38,D,0
29.90507,79.32693,330.74,0.48,0.4,2024-04-26,0731,N,VIIRS,l,2,302.34,3.37,D,0
29.8074,78.85147,334.95,0.51,0.41,2024-04-26,0731,N,VIIRS,n,2,306.52,2.11,D,0
29.82436,78.94017,330.1,0.51,0.41,2024-04-26,0731,N,VIIRS,l,2,303.79,1.51,D,0
29.87611,79.21337,341.77,0.49,0.4,2024-04-26,0731,N,VIIRS,n,2,310.93,9.02,D,0
29.8724,79.21405,350.27,0.49,0.4,2024-04-26,0731,N,VIIRS,n,2,311.12,9.02,D,0
29.8727,79.23594,331.82,0.49,0.4,2024-04-26,0731,N,VIIRS,l,2,306.01,3.69,D,0
29.80757,78.84908,330.19,0.51,0.41,2024-04-26,0731,N,VIIRS,l,2,304.97,0.85,D,0
29.82401,78.93786,332.19,0.51,0.41,2024-04-26,0731,N,VIIRS,l,2,305.08,2.68,D,0
29.87433,79.21152,346.7,0.49,0.4,2024-04-26,0731,N,VIIRS,n,2,313.26,12.06,D,0
29.87062,79.2122,346.13,0.49,0.4,2024-04-26,0731,N,VIIRS,n,2,313.02,6.42,D,0
29.77134,78.73883,341.63,0.52,0.41,2024-04-26,0731,N,VIIRS,n,2,309.09,6.23,D,0
29.77244,78.74471,344.39,0.52,0.41,2024-04-26,0731,N,VIIRS,n,2,309.01,6.23,D,0
29.82346,79.01888,356.08,0.5,0.41,2024-04-26,0731,N,VIIRS,n,2,309.14,17.06,D,0
29.82436,79.02374,334.36,0.5,0.41,2024-04-26,0731,N,VIIRS,l,2,305.2,4.13,D,0
29.836,79.08679,332.92,0.5,0.41,2024-04-26,0731,N,VIIRS,l,2,307.23,2.96,D,0
29.69983,78.40228,338.27,0.54,0.42,2024-04-26,0731,N,VIIRS,l,2,311.47,4.5,D,0
29.77124,78.86406,336.19,0.51,0.41,2024-04-26,0731,N,VIIRS,n,2,305.59,5.23,D,0
29.93867,79.79536,330.37,0.46,0.39,2024-04-26,0731,N,VIIRS,l,2,302.59,2.38,D,0
29.83327,79.23858,335.24,0.49,0.4,2024-04-26,0731,N,VIIRS,n,2,308.27,1.21,D,0
29.84795,79.31806,337.06,0.49,0.4,2024-04-26,0731,N,VIIRS,l,2,307.99,2.79,D,0
29.77394,78.94086,336.81,0.51,0.41,2024-04-26,0731,N,VIIRS,n,2,302.25,7.72,D,0
29.75113,78.86115,343.4,0.51,0.41,2024-04-26,0731,N,VIIRS,n,2,309.44,5.88,D,0
29.8351,79.31054,341.7,0.49,0.4,2024-04-26,0731,N,VIIRS,n,2,308.55,2.29,D,0
29.8883,79.60014,333.92,0.47,0.4,2024-04-26,0731,N,VIIRS,n,2,304.9,3.12,D,0
29.9718,80.08321,342.42,0.45,0.39,2024-04-26,0731,N,VIIRS,l,2,304.23,9.42,D,0
29.83882,79.37193,353.78,0.48,0.4,2024-04-26,0731,N,VIIRS,n,2,308.77,8.76,D,0
29.85044,79.47599,331.49,0.48,0.4,2024-04-26,0731,N,VIIRS,n,2,301.11,2.39,D,0
29.93016,79.91304,336.86,0.46,0.39,2024-04-26,0731,N,VIIRS,n,2,308.87,4.22,D,0
29.77807,79.10754,348.02,0.5,0.41,2024-04-26,0731,N,VIIRS,n,2,304.56,15.73,D,0
29.79797,79.21392,340.71,0.49,0.4,2024-04-26,0731,N,VIIRS,l,2,312.99,6.92,D,0
29.79987,79.22407,335.83,0.49,0.4,2024-04-26,0731,N,VIIRS,l,2,310.81,42.19,D,0
29.82283,79.34732,335.27,0.48,0.4,2024-04-26,0731,N,VIIRS,l,2,306.94,1.17,D,0
29.81916,79.34811,344.98,0.48,0.4,2024-04-26,0731,N,VIIRS,n,2,309.95,4.43,D,0
29.77062,79.10896,348.47,0.5,0.41,2024-04-26,0731,N,VIIRS,n,2,304.23,12.23,D,0
29.8919,79.78419,348,0.46,0.39,2024-04-26,0731,N,VIIRS,n,2,306.66,5.16,D,0
29.79552,79.28289,349.16,0.49,0.4,2024-04-26,0731,N,VIIRS,n,2,313.42,8.89,D,0
29.76025,79.11546,333.47,0.5,0.41,2024-04-26,0731,N,VIIRS,l,2,307.38,6.33,D,0
29.88122,79.76664,331.44,0.46,0.39,2024-04-26,0731,N,VIIRS,l,2,304.92,1.74,D,0
29.71101,78.8767,344.12,0.51,0.41,2024-04-26,0731,N,VIIRS,n,2,308.77,6.5,D,0
29.75651,79.11613,345.44,0.5,0.41,2024-04-26,0731,N,VIIRS,n,2,307.11,6.33,D,0
29.75756,79.12168,335.62,0.5,0.41,2024-04-26,0731,N,VIIRS,l,2,307.11,6.33,D,0
29.76976,79.20692,334.99,0.49,0.4,2024-04-26,0731,N,VIIRS,l,2,306.87,3.51,D,0
29.85598,79.66982,338.32,0.47,0.4,2024-04-26,0731,N,VIIRS,n,2,303.12,9.33,D,0
29.7581,79.16532,337.96,0.5,0.41,2024-04-26,0731,N,VIIRS,n,2,305.69,3,D,0
29.75903,79.17024,337.25,0.49,0.41,2024-04-26,0731,N,VIIRS,n,2,305.98,3.93,D,0
29.76344,79.19374,332.32,0.49,0.41,2024-04-26,0731,N,VIIRS,l,2,306.46,3.76,D,0
29.71784,78.97384,337.24,0.51,0.41,2024-04-26,0731,N,VIIRS,n,2,305.79,6.58,D,0
29.91479,80.05286,346.08,0.45,0.39,2024-04-26,0731,N,VIIRS,n,2,303.33,7.04,D,0
29.75699,79.16805,349.43,0.5,0.41,2024-04-26,0731,N,VIIRS,n,2,306.88,7.77,D,0
29.91573,80.05093,343.57,0.45,0.39,2024-04-26,0731,N,VIIRS,n,2,304.56,5.95,D,0
29.68719,78.87422,331.09,0.51,0.41,2024-04-26,0731,N,VIIRS,l,2,303.84,1.84,D,0
29.68346,78.8752,338.58,0.51,0.41,2024-04-26,0731,N,VIIRS,n,2,305.07,2.52,D,0
29.8344,79.69883,337.97,0.47,0.4,2024-04-26,0731,N,VIIRS,n,2,302.78,12.74,D,0
29.83516,79.70301,350.32,0.47,0.4,2024-04-26,0731,N,VIIRS,n,2,303.4,10.25,D,0
29.34259,77.13725,345.48,0.43,0.46,2024-04-26,0731,N,VIIRS,l,2,317.88,7.23,D,0
29.82922,79.69088,335.14,0.47,0.4,2024-04-26,0731,N,VIIRS,n,2,303.91,8.77,D,0
29.9032,80.12578,345.05,0.45,0.39,2024-04-26,0731,N,VIIRS,n,2,301.64,7.69,D,0
29.69543,79.00217,337.32,0.5,0.41,2024-04-26,0731,N,VIIRS,l,2,310.02,8.74,D,0
29.6775,78.96873,344.16,0.51,0.41,2024-04-26,0731,N,VIIRS,n,2,307.65,4.32,D,0
29.87774,80.08598,338.92,0.45,0.39,2024-04-26,0731,N,VIIRS,n,2,304.68,7.3,D,0
29.65479,78.95164,345.71,0.51,0.41,2024-04-26,0731,N,VIIRS,n,2,310.21,7.05,D,0
29.76215,79.5291,341.63,0.48,0.4,2024-04-26,0731,N,VIIRS,n,2,310.59,10.42,D,0
29.69014,79.16079,336.25,0.5,0.41,2024-04-26,0731,N,VIIRS,n,2,307.25,2.29,D,0
29.71508,79.2947,337.32,0.49,0.4,2024-04-26,0731,N,VIIRS,l,2,311.57,42.97,D,0
29.74019,79.43037,345.88,0.48,0.4,2024-04-26,0731,N,VIIRS,n,2,310.84,4.28,D,0
29.74467,79.45467,336.91,0.48,0.4,2024-04-26,0731,N,VIIRS,n,2,310.81,1.96,D,0
29.80281,79.77245,347.71,0.47,0.39,2024-04-26,0731,N,VIIRS,n,2,308.08,4.87,D,0
29.65344,78.98589,339.54,0.51,0.41,2024-04-26,0731,N,VIIRS,n,2,309.58,6.61,D,0
29.73738,79.43575,340.54,0.48,0.4,2024-04-26,0731,N,VIIRS,l,2,313.13,4.28,D,0
29.79929,79.77368,334.8,0.47,0.39,2024-04-26,0731,N,VIIRS,n,2,308.54,4.87,D,0
29.64976,78.98703,337.55,0.51,0.41,2024-04-26,0731,N,VIIRS,n,2,309.31,4.73,D,0
29.74756,79.5526,335.44,0.48,0.4,2024-04-26,0731,N,VIIRS,l,2,307.26,4.11,D,0
29.88115,80.29041,333.79,0.44,0.39,2024-04-26,0731,N,VIIRS,l,2,300.92,2.31,D,0
29.73748,79.53893,335.23,0.48,0.4,2024-04-26,0731,N,VIIRS,l,2,309.49,8.14,D,0
29.24788,77.07962,344.25,0.43,0.46,2024-04-26,0731,N,VIIRS,l,2,316.08,5.51,D,0
29.74905,79.70373,345.22,0.47,0.4,2024-04-26,0731,N,VIIRS,n,2,308.16,4.56,D,0
29.7487,79.70187,342.45,0.47,0.4,2024-04-26,0731,N,VIIRS,n,2,309.24,4.04,D,0
29.77445,79.90891,348.19,0.46,0.39,2024-04-26,0731,N,VIIRS,n,2,306.57,10.43,D,0
29.8379,80.28922,330.62,0.44,0.39,2024-04-26,0731,N,VIIRS,n,2,301.17,1.83,D,0
29.67138,79.50368,338.83,0.48,0.4,2024-04-26,0731,N,VIIRS,n,2,306.4,7.59,D,0
29.67226,79.50855,334.87,0.48,0.4,2024-04-26,0731,N,VIIRS,l,2,305.68,5.23,D,0
29.66598,79.49492,341.59,0.48,0.4,2024-04-26,0731,N,VIIRS,n,2,304.33,3.85,D,0
29.66775,79.50457,344.64,0.48,0.4,2024-04-26,0731,N,VIIRS,n,2,304.77,13.81,D,0
29.10563,76.64075,342.13,0.46,0.47,2024-04-26,0731,N,VIIRS,n,2,312.53,3.52,D,0
29.61534,79.26131,336.86,0.49,0.4,2024-04-26,0731,N,VIIRS,n,2,306.67,2.84,D,0
29.6587,79.49658,335.36,0.48,0.4,2024-04-26,0731,N,VIIRS,n,2,305.16,4.43,D,0
29.6356,79.39165,330.34,0.49,0.4,2024-04-26,0731,N,VIIRS,l,2,303.41,3.59,D,0
29.65591,79.50207,335.43,0.48,0.4,2024-04-26,0731,N,VIIRS,n,2,305.05,4.3,D,0
29.69563,79.71963,345.61,0.47,0.4,2024-04-26,0731,N,VIIRS,n,2,307.41,6.1,D,0
29.48585,78.61481,341.01,0.53,0.42,2024-04-26,0731,N,VIIRS,n,2,311.15,5.46,D,0
29.69206,79.72066,332.73,0.47,0.4,2024-04-26,0731,N,VIIRS,n,2,304.89,2.37,D,0
29.32565,79.83678,339.67,0.47,0.4,2024-04-26,0731,N,VIIRS,n,2,306.27,4.89,D,0
29.33607,79.87411,342.6,0.47,0.4,2024-04-26,0731,N,VIIRS,n,2,307.49,3.82,D,0
29.28277,79.57751,330.76,0.48,0.4,2024-04-26,0731,N,VIIRS,l,2,304.32,2.94,D,0
29.30481,79.67896,330.37,0.48,0.4,2024-04-26,0731,N,VIIRS,l,2,304.52,1.98,D,0
29.2722,79.49813,333,0.49,0.4,2024-04-26,0731,N,VIIRS,l,2,307.33,2.77,D,0
29.28991,79.57487,330.85,0.48,0.4,2024-04-26,0731,N,VIIRS,l,2,303.84,1.92,D,0
29.33664,79.87607,342.09,0.47,0.39,2024-04-26,0731,N,VIIRS,n,2,306.75,7.14,D,0
29.28093,79.5753,333.07,0.48,0.4,2024-04-26,0731,N,VIIRS,n,2,305.17,1.56,D,0
29.30345,79.67575,330.93,0.48,0.4,2024-04-26,0731,N,VIIRS,l,2,302.5,1.92,D,0
29.30351,79.5535,346.5,0.48,0.4,2024-04-26,0731,N,VIIRS,n,2,310.75,7.28,D,0
29.30254,79.54829,335.34,0.48,0.4,2024-04-26,0731,N,VIIRS,n,2,309.33,3.34,D,0
29.31979,79.62086,331.03,0.48,0.4,2024-04-26,0731,N,VIIRS,n,2,301.87,1.62,D,0
29.36301,79.81527,345.63,0.47,0.4,2024-04-26,0731,N,VIIRS,n,2,311.7,12.79,D,0
29.36223,79.81098,333.11,0.47,0.4,2024-04-26,0731,N,VIIRS,n,2,305.81,6.76,D,0
29.36659,79.81432,343.99,0.47,0.4,2024-04-26,0731,N,VIIRS,n,2,306.36,12.79,D,0
29.44167,80.20963,339.34,0.45,0.39,2024-04-26,0731,N,VIIRS,l,2,308.91,4.04,D,0
29.42618,80.10246,333.62,0.46,0.39,2024-04-26,0731,N,VIIRS,l,2,306.28,2.71,D,0
29.36533,79.74553,348.98,0.47,0.4,2024-04-26,0731,N,VIIRS,n,2,308.47,7.82,D,0
29.36435,79.74017,339.27,0.47,0.4,2024-04-26,0731,N,VIIRS,n,2,306.68,7.97,D,0
29.44889,80.1881,338.54,0.45,0.39,2024-04-26,0731,N,VIIRS,l,2,313.27,3.82,D,0
29.36905,79.74529,343.66,0.47,0.4,2024-04-26,0731,N,VIIRS,n,2,307.37,7.82,D,0
29.35703,79.67943,347.45,0.48,0.4,2024-04-26,0731,N,VIIRS,n,2,303.03,9.01,D,0
29.35519,79.66935,342.92,0.48,0.4,2024-04-26,0731,N,VIIRS,n,2,305.08,12.54,D,0
29.35222,79.59092,344.91,0.48,0.4,2024-04-26,0731,N,VIIRS,n,2,306.54,6.79,D,0
29.34513,79.5522,336.69,0.48,0.4,2024-04-26,0731,N,VIIRS,n,2,302.41,2.66,D,0
29.34431,79.54771,331.81,0.48,0.4,2024-04-26,0731,N,VIIRS,n,2,304.41,2.66,D,0
29.42618,79.95763,337.42,0.46,0.39,2024-04-26,0731,N,VIIRS,l,2,309.31,3.69,D,0
29.25681,79.03324,349.23,0.51,0.41,2024-04-26,0731,N,VIIRS,n,2,311.21,25.49,D,0
29.26056,79.03233,339.09,0.51,0.41,2024-04-26,0731,N,VIIRS,n,2,313.68,25.49,D,0
29.48659,80.25537,349.51,0.45,0.39,2024-04-26,0731,N,VIIRS,n,2,308.69,6.38,D,0
29.33977,79.43967,336.28,0.49,0.4,2024-04-26,0731,N,VIIRS,n,2,305.8,5.43,D,0
29.43519,79.94556,338.87,0.46,0.39,2024-04-26,0731,N,VIIRS,l,2,313.79,4.73,D,0
29.41541,79.81461,340.11,0.47,0.4,2024-04-26,0731,N,VIIRS,n,2,306.87,3.28,D,0
29.35872,79.50153,339.65,0.48,0.4,2024-04-26,0731,N,VIIRS,n,2,305.15,2.77,D,0
29.34901,79.44846,335.35,0.49,0.4,2024-04-26,0731,N,VIIRS,n,2,303.62,3.15,D,0
29.41904,79.814,335.48,0.47,0.4,2024-04-26,0731,N,VIIRS,n,2,304.68,3.28,D,0
28.82952,76.74282,343.22,0.46,0.47,2024-04-26,0731,N,VIIRS,n,2,313.3,4.56,D,0
28.73265,76.2732,344.91,0.49,0.49,2024-04-26,0731,N,VIIRS,n,2,312.08,7.21,D,0
29.49531,80.22165,336,0.45,0.39,2024-04-26,0731,N,VIIRS,l,2,299.94,2.39,D,0
29.43711,79.852,351.38,0.47,0.39,2024-04-26,0731,N,VIIRS,n,2,311.13,14.99,D,0
29.44752,79.88934,333.43,0.47,0.39,2024-04-26,0731,N,VIIRS,l,2,308.33,2.28,D,0
29.38457,79.53921,342.51,0.48,0.4,2024-04-26,0731,N,VIIRS,n,2,303.95,9.93,D,0
29.40077,79.58693,334.47,0.48,0.4,2024-04-26,0731,N,VIIRS,l,2,304.73,7.06,D,0
29.38203,79.48321,339.26,0.49,0.4,2024-04-26,0731,N,VIIRS,n,2,304.43,1.78,D,0
29.44875,79.89082,340.93,0.46,0.39,2024-04-26,0731,N,VIIRS,n,2,308.61,3.5,D,0
29.39135,79.58024,332.71,0.48,0.4,2024-04-26,0731,N,VIIRS,l,2,304.67,5.28,D,0
29.38414,79.54154,344.24,0.48,0.4,2024-04-26,0731,N,VIIRS,n,2,303.03,7.15,D,0
29.38321,79.53655,330.23,0.48,0.4,2024-04-26,0731,N,VIIRS,n,2,302.42,2.75,D,0
29.40061,79.58913,338.31,0.48,0.4,2024-04-26,0731,N,VIIRS,n,2,304.87,7.07,D,0
29.46358,79.91068,339.1,0.46,0.39,2024-04-26,0731,N,VIIRS,n,2,310.77,4.45,D,0
29.38417,79.48042,341.3,0.49,0.4,2024-04-26,0731,N,VIIRS,n,2,303.33,12.56,D,0
29.39877,79.51794,338.9,0.48,0.4,2024-04-26,0731,N,VIIRS,n,2,303.05,5.03,D,0
29.39775,79.51247,341.46,0.48,0.4,2024-04-26,0731,N,VIIRS,n,2,301.87,5.74,D,0
29.38517,79.42434,336.33,0.49,0.4,2024-04-26,0731,N,VIIRS,n,2,301.68,29.74,D,0
29.40495,79.51027,340.69,0.48,0.4,2024-04-26,0731,N,VIIRS,n,2,303.54,6.29,D,0
28.97896,77.28345,337.49,0.42,0.45,2024-04-26,0731,N,VIIRS,l,2,310.75,2.63,D,0
28.94959,77.14012,354.69,0.43,0.46,2024-04-26,0731,N,VIIRS,n,2,315.52,9.54,D,0
28.85783,76.6977,338.02,0.46,0.47,2024-04-26,0731,N,VIIRS,l,2,312.34,3.33,D,0
29.49029,79.91386,346.67,0.46,0.39,2024-04-26,0731,N,VIIRS,n,2,315.15,6.22,D,0
28.95376,77.13904,338,0.43,0.46,2024-04-26,0731,N,VIIRS,l,2,311.78,2.87,D,0
28.86308,76.70122,343.81,0.46,0.47,2024-04-26,0731,N,VIIRS,n,2,309.25,27.72,D,0
28.8621,76.69658,350.66,0.46,0.47,2024-04-26,0731,N,VIIRS,n,2,315.53,27.72,D,0
29.48244,79.82939,334.82,0.47,0.4,2024-04-26,0731,N,VIIRS,l,2,308.52,2.15,D,0
28.85011,76.59588,340.4,0.47,0.47,2024-04-26,0731,N,VIIRS,l,2,311.36,3.53,D,0
31.53368,76.32257,348.27,0.43,0.46,2024-04-26,0732,N,VIIRS,n,2,312.46,5.28,D,0
31.53877,76.326,339.34,0.43,0.46,2024-04-26,0732,N,VIIRS,n,2,307.46,6.5,D,0
31.53779,76.32128,340.8,0.43,0.46,2024-04-26,0732,N,VIIRS,n,2,308.95,5.28,D,0
21.50781,70.75625,341,0.41,0.61,2024-04-26,0909,N,VIIRS,n,2,307.8,6.98,D,0
21.44192,70.24402,334.97,0.38,0.59,2024-04-26,0909,N,VIIRS,l,2,307.82,2.22,D,0
21.48979,70.99619,335.34,0.43,0.62,2024-04-26,0909,N,VIIRS,l,2,308.5,5.85,D,0
21.42302,74.18774,331.79,0.68,0.74,2024-04-26,0909,N,VIIRS,n,2,294.61,1.71,D,0
21.37969,73.87689,336.34,0.65,0.73,2024-04-26,0909,N,VIIRS,n,2,294.54,6.49,D,0
21.0727,71.23573,339.7,0.44,0.62,2024-04-26,0909,N,VIIRS,n,2,307.63,7.51,D,0
21.10774,72.64579,334.64,0.54,0.68,2024-04-26,0909,N,VIIRS,n,2,298.21,7.24,D,2
20.34038,73.48647,337.43,0.6,0.71,2024-04-26,0909,N,VIIRS,n,2,297.93,6.16,D,0
21.10052,72.63561,333.21,0.54,0.68,2024-04-26,0909,N,VIIRS,n,2,298.43,4.67,D,2
21.79397,72.65144,334.96,0.55,0.68,2024-04-26,0909,N,VIIRS,n,2,303.59,2.2,D,0
22.11694,70.8134,341,0.42,0.61,2024-04-26,0910,N,VIIRS,l,2,313.05,5.04,D,0
24.15491,73.38534,335.68,0.65,0.73,2024-04-26,0910,N,VIIRS,l,2,305.98,6.04,D,0
24.01326,73.22456,345.54,0.63,0.72,2024-04-26,0910,N,VIIRS,n,2,303.82,7.38,D,0
24.01367,73.23104,337.04,0.63,0.72,2024-04-26,0910,N,VIIRS,n,2,301.79,9.78,D,0
24.01103,73.22797,351.05,0.63,0.72,2024-04-26,0910,N,VIIRS,n,2,304.33,9.52,D,0
23.681,70.78044,336.14,0.44,0.62,2024-04-26,0910,N,VIIRS,n,2,306.02,4.18,D,0
23.4079,70.24727,339.23,0.4,0.6,2024-04-26,0910,N,VIIRS,n,2,307.22,11.45,D,0
23.40825,70.25127,367,0.4,0.6,2024-04-26,0910,N,VIIRS,h,2,308.86,21.86,D,0
23.40264,70.25181,367,0.4,0.6,2024-04-26,0910,N,VIIRS,h,2,314.4,29.43,D,0
22.8496,70.96652,356.64,0.44,0.62,2024-04-26,0910,N,VIIRS,n,2,309.46,3.65,D,0
22.91884,72.20505,338.21,0.53,0.67,2024-04-26,0910,N,VIIRS,n,2,306.9,2.76,D,0
22.91565,72.20688,338.72,0.53,0.67,2024-04-26,0910,N,VIIRS,n,2,305.94,3.69,D,0
22.79109,70.83054,345.49,0.43,0.62,2024-04-26,0910,N,VIIRS,n,2,310.55,1.92,D,0
22.72678,70.96299,336.14,0.44,0.62,2024-04-26,0910,N,VIIRS,l,2,307.3,2.65,D,0
22.78372,72.34425,332.72,0.54,0.68,2024-04-26,0910,N,VIIRS,l,2,304.54,2.83,D,0
22.61705,72.55695,331.38,0.55,0.68,2024-04-26,0910,N,VIIRS,l,2,304.65,2.69,D,0
22.30462,69.54871,346.7,0.35,0.57,2024-04-26,0910,N,VIIRS,n,2,308.55,1.85,D,0
22.12855,70.73199,338.34,0.42,0.61,2024-04-26,0910,N,VIIRS,l,2,313.15,9.6,D,0
22.13256,70.7322,338.52,0.42,0.61,2024-04-26,0910,N,VIIRS,l,2,312.28,7.22,D,0
22.12265,70.81279,341.67,0.42,0.61,2024-04-26,0910,N,VIIRS,l,2,311.83,4.94,D,0
22.01258,69.6981,336.85,0.36,0.57,2024-04-26,0910,N,VIIRS,l,2,308.78,5.81,D,0
21.7543,71.07754,345.41,0.44,0.62,2024-04-26,0910,N,VIIRS,n,2,311.33,8.53,D,0
21.75446,71.07776,341.91,0.44,0.62,2024-04-26,0910,N,VIIRS,n,2,311.55,9.59,D,0
21.79596,72.64843,338.2,0.55,0.68,2024-04-26,0910,N,VIIRS,n,2,302.32,2.68,D,2
29.09993,80.06994,307.92,0.47,0.48,2024-04-26,1955,N,VIIRS,n,2,288.74,2.1,N,0
29.62179,74.13706,305.95,0.54,0.68,2024-04-26,1955,N,VIIRS,n,2,286.52,2.95,N,0
29.62246,74.12547,300.09,0.54,0.68,2024-04-26,1955,N,VIIRS,n,2,287.04,3.4,N,0
29.62212,74.13126,332.25,0.54,0.68,2024-04-26,1955,N,VIIRS,n,2,287.74,3.4,N,0
29.61305,74.39365,300.86,0.52,0.67,2024-04-26,1955,N,VIIRS,n,2,285.8,0.93,N,0
29.62848,74.13181,302.4,0.54,0.68,2024-04-26,1955,N,VIIRS,n,2,286.75,1.29,N,0
29.46173,76.88588,303.75,0.37,0.58,2024-04-26,1955,N,VIIRS,n,2,290.38,1.15,N,2
29.91132,74.94452,300.36,0.49,0.65,2024-04-26,1955,N,VIIRS,n,2,288.37,0.77,N,2
29.99497,75.35042,301.24,0.46,0.64,2024-04-26,1955,N,VIIRS,n,2,291.15,0.82,N,0
29.43434,74.89632,318.57,0.49,0.65,2024-04-26,1955,N,VIIRS,n,2,291.56,1.19,N,0
29.0781,80.03021,310.29,0.48,0.48,2024-04-26,1955,N,VIIRS,n,2,288.71,1.39,N,0
29.42826,74.89583,308.06,0.49,0.65,2024-04-26,1955,N,VIIRS,n,2,290.24,1.19,N,0
28.9731,79.71121,297.34,0.49,0.49,2024-04-26,1955,N,VIIRS,n,2,276.29,2.76,N,0
28.96962,79.70036,298.83,0.5,0.49,2024-04-26,1955,N,VIIRS,n,2,276.85,2.27,N,0
29.07756,80.03533,307.77,0.47,0.48,2024-04-26,1955,N,VIIRS,n,2,289.25,1.39,N,0
29.07705,80.04019,305.36,0.47,0.48,2024-04-26,1955,N,VIIRS,n,2,285.93,0.96,N,0
29.07656,80.04485,304.82,0.47,0.48,2024-04-26,1955,N,VIIRS,n,2,284.29,0.96,N,0
29.0737,80.02933,303.42,0.48,0.48,2024-04-26,1955,N,VIIRS,n,2,286.93,1.39,N,0
29.08049,80.05012,303.32,0.47,0.48,2024-04-26,1955,N,VIIRS,n,2,287.85,2.25,N,0
29.08146,80.04095,305.03,0.47,0.48,2024-04-26,1955,N,VIIRS,n,2,287.05,2.32,N,0
29.08195,80.03625,307.31,0.47,0.48,2024-04-26,1955,N,VIIRS,n,2,289.55,2.48,N,0
29.08588,80.04161,312.32,0.47,0.48,2024-04-26,1955,N,VIIRS,n,2,289.86,2.32,N,0
29.08636,80.03711,317.49,0.47,0.48,2024-04-26,1955,N,VIIRS,n,2,290.09,2.48,N,0
29.07581,80.0417,301.87,0.47,0.48,2024-04-26,1955,N,VIIRS,n,2,284.28,1.04,N,0
29.07628,80.03693,308.98,0.48,0.48,2024-04-26,1955,N,VIIRS,n,2,288.19,1.04,N,0
29.07678,80.03184,311.94,0.48,0.48,2024-04-26,1955,N,VIIRS,n,2,288.24,3.84,N,0
29.07977,80.04709,310.97,0.47,0.48,2024-04-26,1955,N,VIIRS,n,2,287.99,2.7,N,0
29.08465,80.0431,310.81,0.47,0.48,2024-04-26,1955,N,VIIRS,n,2,289.7,2.72,N,0
29.0851,80.03861,308.63,0.48,0.48,2024-04-26,1955,N,VIIRS,n,2,289.55,2.72,N,0
29.08558,80.03386,311.1,0.48,0.48,2024-04-26,1955,N,VIIRS,n,2,289.65,4.35,N,0
29.10815,79.89693,299.38,0.48,0.48,2024-04-26,1955,N,VIIRS,n,2,263.95,1.27,N,0
22.32751,82.60196,321.33,0.44,0.38,2024-04-26,1957,N,VIIRS,n,2,296.18,3.54,N,2
23.97664,86.1125,310.24,0.38,0.36,2024-04-26,1957,N,VIIRS,n,2,298.11,2.32,N,0
23.97631,86.09323,318.23,0.38,0.36,2024-04-26,1957,N,VIIRS,n,2,298.4,2.63,N,0
23.97274,86.1156,308.47,0.38,0.36,2024-04-26,1957,N,VIIRS,n,2,296.87,1.79,N,0
23.96944,86.11497,310.57,0.38,0.36,2024-04-26,1957,N,VIIRS,n,2,297.44,1.09,N,0
23.96674,86.11064,316.16,0.38,0.36,2024-04-26,1957,N,VIIRS,n,2,298.49,2.68,N,0
23.96614,86.11436,311.15,0.38,0.36,2024-04-26,1957,N,VIIRS,n,2,296.83,1.09,N,0
23.96555,86.1181,311.34,0.38,0.36,2024-04-26,1957,N,VIIRS,n,2,297.48,1.09,N,0
23.96495,86.12182,311.18,0.38,0.36,2024-04-26,1957,N,VIIRS,n,2,297.22,1.55,N,0
23.96284,86.11375,317.02,0.38,0.36,2024-04-26,1957,N,VIIRS,n,2,298.75,1.84,N,0
23.96225,86.11749,312.57,0.38,0.36,2024-04-26,1957,N,VIIRS,n,2,297.94,1.84,N,0
23.96013,86.10942,320.15,0.38,0.36,2024-04-26,1957,N,VIIRS,n,2,299.03,3.15,N,0
23.95683,86.10881,311.06,0.38,0.36,2024-04-26,1957,N,VIIRS,n,2,298.04,2.61,N,0
23.95294,86.11195,311.57,0.38,0.36,2024-04-26,1957,N,VIIRS,n,2,299.13,2.15,N,0
23.94963,86.11137,329.78,0.38,0.36,2024-04-26,1957,N,VIIRS,n,2,300.75,3.02,N,0
23.79806,87.05077,312.23,0.39,0.36,2024-04-26,1957,N,VIIRS,n,2,302.17,2.29,N,2
23.79427,87.07385,317.72,0.39,0.36,2024-04-26,1957,N,VIIRS,n,2,304.94,4.7,N,2
23.94573,86.11452,320.25,0.38,0.36,2024-04-26,1957,N,VIIRS,n,2,300.42,3.02,N,0
23.94514,86.11827,313.42,0.38,0.36,2024-04-26,1957,N,VIIRS,n,2,299.97,2.67,N,0
23.93381,86.18969,316.08,0.38,0.36,2024-04-26,1957,N,VIIRS,n,2,300.56,3.56,N,0
23.9317,86.18154,320.92,0.38,0.36,2024-04-26,1957,N,VIIRS,n,2,299.44,3.41,N,0
23.9311,86.18532,310.49,0.38,0.36,2024-04-26,1957,N,VIIRS,n,2,299.47,1.61,N,0
23.9278,86.18471,315.88,0.38,0.36,2024-04-26,1957,N,VIIRS,n,2,298.1,1.61,N,0
23.71404,87.24537,320.1,0.4,0.37,2024-04-26,1957,N,VIIRS,n,2,301.74,2.66,N,0
24.34767,83.06306,303.98,0.44,0.38,2024-04-26,1957,N,VIIRS,n,2,253.19,2.27,N,0
23.87196,86.23611,320.06,0.38,0.36,2024-04-26,1957,N,VIIRS,n,2,300.17,1.92,N,0
23.87136,86.23988,320.69,0.38,0.36,2024-04-26,1957,N,VIIRS,n,2,300.23,1.92,N,0
23.85571,86.33771,308.73,0.39,0.36,2024-04-26,1957,N,VIIRS,n,2,293.39,0.86,N,0
23.81924,86.56398,309.2,0.39,0.36,2024-04-26,1957,N,VIIRS,n,2,293.47,0.66,N,0
23.86925,86.23174,315.68,0.38,0.36,2024-04-26,1957,N,VIIRS,n,2,299.49,1.81,N,0
23.86866,86.2355,314.86,0.38,0.36,2024-04-26,1957,N,VIIRS,n,2,299.77,2.59,N,0
23.81592,86.56335,306.79,0.39,0.36,2024-04-26,1957,N,VIIRS,n,2,295.74,1.01,N,0
23.6918,87.12173,323.16,0.4,0.37,2024-04-26,1957,N,VIIRS,n,2,301.95,2.62,N,2
23.69434,87.10632,311.92,0.39,0.37,2024-04-26,1957,N,VIIRS,n,2,299.9,2.7,N,2
23.69307,87.11402,309.68,0.4,0.37,2024-04-26,1957,N,VIIRS,n,2,299.41,2.86,N,2
23.68845,87.12109,324.66,0.4,0.37,2024-04-26,1957,N,VIIRS,n,2,301.25,2.62,N,2
23.68892,87.09731,312.77,0.39,0.37,2024-04-26,1957,N,VIIRS,n,2,301.5,2.1,N,2
23.68828,87.10116,310.07,0.39,0.37,2024-04-26,1957,N,VIIRS,n,2,298.97,1.46,N,2
23.68511,87.12044,309.95,0.4,0.37,2024-04-26,1957,N,VIIRS,n,2,298.9,1.32,N,2
23.80861,86.31734,320.62,0.39,0.36,2024-04-26,1957,N,VIIRS,n,2,306.77,3.11,N,2
23.80681,86.32862,314.74,0.39,0.36,2024-04-26,1957,N,VIIRS,n,2,300.9,3.33,N,2
23.80471,86.32048,323.26,0.39,0.36,2024-04-26,1957,N,VIIRS,n,2,301.78,3.11,N,2
23.8035,86.328,332.3,0.39,0.36,2024-04-26,1957,N,VIIRS,n,2,306.89,3.33,N,2
23.8029,86.33176,322.81,0.39,0.36,2024-04-26,1957,N,VIIRS,n,2,300.26,2.75,N,2
23.8011,86.34306,315.96,0.39,0.36,2024-04-26,1957,N,VIIRS,n,2,303.85,2.3,N,2
23.8014,86.31985,311.74,0.39,0.36,2024-04-26,1957,N,VIIRS,n,2,300.9,2.77,N,0
23.79779,86.34243,316.7,0.39,0.36,2024-04-26,1957,N,VIIRS,n,2,304.07,2.67,N,2
23.79267,86.35309,326.8,0.39,0.36,2024-04-26,1957,N,VIIRS,n,2,303.01,3.72,N,2
23.78273,86.39388,325.62,0.39,0.36,2024-04-26,1957,N,VIIRS,n,2,304.51,3.76,N,2
23.78936,86.35247,310.84,0.39,0.36,2024-04-26,1957,N,VIIRS,n,2,298.41,1.94,N,2
23.78907,86.33302,320.58,0.39,0.36,2024-04-26,1957,N,VIIRS,n,2,300.63,2.65,N,2
23.78002,86.38948,327.12,0.39,0.36,2024-04-26,1957,N,VIIRS,n,2,303.43,3.76,N,2
23.77942,86.39325,341.14,0.39,0.36,2024-04-26,1957,N,VIIRS,n,2,309.63,3.76,N,2
23.77881,86.39703,315.78,0.39,0.36,2024-04-26,1957,N,VIIRS,n,2,300.35,2.63,N,2
23.78576,86.33241,330.19,0.39,0.36,2024-04-26,1957,N,VIIRS,n,2,305.78,3.87,N,2
23.77671,86.38886,340.35,0.39,0.36,2024-04-26,1957,N,VIIRS,n,2,304.86,3.24,N,2
23.77973,86.37003,312.01,0.39,0.36,2024-04-26,1957,N,VIIRS,n,2,298.79,2.83,N,2
23.77913,86.3738,319.36,0.39,0.36,2024-04-26,1957,N,VIIRS,n,2,300.37,2.9,N,2
23.78004,86.34683,338.07,0.39,0.36,2024-04-26,1957,N,VIIRS,n,2,302.13,2.9,N,2
23.77279,86.39201,323.15,0.39,0.36,2024-04-26,1957,N,VIIRS,n,2,307.48,3.24,N,2
23.78064,86.34307,312.42,0.39,0.36,2024-04-26,1957,N,VIIRS,n,2,299.29,2.9,N,2
23.774,86.38447,314.35,0.39,0.36,2024-04-26,1957,N,VIIRS,n,2,299.97,3.04,N,2
23.7734,86.38823,317.16,0.39,0.36,2024-04-26,1957,N,VIIRS,n,2,300.67,3.24,N,2
23.77219,86.39577,314.65,0.39,0.36,2024-04-26,1957,N,VIIRS,n,2,302.18,3.48,N,2
23.79477,86.2334,315.89,0.39,0.36,2024-04-26,1957,N,VIIRS,n,2,299.07,2.14,N,2
23.79417,86.23715,310.79,0.39,0.36,2024-04-26,1957,N,VIIRS,n,2,299.59,2.18,N,2
23.77432,86.36126,311.73,0.39,0.36,2024-04-26,1957,N,VIIRS,n,2,299.62,1.88,N,2
23.77371,86.36502,318.3,0.39,0.36,2024-04-26,1957,N,VIIRS,n,2,300.54,2.59,N,2
23.76948,86.39138,316.57,0.39,0.36,2024-04-26,1957,N,VIIRS,n,2,304.31,2.3,N,2
23.76767,86.40267,316.36,0.39,0.36,2024-04-26,1957,N,VIIRS,n,2,302.62,2.01,N,2
23.76617,86.39075,326.71,0.39,0.36,2024-04-26,1957,N,VIIRS,n,2,308.53,2.3,N,2
23.76557,86.39452,327.04,0.39,0.36,2024-04-26,1957,N,VIIRS,n,2,308.51,6.69,N,2
23.76678,86.38699,311.16,0.39,0.36,2024-04-26,1957,N,VIIRS,n,2,299.52,2.3,N,2
23.76436,86.40205,313.53,0.39,0.36,2024-04-26,1957,N,VIIRS,n,2,299.89,2.01,N,2
23.76226,86.3939,326.41,0.39,0.36,2024-04-26,1957,N,VIIRS,n,2,307.56,1.96,N,2
23.76105,86.40143,338.6,0.39,0.36,2024-04-26,1957,N,VIIRS,n,2,302.73,3.66,N,2
23.76589,86.37129,308.86,0.39,0.36,2024-04-26,1957,N,VIIRS,n,2,297.87,1.14,N,2
23.76529,86.37505,311.33,0.39,0.36,2024-04-26,1957,N,VIIRS,n,2,299.81,1.14,N,2
23.76287,86.39013,313.2,0.39,0.36,2024-04-26,1957,N,VIIRS,n,2,301.47,2.66,N,2
23.76165,86.39766,310.82,0.39,0.36,2024-04-26,1957,N,VIIRS,n,2,300.1,1.96,N,2
23.75774,86.4008,334.68,0.39,0.36,2024-04-26,1957,N,VIIRS,n,2,301.73,3.66,N,2
23.75714,86.40456,333.18,0.39,0.36,2024-04-26,1957,N,VIIRS,n,2,302.29,3.66,N,2
23.75834,86.39703,311.69,0.39,0.36,2024-04-26,1957,N,VIIRS,n,2,299.83,1.96,N,2
23.67079,86.93544,313.1,0.39,0.36,2024-04-26,1957,N,VIIRS,n,2,299.62,2.16,N,2
23.75503,86.39641,309.07,0.39,0.36,2024-04-26,1957,N,VIIRS,n,2,298.31,2.13,N,2
23.75382,86.40394,312.52,0.39,0.36,2024-04-26,1957,N,VIIRS,n,2,298.36,2.58,N,2
23.75201,86.41523,317.62,0.39,0.36,2024-04-26,1957,N,VIIRS,n,2,300.03,3.58,N,2
23.78183,86.20774,339.06,0.38,0.36,2024-04-26,1957,N,VIIRS,n,2,306.71,4.85,N,2
23.74748,86.42215,314.79,0.39,0.36,2024-04-26,1957,N,VIIRS,n,2,300.55,2.59,N,2
23.77853,86.20712,327.75,0.38,0.36,2024-04-26,1957,N,VIIRS,n,2,303.86,4.87,N,2
23.6633,86.91823,310.15,0.39,0.36,2024-04-26,1957,N,VIIRS,n,2,299.57,1.95,N,2
23.77462,86.21025,319.5,0.38,0.36,2024-04-26,1957,N,VIIRS,n,2,301.66,3.06,N,2
23.74026,86.42466,312.61,0.39,0.36,2024-04-26,1957,N,VIIRS,n,2,299.39,2.8,N,2
23.73573,86.43157,332.99,0.39,0.36,2024-04-26,1957,N,VIIRS,n,2,304.78,4.9,N,0
23.77311,86.19836,314.35,0.38,0.36,2024-04-26,1957,N,VIIRS,n,2,301.5,2.69,N,2
23.77251,86.20213,315.74,0.38,0.36,2024-04-26,1957,N,VIIRS,n,2,301.7,1.62,N,2
23.77192,86.20588,313.57,0.38,0.36,2024-04-26,1957,N,VIIRS,n,2,299.33,1.62,N,2
23.73512,86.43534,317.08,0.39,0.36,2024-04-26,1957,N,VIIRS,n,2,304.22,4.61,N,0
23.72397,86.44099,318.43,0.39,0.36,2024-04-26,1957,N,VIIRS,n,2,301.45,4.45,N,2
23.71944,86.4479,323.35,0.39,0.36,2024-04-26,1957,N,VIIRS,n,2,309.68,4.87,N,2
23.60383,87.15234,311.98,0.4,0.37,2024-04-26,1957,N,VIIRS,n,2,298.96,1.66,N,2
23.71674,86.4435,322.44,0.39,0.36,2024-04-26,1957,N,VIIRS,n,2,303.89,2.93,N,2
23.71735,86.43974,319,0.39,0.36,2024-04-26,1957,N,VIIRS,n,2,300.92,2.93,N,2
23.76873,86.01276,305.96,0.38,0.36,2024-04-26,1957,N,VIIRS,n,2,295.46,1.2,N,0
23.55988,87.2405,344.3,0.4,0.37,2024-04-26,1957,N,VIIRS,n,2,300.39,6.62,N,2
23.56116,87.23276,312.11,0.4,0.37,2024-04-26,1957,N,VIIRS,n,2,299.64,1.81,N,2
23.55653,87.23984,320.37,0.4,0.37,2024-04-26,1957,N,VIIRS,n,2,299.25,3.26,N,2
24.22114,82.86285,305.95,0.45,0.39,2024-04-26,1957,N,VIIRS,n,2,273.47,0.85,N,0
24.22054,82.86726,308.91,0.45,0.39,2024-04-26,1957,N,VIIRS,n,2,277.09,0.85,N,0
23.6885,86.38843,319.96,0.39,0.36,2024-04-26,1957,N,VIIRS,n,2,304.38,3.49,N,2
23.54853,87.24628,314.6,0.4,0.37,2024-04-26,1957,N,VIIRS,n,2,299.52,2.91,N,2
23.68459,86.39157,335.93,0.39,0.36,2024-04-26,1957,N,VIIRS,n,2,301.29,3.49,N,2
23.68398,86.39533,329.92,0.39,0.36,2024-04-26,1957,N,VIIRS,n,2,300.72,3.14,N,2
23.68067,86.39471,314.77,0.39,0.36,2024-04-26,1957,N,VIIRS,n,2,298.58,2.43,N,2
23.67676,86.39785,323.23,0.39,0.36,2024-04-26,1957,N,VIIRS,n,2,304.57,2.43,N,2
23.67615,86.40162,330.13,0.39,0.36,2024-04-26,1957,N,VIIRS,n,2,303.76,3.71,N,2
23.61368,86.78748,311.63,0.39,0.36,2024-04-26,1957,N,VIIRS,n,2,299.18,1.43,N,2
23.61305,86.79131,314.02,0.39,0.36,2024-04-26,1957,N,VIIRS,n,2,299.19,1.43,N,2
23.56406,87.08981,309.8,0.4,0.37,2024-04-26,1957,N,VIIRS,n,2,299.04,1.48,N,2
23.67284,86.401,309.98,0.39,0.36,2024-04-26,1957,N,VIIRS,n,2,298.54,1.67,N,2
23.66981,86.41983,312.88,0.39,0.36,2024-04-26,1957,N,VIIRS,n,2,298.61,2.28,N,2
23.56135,87.0853,309.55,0.4,0.37,2024-04-26,1957,N,VIIRS,n,2,298.86,1.53,N,2
23.70518,86.07038,307.14,0.38,0.36,2024-04-26,1957,N,VIIRS,n,2,295.02,1.45,N,2
23.70459,86.07413,308.62,0.38,0.36,2024-04-26,1957,N,VIIRS,n,2,296.33,1.38,N,2
23.70128,86.07352,322.23,0.38,0.36,2024-04-26,1957,N,VIIRS,n,2,295.64,1.38,N,2
23.48072,87.36149,309.47,0.4,0.37,2024-04-26,1957,N,VIIRS,n,2,298.72,1.24,N,2
23.68119,86.09293,325.83,0.38,0.36,2024-04-26,1957,N,VIIRS,n,2,300.3,3.67,N,2
23.68298,86.08167,309.22,0.38,0.36,2024-04-26,1957,N,VIIRS,n,2,298.01,1.55,N,2
23.68179,86.08917,310.67,0.38,0.36,2024-04-26,1957,N,VIIRS,n,2,298.25,1.39,N,2
23.67908,86.08481,309.99,0.38,0.36,2024-04-26,1957,N,VIIRS,n,2,299.2,1.39,N,2
23.67578,86.08419,323.66,0.38,0.36,2024-04-26,1957,N,VIIRS,n,2,299.93,1.86,N,2
23.67518,86.08794,310.79,0.38,0.36,2024-04-26,1957,N,VIIRS,n,2,298.01,1.86,N,2
23.66797,86.09045,316.99,0.38,0.36,2024-04-26,1957,N,VIIRS,n,2,298.34,2.39,N,2
23.63169,86.2963,310.97,0.39,0.36,2024-04-26,1957,N,VIIRS,n,2,297.46,1.58,N,2
24.15792,82.67347,320.37,0.45,0.39,2024-04-26,1957,N,VIIRS,n,2,291.51,3.44,N,0
24.15123,82.69539,317.19,0.45,0.39,2024-04-26,1957,N,VIIRS,n,2,294.22,4.04,N,0
24.15404,82.56736,314.96,0.46,0.39,2024-04-26,1957,N,VIIRS,n,2,289.15,3.58,N,0
23.54811,86.54524,315.23,0.39,0.36,2024-04-26,1957,N,VIIRS,n,2,298.62,1.83,N,2
23.48505,85.91896,311.69,0.38,0.36,2024-04-26,1957,N,VIIRS,n,2,298.12,1.99,N,0
23.86038,82.43014,310.86,0.46,0.39,2024-04-26,1957,N,VIIRS,n,2,294.52,4.12,N,0
23.62919,83.01146,312.35,0.44,0.38,2024-04-26,1957,N,VIIRS,n,2,295.84,5.58,N,0
23.61924,83.00539,309.24,0.44,0.38,2024-04-26,1957,N,VIIRS,n,2,295.68,5.35,N,0
23.61805,83.01402,309.14,0.44,0.38,2024-04-26,1957,N,VIIRS,n,2,295.78,5.01,N,0
23.61991,82.89554,310.64,0.44,0.38,2024-04-26,1957,N,VIIRS,n,2,295.62,5.59,N,0
23.59928,83.01974,310.26,0.44,0.38,2024-04-26,1957,N,VIIRS,n,2,295.48,4.11,N,0
23.59577,83.01917,317.59,0.44,0.38,2024-04-26,1957,N,VIIRS,n,2,296.12,5.03,N,0
23.5952,82.99711,307.64,0.44,0.38,2024-04-26,1957,N,VIIRS,n,2,295.25,5.47,N,0
23.59461,83.00138,311.14,0.44,0.38,2024-04-26,1957,N,VIIRS,n,2,295.2,5.22,N,0
23.59343,82.98373,307.35,0.44,0.38,2024-04-26,1957,N,VIIRS,n,2,295.46,1.99,N,0
23.59284,82.98798,308.59,0.44,0.38,2024-04-26,1957,N,VIIRS,n,2,294.92,1.99,N,0
23.5899,82.98316,307.74,0.44,0.38,2024-04-26,1957,N,VIIRS,n,2,295.02,1.99,N,0
23.6041,82.75287,313.66,0.45,0.39,2024-04-26,1957,N,VIIRS,n,2,295.98,4.35,N,0
23.62799,82.52708,309.96,0.46,0.39,2024-04-26,1957,N,VIIRS,n,2,291.2,3.86,N,0
23.6189,82.56658,309.09,0.45,0.39,2024-04-26,1957,N,VIIRS,n,2,293.31,5.3,N,0
23.55911,82.99731,310.71,0.44,0.38,2024-04-26,1957,N,VIIRS,n,2,295.32,2.23,N,0
23.62387,82.50352,316.77,0.46,0.39,2024-04-26,1957,N,VIIRS,n,2,291.5,4.5,N,0
23.5556,82.99669,310.58,0.44,0.38,2024-04-26,1957,N,VIIRS,n,2,295.24,2.44,N,0
23.52347,82.6772,308.82,0.45,0.39,2024-04-26,1957,N,VIIRS,n,2,295.3,3.74,N,0
23.51102,82.71564,316.1,0.45,0.39,2024-04-26,1957,N,VIIRS,n,2,295.54,5.52,N,0
23.47746,82.88912,311.71,0.44,0.38,2024-04-26,1957,N,VIIRS,n,2,295.79,3.87,N,0
23.47561,82.90225,315,0.44,0.38,2024-04-26,1957,N,VIIRS,n,2,295.92,4.21,N,0
23.52031,82.42078,309.04,0.46,0.39,2024-04-26,1957,N,VIIRS,n,2,292.86,2.78,N,0
23.51723,82.44331,315.58,0.46,0.39,2024-04-26,1957,N,VIIRS,n,2,293.5,2.32,N,0
23.51362,82.4428,319.98,0.46,0.39,2024-04-26,1957,N,VIIRS,n,2,293.5,2.32,N,0
23.51001,82.44233,305.32,0.46,0.39,2024-04-26,1957,N,VIIRS,n,2,292.66,1.75,N,0
23.36469,83.15714,308.5,0.43,0.38,2024-04-26,1957,N,VIIRS,n,2,291.28,2.34,N,0
23.16709,82.34246,330.55,0.46,0.39,2024-04-26,1957,N,VIIRS,n,2,296.8,6.85,N,2
23.16769,82.33797,309.32,0.46,0.39,2024-04-26,1957,N,VIIRS,n,2,295.41,4.72,N,2
23.09852,82.8455,312.02,0.44,0.38,2024-04-26,1957,N,VIIRS,n,2,293.58,1.62,N,0
22.29733,83.22571,307.92,0.42,0.38,2024-04-26,1957,N,VIIRS,n,2,292.16,1.52,N,0
22.29389,83.22511,315.08,0.42,0.38,2024-04-26,1957,N,VIIRS,n,2,290.96,4.18,N,0
22.33097,82.6531,316.49,0.44,0.38,2024-04-26,1957,N,VIIRS,n,2,295.08,3.96,N,2
22.32454,82.67374,307.52,0.44,0.38,2024-04-26,1957,N,VIIRS,n,2,293,3.12,N,2
22.33149,82.65055,304.42,0.44,0.38,2024-04-26,1957,N,VIIRS,n,2,290.42,1.24,N,2
22.33089,82.65479,316.45,0.44,0.38,2024-04-26,1957,N,VIIRS,n,2,295.1,1.24,N,2
22.32736,82.65421,306.37,0.44,0.38,2024-04-26,1957,N,VIIRS,n,2,294.26,1.24,N,2
22.32436,82.67542,307.64,0.44,0.38,2024-04-26,1957,N,VIIRS,n,2,292.97,3.1,N,2
22.33044,82.6068,308.36,0.44,0.38,2024-04-26,1957,N,VIIRS,n,2,294.35,1.78,N,2
22.32457,82.59714,316.27,0.44,0.38,2024-04-26,1957,N,VIIRS,n,2,295.92,2.44,N,2
22.33005,82.5323,303.59,0.44,0.39,2024-04-26,1957,N,VIIRS,n,2,289.42,1.13,N,2
22.32224,82.58803,315.67,0.44,0.38,2024-04-26,1957,N,VIIRS,n,2,295.24,3.01,N,2
22.3223,82.56181,307.26,0.44,0.38,2024-04-26,1957,N,VIIRS,n,2,295.51,3.06,N,2
22.32109,82.57038,316.21,0.44,0.38,2024-04-26,1957,N,VIIRS,n,2,295.09,1.58,N,0
22.3187,82.58749,307.98,0.44,0.38,2024-04-26,1957,N,VIIRS,n,2,294.99,1.48,N,0
22.31935,82.55695,326.11,0.44,0.39,2024-04-26,1957,N,VIIRS,n,2,292.76,2.54,N,0
22.32356,82.52688,306.51,0.44,0.39,2024-04-26,1957,N,VIIRS,n,2,293.88,1.29,N,0
22.32121,82.51772,313.26,0.44,0.39,2024-04-26,1957,N,VIIRS,n,2,292.54,1.4,N,0
22.31461,82.56496,306.23,0.44,0.38,2024-04-26,1957,N,VIIRS,n,2,294.04,1.05,N,0
22.31826,82.51285,317.97,0.44,0.39,2024-04-26,1957,N,VIIRS,n,2,294.74,2.3,N,0
22.31706,82.52145,305.41,0.44,0.39,2024-04-26,1957,N,VIIRS,n,2,292.85,1.4,N,0
22.31352,82.52087,304.93,0.44,0.39,2024-04-26,1957,N,VIIRS,n,2,293.12,1.31,N,2
22.25834,82.91378,311.7,0.43,0.38,2024-04-26,1957,N,VIIRS,n,2,296.29,2.88,N,0
21.98464,83.36596,310.43,0.41,0.37,2024-04-26,1957,N,VIIRS,n,2,297.34,4.28,N,0
21.98312,83.23045,312.16,0.42,0.37,2024-04-26,1957,N,VIIRS,n,2,296.55,4.92,N,2
21.9253,83.33974,325.12,0.41,0.37,2024-04-26,1957,N,VIIRS,n,2,301.07,5.45,N,3
21.92359,83.35168,315.05,0.41,0.37,2024-04-26,1957,N,VIIRS,n,2,299.52,4.51,N,2
21.92016,83.35111,341.2,0.41,0.37,2024-04-26,1957,N,VIIRS,n,2,304.01,4.51,N,2
21.92073,83.34713,316.14,0.41,0.37,2024-04-26,1957,N,VIIRS,n,2,299.5,5.49,N,2
21.91617,83.35452,310.99,0.41,0.37,2024-04-26,1957,N,VIIRS,n,2,298.17,4.13,N,2
22.00504,82.67038,319.39,0.44,0.38,2024-04-26,1957,N,VIIRS,n,2,297.61,1.9,N,2
22.00153,82.66979,309.28,0.44,0.38,2024-04-26,1957,N,VIIRS,n,2,296.94,1.9,N,2
21.87701,83.55442,315.8,0.41,0.37,2024-04-26,1957,N,VIIRS,n,2,297.24,1.64,N,2
22.00506,82.67148,313.31,0.43,0.38,2024-04-26,1957,N,VIIRS,n,2,296.75,3.02,N,2
21.8771,83.55496,316.82,0.41,0.37,2024-04-26,1957,N,VIIRS,n,2,297.17,3.41,N,2
22.00214,82.66666,311.15,0.43,0.38,2024-04-26,1957,N,VIIRS,n,2,295.53,3.03,N,2
21.87556,83.49429,309.43,0.41,0.37,2024-04-26,1957,N,VIIRS,n,2,296.57,3.13,N,2
21.25434,85.35112,310.06,0.38,0.36,2024-04-26,1957,N,VIIRS,n,2,296.9,0.78,N,0
21.08074,85.03307,313.45,0.38,0.36,2024-04-26,1957,N,VIIRS,n,2,298.26,2.36,N,2
21.07743,85.03249,326.12,0.38,0.36,2024-04-26,1957,N,VIIRS,n,2,300.74,4.02,N,2
21.07571,85.04353,323.09,0.38,0.36,2024-04-26,1957,N,VIIRS,n,2,299.01,1.91,N,2
21.07686,85.03616,311.59,0.38,0.36,2024-04-26,1957,N,VIIRS,n,2,300.09,1.81,N,2
21.07628,85.03984,319.32,0.38,0.36,2024-04-26,1957,N,VIIRS,n,2,298.69,1.81,N,2
21.07298,85.03925,309.96,0.38,0.36,2024-04-26,1957,N,VIIRS,n,2,298.69,1.81,N,2
21.0724,85.04294,312.48,0.38,0.36,2024-04-26,1957,N,VIIRS,n,2,297.89,1.91,N,2
20.98516,85.1264,310.54,0.38,0.36,2024-04-26,1957,N,VIIRS,n,2,298.37,1.15,N,2
20.98013,85.13685,317.28,0.38,0.36,2024-04-26,1957,N,VIIRS,n,2,298.99,1.6,N,2
20.97955,85.14052,317.9,0.38,0.36,2024-04-26,1957,N,VIIRS,n,2,299.06,1.43,N,2
20.97898,85.1442,312.71,0.38,0.36,2024-04-26,1957,N,VIIRS,n,2,298.33,1.43,N,2
20.9784,85.14788,317.78,0.38,0.36,2024-04-26,1957,N,VIIRS,n,2,299.32,1.35,N,2
20.97551,85.16626,312.05,0.38,0.36,2024-04-26,1957,N,VIIRS,n,2,299.19,1.58,N,2
20.97798,85.12891,330.36,0.38,0.36,2024-04-26,1957,N,VIIRS,n,2,299.2,3.15,N,2
20.97682,85.13626,324.59,0.38,0.36,2024-04-26,1957,N,VIIRS,n,2,300.54,1.6,N,2
20.9774,85.13258,315.81,0.38,0.36,2024-04-26,1957,N,VIIRS,n,2,300.32,1.6,N,2
20.97047,85.1767,313.38,0.38,0.36,2024-04-26,1957,N,VIIRS,n,2,298.93,0.99,N,2
20.96832,85.16875,329.52,0.38,0.36,2024-04-26,1957,N,VIIRS,n,2,301.5,2.18,N,2
20.97409,85.13199,311.07,0.38,0.36,2024-04-26,1957,N,VIIRS,n,2,299.73,1.92,N,2
20.96733,85.15346,340.34,0.38,0.36,2024-04-26,1957,N,VIIRS,n,2,299.67,2.81,N,2
20.96444,85.17184,328.91,0.38,0.36,2024-04-26,1957,N,VIIRS,n,2,300.6,2.18,N,2
20.96675,85.15714,313.8,0.38,0.36,2024-04-26,1957,N,VIIRS,n,2,298.96,2.81,N,2
20.96617,85.16081,312.54,0.38,0.36,2024-04-26,1957,N,VIIRS,n,2,298.64,1.8,N,2
20.96502,85.16816,315.98,0.38,0.36,2024-04-26,1957,N,VIIRS,n,2,299.58,2.18,N,2
20.96229,85.1639,311.34,0.38,0.36,2024-04-26,1957,N,VIIRS,n,2,299.65,1.45,N,2
20.96171,85.16757,312.32,0.38,0.36,2024-04-26,1957,N,VIIRS,n,2,300.77,1.31,N,2
20.96113,85.17125,313.39,0.38,0.36,2024-04-26,1957,N,VIIRS,n,2,299.75,1.31,N,2
20.96055,85.17493,312.93,0.38,0.36,2024-04-26,1957,N,VIIRS,n,2,300.12,2.44,N,2
20.97354,85.04877,307.43,0.38,0.36,2024-04-26,1957,N,VIIRS,n,2,296.22,0.49,N,0
20.96505,85.08126,310.8,0.38,0.36,2024-04-26,1957,N,VIIRS,n,2,298.26,1.18,N,0
20.95283,85.00731,312.11,0.38,0.36,2024-04-26,1957,N,VIIRS,n,2,297.48,1.77,N,2
20.9471,84.84756,310.65,0.38,0.36,2024-04-26,1957,N,VIIRS,n,2,296.47,0.74,N,0
20.86751,84.98892,328.18,0.38,0.36,2024-04-26,1957,N,VIIRS,n,2,301.67,2.29,N,2
20.86363,84.99201,320,0.38,0.36,2024-04-26,1957,N,VIIRS,n,2,299.79,1.81,N,2
20.86305,84.99568,309.63,0.38,0.36,2024-04-26,1957,N,VIIRS,n,2,298.18,1.81,N,2
20.80828,85.2578,315.72,0.38,0.36,2024-04-26,1957,N,VIIRS,n,2,299.68,1.81,N,2
20.80498,85.25722,327.58,0.38,0.36,2024-04-26,1957,N,VIIRS,n,2,301.06,3.63,N,2
22.31026,72.18951,303.61,0.61,0.71,2024-04-26,1957,N,VIIRS,n,2,292.16,1.19,N,0
20.79779,85.2597,319.73,0.38,0.36,2024-04-26,1957,N,VIIRS,n,2,298.93,1.93,N,2
20.79506,85.25544,325.61,0.38,0.36,2024-04-26,1957,N,VIIRS,n,2,299.32,2,N,2
20.79564,85.25177,316.72,0.38,0.36,2024-04-26,1957,N,VIIRS,n,2,298.89,2,N,2
20.79233,85.25117,309.7,0.38,0.36,2024-04-26,1957,N,VIIRS,n,2,298.7,1.69,N,2
20.79175,85.25485,315.49,0.38,0.36,2024-04-26,1957,N,VIIRS,n,2,299.42,1.69,N,2
20.79117,85.25853,314.67,0.38,0.36,2024-04-26,1957,N,VIIRS,n,2,299.53,1.69,N,2
20.78729,85.2616,319.64,0.38,0.36,2024-04-26,1957,N,VIIRS,n,2,300.55,1.69,N,2
20.78671,85.26528,317.79,0.38,0.36,2024-04-26,1957,N,VIIRS,n,2,299.81,2.29,N,2
20.78398,85.26101,313.84,0.38,0.36,2024-04-26,1957,N,VIIRS,n,2,299.11,1.54,N,2
20.76164,85.29479,311.49,0.38,0.36,2024-04-26,1957,N,VIIRS,n,2,298.42,1.36,N,2
20.72663,84.9157,312.75,0.38,0.36,2024-04-26,1957,N,VIIRS,n,2,298.48,1.08,N,0
23.96005,86.44986,310,0.39,0.36,2024-04-26,1957,N,VIIRS,n,2,298.83,2.4,N,0
23.98953,86.13751,320.06,0.38,0.36,2024-04-26,1957,N,VIIRS,n,2,298.04,1.87,N,0
23.99131,86.12627,312.08,0.38,0.36,2024-04-26,1957,N,VIIRS,n,2,297.84,1.57,N,0
23.99072,86.13001,316.76,0.38,0.36,2024-04-26,1957,N,VIIRS,n,2,298.04,1.57,N,0
23.99013,86.13376,315.45,0.38,0.36,2024-04-26,1957,N,VIIRS,n,2,298.54,1.87,N,0
23.94172,86.41537,325.91,0.39,0.36,2024-04-26,1957,N,VIIRS,n,2,300.52,3.9,N,0
23.98802,86.12563,315.88,0.38,0.36,2024-04-26,1957,N,VIIRS,n,2,297.84,2.97,N,0
23.98624,86.13687,310.12,0.38,0.36,2024-04-26,1957,N,VIIRS,n,2,296.65,2.28,N,0
23.98504,86.14439,308.63,0.38,0.36,2024-04-26,1957,N,VIIRS,n,2,297.16,1.06,N,0
23.98175,86.14375,309.75,0.38,0.36,2024-04-26,1957,N,VIIRS,n,2,297.03,1.06,N,0
23.98084,86.1281,316.35,0.38,0.36,2024-04-26,1957,N,VIIRS,n,2,297.79,2.5,N,0
23.97845,86.14312,310.37,0.38,0.36,2024-04-26,1957,N,VIIRS,n,2,297.36,1.87,N,0
23.98109,86.105,313.24,0.38,0.36,2024-04-26,1957,N,VIIRS,n,2,298.57,2.1,N,0
21.60216,70.43124,305.11,0.78,0.78,2024-04-26,1958,N,VIIRS,n,2,291.65,1.46,N,0
21.73082,73.31566,302.22,0.51,0.66,2024-04-26,1958,N,VIIRS,n,2,288.26,1.85,N,0
22.12926,72.76138,305.59,0.56,0.69,2024-04-26,1958,N,VIIRS,n,2,291.93,0.58,N,0
20.6318,85.10988,313.26,0.38,0.36,2024-04-26,1958,N,VIIRS,n,2,300.41,1.86,N,0
20.63122,85.11355,313.11,0.38,0.36,2024-04-26,1958,N,VIIRS,n,2,300.24,1.86,N,0
20.62965,85.10195,311.89,0.38,0.36,2024-04-26,1958,N,VIIRS,n,2,299.66,3.76,N,0
20.8348,70.68956,302.43,0.74,0.76,2024-04-26,1958,N,VIIRS,n,2,290.24,1.22,N,2
21.10011,72.63356,367,0.56,0.69,2024-04-26,1958,N,VIIRS,h,2,291.64,15.57,N,2
21.10555,72.64526,319.99,0.56,0.69,2024-04-26,1958,N,VIIRS,n,2,292.46,4.65,N,2
21.10604,72.63974,312.27,0.56,0.69,2024-04-26,1958,N,VIIRS,n,2,291.48,4.65,N,2
21.10652,72.63418,341.15,0.56,0.69,2024-04-26,1958,N,VIIRS,n,2,292.46,10.53,N,2
21.10195,72.62917,313.79,0.56,0.69,2024-04-26,1958,N,VIIRS,n,2,291.13,13.52,N,0
21.1015,72.63477,367,0.56,0.69,2024-04-26,1958,N,VIIRS,h,2,292.68,14.73,N,2
21.10702,72.64649,311.67,0.56,0.69,2024-04-26,1958,N,VIIRS,n,2,292.36,4.87,N,2
21.10747,72.64095,318.5,0.56,0.69,2024-04-26,1958,N,VIIRS,n,2,292.04,6.83,N,2
29.43025,74.89495,304.42,0.5,0.66,2024-04-26,2136,N,VIIRS,n,2,288.14,1.54,N,0
29.43134,74.89658,311.4,0.5,0.66,2024-04-26,2136,N,VIIRS,n,2,288.36,1.43,N,0
29.90917,74.9531,306.83,0.49,0.65,2024-04-26,2136,N,VIIRS,n,2,289.12,1.17,N,2
30.06717,74.7694,303.07,0.48,0.64,2024-04-26,2136,N,VIIRS,n,2,287.96,2.21,N,0
30.25748,74.93422,300.57,0.48,0.65,2024-04-26,2136,N,VIIRS,n,2,289.73,0.67,N,0
30.00147,76.53258,305.45,0.6,0.71,2024-04-26,2136,N,VIIRS,n,2,287.47,1.09,N,0
30.00062,76.53182,305.29,0.6,0.71,2024-04-26,2136,N,VIIRS,n,2,287.47,1.01,N,0
24.66084,73.00125,329.53,0.5,0.66,2024-04-26,2137,N,VIIRS,n,2,294.37,2.11,N,0
24.66258,73.00064,333.27,0.5,0.66,2024-04-26,2137,N,VIIRS,n,2,294.12,4.59,N,0
24.65778,72.9943,307.79,0.5,0.66,2024-04-26,2137,N,VIIRS,n,2,294.17,2.15,N,0
24.65607,72.99466,306.78,0.5,0.66,2024-04-26,2137,N,VIIRS,n,2,293.81,2.11,N,0
24.66191,72.99684,306.37,0.5,0.66,2024-04-26,2137,N,VIIRS,n,2,293.98,2.11,N,0
21.10393,72.63421,339.44,0.56,0.69,2024-04-26,2138,N,VIIRS,n,2,292.47,6.29,N,2
22.93842,69.69912,305.6,0.34,0.56,2024-04-26,2138,N,VIIRS,n,2,295.43,0.69,N,2
22.92724,69.82325,307.76,0.35,0.56,2024-04-26,2138,N,VIIRS,n,2,296.51,0.81,N,2
23.12076,70.08366,314.11,0.36,0.57,2024-04-26,2138,N,VIIRS,n,2,295.18,1.53,N,2
21.1076,72.64684,320.84,0.57,0.69,2024-04-26,2138,N,VIIRS,n,2,293.83,5.26,N,2
22.12702,72.76486,309.6,0.55,0.68,2024-04-26,2138,N,VIIRS,n,2,290.75,0.56,N,0
20.63279,85.09979,334,0.4,0.44,2024-04-27,0709,N,VIIRS,l,2,305.28,3.44,D,0
20.78796,85.25991,340.46,0.39,0.44,2024-04-27,0709,N,VIIRS,n,2,310.34,6.45,D,2
20.79528,85.25462,353.9,0.39,0.44,2024-04-27,0709,N,VIIRS,n,2,312.59,9.92,D,2
20.80253,85.22614,335.93,0.39,0.44,2024-04-27,0709,N,VIIRS,l,2,308.88,2.55,D,0
20.81455,85.24666,340.57,0.39,0.44,2024-04-27,0709,N,VIIRS,n,2,307.55,3.02,D,0
20.81532,85.24696,342.47,0.39,0.44,2024-04-27,0709,N,VIIRS,n,2,307.46,2.23,D,0
20.76368,84.86216,333.21,0.41,0.45,2024-04-27,0709,N,VIIRS,l,2,304.59,4.26,D,0
20.78661,84.84852,330.69,0.41,0.45,2024-04-27,0709,N,VIIRS,l,2,305.36,3.29,D,0
20.7911,84.82713,332.05,0.41,0.45,2024-04-27,0709,N,VIIRS,l,2,306.42,2.7,D,0
20.88712,84.98241,339.65,0.4,0.44,2024-04-27,0709,N,VIIRS,l,2,311.16,8.19,D,2
20.89117,84.98156,337.49,0.4,0.44,2024-04-27,0709,N,VIIRS,l,2,310.72,5.16,D,2
20.96469,85.17352,342.2,0.39,0.44,2024-04-27,0709,N,VIIRS,n,2,310.99,6.68,D,2
20.96868,85.17266,342.17,0.39,0.44,2024-04-27,0709,N,VIIRS,l,2,314.45,8.79,D,2
20.96923,85.15314,343.74,0.39,0.44,2024-04-27,0709,N,VIIRS,n,2,308.97,6.68,D,2
20.9778,85.13194,341.87,0.39,0.44,2024-04-27,0709,N,VIIRS,l,2,313.2,3.28,D,2
20.98181,85.1311,338.04,0.39,0.44,2024-04-27,0709,N,VIIRS,l,2,311.58,3.28,D,2
21.02631,85.1448,354.01,0.39,0.44,2024-04-27,0709,N,VIIRS,n,2,307.22,4.45,D,0
21.03033,85.14405,349.15,0.39,0.44,2024-04-27,0709,N,VIIRS,n,2,307.78,5.12,D,0
21.02616,85.05511,340.5,0.39,0.44,2024-04-27,0709,N,VIIRS,n,2,309.7,5.04,D,0
21.02545,85.05135,339.81,0.39,0.44,2024-04-27,0709,N,VIIRS,n,2,308.34,2.69,D,0
21.09336,85.34955,333.7,0.57,0.43,2024-04-27,0709,N,VIIRS,l,2,307.76,4.84,D,0
21.04837,85.06218,335.31,0.39,0.44,2024-04-27,0709,N,VIIRS,l,2,308.92,2.26,D,0
21.04271,84.94156,332.23,0.4,0.44,2024-04-27,0709,N,VIIRS,l,2,306.52,1.72,D,0
21.11742,85.07098,334.67,0.39,0.44,2024-04-27,0709,N,VIIRS,l,2,307.48,2.3,D,0
21.23793,84.97883,336.33,0.4,0.44,2024-04-27,0709,N,VIIRS,l,2,309.14,2.89,D,0
23.79518,82.85573,336.06,0.48,0.48,2024-04-27,0710,N,VIIRS,l,2,310.02,4.96,D,0
23.87823,83.36542,341.61,0.44,0.46,2024-04-27,0710,N,VIIRS,n,2,306.26,2.37,D,0
23.78735,83.2103,332.57,0.45,0.47,2024-04-27,0710,N,VIIRS,l,2,305.36,2.66,D,0
23.81481,83.55499,347.11,0.43,0.46,2024-04-27,0710,N,VIIRS,n,2,312.68,6.69,D,0
23.69651,82.97787,342.93,0.47,0.48,2024-04-27,0710,N,VIIRS,n,2,308.22,3.59,D,0
23.62156,82.9185,333.24,0.48,0.48,2024-04-27,0710,N,VIIRS,l,2,305.67,3.15,D,0
23.62247,82.9231,331.84,0.48,0.48,2024-04-27,0710,N,VIIRS,l,2,305.58,3.15,D,0
23.61743,82.94379,333.09,0.47,0.48,2024-04-27,0710,N,VIIRS,n,2,306.31,2.7,D,0
23.605,82.92701,335.68,0.48,0.48,2024-04-27,0710,N,VIIRS,n,2,303.93,3.16,D,0
22.33544,82.66649,333.17,0.52,0.5,2024-04-27,0710,N,VIIRS,l,2,306.91,4.86,D,0
22.16588,82.88414,330.91,0.51,0.49,2024-04-27,0710,N,VIIRS,l,2,304.18,2.3,D,0
22.10419,83.12019,338.6,0.49,0.49,2024-04-27,0710,N,VIIRS,l,2,310.65,7.73,D,2
21.94018,83.25225,338.07,0.49,0.48,2024-04-27,0710,N,VIIRS,n,2,307.38,2.52,D,0
23.95207,83.4054,341.18,0.44,0.46,2024-04-27,0710,N,VIIRS,n,2,307.12,1.32,D,0
23.95109,83.40637,344.88,0.44,0.46,2024-04-27,0710,N,VIIRS,n,2,307.41,3.04,D,0
23.99714,83.55025,343.32,0.43,0.46,2024-04-27,0710,N,VIIRS,n,2,310.29,3.23,D,0
24.00463,83.54405,343.6,0.43,0.46,2024-04-27,0710,N,VIIRS,n,2,310.75,2.94,D,0
24.04062,83.48268,333.42,0.43,0.46,2024-04-27,0710,N,VIIRS,l,2,308.19,1.19,D,0
24.04482,83.48177,333.99,0.43,0.46,2024-04-27,0710,N,VIIRS,l,2,307.96,1.19,D,0
24.14638,83.1581,351.49,0.45,0.47,2024-04-27,0710,N,VIIRS,n,2,313.41,9.19,D,0
24.17263,83.11076,340.98,0.45,0.47,2024-04-27,0710,N,VIIRS,n,2,308.63,3.82,D,0
24.2751,83.16587,344.03,0.45,0.47,2024-04-27,0710,N,VIIRS,n,2,309.48,3.72,D,0
24.2164,82.84867,331.89,0.47,0.48,2024-04-27,0710,N,VIIRS,l,2,303.43,1.85,D,0
24.21548,82.84408,332.33,0.47,0.48,2024-04-27,0710,N,VIIRS,l,2,304.33,1.85,D,0
23.46218,82.98766,345.02,0.47,0.48,2024-04-27,0710,N,VIIRS,n,2,312.25,4.72,D,0
23.4578,82.98853,343.08,0.47,0.48,2024-04-27,0710,N,VIIRS,n,2,311.93,4.47,D,0
23.43008,82.87377,336.93,0.48,0.48,2024-04-27,0710,N,VIIRS,l,2,308.3,2.99,D,0
23.42566,82.87459,337.95,0.48,0.48,2024-04-27,0710,N,VIIRS,l,2,309.17,3.4,D,0
23.25905,82.59055,344.75,0.51,0.49,2024-04-27,0710,N,VIIRS,n,2,307.15,6.03,D,0
23.33731,83.04343,344.98,0.47,0.48,2024-04-27,0710,N,VIIRS,n,2,310.66,10.72,D,0
23.33673,83.04089,345.09,0.47,0.48,2024-04-27,0710,N,VIIRS,n,2,310.65,7.44,D,0
23.16561,82.34275,336.06,0.53,0.5,2024-04-27,0710,N,VIIRS,n,2,303.79,3.72,D,2
23.22244,82.78831,339.48,0.49,0.49,2024-04-27,0710,N,VIIRS,n,2,309.28,3.71,D,0
23.83212,86.30241,337.96,0.46,0.39,2024-04-27,0710,N,VIIRS,l,2,311.23,5.03,D,0
23.83239,86.30581,338.74,0.47,0.39,2024-04-27,0710,N,VIIRS,l,2,310.16,3.36,D,0
23.78875,86.33353,343.32,0.46,0.39,2024-04-27,0710,N,VIIRS,l,2,317.16,8.94,D,2
23.75956,86.27374,349.46,0.47,0.4,2024-04-27,0710,N,VIIRS,l,2,315.93,8.39,D,0
23.10189,82.84459,336.9,0.49,0.49,2024-04-27,0710,N,VIIRS,l,2,307.41,4.13,D,0
23.09745,82.84555,346.01,0.49,0.49,2024-04-27,0710,N,VIIRS,n,2,309.23,4.13,D,0
23.74437,86.35668,340.73,0.46,0.39,2024-04-27,0710,N,VIIRS,n,2,313.45,4.63,D,0
23.74517,86.36118,341.39,0.46,0.39,2024-04-27,0710,N,VIIRS,n,2,312.14,4.63,D,0
23.71121,86.21259,338.01,0.47,0.4,2024-04-27,0710,N,VIIRS,l,2,311.55,2.96,D,0
23.66272,86.00044,345.95,0.48,0.4,2024-04-27,0710,N,VIIRS,n,2,313.22,5.7,D,0
23.84486,87.18793,350.51,0.43,0.38,2024-04-27,0710,N,VIIRS,l,2,312.54,9.71,D,0
23.78612,86.99043,344,0.44,0.38,2024-04-27,0710,N,VIIRS,l,2,314.37,3.35,D,0
23.67678,86.40168,345.59,0.46,0.39,2024-04-27,0710,N,VIIRS,l,2,318.12,10.07,D,2
23.78579,87.05193,344.21,0.43,0.38,2024-04-27,0710,N,VIIRS,n,2,313.8,4.63,D,0
23.61873,86.11575,339.51,0.48,0.4,2024-04-27,0710,N,VIIRS,l,2,313.43,3.48,D,0
23.75097,86.89141,337.14,0.44,0.38,2024-04-27,0710,N,VIIRS,l,2,310.29,1.63,D,0
23.79597,87.301,341.96,0.43,0.38,2024-04-27,0710,N,VIIRS,l,2,315.56,6.48,D,0
23.76494,87.25071,341.64,0.43,0.38,2024-04-27,0710,N,VIIRS,n,2,312.97,5.32,D,0
23.76563,87.25487,339.31,0.43,0.38,2024-04-27,0710,N,VIIRS,l,2,312.88,4.87,D,0
23.6202,86.86797,339.54,0.44,0.39,2024-04-27,0710,N,VIIRS,l,2,312.72,5.41,D,0
23.60235,86.84924,339.32,0.44,0.39,2024-04-27,0710,N,VIIRS,l,2,314.32,6.4,D,0
23.53399,86.61799,350.28,0.45,0.39,2024-04-27,0710,N,VIIRS,n,2,317.26,11.03,D,0
23.61994,87.27028,341.21,0.43,0.38,2024-04-27,0710,N,VIIRS,l,2,311.84,2.5,D,0
23.60726,87.21662,341.59,0.43,0.38,2024-04-27,0710,N,VIIRS,l,2,312.34,2.02,D,0
23.56075,87.23882,339.85,0.43,0.38,2024-04-27,0710,N,VIIRS,l,2,313.44,4.31,D,2
23.56057,87.24186,343.15,0.43,0.38,2024-04-27,0710,N,VIIRS,l,2,313.94,4.89,D,2
23.52587,87.27036,340.73,0.43,0.38,2024-04-27,0710,N,VIIRS,l,2,312.11,3.51,D,0
22.59379,82.49126,337.77,0.53,0.5,2024-04-27,0710,N,VIIRS,n,2,303.69,2.9,D,0
27.6789,77.45831,342.32,0.42,0.61,2024-04-27,0712,N,VIIRS,n,2,304.96,3.52,D,0
27.67609,77.4588,339.02,0.42,0.61,2024-04-27,0712,N,VIIRS,n,2,304.78,2.43,D,0
27.66307,77.45375,338.39,0.42,0.61,2024-04-27,0712,N,VIIRS,n,2,303.83,3.08,D,0
29.50076,73.88349,336.21,0.61,0.71,2024-04-27,0712,N,VIIRS,n,2,300.92,2.91,D,0
29.50187,73.88544,332.94,0.61,0.71,2024-04-27,0712,N,VIIRS,n,2,301.27,2.66,D,0
29.81771,75.1289,334.42,0.51,0.66,2024-04-27,0712,N,VIIRS,n,2,298.98,2.78,D,0
29.81178,75.13089,334.65,0.51,0.66,2024-04-27,0712,N,VIIRS,n,2,300.22,2.78,D,0
29.5681,74.36012,332.86,0.57,0.69,2024-04-27,0712,N,VIIRS,n,2,300.93,5.34,D,0
29.74181,75.0122,330.27,0.52,0.67,2024-04-27,0712,N,VIIRS,l,2,301.17,3.7,D,0
29.7432,75.01746,332.71,0.52,0.67,2024-04-27,0712,N,VIIRS,n,2,301.09,3.67,D,0
29.49227,74.18083,341.33,0.58,0.7,2024-04-27,0712,N,VIIRS,n,2,301.52,4.67,D,0
29.49207,74.18061,337.92,0.58,0.7,2024-04-27,0712,N,VIIRS,n,2,301.49,7.23,D,0
29.2954,73.88863,337.99,0.61,0.71,2024-04-27,0712,N,VIIRS,n,2,301.9,3.63,D,0
29.37377,74.51421,331.55,0.56,0.69,2024-04-27,0712,N,VIIRS,n,2,301.04,0.61,D,0
29.44983,75.00793,332.59,0.53,0.67,2024-04-27,0712,N,VIIRS,n,2,302.29,2.55,D,0
29.47066,75.08784,330.41,0.52,0.67,2024-04-27,0712,N,VIIRS,l,2,302.01,2.55,D,0
29.31678,75.24532,332.8,0.51,0.66,2024-04-27,0712,N,VIIRS,l,2,303.1,2.4,D,0
29.92222,79.09591,334.5,0.6,0.53,2024-04-27,0712,N,VIIRS,n,2,299.13,10.22,D,0
29.75102,78.30849,331.98,0.33,0.56,2024-04-27,0712,N,VIIRS,n,2,300.61,1.51,D,0
29.92312,79.09113,334.31,0.6,0.53,2024-04-27,0712,N,VIIRS,n,2,300.51,12.96,D,0
29.77752,78.47057,331.64,0.33,0.55,2024-04-27,0712,N,VIIRS,n,2,300.77,1.9,D,0
29.82602,78.75215,334.95,0.63,0.54,2024-04-27,0712,N,VIIRS,n,2,298.41,7.86,D,0
29.71752,78.91607,347.86,0.62,0.54,2024-04-27,0712,N,VIIRS,n,2,303.74,20.17,D,0
29.81153,79.33029,332.66,0.58,0.52,2024-04-27,0712,N,VIIRS,n,2,304.01,4.64,D,0
29.78703,79.26654,334.23,0.59,0.53,2024-04-27,0712,N,VIIRS,l,2,306.77,9.79,D,0
29.98005,80.13379,342.98,0.52,0.5,2024-04-27,0712,N,VIIRS,n,2,299.36,7.31,D,0
29.6382,78.64005,347.1,0.32,0.55,2024-04-27,0712,N,VIIRS,n,2,301.97,2.98,D,0
29.63891,78.64314,335.99,0.32,0.55,2024-04-27,0712,N,VIIRS,n,2,300.66,2.98,D,0
29.75011,79.17116,338.6,0.6,0.53,2024-04-27,0712,N,VIIRS,n,2,301.93,7.85,D,0
29.8833,79.76151,331.82,0.55,0.51,2024-04-27,0712,N,VIIRS,n,2,301.54,4.34,D,0
29.88425,79.7658,331.44,0.55,0.51,2024-04-27,0712,N,VIIRS,l,2,303.12,6.18,D,0
29.95584,80.11076,341.81,0.52,0.5,2024-04-27,0712,N,VIIRS,n,2,300.77,4.42,D,0
29.76412,79.74883,334.28,0.55,0.51,2024-04-27,0712,N,VIIRS,n,2,297.49,7.84,D,0
29.59991,79.36595,340.13,0.59,0.53,2024-04-27,0712,N,VIIRS,n,2,299.59,6.41,D,0
29.60107,79.37114,334.99,0.59,0.53,2024-04-27,0712,N,VIIRS,n,2,299.27,6.41,D,0
29.58241,79.31078,340.23,0.59,0.53,2024-04-27,0712,N,VIIRS,n,2,300.76,4.25,D,0
29.82572,80.41157,333.56,0.51,0.49,2024-04-27,0712,N,VIIRS,n,2,303.47,4.78,D,0
29.79673,80.34337,336.16,0.51,0.49,2024-04-27,0712,N,VIIRS,n,2,300.29,5.15,D,0
28.80648,76.19997,331.43,0.47,0.64,2024-04-27,0712,N,VIIRS,l,2,302.99,1.37,D,0
29.53776,79.22623,334.18,0.6,0.53,2024-04-27,0712,N,VIIRS,l,2,305.94,6.55,D,0
29.59418,79.49671,339.54,0.58,0.52,2024-04-27,0712,N,VIIRS,n,2,303.83,7.85,D,0
29.59951,79.49767,330.55,0.58,0.52,2024-04-27,0712,N,VIIRS,n,2,300.02,6.22,D,0
29.53516,79.22794,335.86,0.6,0.53,2024-04-27,0712,N,VIIRS,l,2,306.62,7.6,D,0
29.59464,79.49827,341.19,0.58,0.52,2024-04-27,0712,N,VIIRS,n,2,304.83,6.22,D,0
29.52581,79.48183,331.62,0.58,0.52,2024-04-27,0712,N,VIIRS,l,2,305.86,5.96,D,0
28.817,76.60598,345.23,0.44,0.62,2024-04-27,0712,N,VIIRS,n,2,303.28,5.35,D,0
28.85985,76.77766,330.57,0.43,0.62,2024-04-27,0712,N,VIIRS,l,2,302.22,2.15,D,0
29.33529,78.80296,340.32,0.32,0.55,2024-04-27,0712,N,VIIRS,n,2,304.45,3.1,D,0
29.50932,79.56481,335.95,0.57,0.52,2024-04-27,0712,N,VIIRS,n,2,299.54,5.98,D,0
28.87256,76.97246,336.93,0.42,0.61,2024-04-27,0712,N,VIIRS,n,2,303.22,2.89,D,0
29.59153,79.96483,332.6,0.54,0.51,2024-04-27,0712,N,VIIRS,n,2,298.65,6.74,D,0
28.87544,76.97142,339.03,0.42,0.61,2024-04-27,0712,N,VIIRS,n,2,302.96,1.93,D,0
29.33182,78.96882,338.47,0.63,0.54,2024-04-27,0712,N,VIIRS,n,2,305.34,3.64,D,0
29.40959,79.36099,340.42,0.59,0.53,2024-04-27,0712,N,VIIRS,n,2,303.49,11.07,D,0
29.33129,79.10397,339.5,0.61,0.54,2024-04-27,0712,N,VIIRS,l,2,310.37,9.54,D,0
29.26674,79.11565,334.72,0.62,0.54,2024-04-27,0712,N,VIIRS,l,2,308.4,3.1,D,0
28.63847,76.42801,330.16,0.46,0.63,2024-04-27,0712,N,VIIRS,l,2,303.29,2.1,D,0
29.26524,79.11606,334.96,0.62,0.54,2024-04-27,0712,N,VIIRS,l,2,307.85,3.24,D,0
29.33113,79.43475,331.05,0.59,0.53,2024-04-27,0712,N,VIIRS,n,2,297.76,4.93,D,0
28.77522,77.08595,331.61,0.41,0.61,2024-04-27,0712,N,VIIRS,n,2,300.21,1.98,D,0
28.81231,77.23939,331.59,0.41,0.6,2024-04-27,0712,N,VIIRS,n,2,300.09,1.76,D,0
29.42794,79.98725,341.99,0.54,0.51,2024-04-27,0712,N,VIIRS,n,2,306.57,17.21,D,0
29.429,79.99212,332.93,0.54,0.51,2024-04-27,0712,N,VIIRS,n,2,302.8,12.97,D,0
29.21121,79.03744,331.24,0.62,0.54,2024-04-27,0712,N,VIIRS,l,2,305.15,2.8,D,0
29.31038,79.54541,338.18,0.58,0.52,2024-04-27,0712,N,VIIRS,n,2,302.21,5.08,D,0
29.21609,79.15009,331.52,0.61,0.54,2024-04-27,0712,N,VIIRS,l,2,304.7,2.6,D,0
29.30527,79.54504,332.01,0.58,0.52,2024-04-27,0712,N,VIIRS,n,2,301.88,5.08,D,0
29.15848,79.07964,346.35,0.62,0.54,2024-04-27,0712,N,VIIRS,n,2,306.13,7.65,D,0
29.15854,79.08148,342.69,0.62,0.54,2024-04-27,0712,N,VIIRS,n,2,305.82,10.99,D,0
29.247,79.63937,340.01,0.58,0.52,2024-04-27,0712,N,VIIRS,n,2,303.35,7.37,D,0
29.08374,78.98106,331.3,0.63,0.54,2024-04-27,0712,N,VIIRS,l,2,305.24,2.15,D,0
29.30915,80.05556,340.05,0.54,0.51,2024-04-27,0712,N,VIIRS,n,2,298.6,6.18,D,0
29.08398,79.0963,336.69,0.62,0.54,2024-04-27,0712,N,VIIRS,n,2,302.92,3.11,D,0
29.28641,80.04091,344.73,0.54,0.51,2024-04-27,0712,N,VIIRS,n,2,302.01,9.14,D,0
29.27585,80.03735,340.82,0.54,0.51,2024-04-27,0712,N,VIIRS,n,2,303.28,6.95,D,0
29.24757,79.93228,340.94,0.55,0.51,2024-04-27,0712,N,VIIRS,n,2,301.18,11.7,D,0
29.24623,79.93462,345.26,0.55,0.51,2024-04-27,0712,N,VIIRS,n,2,302.18,6.72,D,0
29.30303,80.26645,330.67,0.53,0.5,2024-04-27,0712,N,VIIRS,l,2,305.39,4.43,D,0
29.27239,80.21364,334.28,0.53,0.5,2024-04-27,0712,N,VIIRS,n,2,299.61,3.23,D,0
29.04327,79.19664,342.43,0.62,0.54,2024-04-27,0712,N,VIIRS,n,2,306.9,4.31,D,0
29.18341,79.82742,338.68,0.56,0.52,2024-04-27,0712,N,VIIRS,n,2,304.66,7.06,D,0
29.17524,79.83528,337.2,0.56,0.52,2024-04-27,0712,N,VIIRS,n,2,303.5,6.01,D,0
29.17653,79.84119,342.14,0.56,0.52,2024-04-27,0712,N,VIIRS,n,2,303.63,7.45,D,0
29.20302,79.96183,331.72,0.55,0.51,2024-04-27,0712,N,VIIRS,n,2,300.34,2.76,D,0
29.20389,79.96581,354.61,0.55,0.51,2024-04-27,0712,N,VIIRS,n,2,307.2,23.54,D,0
29.17283,79.84686,330.24,0.56,0.52,2024-04-27,0712,N,VIIRS,l,2,303.34,7.45,D,0
29.17559,79.94886,338.18,0.55,0.51,2024-04-27,0712,N,VIIRS,n,2,302.32,5.23,D,0
28.9552,78.99229,342.62,0.64,0.54,2024-04-27,0712,N,VIIRS,n,2,307.77,5.24,D,0
29.19066,80.08378,336.22,0.54,0.51,2024-04-27,0712,N,VIIRS,n,2,301.63,8.4,D,0
29.17733,80.04552,340.67,0.55,0.51,2024-04-27,0712,N,VIIRS,n,2,302.09,4.98,D,0
29.17836,80.05019,332.56,0.55,0.51,2024-04-27,0712,N,VIIRS,n,2,300.74,4.98,D,0
28.92423,78.99107,337.93,0.32,0.54,2024-04-27,0712,N,VIIRS,n,2,308.46,2.43,D,0
29.02148,79.72472,352.04,0.57,0.52,2024-04-27,0712,N,VIIRS,n,2,303.05,14.31,D,0
28.99982,79.83142,330.8,0.57,0.52,2024-04-27,0712,N,VIIRS,l,2,302.17,1.63,D,0
28.99666,79.95343,367,0.56,0.51,2024-04-27,0712,N,VIIRS,h,2,308.45,15.79,D,0
28.98145,79.95164,333.47,0.56,0.51,2024-04-27,0712,N,VIIRS,l,2,304.64,1.76,D,0
28.95585,79.88024,352.55,0.56,0.52,2024-04-27,0712,N,VIIRS,n,2,309.3,11.67,D,0
28.85999,79.54001,331.29,0.59,0.53,2024-04-27,0712,N,VIIRS,l,2,304.77,17.74,D,0
28.86134,79.54601,346.97,0.59,0.53,2024-04-27,0712,N,VIIRS,n,2,309.18,17.74,D,0
28.96845,80.027,344.66,0.55,0.51,2024-04-27,0712,N,VIIRS,n,2,307.47,18.58,D,0
28.86031,79.65394,330.25,0.58,0.52,2024-04-27,0712,N,VIIRS,l,2,304.77,4.33,D,0
28.86078,79.64841,332.41,0.59,0.52,2024-04-27,0712,N,VIIRS,l,2,306.92,4.64,D,0
28.73594,79.22247,345.65,0.62,0.54,2024-04-27,0712,N,VIIRS,n,2,308.27,6.05,D,0
28.8254,79.67101,340.15,0.58,0.52,2024-04-27,0712,N,VIIRS,n,2,308.59,6.7,D,0
28.25164,77.31105,338.1,0.41,0.61,2024-04-27,0712,N,VIIRS,n,2,306.95,2.38,D,0
28.78505,79.73872,345.53,0.58,0.52,2024-04-27,0712,N,VIIRS,n,2,306.25,5.87,D,0
28.72661,79.54664,332.73,0.6,0.53,2024-04-27,0712,N,VIIRS,l,2,306.71,1.95,D,0
28.75211,79.70422,333.96,0.58,0.52,2024-04-27,0712,N,VIIRS,l,2,306.26,3.58,D,0
28.75343,79.71012,335.91,0.58,0.52,2024-04-27,0712,N,VIIRS,l,2,307.1,3.58,D,0
28.75341,79.70614,342.46,0.58,0.52,2024-04-27,0712,N,VIIRS,n,2,306.54,3.84,D,0
28.70153,79.67679,337.41,0.59,0.53,2024-04-27,0712,N,VIIRS,l,2,308.43,8.39,D,0
28.72499,79.78275,334.16,0.58,0.52,2024-04-27,0712,N,VIIRS,l,2,306.89,5.31,D,0
28.04695,77.0952,331.94,0.43,0.62,2024-04-27,0712,N,VIIRS,l,2,304.73,0.94,D,0
28.04551,77.09541,332.06,0.43,0.62,2024-04-27,0712,N,VIIRS,l,2,304.25,1.19,D,0
28.74312,80.20811,345.81,0.55,0.51,2024-04-27,0712,N,VIIRS,n,2,308.12,13.27,D,0
28.73732,80.20388,344.2,0.55,0.51,2024-04-27,0712,N,VIIRS,n,2,309.23,11.12,D,0
30.18231,74.71172,330.64,0.53,0.67,2024-04-27,0713,N,VIIRS,n,2,299.27,1.9,D,0
30.23648,74.79481,340.23,0.52,0.67,2024-04-27,0713,N,VIIRS,n,2,301.06,7.47,D,0
30.23507,74.7895,338.99,0.52,0.67,2024-04-27,0713,N,VIIRS,n,2,300.68,5.11,D,0
30.49148,74.18638,367,0.55,0.68,2024-04-27,0713,N,VIIRS,h,2,302.43,10.77,D,0
30.48877,74.18769,335.29,0.55,0.68,2024-04-27,0713,N,VIIRS,n,2,301.81,4.33,D,0
30.4949,74.18555,350.61,0.55,0.68,2024-04-27,0713,N,VIIRS,n,2,300.15,4.33,D,0
30.61709,74.56506,346.97,0.52,0.67,2024-04-27,0713,N,VIIRS,n,2,299.18,4.7,D,0
30.92264,74.51796,336.58,0.52,0.67,2024-04-27,0713,N,VIIRS,n,2,286.62,5.58,D,0
21.54125,74.4912,338.33,0.36,0.57,2024-04-27,0850,N,VIIRS,n,2,306.27,3.24,D,0
21.36008,73.3303,332.52,0.6,0.53,2024-04-27,0850,N,VIIRS,l,2,303.2,2.68,D,0
21.35905,73.87426,342.83,0.32,0.55,2024-04-27,0850,N,VIIRS,n,2,307.52,5.65,D,0
21.35937,73.8774,337.53,0.32,0.55,2024-04-27,0850,N,VIIRS,n,2,305.99,5.65,D,0
21.32578,73.84953,340.55,0.32,0.55,2024-04-27,0850,N,VIIRS,n,2,308.92,10.97,D,0
21.3274,73.85094,349.53,0.32,0.55,2024-04-27,0850,N,VIIRS,n,2,308.41,8.2,D,0
20.7492,70.81026,346.73,0.41,0.45,2024-04-27,0850,N,VIIRS,n,2,312.34,11.72,D,0
21.01207,73.69265,336.84,0.62,0.54,2024-04-27,0850,N,VIIRS,n,2,304.79,4.52,D,0
20.84038,73.55208,341.16,0.61,0.53,2024-04-27,0850,N,VIIRS,n,2,304.72,4.03,D,0
20.84462,73.98281,346.93,0.32,0.55,2024-04-27,0850,N,VIIRS,n,2,306.29,4.17,D,0
20.71227,73.87299,335.16,0.63,0.54,2024-04-27,0850,N,VIIRS,n,2,304.92,6.73,D,0
20.70411,73.84279,336.33,0.63,0.54,2024-04-27,0850,N,VIIRS,l,2,307.85,8.82,D,0
20.68973,73.75107,343.25,0.62,0.54,2024-04-27,0850,N,VIIRS,n,2,304.81,5.44,D,0
20.68203,73.87651,339.38,0.63,0.54,2024-04-27,0850,N,VIIRS,n,2,306.09,11.15,D,0
20.6891,73.74702,342.61,0.62,0.54,2024-04-27,0850,N,VIIRS,n,2,305.22,5.79,D,0
20.68226,73.87203,338.77,0.63,0.54,2024-04-27,0850,N,VIIRS,n,2,307.04,6.71,D,0
20.63381,73.84727,331.25,0.63,0.54,2024-04-27,0850,N,VIIRS,l,2,302.72,5.11,D,0
20.62502,73.86066,330.09,0.63,0.54,2024-04-27,0850,N,VIIRS,l,2,300.97,4.07,D,0
20.44269,73.66732,335.43,0.61,0.53,2024-04-27,0850,N,VIIRS,n,2,305.17,4.99,D,0
20.36958,73.4502,335.52,0.59,0.53,2024-04-27,0850,N,VIIRS,l,2,305.91,4.73,D,0
20.36467,73.45052,336.71,0.59,0.53,2024-04-27,0850,N,VIIRS,n,2,306.03,5.03,D,0
20.36526,73.45612,338.22,0.59,0.53,2024-04-27,0850,N,VIIRS,n,2,304.51,3.35,D,0
20.35245,73.38177,335.16,0.58,0.52,2024-04-27,0850,N,VIIRS,l,2,305.45,2.23,D,0
20.24503,73.36907,342.68,0.58,0.52,2024-04-27,0850,N,VIIRS,n,2,306.37,6.2,D,0
20.19173,73.28115,340.01,0.57,0.52,2024-04-27,0850,N,VIIRS,n,2,306.87,5.14,D,0
24.51844,73.87173,349.61,0.35,0.57,2024-04-27,0851,N,VIIRS,n,2,309.03,3.95,D,0
24.46387,73.46055,339.17,0.33,0.55,2024-04-27,0851,N,VIIRS,n,2,304.76,4.04,D,0
24.38766,73.47826,367,0.33,0.55,2024-04-27,0851,N,VIIRS,h,2,310.09,6.88,D,0
24.39878,73.88496,339.31,0.35,0.57,2024-04-27,0851,N,VIIRS,l,2,310.11,1.95,D,0
24.34303,73.46483,338.62,0.33,0.55,2024-04-27,0851,N,VIIRS,l,2,309.05,1.63,D,0
24.31052,73.28741,337.48,0.32,0.55,2024-04-27,0851,N,VIIRS,n,2,306.8,2.99,D,0
24.30486,73.28181,337.11,0.32,0.55,2024-04-27,0851,N,VIIRS,l,2,307.35,2.6,D,0
24.34288,73.74056,337.75,0.34,0.56,2024-04-27,0851,N,VIIRS,n,2,306.45,2.11,D,0
24.32057,73.7273,338.35,0.34,0.56,2024-04-27,0851,N,VIIRS,n,2,304.01,2.53,D,0
24.3209,73.73085,348.25,0.34,0.56,2024-04-27,0851,N,VIIRS,n,2,303.63,2.53,D,0
24.18458,73.2419,336.66,0.64,0.54,2024-04-27,0851,N,VIIRS,n,2,305.83,6.57,D,0
23.81378,69.84902,340.05,0.39,0.44,2024-04-27,0851,N,VIIRS,l,2,311.75,4.58,D,0
23.74206,69.28064,347.33,0.54,0.42,2024-04-27,0851,N,VIIRS,l,2,319.14,44.83,D,0
23.84653,70.87898,346.78,0.45,0.47,2024-04-27,0851,N,VIIRS,l,2,321.43,13.36,D,0
23.42148,68.85738,340.08,0.51,0.41,2024-04-27,0851,N,VIIRS,l,2,313.35,6.1,D,0
23.41854,68.85573,340.97,0.51,0.41,2024-04-27,0851,N,VIIRS,l,2,314.36,10.08,D,0
23.38136,68.6246,340.02,0.5,0.41,2024-04-27,0851,N,VIIRS,l,2,312.83,37.79,D,0
23.26155,69.2131,340.73,0.53,0.42,2024-04-27,0851,N,VIIRS,l,2,315.59,11.16,D,0
23.71712,74.00819,345.34,0.35,0.57,2024-04-27,0851,N,VIIRS,n,2,293.65,3.61,D,0
23.18613,70.25973,343.76,0.4,0.45,2024-04-27,0851,N,VIIRS,n,2,310.62,5.95,D,0
23.09517,71.57587,338.47,0.48,0.48,2024-04-27,0851,N,VIIRS,l,2,312.59,6.19,D,0
22.77573,71.48373,340.97,0.47,0.48,2024-04-27,0851,N,VIIRS,l,2,314.71,12.04,D,0
22.59358,70.881,350.35,0.43,0.46,2024-04-27,0851,N,VIIRS,n,2,312.65,15.7,D,0
22.59025,70.88004,346.58,0.43,0.46,2024-04-27,0851,N,VIIRS,n,2,312.2,15.43,D,0
22.49722,72.22536,347.44,0.52,0.5,2024-04-27,0851,N,VIIRS,n,2,307.44,8.34,D,0
22.58524,73.72458,335.63,0.33,0.55,2024-04-27,0851,N,VIIRS,n,2,296.27,3.86,D,0
22.58554,73.72781,353.73,0.33,0.55,2024-04-27,0851,N,VIIRS,n,2,301.63,7.36,D,0
22.58764,73.7258,353.26,0.33,0.55,2024-04-27,0851,N,VIIRS,n,2,300.07,4.62,D,0
22.58797,73.72905,342.33,0.33,0.55,2024-04-27,0851,N,VIIRS,n,2,301.62,6.17,D,0
21.8579,70.79951,339.49,0.42,0.45,2024-04-27,0851,N,VIIRS,n,2,305.98,6.15,D,0
21.96661,73.05249,336.45,0.58,0.52,2024-04-27,0851,N,VIIRS,n,2,305.9,7.19,D,0
21.79179,72.00057,349.1,0.5,0.49,2024-04-27,0851,N,VIIRS,n,2,310.4,11.73,D,0
21.97507,74.27083,335.6,0.35,0.57,2024-04-27,0851,N,VIIRS,n,2,301.87,4.03,D,0
21.64938,73.21027,334.97,0.59,0.53,2024-04-27,0851,N,VIIRS,n,2,304.72,3.7,D,0
21.67843,74.53486,332.42,0.36,0.57,2024-04-27,0851,N,VIIRS,n,2,302.05,1.29,D,0
24.55385,73.45448,335.59,0.33,0.55,2024-04-27,0851,N,VIIRS,l,2,305.72,1,D,0
24.5968,73.62523,367,0.34,0.56,2024-04-27,0851,N,VIIRS,h,2,305.78,14.87,D,0
28.68278,76.58878,334.45,0.57,0.69,2024-04-27,0852,N,VIIRS,n,2,295.94,4.04,D,0
28.6822,76.58775,331.65,0.57,0.69,2024-04-27,0852,N,VIIRS,n,2,295.48,2.3,D,0
27.83635,77.40801,331.59,0.63,0.72,2024-04-27,0852,N,VIIRS,n,2,293.78,5.41,D,0
29.7846,74.22636,345.4,0.42,0.61,2024-04-27,0853,N,VIIRS,n,2,304.64,3.11,D,0
29.82281,75.15238,340.17,0.48,0.64,2024-04-27,0853,N,VIIRS,n,2,299.58,3.1,D,0
29.77162,75.20728,351.51,0.48,0.65,2024-04-27,0853,N,VIIRS,n,2,301.04,5.92,D,0
29.77039,75.20658,349.18,0.48,0.65,2024-04-27,0853,N,VIIRS,n,2,300.96,4.48,D,0
29.6648,74.33978,335.25,0.42,0.61,2024-04-27,0853,N,VIIRS,n,2,303.41,0.96,D,0
29.63244,74.20371,337.34,0.42,0.61,2024-04-27,0853,N,VIIRS,n,2,302.46,1.32,D,0
29.51119,74.05598,351.26,0.41,0.6,2024-04-27,0853,N,VIIRS,n,2,303.75,6.36,D,0
29.45274,73.94537,335.79,0.4,0.6,2024-04-27,0853,N,VIIRS,n,2,305.2,1.04,D,0
29.423,74.13083,356.73,0.41,0.61,2024-04-27,0853,N,VIIRS,n,2,305.59,7.42,D,0
29.44886,74.59222,342.87,0.44,0.62,2024-04-27,0853,N,VIIRS,n,2,303.05,2.41,D,0
29.32363,77.08018,330.08,0.62,0.71,2024-04-27,0853,N,VIIRS,n,2,293.78,7.24,D,0
29.3267,77.08143,339.31,0.61,0.71,2024-04-27,0853,N,VIIRS,n,2,294.42,4.58,D,0
28.96434,76.86855,335.66,0.59,0.7,2024-04-27,0853,N,VIIRS,n,2,298.17,4.13,D,0
30.7217,74.65379,341.32,0.45,0.63,2024-04-27,0853,N,VIIRS,n,2,301.07,8.09,D,0
30.71925,74.25037,344.28,0.43,0.62,2024-04-27,0853,N,VIIRS,n,2,298.69,4.62,D,0
30.4969,74.14868,341.35,0.42,0.61,2024-04-27,0853,N,VIIRS,n,2,300.36,9.42,D,0
30.49721,74.15317,367,0.42,0.61,2024-04-27,0853,N,VIIRS,h,2,302.97,9.42,D,0
30.49058,74.14016,336.45,0.42,0.61,2024-04-27,0853,N,VIIRS,n,2,300.26,2.51,D,0
30.49088,74.14465,339.3,0.42,0.61,2024-04-27,0853,N,VIIRS,n,2,301.48,2.51,D,0
30.49213,74.52,353.37,0.44,0.63,2024-04-27,0853,N,VIIRS,n,2,298.88,4.69,D,0
30.32996,74.79867,335.41,0.46,0.63,2024-04-27,0853,N,VIIRS,n,2,300.27,2.98,D,0
30.23464,75.14605,351.06,0.48,0.65,2024-04-27,0853,N,VIIRS,n,2,302.78,6.06,D,0
30.147,78.76662,357,0.79,0.78,2024-04-27,0853,N,VIIRS,l,2,278.61,12.52,D,0
30.1468,78.76021,336.72,0.79,0.78,2024-04-27,0853,N,VIIRS,n,2,275.97,12.52,D,0
29.78626,74.22244,349.46,0.42,0.61,2024-04-27,0853,N,VIIRS,n,2,303.88,5.27,D,0
29.78655,74.22689,339.21,0.42,0.61,2024-04-27,0853,N,VIIRS,n,2,303.41,5.71,D,0
29.86934,75.12368,338.41,0.48,0.64,2024-04-27,0853,N,VIIRS,n,2,302.41,2.99,D,0
29.79031,74.2259,341.03,0.42,0.61,2024-04-27,0853,N,VIIRS,n,2,303,3.47,D,0
29.09853,79.97893,310.71,0.46,0.64,2024-04-27,1936,N,VIIRS,n,2,294.01,1.61,N,0
28.98444,79.94357,307.15,0.46,0.64,2024-04-27,1936,N,VIIRS,n,2,290.86,0.69,N,0
29.09577,79.97976,312.42,0.46,0.64,2024-04-27,1936,N,VIIRS,n,2,294.18,2.87,N,0
29.10157,79.98228,313.92,0.46,0.64,2024-04-27,1936,N,VIIRS,n,2,293.72,2.05,N,0
29.10515,79.93134,305.99,0.47,0.64,2024-04-27,1936,N,VIIRS,n,2,293.42,1.63,N,0
29.10434,79.98162,305.95,0.46,0.64,2024-04-27,1936,N,VIIRS,n,2,294.09,1.61,N,0
29.10604,80.04789,305.56,0.46,0.63,2024-04-27,1936,N,VIIRS,n,2,293.49,2.66,N,0
29.16137,79.84332,304.61,0.47,0.64,2024-04-27,1936,N,VIIRS,n,2,292.31,1.4,N,0
29.17906,79.84927,303.12,0.47,0.64,2024-04-27,1936,N,VIIRS,n,2,291.42,1.46,N,0
29.17963,79.84092,310.76,0.47,0.64,2024-04-27,1936,N,VIIRS,n,2,291.32,2.39,N,0
29.17935,79.84496,322.25,0.47,0.64,2024-04-27,1936,N,VIIRS,n,2,291.97,1.46,N,0
29.1799,79.8367,326.26,0.47,0.64,2024-04-27,1936,N,VIIRS,n,2,291.47,2.39,N,0
29.19288,79.7326,304.36,0.48,0.65,2024-04-27,1936,N,VIIRS,n,2,292.42,1.75,N,0
29.19901,79.73167,307.55,0.48,0.65,2024-04-27,1936,N,VIIRS,n,2,291.18,1.29,N,0
29.19538,79.96301,301.34,0.47,0.64,2024-04-27,1936,N,VIIRS,n,2,287.65,0.79,N,0
29.20073,79.97227,307.97,0.47,0.64,2024-04-27,1936,N,VIIRS,n,2,289.63,0.9,N,0
29.19374,80.15636,309.95,0.45,0.63,2024-04-27,1936,N,VIIRS,n,2,290.39,1.55,N,0
29.22826,79.65829,312.9,0.49,0.65,2024-04-27,1936,N,VIIRS,n,2,289.63,2.04,N,0
29.22859,79.65344,309.43,0.49,0.65,2024-04-27,1936,N,VIIRS,n,2,289.47,2.51,N,0
29.19852,80.17242,305.37,0.45,0.63,2024-04-27,1936,N,VIIRS,n,2,291.42,1.06,N,0
29.19469,79.72964,307.8,0.48,0.65,2024-04-27,1936,N,VIIRS,n,2,292.09,1.37,N,0
29.20047,79.73471,302.33,0.48,0.65,2024-04-27,1936,N,VIIRS,n,2,290.9,1.37,N,0
29.19844,79.96338,299.77,0.47,0.64,2024-04-27,1936,N,VIIRS,n,2,288.24,0.78,N,0
29.20412,79.96811,302.73,0.47,0.64,2024-04-27,1936,N,VIIRS,n,2,290.64,1.42,N,0
29.22965,79.65476,325.51,0.49,0.65,2024-04-27,1936,N,VIIRS,n,2,290.42,2.77,N,0
29.22733,79.88616,304.99,0.47,0.64,2024-04-27,1936,N,VIIRS,n,2,290.31,1.48,N,0
29.23275,79.89562,308.77,0.47,0.64,2024-04-27,1936,N,VIIRS,n,2,290.09,2.1,N,0
29.2334,79.88551,303.73,0.47,0.64,2024-04-27,1936,N,VIIRS,n,2,290.04,2.59,N,0
29.23307,79.89065,327.85,0.47,0.64,2024-04-27,1936,N,VIIRS,n,2,292,2.1,N,0
29.22344,80.13035,306.81,0.46,0.63,2024-04-27,1936,N,VIIRS,n,2,291.14,1.32,N,0
29.2237,80.12645,305.29,0.46,0.63,2024-04-27,1936,N,VIIRS,n,2,290.65,1.15,N,0
29.23413,80.05873,303.38,0.46,0.64,2024-04-27,1936,N,VIIRS,n,2,290.3,0.85,N,0
29.23579,80.03352,301.13,0.46,0.64,2024-04-27,1936,N,VIIRS,n,2,290.2,0.84,N,0
29.23598,80.03072,308.08,0.46,0.64,2024-04-27,1936,N,VIIRS,n,2,289.73,0.84,N,0
29.23079,80.19781,303.17,0.45,0.63,2024-04-27,1936,N,VIIRS,n,2,290.52,0.86,N,0
29.2559,79.81686,305.26,0.48,0.64,2024-04-27,1936,N,VIIRS,n,2,289.21,2.03,N,0
29.25692,79.80115,297.12,0.48,0.65,2024-04-27,1936,N,VIIRS,n,2,285.99,0.47,N,0
29.23651,80.20072,312.51,0.45,0.63,2024-04-27,1936,N,VIIRS,n,2,291.07,1.28,N,0
29.25591,79.9095,301.41,0.47,0.64,2024-04-27,1936,N,VIIRS,n,2,289.18,0.59,N,0
29.26587,80.03011,300.59,0.46,0.64,2024-04-27,1936,N,VIIRS,n,2,289.55,0.68,N,0
29.28802,79.69527,300.99,0.48,0.65,2024-04-27,1936,N,VIIRS,n,2,288.73,1.66,N,0
29.31214,79.4143,303.51,0.5,0.66,2024-04-27,1936,N,VIIRS,n,2,290.82,1.03,N,0
29.27317,80.09801,313.97,0.46,0.63,2024-04-27,1936,N,VIIRS,n,2,288.37,2.34,N,0
29.27876,80.10322,301.29,0.46,0.63,2024-04-27,1936,N,VIIRS,n,2,285.62,1.13,N,0
29.27913,80.09782,302.29,0.46,0.63,2024-04-27,1936,N,VIIRS,n,2,285.16,1.21,N,0
29.32926,79.43672,306.66,0.5,0.66,2024-04-27,1936,N,VIIRS,n,2,290.97,1.34,N,0
29.30947,79.82918,302.53,0.48,0.64,2024-04-27,1936,N,VIIRS,n,2,286.7,0.93,N,0
29.29834,79.99233,327,0.47,0.64,2024-04-27,1936,N,VIIRS,n,2,289.36,3.38,N,0
29.29861,79.98838,322.58,0.47,0.64,2024-04-27,1936,N,VIIRS,n,2,289.04,3.38,N,0
29.31525,79.92107,307.48,0.47,0.64,2024-04-27,1936,N,VIIRS,n,2,287.34,2.39,N,0
29.33626,79.70213,299.11,0.49,0.65,2024-04-27,1936,N,VIIRS,n,2,286.55,0.66,N,0
29.33652,79.69833,301.14,0.49,0.65,2024-04-27,1936,N,VIIRS,n,2,286.88,1.54,N,0
29.33708,79.69006,309.29,0.49,0.65,2024-04-27,1936,N,VIIRS,n,2,286.54,1.75,N,0
29.27625,80.10193,316.98,0.46,0.63,2024-04-27,1936,N,VIIRS,n,2,287.6,1.7,N,0
29.27662,80.09596,308.36,0.46,0.63,2024-04-27,1936,N,VIIRS,n,2,286.76,1.7,N,0
29.29525,79.98827,300.65,0.47,0.64,2024-04-27,1936,N,VIIRS,n,2,288.36,3.19,N,0
29.32844,79.436,306.43,0.5,0.66,2024-04-27,1936,N,VIIRS,n,2,290.97,1.26,N,0
29.30092,79.99323,313.56,0.47,0.64,2024-04-27,1936,N,VIIRS,n,2,288.79,3.74,N,0
29.31111,79.82914,301.26,0.48,0.64,2024-04-27,1936,N,VIIRS,n,2,286.44,0.74,N,0
29.30118,79.98912,326.23,0.47,0.64,2024-04-27,1936,N,VIIRS,n,2,289.76,3.19,N,0
29.31141,79.92146,298.3,0.47,0.64,2024-04-27,1936,N,VIIRS,n,2,286.16,1,N,0
29.31741,79.92177,306.26,0.47,0.64,2024-04-27,1936,N,VIIRS,n,2,288.12,1,N,0
29.33707,79.70247,299.62,0.49,0.65,2024-04-27,1936,N,VIIRS,n,2,286.66,2.03,N,0
29.33731,79.69862,304.22,0.49,0.65,2024-04-27,1936,N,VIIRS,n,2,287.28,2.03,N,0
29.33781,79.69048,307.99,0.49,0.65,2024-04-27,1936,N,VIIRS,n,2,286.63,2.32,N,0
29.33817,79.68466,295.93,0.49,0.65,2024-04-27,1936,N,VIIRS,n,2,285.73,2.16,N,0
29.34304,79.70444,311.87,0.49,0.65,2024-04-27,1936,N,VIIRS,n,2,287.85,2.03,N,0
29.34348,79.69743,313.5,0.49,0.65,2024-04-27,1936,N,VIIRS,n,2,286.87,2.32,N,0
29.34375,79.69312,298.8,0.49,0.65,2024-04-27,1936,N,VIIRS,n,2,285.65,2.32,N,0
29.34326,79.70088,327.42,0.49,0.65,2024-04-27,1936,N,VIIRS,n,2,288.45,2.03,N,0
29.34967,79.69571,299.54,0.49,0.65,2024-04-27,1936,N,VIIRS,n,2,285.47,1.25,N,0
29.34998,79.69095,298.95,0.49,0.65,2024-04-27,1936,N,VIIRS,n,2,285.69,0.87,N,0
29.35036,79.6846,297.4,0.49,0.65,2024-04-27,1936,N,VIIRS,n,2,286.19,0.87,N,0
29.352,79.6581,296.24,0.49,0.65,2024-04-27,1936,N,VIIRS,n,2,285.43,1.83,N,0
29.35174,79.66239,323.48,0.49,0.65,2024-04-27,1936,N,VIIRS,n,2,287.47,2.67,N,0
29.35827,79.6555,313.56,0.49,0.65,2024-04-27,1936,N,VIIRS,n,2,285.44,1.83,N,0
29.36694,79.89974,302.39,0.47,0.64,2024-04-27,1936,N,VIIRS,n,2,286.01,0.6,N,0
29.38659,79.5935,295.69,0.49,0.65,2024-04-27,1936,N,VIIRS,n,2,285.38,0.79,N,0
29.38717,79.77486,300.18,0.48,0.65,2024-04-27,1936,N,VIIRS,n,2,284.83,0.53,N,0
29.40196,79.54445,301.16,0.5,0.66,2024-04-27,1936,N,VIIRS,n,2,285.12,1.27,N,0
29.39824,79.97115,304.34,0.47,0.64,2024-04-27,1936,N,VIIRS,n,2,287.37,1.5,N,0
29.39862,80.13891,296.23,0.46,0.63,2024-04-27,1936,N,VIIRS,n,2,284.6,0.89,N,0
29.39515,79.9726,298.3,0.47,0.64,2024-04-27,1936,N,VIIRS,n,2,286.78,0.52,N,0
29.39664,80.14018,300.18,0.46,0.63,2024-04-27,1936,N,VIIRS,n,2,285.25,1.05,N,0
29.43492,80.09978,305.84,0.46,0.64,2024-04-27,1936,N,VIIRS,n,2,285.26,0.79,N,0
29.49612,79.20853,302.75,0.52,0.67,2024-04-27,1936,N,VIIRS,n,2,289.91,0.91,N,0
29.44502,80.2161,302.07,0.45,0.63,2024-04-27,1936,N,VIIRS,n,2,289.56,0.64,N,0
29.51332,79.33875,298.18,0.51,0.66,2024-04-27,1936,N,VIIRS,n,2,285.33,1.23,N,0
29.51992,79.33255,302.84,0.51,0.66,2024-04-27,1936,N,VIIRS,n,2,285.27,1.23,N,0
29.47486,80.12577,317.2,0.46,0.63,2024-04-27,1936,N,VIIRS,n,2,288.74,2.49,N,0
29.53106,79.25226,311.76,0.52,0.67,2024-04-27,1936,N,VIIRS,n,2,288.44,2.66,N,0
29.53301,79.22014,309,0.52,0.67,2024-04-27,1936,N,VIIRS,n,2,290.2,2.37,N,0
29.47944,80.14574,309.98,0.46,0.63,2024-04-27,1936,N,VIIRS,n,2,290.32,1.4,N,0
29.47973,80.14156,303.9,0.46,0.63,2024-04-27,1936,N,VIIRS,n,2,289.91,1.4,N,0
29.53791,79.24241,302.42,0.52,0.67,2024-04-27,1936,N,VIIRS,n,2,290.29,3.02,N,0
29.53874,79.22886,308.66,0.52,0.67,2024-04-27,1936,N,VIIRS,n,2,289.5,2.73,N,0
29.48316,80.13982,300.83,0.46,0.63,2024-04-27,1936,N,VIIRS,n,2,290.18,1.65,N,0
29.53502,79.25301,301.73,0.52,0.67,2024-04-27,1936,N,VIIRS,n,2,288.9,1.4,N,0
29.53542,79.2458,314.34,0.52,0.67,2024-04-27,1936,N,VIIRS,n,2,289.67,1.4,N,0
29.53629,79.22978,309.96,0.52,0.67,2024-04-27,1936,N,VIIRS,n,2,290.16,2.36,N,0
29.58605,79.23582,310.33,0.52,0.67,2024-04-27,1936,N,VIIRS,n,2,287.66,1.57,N,0
29.58636,79.23051,310.25,0.52,0.67,2024-04-27,1936,N,VIIRS,n,2,287.21,1.57,N,0
29.58938,79.39173,301.85,0.51,0.66,2024-04-27,1936,N,VIIRS,n,2,285.17,1.23,N,0
29.65923,79.46399,299.24,0.5,0.66,2024-04-27,1936,N,VIIRS,n,2,282.64,1.01,N,0
29.65958,79.45863,299.83,0.51,0.66,2024-04-27,1936,N,VIIRS,n,2,283.11,1.01,N,0
29.66428,79.48159,300.88,0.5,0.66,2024-04-27,1936,N,VIIRS,n,2,285.1,1.46,N,0
29.70251,78.86901,302.42,0.55,0.68,2024-04-27,1936,N,VIIRS,n,2,288.73,0.84,N,0
29.65906,79.45979,308.69,0.51,0.66,2024-04-27,1936,N,VIIRS,n,2,283.54,1.44,N,0
29.66388,79.48312,295.1,0.5,0.66,2024-04-27,1936,N,VIIRS,n,2,284.62,1.04,N,0
29.70461,78.87045,299.24,0.55,0.68,2024-04-27,1936,N,VIIRS,n,2,288.15,0.65,N,0
29.65436,79.9408,306.11,0.47,0.64,2024-04-27,1936,N,VIIRS,n,2,286.77,0.92,N,0
29.65771,80.07608,297.16,0.46,0.64,2024-04-27,1936,N,VIIRS,n,2,286.85,0.75,N,0
29.72781,78.91315,301.86,0.55,0.68,2024-04-27,1936,N,VIIRS,n,2,287.11,1.56,N,0
29.73464,78.78957,301.14,0.55,0.68,2024-04-27,1936,N,VIIRS,n,2,289.05,0.72,N,0
29.73404,78.91585,304.53,0.55,0.68,2024-04-27,1936,N,VIIRS,n,2,286.55,1.65,N,0
29.69902,79.61501,299.99,0.49,0.65,2024-04-27,1936,N,VIIRS,n,2,286.09,1.03,N,0
29.6992,80.08127,306.07,0.46,0.64,2024-04-27,1936,N,VIIRS,n,2,287.09,1.47,N,0
29.69949,80.07703,297.66,0.46,0.64,2024-04-27,1936,N,VIIRS,n,2,285.91,1.22,N,0
29.78927,78.61876,301.7,0.57,0.69,2024-04-27,1936,N,VIIRS,n,2,289.38,0.92,N,0
29.78953,78.61425,308.02,0.57,0.69,2024-04-27,1936,N,VIIRS,n,2,289.36,0.92,N,0
29.70753,80.04637,296.57,0.47,0.64,2024-04-27,1936,N,VIIRS,n,2,284.86,0.37,N,0
29.82348,78.58765,306.28,0.57,0.69,2024-04-27,1936,N,VIIRS,n,2,289.43,1.28,N,0
29.69589,80.08286,306.83,0.46,0.64,2024-04-27,1936,N,VIIRS,n,2,286.56,1.48,N,0
29.72517,79.69108,295.28,0.49,0.65,2024-04-27,1936,N,VIIRS,n,2,284.67,0.71,N,0
29.71012,80.04586,295.45,0.47,0.64,2024-04-27,1936,N,VIIRS,n,2,284.9,0.43,N,0
29.78929,78.61809,301.5,0.57,0.69,2024-04-27,1936,N,VIIRS,n,2,289.82,1.22,N,0
29.78952,78.61346,306.34,0.57,0.69,2024-04-27,1936,N,VIIRS,n,2,289.28,1.54,N,0
29.77083,79.21208,299.4,0.52,0.67,2024-04-27,1936,N,VIIRS,n,2,286.73,0.89,N,0
29.74837,79.91223,298.18,0.48,0.64,2024-04-27,1936,N,VIIRS,n,2,286.4,0.56,N,0
29.82331,78.58704,308.32,0.57,0.69,2024-04-27,1936,N,VIIRS,n,2,289.42,1.17,N,0
29.83869,78.54147,300.22,0.57,0.69,2024-04-27,1936,N,VIIRS,n,2,286.6,1.02,N,0
29.76042,80.00817,296.59,0.47,0.64,2024-04-27,1936,N,VIIRS,n,2,286.29,0.76,N,0
29.79877,79.37985,298.61,0.51,0.66,2024-04-27,1936,N,VIIRS,n,2,285.92,0.79,N,0
29.8545,78.84743,296.64,0.55,0.68,2024-04-27,1936,N,VIIRS,n,2,286.1,1.05,N,0
29.86375,78.79669,296.63,0.56,0.68,2024-04-27,1936,N,VIIRS,n,2,284.95,0.86,N,0
29.87651,78.68302,297.01,0.56,0.69,2024-04-27,1936,N,VIIRS,n,2,286.24,0.39,N,0
29.82257,79.69713,305.47,0.49,0.65,2024-04-27,1936,N,VIIRS,n,2,286.02,1.67,N,0
29.87116,79.31639,297.54,0.52,0.67,2024-04-27,1936,N,VIIRS,n,2,287.21,0.59,N,0
29.92557,78.38406,300.86,0.59,0.7,2024-04-27,1936,N,VIIRS,n,2,287.22,0.41,N,0
29.91457,78.80677,295.6,0.55,0.68,2024-04-27,1936,N,VIIRS,n,2,285.21,0.4,N,0
29.91563,78.78851,298.96,0.56,0.69,2024-04-27,1936,N,VIIRS,n,2,285.04,0.41,N,0
29.92542,78.61953,316.51,0.57,0.69,2024-04-27,1936,N,VIIRS,n,2,286.41,2.67,N,0
29.82362,79.69458,300.12,0.49,0.65,2024-04-27,1936,N,VIIRS,n,2,285.76,1.11,N,0
29.92468,78.38421,299.35,0.59,0.7,2024-04-27,1936,N,VIIRS,n,2,287.03,0.71,N,0
29.91718,78.78908,296.01,0.56,0.69,2024-04-27,1936,N,VIIRS,n,2,284.7,0.7,N,0
29.92596,78.62025,317.21,0.57,0.69,2024-04-27,1936,N,VIIRS,n,2,286.24,3.19,N,0
29.89712,79.38152,298.71,0.51,0.66,2024-04-27,1936,N,VIIRS,n,2,286.38,0.82,N,0
29.85629,80.1504,298.1,0.46,0.64,2024-04-27,1936,N,VIIRS,n,2,286.38,0.41,N,0
29.95645,78.40578,303.27,0.59,0.7,2024-04-27,1936,N,VIIRS,n,2,287.43,0.82,N,0
29.96749,78.69199,298.77,0.56,0.69,2024-04-27,1936,N,VIIRS,n,2,286.78,1.09,N,0
29.95051,79.52484,298.32,0.5,0.66,2024-04-27,1936,N,VIIRS,n,2,284.73,1.08,N,0
29.94966,79.52489,299.91,0.5,0.66,2024-04-27,1936,N,VIIRS,n,2,284.76,0.98,N,0
29.98314,80.08028,295.94,0.47,0.64,2024-04-27,1936,N,VIIRS,n,2,285.19,1.44,N,0
30.05541,78.86591,297.25,0.55,0.68,2024-04-27,1936,N,VIIRS,n,2,286.16,0.61,N,0
29.98938,80.07635,313.79,0.47,0.64,2024-04-27,1936,N,VIIRS,n,2,286.25,3.31,N,0
29.98916,80.0798,333.89,0.47,0.64,2024-04-27,1936,N,VIIRS,n,2,287.16,3.31,N,0
30.13403,78.61895,295.05,0.57,0.69,2024-04-27,1936,N,VIIRS,n,2,284.76,0.62,N,0
30.1462,78.76012,304.75,0.56,0.69,2024-04-27,1936,N,VIIRS,n,2,284.25,1.63,N,0
30.14685,78.7478,303.5,0.56,0.69,2024-04-27,1936,N,VIIRS,n,2,284.64,1.09,N,0
30.14712,78.74274,296.69,0.56,0.69,2024-04-27,1936,N,VIIRS,n,2,283.98,1.09,N,0
30.16862,78.57879,296.74,0.57,0.69,2024-04-27,1936,N,VIIRS,n,2,284.88,0.65,N,0
30.25388,79.15897,309.29,0.53,0.67,2024-04-27,1936,N,VIIRS,n,2,284.47,3.1,N,0
30.25434,79.15072,304.12,0.53,0.67,2024-04-27,1936,N,VIIRS,n,2,283.49,3.47,N,0
30.2659,78.94308,300.04,0.55,0.68,2024-04-27,1936,N,VIIRS,n,2,287.09,1.53,N,0
30.25411,79.15486,335.96,0.53,0.67,2024-04-27,1936,N,VIIRS,n,2,285.12,3.1,N,0
30.26012,79.1602,303.43,0.53,0.67,2024-04-27,1936,N,VIIRS,n,2,285.73,2.6,N,0
30.26033,79.15646,311.58,0.53,0.67,2024-04-27,1936,N,VIIRS,n,2,286.09,3.1,N,0
30.26057,79.15229,304.55,0.53,0.67,2024-04-27,1936,N,VIIRS,n,2,285.79,3.1,N,0
30.26091,79.14628,304.66,0.53,0.67,2024-04-27,1936,N,VIIRS,n,2,284.67,3.47,N,0
30.27321,79.15223,308.42,0.53,0.67,2024-04-27,1936,N,VIIRS,n,2,286.48,1.84,N,0
30.27962,79.15076,300.18,0.53,0.67,2024-04-27,1936,N,VIIRS,n,2,286.26,0.79,N,0
30.27988,79.14621,299.81,0.53,0.67,2024-04-27,1936,N,VIIRS,n,2,285.92,0.79,N,0
30.31016,78.839,302.76,0.56,0.69,2024-04-27,1936,N,VIIRS,n,2,283.89,1.09,N,0
30.27022,79.15327,304.41,0.53,0.67,2024-04-27,1936,N,VIIRS,n,2,285.57,0.8,N,0
30.27661,79.15174,299.39,0.53,0.67,2024-04-27,1936,N,VIIRS,n,2,285.99,0.8,N,0
30.27684,79.14739,299.78,0.53,0.67,2024-04-27,1936,N,VIIRS,n,2,286.32,1.88,N,0
30.31164,78.83995,302.12,0.56,0.69,2024-04-27,1936,N,VIIRS,n,2,283.58,0.95,N,0
30.39462,79.29542,331.5,0.52,0.67,2024-04-27,1936,N,VIIRS,n,2,285.4,4.66,N,0
30.4006,79.30044,296.78,0.52,0.67,2024-04-27,1936,N,VIIRS,n,2,284.99,0.78,N,0
30.40079,79.29736,295.79,0.52,0.67,2024-04-27,1936,N,VIIRS,n,2,284.79,0.78,N,0
30.40097,79.2943,300.17,0.52,0.67,2024-04-27,1936,N,VIIRS,n,2,284.44,1.38,N,0
30.39205,79.29464,297.11,0.52,0.67,2024-04-27,1936,N,VIIRS,n,2,282.49,1.8,N,0
30.39816,79.29758,297.86,0.52,0.67,2024-04-27,1936,N,VIIRS,n,2,284.73,1.8,N,0
30.39832,79.29459,331.22,0.52,0.67,2024-04-27,1936,N,VIIRS,n,2,286.58,1.8,N,0
28.89153,79.94296,310.79,0.46,0.64,2024-04-27,1937,N,VIIRS,n,2,290.23,2.74,N,0
28.98142,79.94176,305.07,0.46,0.64,2024-04-27,1937,N,VIIRS,n,2,291.27,0.76,N,0
28.9947,79.92325,302.71,0.47,0.64,2024-04-27,1937,N,VIIRS,n,2,289.69,0.53,N,0
28.84293,79.91335,313.31,0.46,0.64,2024-04-27,1937,N,VIIRS,n,2,289.65,2.39,N,0
28.88885,79.94224,312.38,0.46,0.64,2024-04-27,1937,N,VIIRS,n,2,287.46,1.66,N,0
28.92321,79.91643,312.74,0.47,0.64,2024-04-27,1937,N,VIIRS,n,2,290.74,1.24,N,0
28.91757,79.91096,303.76,0.47,0.64,2024-04-27,1937,N,VIIRS,n,2,290.49,1.24,N,0
28.91033,79.93002,305.77,0.46,0.64,2024-04-27,1937,N,VIIRS,n,2,291.1,1.48,N,0
23.77965,86.3475,329.98,0.51,0.41,2024-04-27,1938,N,VIIRS,n,2,300.13,4.84,N,2
23.67902,86.08359,312.29,0.52,0.42,2024-04-27,1938,N,VIIRS,n,2,298.88,4.17,N,2
23.56776,86.93353,308.11,0.47,0.4,2024-04-27,1938,N,VIIRS,n,2,296.76,0.84,N,0
24.0795,82.5004,315.5,0.57,0.52,2024-04-27,1938,N,VIIRS,n,2,293.87,2.59,N,0
23.6322,86.29747,307.27,0.51,0.41,2024-04-27,1938,N,VIIRS,n,2,297,2.24,N,2
23.54701,86.54453,310.53,0.49,0.4,2024-04-27,1938,N,VIIRS,n,2,296.94,2.39,N,2
23.62422,83.00742,303.53,0.52,0.5,2024-04-27,1938,N,VIIRS,n,2,284.39,2.96,N,0
23.60221,82.44054,304.31,0.57,0.52,2024-04-27,1938,N,VIIRS,n,2,291.32,0.8,N,0
23.59481,82.41707,307.7,0.57,0.52,2024-04-27,1938,N,VIIRS,n,2,292.38,2.69,N,0
23.6045,82.42908,304.36,0.57,0.52,2024-04-27,1938,N,VIIRS,n,2,291.99,1.67,N,0
23.60331,82.44019,306.98,0.57,0.52,2024-04-27,1938,N,VIIRS,n,2,291.43,1.76,N,0
23.54377,82.85738,309.61,0.53,0.5,2024-04-27,1938,N,VIIRS,n,2,294.44,8.42,N,0
23.53432,82.76909,309.16,0.54,0.51,2024-04-27,1938,N,VIIRS,n,2,294.54,3.15,N,0
23.52952,82.76939,308.17,0.54,0.51,2024-04-27,1938,N,VIIRS,n,2,293.99,3.15,N,0
23.16447,82.33878,305.63,0.57,0.52,2024-04-27,1938,N,VIIRS,n,2,272.97,3.76,N,2
22.92953,82.73714,310.12,0.54,0.5,2024-04-27,1938,N,VIIRS,n,2,291.98,1.54,N,0
22.60836,82.80387,307.44,0.53,0.5,2024-04-27,1938,N,VIIRS,n,2,294.44,3.03,N,0
22.6031,82.80931,306.87,0.52,0.5,2024-04-27,1938,N,VIIRS,n,2,294.3,2.35,N,0
22.60987,82.80231,307.74,0.52,0.5,2024-04-27,1938,N,VIIRS,n,2,294.72,3.36,N,0
22.43975,82.91189,310.14,0.51,0.5,2024-04-27,1938,N,VIIRS,n,2,295.97,4.22,N,0
22.33644,82.66534,320.09,0.53,0.5,2024-04-27,1938,N,VIIRS,n,2,294.94,3.41,N,0
22.33668,82.57479,313.01,0.54,0.51,2024-04-27,1938,N,VIIRS,n,2,294.24,3.3,N,0
22.32823,82.65378,316.08,0.53,0.5,2024-04-27,1938,N,VIIRS,n,2,295.49,3.7,N,2
22.32489,82.68494,309.78,0.53,0.5,2024-04-27,1938,N,VIIRS,n,2,294.94,2.08,N,2
22.32917,82.60069,310.18,0.54,0.51,2024-04-27,1938,N,VIIRS,n,2,294.86,3.34,N,2
22.32447,82.60017,313.18,0.54,0.51,2024-04-27,1938,N,VIIRS,n,2,294.23,3.18,N,2
22.32314,82.56796,314.13,0.54,0.51,2024-04-27,1938,N,VIIRS,n,2,295.3,3.59,N,2
22.32091,82.58908,313.5,0.54,0.51,2024-04-27,1938,N,VIIRS,n,2,295.02,4.24,N,2
22.31956,82.55679,316.32,0.54,0.51,2024-04-27,1938,N,VIIRS,n,2,295.34,5.2,N,0
22.31933,82.51363,309.7,0.54,0.51,2024-04-27,1938,N,VIIRS,n,2,295.08,6.4,N,0
22.31821,82.52429,310.03,0.54,0.51,2024-04-27,1938,N,VIIRS,n,2,295.35,4.61,N,0
22.32406,82.58722,309.45,0.54,0.51,2024-04-27,1938,N,VIIRS,n,2,294.86,2.03,N,2
22.32593,82.52852,309.96,0.54,0.51,2024-04-27,1938,N,VIIRS,n,2,294.51,4.65,N,0
22.32115,82.57096,311.71,0.54,0.51,2024-04-27,1938,N,VIIRS,n,2,294.86,3.22,N,0
22.31936,82.58674,308.24,0.54,0.51,2024-04-27,1938,N,VIIRS,n,2,294.35,2.03,N,0
22.31765,82.5598,316.92,0.54,0.51,2024-04-27,1938,N,VIIRS,n,2,294.83,3.78,N,0
22.31712,82.52205,309.5,0.54,0.51,2024-04-27,1938,N,VIIRS,n,2,295.26,6.6,N,0
22.10379,83.52211,318.59,0.47,0.47,2024-04-27,1938,N,VIIRS,n,2,296.24,2.79,N,2
22.10355,83.52447,318.39,0.47,0.47,2024-04-27,1938,N,VIIRS,n,2,296.17,3.45,N,2
22.10552,83.11936,313.57,0.49,0.49,2024-04-27,1938,N,VIIRS,n,2,296.87,3.39,N,2
22.10101,83.1188,309.21,0.49,0.49,2024-04-27,1938,N,VIIRS,n,2,295.47,2.29,N,2
22.03836,83.3518,314.42,0.48,0.48,2024-04-27,1938,N,VIIRS,n,2,296.74,3.42,N,2
22.03289,83.3604,308.59,0.48,0.48,2024-04-27,1938,N,VIIRS,n,2,296.72,2.74,N,2
21.98606,83.23295,308.91,0.48,0.48,2024-04-27,1938,N,VIIRS,n,2,296.13,1.94,N,2
21.98104,83.23711,315.64,0.48,0.48,2024-04-27,1938,N,VIIRS,n,2,297.11,2.86,N,0
22.00728,82.66982,309.17,0.53,0.5,2024-04-27,1938,N,VIIRS,n,2,295.04,2.34,N,2
22.00264,82.66918,316.94,0.53,0.5,2024-04-27,1938,N,VIIRS,n,2,296.53,2.34,N,2
21.9243,83.33904,315.28,0.48,0.48,2024-04-27,1938,N,VIIRS,n,2,296.7,3.34,N,2
21.92325,83.34837,317.43,0.48,0.48,2024-04-27,1938,N,VIIRS,n,2,298.2,2.41,N,2
21.91882,83.34776,313.14,0.48,0.48,2024-04-27,1938,N,VIIRS,n,2,296,2.41,N,2
21.9183,83.3524,312.51,0.48,0.48,2024-04-27,1938,N,VIIRS,n,2,297.85,2.41,N,2
21.87763,83.55582,310.49,0.46,0.47,2024-04-27,1938,N,VIIRS,n,2,295.65,1.86,N,2
21.87738,83.55348,312.34,0.46,0.47,2024-04-27,1938,N,VIIRS,n,2,295.56,2.33,N,2
21.87562,83.49349,308.56,0.47,0.47,2024-04-27,1938,N,VIIRS,n,2,295.57,2.02,N,2
23.6822,86.08926,309.1,0.52,0.42,2024-04-27,1938,N,VIIRS,n,2,297.81,2.92,N,2
23.68154,86.09438,321.72,0.52,0.42,2024-04-27,1938,N,VIIRS,n,2,298.01,2.92,N,2
23.68286,86.08414,331.58,0.52,0.42,2024-04-27,1938,N,VIIRS,n,2,298.05,6.15,N,2
23.57871,86.93537,312.04,0.47,0.4,2024-04-27,1938,N,VIIRS,n,2,299.8,2.58,N,0
23.56259,87.0824,310.55,0.46,0.39,2024-04-27,1938,N,VIIRS,n,2,298.24,3.73,N,2
23.54769,87.24602,307.04,0.46,0.39,2024-04-27,1938,N,VIIRS,n,2,289.59,1.57,N,2
23.61343,86.78831,320.66,0.48,0.4,2024-04-27,1938,N,VIIRS,n,2,299.61,3.69,N,2
23.55849,87.24774,303.52,0.46,0.39,2024-04-27,1938,N,VIIRS,n,2,291.38,1.87,N,2
23.5591,87.24327,311.65,0.46,0.39,2024-04-27,1938,N,VIIRS,n,2,294.93,2.05,N,2
23.55972,87.23879,316.31,0.46,0.39,2024-04-27,1938,N,VIIRS,n,2,294.72,2.05,N,2
23.67017,86.41923,314.23,0.5,0.41,2024-04-27,1938,N,VIIRS,n,2,298.53,3.56,N,2
23.67718,86.39523,313.9,0.5,0.41,2024-04-27,1938,N,VIIRS,n,2,300.84,3.27,N,2
23.67653,86.40014,324.27,0.5,0.41,2024-04-27,1938,N,VIIRS,n,2,302.29,3.27,N,2
23.68093,86.39584,309.84,0.5,0.41,2024-04-27,1938,N,VIIRS,n,2,298.4,1.68,N,2
23.68469,86.39644,309.05,0.5,0.41,2024-04-27,1938,N,VIIRS,n,2,297.6,1.68,N,2
23.68536,86.39146,326.23,0.5,0.41,2024-04-27,1938,N,VIIRS,n,2,299.69,5.78,N,2
23.67089,86.4163,308.36,0.5,0.41,2024-04-27,1938,N,VIIRS,n,2,297.59,2.74,N,2
23.67651,86.40211,319.52,0.5,0.41,2024-04-27,1938,N,VIIRS,n,2,301.36,4.2,N,2
23.67713,86.39721,318.52,0.5,0.41,2024-04-27,1938,N,VIIRS,n,2,302.66,4.76,N,2
23.68152,86.39286,315.74,0.5,0.41,2024-04-27,1938,N,VIIRS,n,2,298.58,2.99,N,2
23.68591,86.38846,311.22,0.5,0.41,2024-04-27,1938,N,VIIRS,n,2,298.35,2.98,N,2
23.68528,86.39347,326.18,0.5,0.41,2024-04-27,1938,N,VIIRS,n,2,299.63,2.99,N,2
23.68967,86.38907,316.35,0.5,0.41,2024-04-27,1938,N,VIIRS,n,2,301.8,2.88,N,2
23.71784,86.4388,315.47,0.5,0.41,2024-04-27,1938,N,VIIRS,n,2,299.56,3.04,N,0
24.15162,82.69343,307.26,0.56,0.51,2024-04-27,1938,N,VIIRS,n,2,293.61,2.12,N,0
23.7172,86.44372,321.75,0.5,0.41,2024-04-27,1938,N,VIIRS,n,2,302.74,3.04,N,2
23.72032,86.44924,318.04,0.5,0.41,2024-04-27,1938,N,VIIRS,n,2,304.79,4.45,N,2
24.17017,82.55961,306.31,0.57,0.52,2024-04-27,1938,N,VIIRS,n,2,293.7,2.11,N,2
23.72535,86.43998,318.71,0.5,0.41,2024-04-27,1938,N,VIIRS,n,2,301.37,7.48,N,2
23.73413,86.4313,322.55,0.5,0.41,2024-04-27,1938,N,VIIRS,n,2,301.39,6.73,N,0
23.74293,86.42265,310.38,0.5,0.41,2024-04-27,1938,N,VIIRS,n,2,297.58,3.98,N,2
23.77133,86.203,314.13,0.51,0.41,2024-04-27,1938,N,VIIRS,n,2,300.01,3.4,N,2
23.77198,86.19797,312.74,0.51,0.41,2024-04-27,1938,N,VIIRS,n,2,299.18,3.19,N,2
24.1924,82.57982,306,0.57,0.52,2024-04-27,1938,N,VIIRS,n,2,293.54,1.84,N,2
23.74669,86.42324,311.37,0.5,0.41,2024-04-27,1938,N,VIIRS,n,2,300.22,3.53,N,2
23.77448,86.20869,311.27,0.51,0.41,2024-04-27,1938,N,VIIRS,n,2,300.39,3.2,N,2
23.75109,86.41893,318.54,0.5,0.41,2024-04-27,1938,N,VIIRS,n,2,300.39,2.77,N,2
23.75173,86.41402,310.23,0.5,0.41,2024-04-27,1938,N,VIIRS,n,2,298.61,2.77,N,2
23.77894,86.20423,316.18,0.51,0.41,2024-04-27,1938,N,VIIRS,n,2,301.65,3.2,N,2
23.75743,86.39972,319.75,0.5,0.41,2024-04-27,1938,N,VIIRS,n,2,299.99,5.86,N,2
23.78208,86.20992,314.53,0.51,0.41,2024-04-27,1938,N,VIIRS,n,2,300.86,4.55,N,2
23.75678,86.4047,326.93,0.5,0.41,2024-04-27,1938,N,VIIRS,n,2,300.4,5.51,N,2
23.76249,86.3904,317.91,0.5,0.41,2024-04-27,1938,N,VIIRS,n,2,302.17,4.1,N,2
23.76119,86.40032,337.96,0.5,0.41,2024-04-27,1938,N,VIIRS,n,2,302.75,5.86,N,2
23.76496,86.40092,313.89,0.5,0.41,2024-04-27,1938,N,VIIRS,n,2,301.23,2.68,N,2
23.76561,86.39595,316.1,0.5,0.41,2024-04-27,1938,N,VIIRS,n,2,303.5,2.68,N,2
23.7669,86.38607,314.36,0.5,0.41,2024-04-27,1938,N,VIIRS,n,2,298.72,3.28,N,2
23.76625,86.39101,328.62,0.5,0.41,2024-04-27,1938,N,VIIRS,n,2,307.2,3.28,N,2
23.76872,86.40149,317,0.5,0.41,2024-04-27,1938,N,VIIRS,n,2,302.52,2.68,N,2
23.77002,86.39161,315.71,0.5,0.41,2024-04-27,1938,N,VIIRS,n,2,303.7,3.28,N,2
23.77392,86.36184,311.29,0.5,0.41,2024-04-27,1938,N,VIIRS,n,2,299.61,2.7,N,2
24.20763,82.71111,313.55,0.56,0.51,2024-04-27,1938,N,VIIRS,n,2,296.02,4.18,N,2
23.77378,86.3922,319.45,0.5,0.41,2024-04-27,1938,N,VIIRS,n,2,303.78,3.77,N,2
23.77769,86.36242,311.79,0.5,0.41,2024-04-27,1938,N,VIIRS,n,2,300.11,3.12,N,2
23.77443,86.38728,326.76,0.5,0.41,2024-04-27,1938,N,VIIRS,n,2,301.57,3.77,N,2
23.78016,86.37297,319.61,0.5,0.41,2024-04-27,1938,N,VIIRS,n,2,300.79,4.88,N,2
23.77755,86.39281,327.31,0.5,0.41,2024-04-27,1938,N,VIIRS,n,2,303.93,3.77,N,2
23.77819,86.38789,333.28,0.5,0.41,2024-04-27,1938,N,VIIRS,n,2,301.75,3.77,N,2
23.78538,86.33316,324.09,0.51,0.41,2024-04-27,1938,N,VIIRS,n,2,303.55,4.96,N,2
23.68044,87.14542,312.32,0.46,0.39,2024-04-27,1938,N,VIIRS,n,2,295.98,1.88,N,0
23.78196,86.38849,312.75,0.5,0.41,2024-04-27,1938,N,VIIRS,n,2,299.95,4.34,N,2
23.78916,86.33376,315.1,0.51,0.41,2024-04-27,1938,N,VIIRS,n,2,299.61,3.64,N,2
23.78131,86.39342,336.76,0.5,0.41,2024-04-27,1938,N,VIIRS,n,2,306.77,4.34,N,2
23.68717,87.12325,313.55,0.46,0.39,2024-04-27,1938,N,VIIRS,n,2,299,1.94,N,2
23.68779,87.11869,311.34,0.46,0.39,2024-04-27,1938,N,VIIRS,n,2,298.57,1.94,N,2
23.69027,87.10053,313.79,0.46,0.39,2024-04-27,1938,N,VIIRS,n,2,300,2.85,N,2
23.79032,86.35427,314.99,0.51,0.41,2024-04-27,1938,N,VIIRS,n,2,299.01,4,N,2
23.69266,87.1102,314.05,0.46,0.39,2024-04-27,1938,N,VIIRS,n,2,299.82,4.24,N,2
23.69442,87.12442,310.28,0.46,0.39,2024-04-27,1938,N,VIIRS,n,2,299.69,4.77,N,2
23.80115,86.3306,313.95,0.51,0.41,2024-04-27,1938,N,VIIRS,n,2,299.3,2.92,N,2
23.80247,86.32055,318.77,0.51,0.41,2024-04-27,1938,N,VIIRS,n,2,301.69,5.32,N,2
23.69045,87.09869,314.83,0.47,0.39,2024-04-27,1938,N,VIIRS,n,2,300.68,3.97,N,2
23.68746,87.12144,321.24,0.46,0.39,2024-04-27,1938,N,VIIRS,n,2,300.05,2.87,N,2
23.78066,86.39571,325.46,0.5,0.41,2024-04-27,1938,N,VIIRS,n,2,303.09,4.53,N,2
23.78128,86.39077,333.08,0.5,0.41,2024-04-27,1938,N,VIIRS,n,2,304.99,6.69,N,2
23.78877,86.33099,321.11,0.51,0.41,2024-04-27,1938,N,VIIRS,n,2,301.13,3.92,N,2
23.69109,87.12204,312.79,0.46,0.39,2024-04-27,1938,N,VIIRS,n,2,299.86,2.87,N,2
23.69228,87.11294,310.89,0.46,0.39,2024-04-27,1938,N,VIIRS,n,2,299.25,3.36,N,2
23.79005,86.35155,313.07,0.51,0.41,2024-04-27,1938,N,VIIRS,n,2,299.26,3.19,N,2
23.69471,87.12263,312.23,0.46,0.39,2024-04-27,1938,N,VIIRS,n,2,300.52,3.01,N,2
23.79383,86.35211,315.11,0.51,0.41,2024-04-27,1938,N,VIIRS,n,2,300.48,5.21,N,2
23.79886,86.34273,314.14,0.51,0.41,2024-04-27,1938,N,VIIRS,n,2,302.84,4.53,N,2
24.20743,82.71297,313.03,0.56,0.51,2024-04-27,1938,N,VIIRS,n,2,295.86,3.32,N,2
23.80579,86.31831,313.07,0.51,0.41,2024-04-27,1938,N,VIIRS,n,2,300.9,5.55,N,2
23.80452,86.32838,330.4,0.51,0.41,2024-04-27,1938,N,VIIRS,n,2,304.94,5.68,N,2
23.71523,87.24612,312.93,0.46,0.39,2024-04-27,1938,N,VIIRS,n,2,300.46,3.11,N,0
23.78981,87.0771,313.33,0.47,0.4,2024-04-27,1938,N,VIIRS,n,2,302.68,3.69,N,0
23.79407,87.07307,314.57,0.47,0.4,2024-04-27,1938,N,VIIRS,n,2,302.66,3.56,N,2
23.79717,87.05018,309.51,0.47,0.4,2024-04-27,1938,N,VIIRS,n,2,298.93,2.61,N,2
23.94338,86.10965,310.88,0.52,0.42,2024-04-27,1938,N,VIIRS,n,2,298.65,4.42,N,0
23.94784,86.10526,312.67,0.52,0.42,2024-04-27,1938,N,VIIRS,n,2,298.25,2.39,N,0
23.95159,86.10658,313.1,0.52,0.42,2024-04-27,1938,N,VIIRS,n,2,297.71,2.39,N,0
24.4249,82.08584,299.42,0.61,0.54,2024-04-27,1938,N,VIIRS,n,2,276.42,2.03,N,0
23.93999,86.41254,312.79,0.5,0.41,2024-04-27,1938,N,VIIRS,n,2,299.4,2.08,N,0
23.97433,86.14319,310.59,0.52,0.42,2024-04-27,1938,N,VIIRS,n,2,295.32,2.87,N,0
23.9822,86.11189,316.4,0.52,0.42,2024-04-27,1938,N,VIIRS,n,2,296.14,3.63,N,0
23.98608,86.11202,312.97,0.52,0.42,2024-04-27,1938,N,VIIRS,n,2,296.27,3.24,N,0
21.08141,85.03153,308.64,0.55,0.43,2024-04-27,1939,N,VIIRS,n,2,297.83,1.41,N,2
21.07747,85.03098,314.35,0.55,0.43,2024-04-27,1939,N,VIIRS,n,2,299.55,1.41,N,2
21.07613,85.04166,318.55,0.55,0.43,2024-04-27,1939,N,VIIRS,n,2,299.82,4.95,N,2
21.07219,85.04109,311.68,0.55,0.43,2024-04-27,1939,N,VIIRS,n,2,298.65,3.75,N,2
20.98169,85.12801,311.22,0.55,0.42,2024-04-27,1939,N,VIIRS,n,2,298.16,1.92,N,2
20.98036,85.1385,311.31,0.54,0.42,2024-04-27,1939,N,VIIRS,n,2,298.43,2.07,N,2
20.97968,85.14378,310.97,0.54,0.42,2024-04-27,1939,N,VIIRS,n,2,298.59,1.64,N,2
20.97778,85.12745,316.06,0.55,0.42,2024-04-27,1939,N,VIIRS,n,2,298.52,2.53,N,2
20.97711,85.13269,318.47,0.54,0.42,2024-04-27,1939,N,VIIRS,n,2,300.4,2.68,N,2
20.97644,85.13794,310.94,0.54,0.42,2024-04-27,1939,N,VIIRS,n,2,299.4,2.68,N,2
20.97177,85.1747,312.31,0.54,0.42,2024-04-27,1939,N,VIIRS,n,2,299.43,2.57,N,2
20.96853,85.16888,324.96,0.54,0.42,2024-04-27,1939,N,VIIRS,n,2,300.89,5.6,N,2
20.97053,85.15311,313.66,0.54,0.42,2024-04-27,1939,N,VIIRS,n,2,298.36,2.25,N,2
20.96662,85.15257,321.51,0.54,0.42,2024-04-27,1939,N,VIIRS,n,2,298.77,2.38,N,2
20.96396,85.17358,324.74,0.54,0.42,2024-04-27,1939,N,VIIRS,n,2,300.26,5.53,N,2
20.96596,85.15781,311.67,0.54,0.42,2024-04-27,1939,N,VIIRS,n,2,298.94,2.38,N,2
20.96462,85.16833,311.8,0.54,0.42,2024-04-27,1939,N,VIIRS,n,2,299.56,3.92,N,2
20.88492,84.98344,319.63,0.55,0.43,2024-04-27,1939,N,VIIRS,n,2,299.39,3.6,N,2
20.8678,84.99188,313.72,0.55,0.43,2024-04-27,1939,N,VIIRS,n,2,299,2.55,N,2
20.80556,85.25789,318.61,0.53,0.42,2024-04-27,1939,N,VIIRS,n,2,299.78,4.29,N,2
20.79781,85.2568,311.86,0.53,0.42,2024-04-27,1939,N,VIIRS,n,2,298.31,2.08,N,2
20.79461,85.25109,330.53,0.53,0.42,2024-04-27,1939,N,VIIRS,n,2,299.46,4.05,N,2
20.79394,85.25622,311.8,0.53,0.42,2024-04-27,1939,N,VIIRS,n,2,298.66,4.05,N,2
20.78939,85.26075,311.3,0.53,0.42,2024-04-27,1939,N,VIIRS,n,2,299.29,1.61,N,2
20.78872,85.26587,310.79,0.53,0.42,2024-04-27,1939,N,VIIRS,n,2,298.56,1.61,N,2
20.78552,85.26015,319.8,0.53,0.42,2024-04-27,1939,N,VIIRS,n,2,299.67,3.62,N,2
20.78232,85.25445,308.96,0.53,0.42,2024-04-27,1939,N,VIIRS,n,2,297.64,1.82,N,2
20.7615,85.29321,314.86,0.53,0.42,2024-04-27,1939,N,VIIRS,n,2,298.84,2.39,N,2
20.75978,84.86716,310.65,0.56,0.43,2024-04-27,1939,N,VIIRS,n,2,298.21,3.87,N,0
20.75852,84.87724,309.5,0.56,0.43,2024-04-27,1939,N,VIIRS,n,2,297.67,4.41,N,0
20.75641,84.86182,311.44,0.56,0.43,2024-04-27,1939,N,VIIRS,n,2,297.64,3.84,N,0
20.76038,84.87642,311.24,0.56,0.43,2024-04-27,1939,N,VIIRS,n,2,297.73,4.31,N,0
20.75437,84.86055,311.89,0.56,0.43,2024-04-27,1939,N,VIIRS,n,2,297.3,3.59,N,0
20.61901,85.10513,313.9,0.54,0.42,2024-04-27,1939,N,VIIRS,n,2,298.22,3.83,N,0
20.61897,85.10263,313.94,0.54,0.42,2024-04-27,1939,N,VIIRS,n,2,298.05,4.88,N,0
31.26043,76.92605,295.34,0.32,0.54,2024-04-27,2116,N,VIIRS,n,2,280.74,0.41,N,2
31.24926,76.92885,297.7,0.32,0.54,2024-04-27,2116,N,VIIRS,n,2,282.04,0.39,N,2
31.24867,76.92844,297.94,0.32,0.54,2024-04-27,2116,N,VIIRS,n,2,282.02,0.38,N,2
31.25988,76.92563,295.04,0.32,0.54,2024-04-27,2116,N,VIIRS,n,2,279.19,0.75,N,2
30.1631,78.79587,318.21,0.43,0.62,2024-04-27,2117,N,VIIRS,n,2,285.6,2.81,N,0
30.14772,78.7384,312.72,0.43,0.62,2024-04-27,2117,N,VIIRS,n,2,283.58,2.01,N,0
30.1464,78.74357,301.09,0.43,0.62,2024-04-27,2117,N,VIIRS,n,2,283.94,1.71,N,0
30.18976,78.55073,295.86,0.42,0.61,2024-04-27,2117,N,VIIRS,n,2,283.6,0.39,N,0
30.1464,78.73634,296.34,0.43,0.62,2024-04-27,2117,N,VIIRS,n,2,282.85,1.28,N,0
30.14511,78.74152,306.85,0.43,0.62,2024-04-27,2117,N,VIIRS,n,2,283.55,1.28,N,0
30.14369,78.7472,296.17,0.43,0.62,2024-04-27,2117,N,VIIRS,n,2,284.03,1.17,N,0
30.20275,78.46214,306.25,0.41,0.61,2024-04-27,2117,N,VIIRS,n,2,287.5,1.29,N,0
30.18742,78.47633,317.34,0.41,0.61,2024-04-27,2117,N,VIIRS,n,2,286.9,2.75,N,0
30.18589,78.48249,298.03,0.41,0.61,2024-04-27,2117,N,VIIRS,n,2,286.37,1.66,N,0
30.1065,78.7757,317.88,0.43,0.62,2024-04-27,2117,N,VIIRS,n,2,284.84,2.74,N,0
30.13446,78.61703,299.51,0.42,0.61,2024-04-27,2117,N,VIIRS,n,2,285.58,0.65,N,0
29.31137,79.42735,308.13,0.49,0.65,2024-04-27,2117,N,VIIRS,n,2,291.98,1.36,N,0
29.19081,79.94534,301.35,0.53,0.67,2024-04-27,2117,N,VIIRS,n,2,288.82,1.89,N,0
29.19276,79.93784,312.02,0.53,0.67,2024-04-27,2117,N,VIIRS,n,2,290.08,2.47,N,0
29.23168,79.66261,302.92,0.51,0.66,2024-04-27,2117,N,VIIRS,n,2,288.76,1.03,N,0
29.93913,79.2635,299.51,0.46,0.64,2024-04-27,2117,N,VIIRS,n,2,285,0.89,N,0
30.05091,78.80477,298.65,0.43,0.62,2024-04-27,2117,N,VIIRS,n,2,283.89,0.87,N,0
30.06539,78.52238,301.86,0.42,0.61,2024-04-27,2117,N,VIIRS,n,2,289.97,0.54,N,0
30.01731,78.6429,303.11,0.43,0.62,2024-04-27,2117,N,VIIRS,n,2,286.94,0.46,N,0
30.01657,78.64582,296.09,0.43,0.62,2024-04-27,2117,N,VIIRS,n,2,285.89,0.46,N,0
29.99441,78.73371,296.25,0.43,0.62,2024-04-27,2117,N,VIIRS,n,2,285.07,0.42,N,0
29.63526,80.12331,301.43,0.53,0.67,2024-04-27,2117,N,VIIRS,n,2,286.97,1.31,N,0
29.63424,80.12715,298.79,0.53,0.67,2024-04-27,2117,N,VIIRS,n,2,286.94,1.02,N,0
29.93891,78.92879,298.83,0.44,0.63,2024-04-27,2117,N,VIIRS,n,2,283.44,1.05,N,0
29.62923,80.12133,297.8,0.53,0.67,2024-04-27,2117,N,VIIRS,n,2,287.08,1.31,N,0
29.62823,80.12509,301.29,0.53,0.67,2024-04-27,2117,N,VIIRS,n,2,287.23,1.02,N,0
29.60286,80.04797,298.19,0.52,0.67,2024-04-27,2117,N,VIIRS,n,2,285.5,0.71,N,0
29.74393,79.46696,296.24,0.48,0.65,2024-04-27,2117,N,VIIRS,n,2,286,0.83,N,0
29.87426,78.94334,295.19,0.45,0.63,2024-04-27,2117,N,VIIRS,n,2,284.01,0.36,N,0
29.74174,79.46562,297.95,0.48,0.65,2024-04-27,2117,N,VIIRS,n,2,284.59,0.84,N,0
29.93031,78.62365,299.45,0.43,0.62,2024-04-27,2117,N,VIIRS,n,2,284.89,0.34,N,0
29.95274,78.43887,350.24,0.42,0.61,2024-04-27,2117,N,VIIRS,n,2,289.37,6.21,N,0
29.86148,78.8013,295.84,0.44,0.62,2024-04-27,2117,N,VIIRS,n,2,284.24,0.52,N,0
29.85188,78.83921,297.04,0.44,0.62,2024-04-27,2117,N,VIIRS,n,2,284.86,0.44,N,0
29.84193,78.87844,298,0.44,0.63,2024-04-27,2117,N,VIIRS,n,2,285.95,0.94,N,0
29.51408,80.0672,308.03,0.53,0.67,2024-04-27,2117,N,VIIRS,n,2,287.53,1.25,N,0
29.51307,80.07099,303.05,0.53,0.67,2024-04-27,2117,N,VIIRS,n,2,287.05,1.25,N,0
29.66168,79.48204,301.72,0.49,0.65,2024-04-27,2117,N,VIIRS,n,2,284.96,1.25,N,0
29.7564,79.09273,297.13,0.46,0.63,2024-04-27,2117,N,VIIRS,n,2,285.15,0.44,N,0
29.66063,79.46186,298.83,0.48,0.65,2024-04-27,2117,N,VIIRS,n,2,283.64,0.83,N,0
29.48103,80.14189,300.18,0.53,0.67,2024-04-27,2117,N,VIIRS,n,2,288.44,1.09,N,0
29.47643,80.1344,306.1,0.53,0.67,2024-04-27,2117,N,VIIRS,n,2,287.39,1.09,N,0
29.47213,80.12584,322.08,0.53,0.67,2024-04-27,2117,N,VIIRS,n,2,286.35,2.95,N,0
29.83273,78.74775,303.9,0.44,0.62,2024-04-27,2117,N,VIIRS,n,2,286.86,1.6,N,0
29.83196,78.75078,302.09,0.44,0.62,2024-04-27,2117,N,VIIRS,n,2,286.4,1.14,N,0
29.55176,79.80261,295.69,0.51,0.66,2024-04-27,2117,N,VIIRS,n,2,283.76,0.55,N,0
29.70642,79.14223,297.48,0.46,0.64,2024-04-27,2117,N,VIIRS,n,2,286.63,0.83,N,0
29.83065,78.74899,315.23,0.44,0.62,2024-04-27,2117,N,VIIRS,n,2,287.12,1.65,N,0
29.47753,80.13543,302.11,0.53,0.67,2024-04-27,2117,N,VIIRS,n,2,287.88,2.57,N,0
29.47328,80.1264,321.09,0.53,0.67,2024-04-27,2117,N,VIIRS,n,2,287.24,2.57,N,0
29.47105,80.13498,298.73,0.53,0.67,2024-04-27,2117,N,VIIRS,n,2,286.72,3.38,N,0
29.70765,79.14127,297.08,0.46,0.64,2024-04-27,2117,N,VIIRS,n,2,286.91,0.6,N,0
29.61357,79.43596,306.21,0.48,0.65,2024-04-27,2117,N,VIIRS,n,2,285.73,1.77,N,0
29.83438,78.54138,303.47,0.42,0.61,2024-04-27,2117,N,VIIRS,n,2,287.53,0.9,N,0
29.83353,78.54481,298.98,0.42,0.61,2024-04-27,2117,N,VIIRS,n,2,286.43,0.84,N,0
29.62708,79.28591,296.64,0.47,0.64,2024-04-27,2117,N,VIIRS,n,2,285.8,0.45,N,0
29.70466,78.86333,306.47,0.45,0.63,2024-04-27,2117,N,VIIRS,n,2,290.37,2.12,N,0
29.59728,79.25587,300.9,0.47,0.64,2024-04-27,2117,N,VIIRS,n,2,285.99,0.85,N,0
29.52193,79.36578,295.6,0.48,0.65,2024-04-27,2117,N,VIIRS,n,2,284.98,0.39,N,0
29.32272,80.13169,297.43,0.54,0.68,2024-04-27,2117,N,VIIRS,n,2,283.06,0.59,N,0
29.28637,80.21921,313.07,0.54,0.68,2024-04-27,2117,N,VIIRS,n,2,287.6,1.96,N,0
29.29835,80.14886,300.85,0.54,0.68,2024-04-27,2117,N,VIIRS,n,2,286.89,1.33,N,0
29.53531,79.21615,307.12,0.47,0.64,2024-04-27,2117,N,VIIRS,n,2,291.55,1.37,N,0
29.27727,80.10378,327.63,0.54,0.68,2024-04-27,2117,N,VIIRS,n,2,287.08,3.9,N,0
29.27867,80.09853,303.81,0.54,0.68,2024-04-27,2117,N,VIIRS,n,2,285.92,2.91,N,0
29.30229,79.98505,298.13,0.53,0.67,2024-04-27,2117,N,VIIRS,n,2,287.17,1.15,N,0
29.28978,80.03211,299.46,0.53,0.67,2024-04-27,2117,N,VIIRS,n,2,288.49,1.79,N,0
29.49999,79.20761,306.04,0.47,0.64,2024-04-27,2117,N,VIIRS,n,2,290.22,0.58,N,0
29.28314,80.03231,313.42,0.53,0.67,2024-04-27,2117,N,VIIRS,n,2,288.64,1.79,N,0
29.49401,79.20654,304.6,0.47,0.64,2024-04-27,2117,N,VIIRS,n,2,292.12,1.09,N,0
29.493,79.21043,307.35,0.47,0.64,2024-04-27,2117,N,VIIRS,n,2,292.7,1.09,N,0
29.3995,79.54395,309.4,0.5,0.66,2024-04-27,2117,N,VIIRS,n,2,286.36,1.97,N,0
29.30721,79.89275,300.02,0.52,0.67,2024-04-27,2117,N,VIIRS,n,2,285.72,0.66,N,0
29.259,80.0733,300.52,0.54,0.67,2024-04-27,2117,N,VIIRS,n,2,287.44,0.64,N,0
29.35397,79.69212,304.37,0.51,0.66,2024-04-27,2117,N,VIIRS,n,2,284.9,2.22,N,0
29.35119,79.70264,296.93,0.51,0.66,2024-04-27,2117,N,VIIRS,n,2,285.92,1.33,N,0
29.30095,79.89171,301.21,0.52,0.67,2024-04-27,2117,N,VIIRS,n,2,285.61,1.07,N,0
29.23138,80.15161,301.74,0.54,0.68,2024-04-27,2117,N,VIIRS,n,2,290.54,1.01,N,0
29.35842,79.65101,311.79,0.5,0.66,2024-04-27,2117,N,VIIRS,n,2,284.08,3.33,N,0
29.35695,79.65654,317.07,0.5,0.66,2024-04-27,2117,N,VIIRS,n,2,285.78,3.21,N,0
29.34727,79.69308,305.49,0.51,0.66,2024-04-27,2117,N,VIIRS,n,2,285.59,2.22,N,0
29.34493,79.7019,301.31,0.51,0.66,2024-04-27,2117,N,VIIRS,n,2,285.68,1.33,N,0
29.34311,79.68446,302.15,0.51,0.66,2024-04-27,2117,N,VIIRS,n,2,287.04,1.69,N,0
30.00036,76.53152,306.94,0.32,0.55,2024-04-27,2117,N,VIIRS,n,2,288.8,0.95,N,0
30.27292,79.1564,296.29,0.45,0.63,2024-04-27,2117,N,VIIRS,n,2,285.55,0.85,N,0
30.39649,79.2977,309.64,0.46,0.63,2024-04-27,2117,N,VIIRS,n,2,284.27,1.73,N,0
29.19632,79.72384,307.24,0.51,0.66,2024-04-27,2117,N,VIIRS,n,2,290.7,1.96,N,0
29.10418,79.92558,309.79,0.53,0.67,2024-04-27,2117,N,VIIRS,n,2,292.31,1.34,N,0
29.11053,79.92639,308.46,0.53,0.67,2024-04-27,2117,N,VIIRS,n,2,292.44,1.34,N,0
30.26447,75.17261,305.82,0.53,0.5,2024-04-27,2117,N,VIIRS,n,2,290.2,1,N,0
29.34197,79.68874,307.91,0.51,0.66,2024-04-27,2117,N,VIIRS,n,2,286.95,2.9,N,0
29.28999,79.88385,299.34,0.52,0.67,2024-04-27,2117,N,VIIRS,n,2,286.28,0.83,N,0
29.42647,79.34476,299.6,0.48,0.65,2024-04-27,2117,N,VIIRS,n,2,288.17,0.99,N,0
29.42576,79.34747,297.72,0.48,0.65,2024-04-27,2117,N,VIIRS,n,2,287.33,0.74,N,0
29.33691,79.68353,298.64,0.51,0.66,2024-04-27,2117,N,VIIRS,n,2,286.1,1.69,N,0
29.49624,79.20554,311.02,0.47,0.64,2024-04-27,2117,N,VIIRS,n,2,292.08,1.63,N,0
29.49526,79.20939,307.99,0.47,0.64,2024-04-27,2117,N,VIIRS,n,2,291.75,1.05,N,0
29.49405,79.21419,305.02,0.47,0.64,2024-04-27,2117,N,VIIRS,n,2,291.87,1.05,N,0
29.28448,80.03185,316.06,0.53,0.67,2024-04-27,2117,N,VIIRS,n,2,289.2,2.31,N,0
29.39771,79.54281,308.8,0.5,0.66,2024-04-27,2117,N,VIIRS,n,2,285.83,1.68,N,0
29.26043,80.07365,301.17,0.54,0.68,2024-04-27,2117,N,VIIRS,n,2,287.66,0.72,N,0
29.35314,79.69117,303.27,0.51,0.66,2024-04-27,2117,N,VIIRS,n,2,285.14,1.25,N,0
29.35071,79.70063,308.39,0.51,0.66,2024-04-27,2117,N,VIIRS,n,2,286.06,1.25,N,0
29.30145,79.89096,302.57,0.52,0.67,2024-04-27,2117,N,VIIRS,n,2,285.69,1.54,N,0
29.35596,79.65532,328.53,0.51,0.66,2024-04-27,2117,N,VIIRS,n,2,286.79,4.99,N,0
29.34754,79.68793,298.12,0.51,0.66,2024-04-27,2117,N,VIIRS,n,2,286.52,1.35,N,0
29.34638,79.69244,302.66,0.51,0.66,2024-04-27,2117,N,VIIRS,n,2,286.44,1.51,N,0
29.3445,79.69974,300.73,0.51,0.66,2024-04-27,2117,N,VIIRS,n,2,285.81,1.51,N,0
29.34225,79.68356,307.02,0.51,0.66,2024-04-27,2117,N,VIIRS,n,2,286.71,1.35,N,0
29.34115,79.68775,305.19,0.51,0.66,2024-04-27,2117,N,VIIRS,n,2,286.3,1.35,N,0
29.2904,79.88332,296.9,0.52,0.67,2024-04-27,2117,N,VIIRS,n,2,286.24,0.86,N,0
29.42271,79.34639,305.21,0.48,0.65,2024-04-27,2117,N,VIIRS,n,2,288.85,1.08,N,0
29.28756,79.81927,300.49,0.52,0.67,2024-04-27,2117,N,VIIRS,n,2,284.86,0.54,N,0
29.19468,80.14784,304.15,0.54,0.68,2024-04-27,2117,N,VIIRS,n,2,289.44,1.08,N,0
29.19358,80.15198,301.67,0.54,0.68,2024-04-27,2117,N,VIIRS,n,2,289.61,1.08,N,0
29.23137,79.88448,331.52,0.52,0.67,2024-04-27,2117,N,VIIRS,n,2,291.32,7.83,N,0
29.22994,79.88987,353.13,0.52,0.67,2024-04-27,2117,N,VIIRS,n,2,293.03,7.83,N,0
29.30698,79.5968,300.41,0.5,0.66,2024-04-27,2117,N,VIIRS,n,2,289.84,1.67,N,0
29.25097,79.78546,296.05,0.52,0.67,2024-04-27,2117,N,VIIRS,n,2,284.89,0.48,N,0
29.19816,79.93568,306.63,0.53,0.67,2024-04-27,2117,N,VIIRS,n,2,290.08,1.5,N,0
30.26405,79.14332,297.03,0.45,0.63,2024-04-27,2117,N,VIIRS,n,2,285.41,0.73,N,0
29.1969,79.94041,303.94,0.53,0.67,2024-04-27,2117,N,VIIRS,n,2,289.96,1.11,N,0
29.19584,79.94437,301.54,0.53,0.67,2024-04-27,2117,N,VIIRS,n,2,288.91,1.11,N,0
29.14577,80.08262,302.14,0.54,0.68,2024-04-27,2117,N,VIIRS,n,2,289.73,1.01,N,0
29.31375,79.42467,303.73,0.49,0.65,2024-04-27,2117,N,VIIRS,n,2,291.84,2.04,N,0
29.23294,79.65786,310.5,0.51,0.66,2024-04-27,2117,N,VIIRS,n,2,289.16,1.03,N,0
29.4605,76.8897,307.47,0.35,0.56,2024-04-27,2117,N,VIIRS,n,2,291.14,0.93,N,2
28.87938,79.94242,300.54,0.54,0.68,2024-04-27,2117,N,VIIRS,n,2,288.64,0.8,N,0
28.88083,79.93698,307.79,0.54,0.67,2024-04-27,2117,N,VIIRS,n,2,289.03,0.8,N,0
28.88545,79.94447,304.7,0.54,0.68,2024-04-27,2117,N,VIIRS,n,2,289.19,0.8,N,0
28.88689,79.93903,308.91,0.54,0.67,2024-04-27,2117,N,VIIRS,n,2,289.74,0.8,N,0
29.10281,79.93074,305.19,0.53,0.67,2024-04-27,2117,N,VIIRS,n,2,292.27,1.34,N,0
29.2324,79.65955,315.43,0.51,0.66,2024-04-27,2117,N,VIIRS,n,2,289.39,1.74,N,0
29.2074,79.70609,303.08,0.51,0.66,2024-04-27,2117,N,VIIRS,n,2,290.48,2.19,N,0
29.20209,79.70168,315.88,0.51,0.66,2024-04-27,2117,N,VIIRS,n,2,290.5,3.35,N,0
30.27361,79.15537,299.68,0.45,0.63,2024-04-27,2117,N,VIIRS,n,2,285.93,0.76,N,0
30.01764,79.905,298.83,0.5,0.66,2024-04-27,2117,N,VIIRS,n,2,282.8,0.52,N,0
30.16396,78.79247,301.21,0.43,0.62,2024-04-27,2117,N,VIIRS,n,2,285.57,2.17,N,0
24.6679,73.0071,298.41,0.51,0.5,2024-04-27,2118,N,VIIRS,n,2,260.5,1.69,N,0
24.66689,73.01185,298.26,0.51,0.5,2024-04-27,2118,N,VIIRS,n,2,260.13,1.32,N,0
22.9384,69.6985,303.31,0.53,0.42,2024-04-27,2119,N,VIIRS,n,2,284.47,1.77,N,2
21.41505,73.87397,311.5,0.34,0.56,2024-04-27,2119,N,VIIRS,n,2,289.16,3.37,N,0
21.41438,73.87717,309.93,0.34,0.56,2024-04-27,2119,N,VIIRS,n,2,286.83,2.34,N,0
21.10541,72.64725,333.93,0.57,0.52,2024-04-27,2119,N,VIIRS,n,2,295.15,11.08,N,2
21.10765,72.63631,312.32,0.57,0.52,2024-04-27,2119,N,VIIRS,n,2,294.84,5.02,N,2
21.10292,72.63519,326.63,0.57,0.52,2024-04-27,2119,N,VIIRS,n,2,293.99,5.02,N,2
20.89736,73.59602,320.18,0.33,0.55,2024-04-27,2119,N,VIIRS,n,2,293.07,2.23,N,0
20.83823,73.5506,302.34,0.33,0.55,2024-04-27,2119,N,VIIRS,n,2,288.33,0.94,N,0
24.66725,73.01048,308.67,0.51,0.5,2024-04-27,2119,N,VIIRS,n,2,261.52,2.28,N,0
23.99959,74.56568,298.7,0.33,0.55,2024-04-27,2119,N,VIIRS,n,2,281.15,0.82,N,0
23.99693,74.56174,299.9,0.33,0.55,2024-04-27,2119,N,VIIRS,n,2,282.74,0.61,N,0
23.97307,74.54967,302.72,0.33,0.55,2024-04-27,2119,N,VIIRS,n,2,282.94,0.4,N,0
23.97238,74.5528,299.51,0.33,0.55,2024-04-27,2119,N,VIIRS,n,2,282.62,0.4,N,0
20.83497,73.55301,308.67,0.33,0.55,2024-04-27,2120,N,VIIRS,n,2,292.66,1.48,N,0
20.90956,71.45732,309.63,0.49,0.48,2024-04-27,2120,N,VIIRS,n,2,295.46,2.4,N,2
20.18131,73.76635,323.78,0.35,0.57,2024-04-27,2120,N,VIIRS,n,2,291.57,2.18,N,0
23.6481,86.84441,347.43,0.53,0.5,2024-04-28,0651,N,VIIRS,n,2,308.85,8.39,D,0
23.73398,87.17123,334.79,0.51,0.49,2024-04-28,0651,N,VIIRS,l,2,307.93,3.52,D,0
23.73888,87.1959,340.84,0.51,0.49,2024-04-28,0651,N,VIIRS,n,2,308.05,2.95,D,0
23.64985,86.84662,343.7,0.53,0.5,2024-04-28,0651,N,VIIRS,n,2,308.71,7.06,D,0
23.66552,86.92418,337.56,0.53,0.5,2024-04-28,0651,N,VIIRS,n,2,307.53,1.87,D,2
23.64526,86.84772,339.64,0.53,0.5,2024-04-28,0651,N,VIIRS,n,2,308.47,7.06,D,0
23.64067,86.84879,335.36,0.53,0.5,2024-04-28,0651,N,VIIRS,l,2,308.45,3.13,D,0
23.60297,87.15347,336.01,0.51,0.49,2024-04-28,0651,N,VIIRS,l,2,306.42,1.59,D,2
23.60351,87.15546,338.55,0.51,0.49,2024-04-28,0651,N,VIIRS,n,2,307.97,4.95,D,0
20.81984,85.29415,337.8,0.38,0.59,2024-04-28,0651,N,VIIRS,n,2,303.95,4.15,D,0
20.73099,84.91061,330.37,0.4,0.6,2024-04-28,0651,N,VIIRS,l,2,300.75,3.71,D,0
20.9067,85.05581,342.47,0.39,0.59,2024-04-28,0651,N,VIIRS,n,2,297.21,6.4,D,0
20.90589,85.05212,346.13,0.39,0.59,2024-04-28,0651,N,VIIRS,n,2,300.42,5.01,D,0
20.90508,85.04842,335.07,0.39,0.59,2024-04-28,0651,N,VIIRS,n,2,300.96,5.01,D,0
20.96632,85.17336,330.49,0.38,0.59,2024-04-28,0651,N,VIIRS,l,2,303.6,4.78,D,2
20.97167,85.17197,339.27,0.38,0.59,2024-04-28,0651,N,VIIRS,n,2,307.98,4.78,D,2
20.97984,85.13118,335.17,0.39,0.59,2024-04-28,0651,N,VIIRS,n,2,300.44,4.74,D,2
21.09248,85.35896,336.04,0.37,0.58,2024-04-28,0651,N,VIIRS,n,2,302.24,3.01,D,0
21.24491,85.37941,334.45,0.37,0.58,2024-04-28,0651,N,VIIRS,n,2,299.78,1.86,D,0
23.64683,82.94389,344.16,0.46,0.64,2024-04-28,0651,N,VIIRS,n,2,294.85,4.72,D,0
23.93318,86.19859,334.84,0.58,0.52,2024-04-28,0651,N,VIIRS,n,2,299.86,8.91,D,0
23.84154,86.19047,337,0.58,0.52,2024-04-28,0651,N,VIIRS,l,2,307.02,3.53,D,0
23.87959,86.27225,330.74,0.57,0.52,2024-04-28,0651,N,VIIRS,l,2,305.33,1.98,D,0
23.84447,86.17432,333.02,0.58,0.52,2024-04-28,0651,N,VIIRS,l,2,305.76,0.98,D,0
23.84209,86.18696,337.37,0.58,0.52,2024-04-28,0651,N,VIIRS,n,2,306.58,1.73,D,0
23.81353,86.16994,340.63,0.58,0.52,2024-04-28,0651,N,VIIRS,n,2,310.34,8.19,D,0
23.76572,86.08591,337,0.59,0.53,2024-04-28,0651,N,VIIRS,n,2,305.83,5.68,D,0
23.76693,86.09161,342.73,0.59,0.53,2024-04-28,0651,N,VIIRS,n,2,306.07,6.84,D,0
23.74016,86.01308,335.58,0.6,0.53,2024-04-28,0651,N,VIIRS,l,2,306.22,3.13,D,0
23.74138,86.01883,334.52,0.6,0.53,2024-04-28,0651,N,VIIRS,l,2,307.11,3.13,D,0
23.78839,86.33491,338.46,0.57,0.52,2024-04-28,0651,N,VIIRS,n,2,307.81,7.3,D,2
23.84437,86.60062,337.78,0.55,0.51,2024-04-28,0651,N,VIIRS,n,2,306,3.82,D,0
23.78129,86.34822,339.86,0.57,0.52,2024-04-28,0651,N,VIIRS,n,2,308.33,6.65,D,2
23.78012,86.38932,337.76,0.57,0.52,2024-04-28,0651,N,VIIRS,n,2,303.91,5,D,2
23.78128,86.39478,338.01,0.56,0.52,2024-04-28,0651,N,VIIRS,n,2,302.27,7.25,D,2
23.69793,86.00542,367,0.6,0.53,2024-04-28,0651,N,VIIRS,h,2,303.67,13.04,D,0
23.83662,86.70231,344.01,0.54,0.51,2024-04-28,0651,N,VIIRS,n,2,309.04,12.92,D,0
23.70018,86.00549,340.6,0.6,0.53,2024-04-28,0651,N,VIIRS,n,2,302.51,7.29,D,0
23.77969,86.39039,340.62,0.57,0.52,2024-04-28,0651,N,VIIRS,n,2,306.01,6.11,D,2
23.78081,86.39586,337.39,0.57,0.52,2024-04-28,0651,N,VIIRS,n,2,301.93,6.11,D,2
23.75652,86.3259,338.14,0.57,0.52,2024-04-28,0651,N,VIIRS,n,2,301.99,5.52,D,0
23.75767,86.3315,335.85,0.57,0.52,2024-04-28,0651,N,VIIRS,n,2,301.45,5.52,D,0
23.833,86.69897,343.07,0.54,0.51,2024-04-28,0651,N,VIIRS,n,2,308.99,8.03,D,0
23.83408,86.70426,337.55,0.54,0.51,2024-04-28,0651,N,VIIRS,n,2,306.64,8.28,D,0
23.75295,86.33268,344.11,0.57,0.52,2024-04-28,0651,N,VIIRS,n,2,303.61,15.47,D,0
23.84938,86.944,334.95,0.52,0.5,2024-04-28,0651,N,VIIRS,l,2,307.81,3.02,D,0
23.63364,85.95496,341.98,0.61,0.53,2024-04-28,0651,N,VIIRS,n,2,298.12,4.84,D,0
23.80015,86.91346,337.73,0.52,0.5,2024-04-28,0651,N,VIIRS,l,2,308.79,3.93,D,0
23.79878,86.99866,337.66,0.52,0.5,2024-04-28,0651,N,VIIRS,n,2,305.66,3.74,D,0
23.79984,87.00375,335.49,0.52,0.5,2024-04-28,0651,N,VIIRS,l,2,306.5,5.28,D,0
23.79425,86.99973,349.11,0.52,0.5,2024-04-28,0651,N,VIIRS,n,2,307.07,6.44,D,0
23.79531,87.00481,338.77,0.52,0.5,2024-04-28,0651,N,VIIRS,n,2,305.89,4.95,D,0
23.72484,86.69164,330.14,0.54,0.51,2024-04-28,0651,N,VIIRS,l,2,302.25,3.67,D,0
23.80091,87.00655,333.48,0.52,0.5,2024-04-28,0651,N,VIIRS,l,2,306.44,9.02,D,0
23.79432,86.99741,335.96,0.52,0.5,2024-04-28,0651,N,VIIRS,n,2,305.67,4.06,D,0
23.79535,87.0025,352.34,0.52,0.5,2024-04-28,0651,N,VIIRS,n,2,308.16,9.02,D,0
23.7093,86.72023,339.91,0.54,0.51,2024-04-28,0651,N,VIIRS,n,2,303.92,8.36,D,0
23.74091,87.13059,340.3,0.51,0.49,2024-04-28,0651,N,VIIRS,n,2,308.45,4.32,D,0
23.73554,87.17321,340.35,0.51,0.49,2024-04-28,0651,N,VIIRS,n,2,307.47,2.75,D,0
23.7406,87.19778,338.71,0.51,0.49,2024-04-28,0651,N,VIIRS,n,2,307.14,5.47,D,0
24.4544,82.09437,332.28,0.5,0.66,2024-04-28,0652,N,VIIRS,l,2,305.78,2.19,D,0
24.18362,83.43056,340.65,0.42,0.61,2024-04-28,0652,N,VIIRS,n,2,299,5.93,D,0
24.18269,83.42648,334.8,0.42,0.61,2024-04-28,0652,N,VIIRS,n,2,299.77,4.63,D,0
24.10015,82.99128,341.57,0.45,0.63,2024-04-28,0652,N,VIIRS,n,2,302.05,4.01,D,0
24.18071,83.0489,338.69,0.44,0.63,2024-04-28,0652,N,VIIRS,n,2,303.8,4.63,D,0
24.21309,82.854,332.18,0.46,0.63,2024-04-28,0652,N,VIIRS,l,2,303.26,3.02,D,0
29.65702,80.12333,326.37,0.5,0.66,2024-04-28,0653,N,VIIRS,n,2,296.37,3.74,D,0
29.21695,78.9956,348.88,0.59,0.7,2024-04-28,0653,N,VIIRS,n,2,304.17,5.75,D,0
29.26663,79.72179,331.12,0.54,0.68,2024-04-28,0653,N,VIIRS,n,2,297.29,7.33,D,0
29.25902,79.71794,333.04,0.54,0.68,2024-04-28,0653,N,VIIRS,n,2,295.98,12.34,D,0
29.11008,79.23479,335.43,0.57,0.69,2024-04-28,0653,N,VIIRS,n,2,300.88,4.46,D,0
28.99554,79.70524,337.23,0.54,0.68,2024-04-28,0653,N,VIIRS,n,2,302.77,9.71,D,0
28.98478,79.71472,367,0.54,0.68,2024-04-28,0653,N,VIIRS,h,2,307.8,24.74,D,0
28.99764,79.70458,336.65,0.54,0.68,2024-04-28,0653,N,VIIRS,n,2,302.96,7.94,D,0
28.98075,79.71616,367,0.54,0.68,2024-04-28,0653,N,VIIRS,h,2,311.87,30.84,D,0
28.84173,79.70518,340.09,0.55,0.68,2024-04-28,0653,N,VIIRS,n,2,298.58,12.17,D,0
28.84319,79.71074,336.46,0.55,0.68,2024-04-28,0653,N,VIIRS,n,2,296.26,10.32,D,0
28.87754,79.94265,342.9,0.53,0.67,2024-04-28,0653,N,VIIRS,n,2,296.44,12.03,D,0
28.88177,79.95879,338.02,0.53,0.67,2024-04-28,0653,N,VIIRS,n,2,303.85,11.86,D,0
28.87291,79.95005,345.97,0.53,0.67,2024-04-28,0653,N,VIIRS,n,2,298.1,11.63,D,0
28.74305,79.80086,335.01,0.54,0.68,2024-04-28,0653,N,VIIRS,n,2,298.64,7.84,D,0
28.72356,79.77728,350.83,0.55,0.68,2024-04-28,0653,N,VIIRS,n,2,274.83,10.27,D,0
28.86625,76.82869,332.92,0.79,0.78,2024-04-28,0653,N,VIIRS,n,2,296.29,4.82,D,0
28.92595,76.9573,332.31,0.78,0.78,2024-04-28,0653,N,VIIRS,n,2,298.29,5.73,D,0
28.86812,76.82738,332.41,0.79,0.78,2024-04-28,0653,N,VIIRS,n,2,296.93,5.98,D,0
28.92853,76.95562,333.74,0.78,0.78,2024-04-28,0653,N,VIIRS,n,2,298.93,5.35,D,0
30.81935,76.71676,336.59,0.72,0.75,2024-04-28,0654,N,VIIRS,n,2,295.91,9.64,D,0
30.81815,76.71589,337.05,0.72,0.75,2024-04-28,0654,N,VIIRS,n,2,294.59,5.42,D,0
20.26289,72.89026,339.38,0.44,0.38,2024-04-28,0831,N,VIIRS,n,2,309.01,4.5,D,0
20.35643,73.38986,367,0.46,0.39,2024-04-28,0831,N,VIIRS,h,2,314.34,15.79,D,0
20.35736,73.39091,350.83,0.46,0.39,2024-04-28,0831,N,VIIRS,n,2,312.69,14.59,D,0
20.35679,73.38657,342.15,0.46,0.39,2024-04-28,0831,N,VIIRS,n,2,310.49,6.78,D,0
20.38569,73.40987,347.11,0.46,0.39,2024-04-28,0831,N,VIIRS,n,2,311.99,10.1,D,0
20.44224,73.47346,345.57,0.47,0.4,2024-04-28,0831,N,VIIRS,n,2,310.39,5.25,D,0
20.39123,73.09319,343.91,0.45,0.39,2024-04-28,0831,N,VIIRS,n,2,312.1,8.36,D,0
20.44587,73.47286,343.01,0.47,0.4,2024-04-28,0831,N,VIIRS,n,2,309.32,5.25,D,0
20.85227,73.96526,340.46,0.5,0.41,2024-04-28,0831,N,VIIRS,l,2,310.93,10.09,D,0
20.85606,73.96497,340.83,0.5,0.41,2024-04-28,0831,N,VIIRS,l,2,310.96,10.09,D,0
20.82714,73.55338,338.31,0.48,0.4,2024-04-28,0831,N,VIIRS,l,2,308.72,6.61,D,0
20.8314,73.55737,346.98,0.48,0.4,2024-04-28,0831,N,VIIRS,n,2,310.61,8.14,D,0
20.8308,73.55273,350.54,0.48,0.4,2024-04-28,0831,N,VIIRS,n,2,312.66,7.15,D,0
20.83021,73.54816,339.7,0.48,0.4,2024-04-28,0831,N,VIIRS,l,2,310.38,7.15,D,0
20.83567,73.56149,345.51,0.48,0.4,2024-04-28,0831,N,VIIRS,n,2,311.41,8.14,D,0
20.8333,73.54317,340.68,0.48,0.4,2024-04-28,0831,N,VIIRS,l,2,311.67,6.72,D,0
20.82156,73.45261,342.14,0.47,0.4,2024-04-28,0831,N,VIIRS,n,2,306.55,4.01,D,0
20.83698,73.54269,342.12,0.48,0.4,2024-04-28,0831,N,VIIRS,n,2,312.08,7.97,D,0
20.84661,73.55926,340.43,0.48,0.4,2024-04-28,0831,N,VIIRS,n,2,309.62,3.94,D,0
20.95233,73.66318,349.08,0.48,0.4,2024-04-28,0831,N,VIIRS,n,2,310.91,8.99,D,0
20.95172,73.65844,348.59,0.48,0.4,2024-04-28,0831,N,VIIRS,n,2,312.03,14.8,D,0
20.95544,73.65813,340.77,0.48,0.4,2024-04-28,0831,N,VIIRS,n,2,310.13,14.8,D,0
20.86254,72.8651,346.7,0.44,0.39,2024-04-28,0831,N,VIIRS,n,2,310.46,15.93,D,0
20.33645,73.4613,338.58,0.47,0.39,2024-04-28,0831,N,VIIRS,l,2,311.26,9.59,D,0
20.31882,73.60912,347.54,0.47,0.4,2024-04-28,0831,N,VIIRS,n,2,311.39,19.96,D,0
20.2253,73.3241,341.71,0.46,0.39,2024-04-28,0831,N,VIIRS,l,2,312.65,1.42,D,0
20.19521,73.34649,350.18,0.46,0.39,2024-04-28,0831,N,VIIRS,n,2,313.53,3.58,D,0
20.16813,73.5622,341.47,0.47,0.4,2024-04-28,0831,N,VIIRS,l,2,314.46,12.81,D,0
20.20565,73.85383,341.6,0.48,0.4,2024-04-28,0831,N,VIIRS,l,2,314.76,17.91,D,0
20.20754,73.8559,345.91,0.48,0.4,2024-04-28,0831,N,VIIRS,l,2,315.98,17.62,D,0
20.01889,72.81413,337.03,0.43,0.38,2024-04-28,0831,N,VIIRS,l,2,308.19,3.03,D,0
20.01537,72.81464,342.85,0.43,0.38,2024-04-28,0831,N,VIIRS,n,2,308.55,3.03,D,0
20.03897,73.39791,345.11,0.46,0.39,2024-04-28,0831,N,VIIRS,n,2,312.22,12.87,D,0
20.03818,73.39722,343.24,0.46,0.39,2024-04-28,0831,N,VIIRS,n,2,312.49,11.72,D,0
20.35279,73.39028,354.15,0.46,0.39,2024-04-28,0831,N,VIIRS,n,2,310.95,15.79,D,0
24.17204,74.14662,350.14,0.56,0.43,2024-04-28,0832,N,VIIRS,n,2,319.22,8.88,D,0
24.03975,73.04549,345.52,0.49,0.4,2024-04-28,0832,N,VIIRS,l,2,318.63,13.05,D,0
24.13421,73.3088,339.06,0.5,0.41,2024-04-28,0832,N,VIIRS,l,2,313.43,7.43,D,0
24.2865,74.5583,341.74,0.39,0.44,2024-04-28,0832,N,VIIRS,l,2,316.09,6.49,D,0
24.1592,73.38699,342.86,0.51,0.41,2024-04-28,0832,N,VIIRS,l,2,316.68,7.32,D,0
24.33548,74.48445,348.19,0.39,0.44,2024-04-28,0832,N,VIIRS,n,2,317.67,9.33,D,0
24.29347,73.87267,341.04,0.54,0.42,2024-04-28,0832,N,VIIRS,l,2,314.28,6.7,D,0
24.29734,73.87191,342.2,0.54,0.42,2024-04-28,0832,N,VIIRS,l,2,316,6.7,D,0
24.30083,73.86371,339.84,0.54,0.42,2024-04-28,0832,N,VIIRS,l,2,313.74,7.14,D,0
24.30023,73.85863,339.7,0.54,0.42,2024-04-28,0832,N,VIIRS,l,2,314.09,7.14,D,0
24.36823,74.26676,340.45,0.57,0.43,2024-04-28,0832,N,VIIRS,l,2,315.15,1.51,D,0
24.29628,73.56467,342.09,0.52,0.42,2024-04-28,0832,N,VIIRS,l,2,314.77,7.77,D,0
24.2011,72.80148,352.63,0.48,0.4,2024-04-28,0832,N,VIIRS,n,2,324.29,16.5,D,0
24.20477,72.80087,347.99,0.48,0.4,2024-04-28,0832,N,VIIRS,l,2,320.3,29.14,D,0
24.36459,73.99823,352.27,0.55,0.43,2024-04-28,0832,N,VIIRS,n,2,320.82,16.89,D,0
24.36917,74.00311,341.72,0.55,0.43,2024-04-28,0832,N,VIIRS,l,2,315.75,16.28,D,0
24.46192,74.50676,343.7,0.39,0.44,2024-04-28,0832,N,VIIRS,l,2,318.44,5.52,D,0
24.46597,74.50624,349.85,0.39,0.44,2024-04-28,0832,N,VIIRS,n,2,318.57,5.52,D,0
24.46412,73.83784,347.33,0.54,0.42,2024-04-28,0832,N,VIIRS,l,2,317.93,12.27,D,0
24.49763,73.78233,349.82,0.54,0.42,2024-04-28,0832,N,VIIRS,n,2,319.67,22.62,D,0
24.56119,73.4822,339.34,0.52,0.41,2024-04-28,0832,N,VIIRS,l,2,313,4.99,D,0
24.62274,73.54033,339.54,0.52,0.42,2024-04-28,0832,N,VIIRS,l,2,314.02,3.75,D,0
24.62212,73.53529,346.03,0.52,0.42,2024-04-28,0832,N,VIIRS,n,2,315.73,9.02,D,0
20.9846,72.94395,338.32,0.45,0.39,2024-04-28,0832,N,VIIRS,n,2,306.84,2.37,D,0
21.24078,73.94051,346.34,0.5,0.41,2024-04-28,0832,N,VIIRS,l,2,318.15,21.57,D,0
20.91103,71.3327,348.73,0.4,0.37,2024-04-28,0832,N,VIIRS,n,2,315.01,13.8,D,0
21.10646,72.64816,348.24,0.44,0.38,2024-04-28,0832,N,VIIRS,n,2,311.26,19.34,D,2
21.33238,73.90472,341.15,0.5,0.41,2024-04-28,0832,N,VIIRS,l,2,312.64,18.46,D,0
21.3449,73.91271,344.01,0.5,0.41,2024-04-28,0832,N,VIIRS,l,2,314.39,23.37,D,0
21.35371,73.8918,343.24,0.5,0.41,2024-04-28,0832,N,VIIRS,l,2,314.85,19.05,D,0
21.41957,74.11444,341.01,0.52,0.41,2024-04-28,0832,N,VIIRS,l,2,313.68,12.37,D,0
21.4863,74.12034,340.59,0.52,0.41,2024-04-28,0832,N,VIIRS,l,2,310.6,8.47,D,0
21.37275,72.67879,335.33,0.44,0.38,2024-04-28,0832,N,VIIRS,n,2,304.16,3.45,D,0
21.51373,73.40999,345.77,0.48,0.4,2024-04-28,0832,N,VIIRS,n,2,312.04,11.45,D,0
21.51741,73.40946,342.64,0.48,0.4,2024-04-28,0832,N,VIIRS,n,2,311.1,10.22,D,0
21.63103,74.13659,344.3,0.52,0.41,2024-04-28,0832,N,VIIRS,n,2,310.54,8.07,D,0
21.67809,74.41203,339.63,0.54,0.42,2024-04-28,0832,N,VIIRS,n,2,307.68,8.04,D,0
21.67808,74.41006,338.6,0.54,0.42,2024-04-28,0832,N,VIIRS,n,2,307.07,5.3,D,0
21.61248,73.09305,340.95,0.46,0.39,2024-04-28,0832,N,VIIRS,l,2,312.15,8.61,D,0
21.6134,73.09423,342.47,0.46,0.39,2024-04-28,0832,N,VIIRS,n,2,310.97,8.89,D,0
21.6862,73.17023,342.52,0.47,0.39,2024-04-28,0832,N,VIIRS,l,2,314.02,11.07,D,0
21.70473,73.28286,343.02,0.47,0.4,2024-04-28,0832,N,VIIRS,n,2,312.85,9.99,D,0
21.45324,71.41851,346.31,0.4,0.37,2024-04-28,0832,N,VIIRS,l,2,319.14,6.13,D,0
21.65642,72.83587,341.27,0.45,0.39,2024-04-28,0832,N,VIIRS,l,2,311.79,7.28,D,0
21.77474,73.42854,344.86,0.48,0.4,2024-04-28,0832,N,VIIRS,n,2,313.51,11.4,D,0
21.75647,72.83492,341.87,0.45,0.39,2024-04-28,0832,N,VIIRS,l,2,312.97,8.94,D,0
21.78149,72.85791,341.72,0.45,0.39,2024-04-28,0832,N,VIIRS,l,2,313.76,0.98,D,0
21.98431,74.18384,341.04,0.53,0.42,2024-04-28,0832,N,VIIRS,l,2,314.78,17.16,D,0
21.89075,73.37604,334.21,0.48,0.4,2024-04-28,0832,N,VIIRS,l,2,307.95,2.94,D,0
21.96849,72.97609,337.78,0.46,0.39,2024-04-28,0832,N,VIIRS,l,2,311.17,4.3,D,0
21.86905,72.0771,349.34,0.42,0.38,2024-04-28,0832,N,VIIRS,n,2,316.43,14.88,D,0
21.87252,72.07655,350.09,0.42,0.38,2024-04-28,0832,N,VIIRS,n,2,318,14.88,D,0
22.15492,73.88938,341.56,0.51,0.41,2024-04-28,0832,N,VIIRS,n,2,311.56,4.35,D,0
22.07224,72.69725,346.21,0.45,0.39,2024-04-28,0832,N,VIIRS,l,2,318.23,8.04,D,0
22.15645,73.13394,342.06,0.47,0.4,2024-04-28,0832,N,VIIRS,n,2,310.59,2.74,D,0
22.1601,73.1334,337.12,0.47,0.4,2024-04-28,0832,N,VIIRS,l,2,310.96,2.74,D,0
22.15972,73.13461,343.81,0.47,0.4,2024-04-28,0832,N,VIIRS,n,2,312.93,4.93,D,0
22.29739,73.68042,344.54,0.5,0.41,2024-04-28,0832,N,VIIRS,n,2,313.33,14.3,D,0
22.51351,73.87349,340.33,0.52,0.41,2024-04-28,0832,N,VIIRS,l,2,313.52,10.51,D,0
22.56511,73.9436,348.37,0.52,0.42,2024-04-28,0832,N,VIIRS,n,2,314.14,10.1,D,0
22.49044,73.30511,342.76,0.48,0.4,2024-04-28,0832,N,VIIRS,l,2,315.54,10.21,D,0
22.67358,73.32065,346.31,0.49,0.4,2024-04-28,0832,N,VIIRS,n,2,314.83,6.3,D,0
22.58612,72.35472,344.71,0.44,0.38,2024-04-28,0832,N,VIIRS,l,2,318.33,10.82,D,0
22.89057,74.06227,343.13,0.53,0.42,2024-04-28,0832,N,VIIRS,l,2,316.71,8.4,D,0
22.7467,72.16211,344.92,0.43,0.38,2024-04-28,0832,N,VIIRS,l,2,319.76,13.51,D,0
23.18719,73.89211,340.01,0.53,0.42,2024-04-28,0832,N,VIIRS,l,2,313.28,6.48,D,0
24.073,82.50839,331.09,0.61,0.71,2024-04-28,0832,N,VIIRS,l,2,303.23,5.61,D,0
23.31122,74.02492,348.38,0.54,0.42,2024-04-28,0832,N,VIIRS,n,2,316.99,19.64,D,0
23.31057,74.01964,346.46,0.54,0.42,2024-04-28,0832,N,VIIRS,n,2,315.81,15.45,D,0
23.3151,74.02437,354.61,0.54,0.42,2024-04-28,0832,N,VIIRS,n,2,319.86,47.22,D,0
23.31445,74.0191,346.77,0.54,0.42,2024-04-28,0832,N,VIIRS,n,2,316.54,19.27,D,0
23.25763,73.47518,340.38,0.5,0.41,2024-04-28,0832,N,VIIRS,l,2,313.46,9.24,D,0
23.257,73.47025,343.17,0.5,0.41,2024-04-28,0832,N,VIIRS,l,2,314.93,10.88,D,0
24.17217,82.49534,331.69,0.61,0.71,2024-04-28,0832,N,VIIRS,l,2,302.97,3.37,D,0
24.15388,82.56644,336.17,0.61,0.71,2024-04-28,0832,N,VIIRS,n,2,303.4,2.23,D,0
24.24859,82.77796,336.71,0.63,0.72,2024-04-28,0832,N,VIIRS,n,2,305.53,5.74,D,0
24.28061,82.65353,344.26,0.62,0.72,2024-04-28,0832,N,VIIRS,n,2,306.66,7.29,D,0
24.2515,82.78289,339.25,0.64,0.72,2024-04-28,0832,N,VIIRS,n,2,304.78,4.02,D,0
24.25109,82.77631,332.94,0.63,0.72,2024-04-28,0832,N,VIIRS,l,2,304.71,4.02,D,0
24.27711,82.65167,347.56,0.62,0.72,2024-04-28,0832,N,VIIRS,n,2,306.48,4.45,D,0
23.25593,71.81207,350.38,0.43,0.38,2024-04-28,0832,N,VIIRS,l,2,325.24,7.7,D,0
23.2565,71.81624,367,0.43,0.38,2024-04-28,0832,N,VIIRS,l,2,325.1,7.7,D,0
24.4227,82.08981,340.06,0.58,0.69,2024-04-28,0832,N,VIIRS,n,2,304.02,9.03,D,0
24.42229,82.08408,337.84,0.58,0.69,2024-04-28,0832,N,VIIRS,n,2,304.49,4.73,D,0
23.65084,73.85222,344.62,0.53,0.42,2024-04-28,0832,N,VIIRS,l,2,319.34,5.3,D,0
23.65197,73.84952,344.69,0.53,0.42,2024-04-28,0832,N,VIIRS,l,2,318.95,6.5,D,0
24.42257,82.0877,351.91,0.58,0.7,2024-04-28,0832,N,VIIRS,n,2,304.68,7.83,D,0
23.64328,73.55403,342.85,0.51,0.41,2024-04-28,0832,N,VIIRS,l,2,316.23,17.08,D,0
23.63295,73.40879,342.76,0.5,0.41,2024-04-28,0832,N,VIIRS,l,2,316.16,14.15,D,0
23.63138,73.24464,346.66,0.49,0.4,2024-04-28,0832,N,VIIRS,n,2,315.45,9.41,D,0
23.2231,70.25175,353.08,0.39,0.36,2024-04-28,0832,N,VIIRS,n,2,321.16,19.71,D,0
23.78754,74.11691,342.49,0.55,0.43,2024-04-28,0832,N,VIIRS,l,2,317.16,16.02,D,0
23.78643,74.1144,351.27,0.55,0.43,2024-04-28,0832,N,VIIRS,n,2,317.86,17.92,D,0
23.72978,73.54338,346.05,0.51,0.41,2024-04-28,0832,N,VIIRS,n,2,318.06,14.73,D,0
23.81143,74.02322,343.74,0.54,0.42,2024-04-28,0832,N,VIIRS,l,2,318.05,9.74,D,0
23.8316,74.05852,346.74,0.55,0.42,2024-04-28,0832,N,VIIRS,l,2,317.99,8.42,D,0
23.83095,74.05312,349.09,0.55,0.42,2024-04-28,0832,N,VIIRS,n,2,319.25,8.42,D,0
23.83551,74.05795,345.22,0.55,0.42,2024-04-28,0832,N,VIIRS,l,2,315.43,8.42,D,0
23.90864,74.23041,351.58,0.56,0.43,2024-04-28,0832,N,VIIRS,n,2,316.76,6.09,D,0
23.90712,74.22832,348.69,0.56,0.43,2024-04-28,0832,N,VIIRS,n,2,317.1,4.63,D,0
23.97024,74.59768,355.08,0.39,0.44,2024-04-28,0832,N,VIIRS,n,2,313,14.38,D,0
23.85771,73.24439,337.85,0.5,0.41,2024-04-28,0832,N,VIIRS,l,2,312.2,4.06,D,0
23.85711,73.23967,348.27,0.5,0.41,2024-04-28,0832,N,VIIRS,n,2,315.95,4.06,D,0
24.13255,74.50996,346.58,0.39,0.44,2024-04-28,0832,N,VIIRS,n,2,308.63,8.51,D,0
24.13704,74.51321,335.5,0.39,0.44,2024-04-28,0832,N,VIIRS,n,2,302.75,1.51,D,0
24.14381,74.42384,341.43,0.38,0.44,2024-04-28,0832,N,VIIRS,l,2,316.22,5.14,D,0
24.01813,73.36092,344.37,0.5,0.41,2024-04-28,0832,N,VIIRS,l,2,319.21,8.14,D,0
24.0219,73.36036,347.18,0.5,0.41,2024-04-28,0832,N,VIIRS,l,2,319.37,11.54,D,0
24.1606,74.499,347.36,0.39,0.44,2024-04-28,0832,N,VIIRS,n,2,317.16,9.23,D,0
24.15941,74.41753,350.48,0.38,0.43,2024-04-28,0832,N,VIIRS,n,2,318.24,9.93,D,0
28.62195,76.48508,345.4,0.58,0.52,2024-04-28,0833,N,VIIRS,n,2,308.16,16.82,D,0
28.62251,76.49105,353.29,0.58,0.52,2024-04-28,0833,N,VIIRS,n,2,316.15,37.43,D,0
28.90366,79.9413,354.99,0.47,0.64,2024-04-28,0833,N,VIIRS,n,2,308.24,5.44,D,0
28.90399,79.94622,341.21,0.47,0.64,2024-04-28,0833,N,VIIRS,n,2,307.02,5.44,D,0
28.61767,76.49158,337.96,0.58,0.52,2024-04-28,0833,N,VIIRS,n,2,306.99,37.43,D,0
28.62722,76.59387,336.54,0.58,0.52,2024-04-28,0833,N,VIIRS,n,2,306.87,17.09,D,0
28.62666,76.58783,367,0.58,0.52,2024-04-28,0833,N,VIIRS,h,2,311.71,17.09,D,0
28.62066,76.57625,339.38,0.58,0.52,2024-04-28,0833,N,VIIRS,n,2,308.88,11.9,D,0
28.62178,76.58835,356.03,0.58,0.52,2024-04-28,0833,N,VIIRS,n,2,313.25,33.92,D,0
28.8794,79.93826,334.58,0.47,0.64,2024-04-28,0833,N,VIIRS,l,2,308.76,5.02,D,0
28.86811,79.86015,338.55,0.46,0.64,2024-04-28,0833,N,VIIRS,n,2,306.9,3.23,D,0
28.87474,79.95843,333.02,0.47,0.64,2024-04-28,0833,N,VIIRS,l,2,306.67,4.61,D,0
28.86777,79.94409,349.78,0.47,0.64,2024-04-28,0833,N,VIIRS,n,2,307.89,4.16,D,0
28.86809,79.94901,335.26,0.47,0.64,2024-04-28,0833,N,VIIRS,l,2,307.69,4.16,D,0
28.84575,79.7066,336.23,0.45,0.63,2024-04-28,0833,N,VIIRS,l,2,308.66,3.18,D,0
28.84608,79.71137,343.2,0.45,0.63,2024-04-28,0833,N,VIIRS,n,2,308.16,6.02,D,0
28.8464,79.71615,356.15,0.45,0.63,2024-04-28,0833,N,VIIRS,n,2,308.75,6.02,D,0
28.59587,76.62798,334.39,0.59,0.53,2024-04-28,0833,N,VIIRS,n,2,301.99,4.72,D,0
28.83105,79.66478,338.54,0.45,0.63,2024-04-28,0833,N,VIIRS,n,2,307.78,3.96,D,0
28.57249,76.47855,356.37,0.57,0.52,2024-04-28,0833,N,VIIRS,n,2,312.2,12.79,D,0
28.8487,80.02051,330.84,0.47,0.64,2024-04-28,0833,N,VIIRS,l,2,303.1,2.36,D,0
28.83015,79.82896,346.49,0.46,0.64,2024-04-28,0833,N,VIIRS,n,2,313.11,24.02,D,0
28.83047,79.83381,367,0.46,0.64,2024-04-28,0833,N,VIIRS,h,2,308.27,24.02,D,0
28.81328,79.84492,343.34,0.46,0.64,2024-04-28,0833,N,VIIRS,n,2,306.31,3.79,D,0
28.76119,79.77618,332.41,0.46,0.63,2024-04-28,0833,N,VIIRS,l,2,306.18,1.53,D,0
28.51018,76.49157,348.89,0.57,0.52,2024-04-28,0833,N,VIIRS,n,2,311.49,13.39,D,0
28.5107,76.49753,344.74,0.58,0.52,2024-04-28,0833,N,VIIRS,n,2,307.4,13.39,D,0
28.50483,76.48615,341.45,0.57,0.52,2024-04-28,0833,N,VIIRS,l,2,312.01,9.93,D,0
28.5119,76.49235,355.33,0.57,0.52,2024-04-28,0833,N,VIIRS,n,2,310.55,18.1,D,0
28.51246,76.4983,335.81,0.57,0.52,2024-04-28,0833,N,VIIRS,l,2,306.22,6.64,D,0
28.50651,76.48692,346.06,0.57,0.52,2024-04-28,0833,N,VIIRS,n,2,312.41,6.38,D,0
28.50707,76.49288,336.91,0.57,0.52,2024-04-28,0833,N,VIIRS,l,2,307.71,6.38,D,0
28.72209,79.51556,331.71,0.44,0.62,2024-04-28,0833,N,VIIRS,l,2,305.76,2.99,D,0
28.71627,79.51604,343.09,0.44,0.62,2024-04-28,0833,N,VIIRS,n,2,305.96,2.99,D,0
28.71659,79.52065,343.44,0.44,0.62,2024-04-28,0833,N,VIIRS,n,2,306.67,9.59,D,0
28.71385,79.65245,339.58,0.45,0.63,2024-04-28,0833,N,VIIRS,n,2,305.42,3.65,D,0
28.72186,79.77144,332.11,0.46,0.63,2024-04-28,0833,N,VIIRS,l,2,304.35,2.12,D,0
28.42865,76.68602,339.42,0.59,0.53,2024-04-28,0833,N,VIIRS,l,2,309.46,6.99,D,0
28.39665,76.71414,353.73,0.59,0.53,2024-04-28,0833,N,VIIRS,n,2,307.27,10.88,D,0
28.3912,76.70856,342.74,0.59,0.53,2024-04-28,0833,N,VIIRS,n,2,307.1,5.42,D,0
28.14149,77.29584,338.37,0.32,0.54,2024-04-28,0833,N,VIIRS,l,2,308.46,1.17,D,0
27.95197,77.42932,340.45,0.32,0.55,2024-04-28,0833,N,VIIRS,n,2,307.94,3.52,D,0
27.95227,77.43266,345.81,0.32,0.55,2024-04-28,0833,N,VIIRS,n,2,311.36,5.66,D,0
27.94688,77.42985,340.73,0.32,0.55,2024-04-28,0833,N,VIIRS,n,2,310.59,3.69,D,0
27.94718,77.43318,339.52,0.32,0.55,2024-04-28,0833,N,VIIRS,l,2,309.75,2.97,D,0
27.94747,77.43651,340.97,0.32,0.55,2024-04-28,0833,N,VIIRS,n,2,310.55,2.97,D,0
27.91498,77.47703,339.06,0.32,0.55,2024-04-28,0833,N,VIIRS,l,2,310.19,2.77,D,0
27.80862,77.47239,337.36,0.32,0.55,2024-04-28,0833,N,VIIRS,l,2,309.35,2.02,D,0
24.77207,73.37536,343.08,0.51,0.41,2024-04-28,0833,N,VIIRS,n,2,316.8,4.44,D,0
24.66566,73.01703,346.29,0.49,0.4,2024-04-28,0833,N,VIIRS,l,2,318.53,8.55,D,0
24.71935,73.4511,351.35,0.52,0.41,2024-04-28,0833,N,VIIRS,n,2,316.2,7.15,D,0
24.70229,73.37504,355.65,0.51,0.41,2024-04-28,0833,N,VIIRS,n,2,316.28,12.99,D,0
28.93899,79.53429,335.68,0.44,0.63,2024-04-28,0834,N,VIIRS,n,2,304.76,2.19,D,0
28.7958,77.22753,336.37,0.32,0.55,2024-04-28,0834,N,VIIRS,n,2,300.38,2.39,D,0
28.79892,77.22878,347.99,0.32,0.55,2024-04-28,0834,N,VIIRS,n,2,304.5,4.83,D,0
28.77055,76.65417,341.52,0.59,0.53,2024-04-28,0834,N,VIIRS,n,2,305.41,6.43,D,0
28.77545,76.65363,344,0.59,0.53,2024-04-28,0834,N,VIIRS,n,2,306.98,16.63,D,0
28.77491,76.64748,349.15,0.59,0.53,2024-04-28,0834,N,VIIRS,n,2,310.89,19.26,D,0
29.01265,79.69045,336.99,0.45,0.63,2024-04-28,0834,N,VIIRS,n,2,307.71,2.71,D,0
28.85007,76.65789,346.38,0.59,0.53,2024-04-28,0834,N,VIIRS,n,2,310.63,15.04,D,0
28.84719,76.65657,335.4,0.59,0.53,2024-04-28,0834,N,VIIRS,n,2,309.1,4.21,D,0
28.85209,76.65603,367,0.59,0.53,2024-04-28,0834,N,VIIRS,h,2,309.19,11.22,D,0
29.03581,79.068,337.95,0.42,0.61,2024-04-28,0834,N,VIIRS,n,2,306.55,2.03,D,0
29.08574,79.21082,342.93,0.43,0.62,2024-04-28,0834,N,VIIRS,n,2,310.84,5.7,D,0
29.08543,79.20636,333.69,0.43,0.62,2024-04-28,0834,N,VIIRS,l,2,307.32,3.35,D,0
29.11058,79.23574,337.01,0.43,0.62,2024-04-28,0834,N,VIIRS,l,2,308.27,5.25,D,0
29.14092,79.59412,336.84,0.45,0.63,2024-04-28,0834,N,VIIRS,n,2,305.36,2.57,D,0
29.13551,79.17953,352.21,0.42,0.61,2024-04-28,0834,N,VIIRS,n,2,306.29,4.49,D,0
29.16404,79.50136,352.11,0.44,0.63,2024-04-28,0834,N,VIIRS,n,2,308.91,5.18,D,0
29.11521,78.67451,332.59,0.4,0.6,2024-04-28,0834,N,VIIRS,l,2,305.68,1.77,D,0
29.19604,79.70734,333.16,0.46,0.63,2024-04-28,0834,N,VIIRS,n,2,297.11,4.44,D,0
28.98742,77.05905,341.06,0.63,0.54,2024-04-28,0834,N,VIIRS,n,2,305.24,5.72,D,0
29.20366,79.73167,332.62,0.46,0.64,2024-04-28,0834,N,VIIRS,n,2,293.16,9.41,D,0
29.13633,79.17941,340.48,0.42,0.61,2024-04-28,0834,N,VIIRS,n,2,305.36,2.59,D,0
28.87056,79.94592,349.41,0.47,0.64,2024-04-28,0834,N,VIIRS,n,2,309.63,4.62,D,0
28.86547,79.86225,342.02,0.46,0.64,2024-04-28,0834,N,VIIRS,n,2,307.81,5.86,D,0
28.62503,76.59236,345.75,0.58,0.52,2024-04-28,0834,N,VIIRS,n,2,308.32,14.08,D,0
29.19354,79.7085,341.72,0.46,0.63,2024-04-28,0834,N,VIIRS,n,2,296.01,4.48,D,0
29.20104,79.73318,337.75,0.46,0.64,2024-04-28,0834,N,VIIRS,n,2,293.9,3.96,D,0
29.2008,79.72942,334.18,0.46,0.64,2024-04-28,0834,N,VIIRS,n,2,297.11,3.96,D,0
29.0163,77.05394,334.21,0.63,0.54,2024-04-28,0834,N,VIIRS,l,2,306.42,4.32,D,0
29.238,79.66075,339.51,0.46,0.63,2024-04-28,0834,N,VIIRS,n,2,300.32,6.25,D,0
29.2345,79.60754,338.78,0.45,0.63,2024-04-28,0834,N,VIIRS,n,2,299.69,6.54,D,0
29.23427,79.60391,352.95,0.45,0.63,2024-04-28,0834,N,VIIRS,n,2,302.09,6.54,D,0
29.2651,79.36662,348.37,0.44,0.62,2024-04-28,0834,N,VIIRS,n,2,305.43,7.32,D,0
29.26478,79.36215,335.61,0.44,0.62,2024-04-28,0834,N,VIIRS,n,2,305.97,4.91,D,0
29.26506,79.36549,354.12,0.44,0.62,2024-04-28,0834,N,VIIRS,n,2,306.37,7.68,D,0
29.3327,79.68517,367,0.46,0.63,2024-04-28,0834,N,VIIRS,h,2,298.4,7.92,D,0
29.33327,79.69408,330.12,0.46,0.64,2024-04-28,0834,N,VIIRS,n,2,295.92,9.55,D,0
29.53837,77.16174,340.52,0.32,0.55,2024-04-28,0834,N,VIIRS,n,2,295.97,3.99,D,0
29.33298,79.6894,345.21,0.46,0.63,2024-04-28,0834,N,VIIRS,n,2,297.93,7.92,D,0
29.33854,79.68352,340.17,0.46,0.63,2024-04-28,0834,N,VIIRS,n,2,295.39,7.92,D,0
29.34468,79.68644,337.86,0.46,0.63,2024-04-28,0834,N,VIIRS,n,2,295.16,7.78,D,0
29.39558,78.89346,343.73,0.41,0.61,2024-04-28,0834,N,VIIRS,n,2,309.41,6.2,D,0
29.16644,75.91307,338.96,0.54,0.51,2024-04-28,0834,N,VIIRS,n,2,306.32,5.7,D,0
29.45581,79.25208,335.56,0.43,0.62,2024-04-28,0834,N,VIIRS,n,2,288.55,6.24,D,0
29.46391,79.28801,333.71,0.44,0.62,2024-04-28,0834,N,VIIRS,n,2,302.56,7.07,D,0
29.46965,79.28674,330.55,0.44,0.62,2024-04-28,0834,N,VIIRS,n,2,297.91,5.95,D,0
29.47455,78.01916,335.59,0.36,0.58,2024-04-28,0834,N,VIIRS,n,2,302.73,1.79,D,0
29.56903,79.12771,334.43,0.43,0.62,2024-04-28,0834,N,VIIRS,n,2,287.24,5.79,D,0
29.56877,79.12399,332.12,0.43,0.62,2024-04-28,0834,N,VIIRS,n,2,285.86,3.75,D,0
29.56975,79.1274,337.08,0.43,0.62,2024-04-28,0834,N,VIIRS,n,2,287.49,6.51,D,0
29.56952,79.1237,335.83,0.43,0.62,2024-04-28,0834,N,VIIRS,n,2,286,4.24,D,0
29.68686,79.94489,337.99,0.48,0.65,2024-04-28,0834,N,VIIRS,n,2,306.05,5.51,D,0
29.4914,76.8334,336.11,0.62,0.54,2024-04-28,0834,N,VIIRS,n,2,302.5,4.16,D,0
29.66645,78.94643,347.71,0.42,0.61,2024-04-28,0834,N,VIIRS,n,2,297.77,8.2,D,0
29.27951,74.52752,341.25,0.45,0.47,2024-04-28,0834,N,VIIRS,n,2,307.65,2.62,D,0
29.49158,76.83358,337.44,0.62,0.54,2024-04-28,0834,N,VIIRS,n,2,302.86,2.62,D,0
29.72798,79.99473,346.11,0.48,0.65,2024-04-28,0834,N,VIIRS,n,2,283.79,10.85,D,0
29.66857,78.94335,351.92,0.42,0.61,2024-04-28,0834,N,VIIRS,n,2,298.38,8.27,D,0
29.16282,79.50175,355.51,0.44,0.63,2024-04-28,0834,N,VIIRS,n,2,309.21,7.1,D,0
28.98609,77.05714,340.28,0.63,0.54,2024-04-28,0834,N,VIIRS,n,2,305.13,6.28,D,0
29.11365,78.67403,333.96,0.4,0.6,2024-04-28,0834,N,VIIRS,n,2,305.96,1.2,D,0
28.61964,76.58684,349,0.58,0.52,2024-04-28,0834,N,VIIRS,n,2,310.2,17.62,D,0
28.87086,79.95081,335.74,0.47,0.64,2024-04-28,0834,N,VIIRS,l,2,307.53,4.62,D,0
28.62451,76.5863,351.97,0.58,0.52,2024-04-28,0834,N,VIIRS,n,2,312.5,11.92,D,0
28.87744,79.96025,338.56,0.47,0.64,2024-04-28,0834,N,VIIRS,n,2,308.45,4.57,D,0
28.6299,76.59182,336.51,0.58,0.52,2024-04-28,0834,N,VIIRS,l,2,307.38,14.08,D,0
28.62938,76.58575,340.23,0.58,0.52,2024-04-28,0834,N,VIIRS,n,2,308.05,11.92,D,0
28.62885,76.57968,338.91,0.58,0.52,2024-04-28,0834,N,VIIRS,n,2,308.5,11.92,D,0
28.62155,76.49538,344.77,0.58,0.52,2024-04-28,0834,N,VIIRS,n,2,304.89,23.93,D,0
28.62103,76.48939,349.13,0.58,0.52,2024-04-28,0834,N,VIIRS,n,2,316.28,68.82,D,0
28.90646,79.94296,367,0.47,0.64,2024-04-28,0834,N,VIIRS,h,2,308.67,11.74,D,0
28.67356,76.81122,343.69,0.6,0.53,2024-04-28,0834,N,VIIRS,n,2,306.55,6.82,D,0
28.91686,79.91731,340.63,0.47,0.64,2024-04-28,0834,N,VIIRS,n,2,309.21,4.98,D,0
28.92944,79.92619,339.93,0.47,0.64,2024-04-28,0834,N,VIIRS,n,2,308.81,4.24,D,0
28.92881,79.91634,334.26,0.47,0.64,2024-04-28,0834,N,VIIRS,l,2,305.93,4.3,D,0
28.94528,79.80189,367,0.46,0.64,2024-04-28,0834,N,VIIRS,h,2,305.78,17.52,D,0
28.94496,79.79704,353.8,0.46,0.64,2024-04-28,0834,N,VIIRS,n,2,307.29,13.44,D,0
32.02969,75.59044,337.34,0.56,0.51,2024-04-28,0834,N,VIIRS,n,2,300.4,5.48,D,0
32.03007,75.59277,336.46,0.56,0.51,2024-04-28,0834,N,VIIRS,n,2,300.17,6.31,D,0
30.38081,75.275,336.6,0.51,0.49,2024-04-28,0834,N,VIIRS,n,2,303.85,5.95,D,0
30.33776,75.36218,338.65,0.52,0.5,2024-04-28,0834,N,VIIRS,n,2,298.46,6.34,D,0
30.12222,75.12854,337.9,0.5,0.49,2024-04-28,0834,N,VIIRS,n,2,290.5,5.05,D,0
30.09315,75.45326,331.61,0.52,0.5,2024-04-28,0834,N,VIIRS,n,2,288.24,6.2,D,0
30.40036,79.35993,328.77,0.45,0.63,2024-04-28,0834,N,VIIRS,n,2,292.48,2.05,D,0
29.83561,73.91479,342.48,0.42,0.45,2024-04-28,0834,N,VIIRS,n,2,309.12,5.98,D,0
29.8959,75.92229,355.04,0.55,0.51,2024-04-28,0834,N,VIIRS,n,2,295.23,39.3,D,0
29.86728,75.76398,340.75,0.54,0.51,2024-04-28,0834,N,VIIRS,n,2,303.08,6.58,D,0
29.64604,74.87942,335.77,0.47,0.48,2024-04-28,0834,N,VIIRS,n,2,296.3,5.18,D,0
29.62408,74.83715,338,0.47,0.48,2024-04-28,0834,N,VIIRS,n,2,291.68,3.83,D,0
29.60994,75.18396,341.66,0.49,0.49,2024-04-28,0834,N,VIIRS,n,2,308.4,3.17,D,0
29.49046,75.14423,345.35,0.49,0.49,2024-04-28,0834,N,VIIRS,n,2,313.33,7.75,D,0
29.59362,77.14571,330.09,0.32,0.55,2024-04-28,0834,N,VIIRS,n,2,298.66,2.3,D,0
29.72038,78.78603,335.94,0.41,0.6,2024-04-28,0834,N,VIIRS,n,2,299.51,4.88,D,0
29.68686,78.79315,342.03,0.41,0.6,2024-04-28,0834,N,VIIRS,n,2,302.47,4.97,D,0
29.5381,77.15836,335.29,0.32,0.55,2024-04-28,0834,N,VIIRS,n,2,299.23,2.36,D,0
23.78234,86.38786,315.35,0.32,0.55,2024-04-28,1919,N,VIIRS,n,2,300.57,2.61,N,2
24.44966,83.0387,300.51,0.53,0.67,2024-04-28,1919,N,VIIRS,n,2,288.18,0.39,N,2
23.98377,86.11903,309.03,0.34,0.56,2024-04-28,1919,N,VIIRS,n,2,296.87,4.14,N,0
23.80367,86.32845,327.75,0.32,0.55,2024-04-28,1919,N,VIIRS,n,2,303.64,4.41,N,2
23.80465,86.31857,314.3,0.32,0.55,2024-04-28,1919,N,VIIRS,n,2,301.59,3.47,N,0
23.7973,86.34064,310.72,0.32,0.55,2024-04-28,1919,N,VIIRS,n,2,300.02,3.11,N,2
23.79093,86.35295,314.66,0.32,0.55,2024-04-28,1919,N,VIIRS,n,2,300.21,2.85,N,2
23.78202,86.39103,324.78,0.32,0.55,2024-04-28,1919,N,VIIRS,n,2,302.9,2.61,N,2
23.78171,86.3942,322.78,0.32,0.55,2024-04-28,1919,N,VIIRS,n,2,303.66,3.67,N,2
23.78807,86.32973,317.25,0.32,0.55,2024-04-28,1919,N,VIIRS,n,2,300.95,1.98,N,2
23.78776,86.33292,317.96,0.32,0.55,2024-04-28,1919,N,VIIRS,n,2,302.2,1.98,N,2
23.61583,86.7888,310.87,0.6,0.53,2024-04-28,1919,N,VIIRS,n,2,300.7,4.79,N,2
23.67974,86.08469,332.18,0.34,0.56,2024-04-28,1919,N,VIIRS,n,2,299.23,2.33,N,2
23.67847,86.09805,314.17,0.33,0.56,2024-04-28,1919,N,VIIRS,n,2,299.58,2.62,N,2
23.67457,86.08412,313.87,0.34,0.56,2024-04-28,1919,N,VIIRS,n,2,298.58,2.33,N,2
23.56017,87.23877,319.65,0.56,0.52,2024-04-28,1919,N,VIIRS,n,2,297.39,4.28,N,2
23.66876,86.09021,313.5,0.33,0.56,2024-04-28,1919,N,VIIRS,n,2,298.78,2.22,N,2
23.55001,87.24313,318.88,0.56,0.52,2024-04-28,1919,N,VIIRS,n,2,299.32,6.21,N,3
23.56133,87.08394,308.26,0.58,0.52,2024-04-28,1919,N,VIIRS,n,2,298.02,2.4,N,2
23.63376,86.29453,307.52,0.32,0.55,2024-04-28,1919,N,VIIRS,n,2,296.95,1.32,N,2
23.52432,87.35248,309.53,0.55,0.51,2024-04-28,1919,N,VIIRS,n,2,297.98,3.02,N,0
23.56992,85.9637,311.72,0.34,0.56,2024-04-28,1919,N,VIIRS,n,2,296.14,1.17,N,0
23.5696,85.96701,307.1,0.34,0.56,2024-04-28,1919,N,VIIRS,n,2,296.37,1.17,N,0
23.16877,82.33522,305.7,0.57,0.69,2024-04-28,1919,N,VIIRS,n,2,292.67,1.72,N,2
23.16834,82.34096,312.77,0.57,0.69,2024-04-28,1919,N,VIIRS,n,2,292.85,1.72,N,2
22.33856,82.66438,309.66,0.53,0.67,2024-04-28,1919,N,VIIRS,n,2,292.3,1.27,N,0
22.33311,82.65331,306.9,0.53,0.67,2024-04-28,1919,N,VIIRS,n,2,292.58,1.54,N,2
22.32682,82.65263,305.98,0.53,0.67,2024-04-28,1919,N,VIIRS,n,2,291.62,1.54,N,2
22.32423,82.68443,304.52,0.53,0.67,2024-04-28,1919,N,VIIRS,n,2,291.92,1.16,N,2
22.32573,82.5875,304.46,0.54,0.68,2024-04-28,1919,N,VIIRS,n,2,292.33,1.03,N,2
22.32416,82.52755,309.37,0.54,0.68,2024-04-28,1919,N,VIIRS,n,2,292.06,2.47,N,0
22.32155,82.56022,306.71,0.54,0.68,2024-04-28,1919,N,VIIRS,n,2,292.67,2.05,N,0
22.31938,82.58719,303,0.54,0.68,2024-04-28,1919,N,VIIRS,n,2,291.74,1.03,N,0
22.31824,82.52153,308.92,0.55,0.68,2024-04-28,1919,N,VIIRS,n,2,292.5,1.46,N,0
22.3119,82.52081,303.15,0.55,0.68,2024-04-28,1919,N,VIIRS,n,2,291.43,1.46,N,0
22.10692,83.51934,303.41,0.47,0.64,2024-04-28,1919,N,VIIRS,n,2,292.57,1.65,N,2
22.10358,83.11605,307.18,0.5,0.66,2024-04-28,1919,N,VIIRS,n,2,292.44,2.22,N,2
22.10338,83.11465,303.93,0.5,0.66,2024-04-28,1919,N,VIIRS,n,2,292.37,1.41,N,0
22.10294,83.11971,308.25,0.5,0.66,2024-04-28,1919,N,VIIRS,n,2,292.18,1.41,N,2
22.04032,83.34908,304.3,0.48,0.65,2024-04-28,1919,N,VIIRS,n,2,292.12,1.31,N,2
21.98188,83.23707,305.65,0.49,0.65,2024-04-28,1919,N,VIIRS,n,2,292.74,1.54,N,0
22.00529,82.66901,312.31,0.53,0.67,2024-04-28,1919,N,VIIRS,n,2,291.77,2.86,N,2
21.92442,83.33762,308.01,0.48,0.65,2024-04-28,1919,N,VIIRS,n,2,292.63,1.76,N,2
21.92361,83.34718,313.87,0.48,0.65,2024-04-28,1919,N,VIIRS,n,2,293.69,3.93,N,2
21.87497,83.49341,308.17,0.47,0.64,2024-04-28,1919,N,VIIRS,n,2,292.17,1.29,N,2
23.7814,86.34513,332.12,0.32,0.55,2024-04-28,1919,N,VIIRS,n,2,301.67,3.98,N,2
23.77727,86.38718,334.58,0.32,0.55,2024-04-28,1919,N,VIIRS,n,2,302.21,2.71,N,2
23.77695,86.39037,322.35,0.32,0.55,2024-04-28,1919,N,VIIRS,n,2,301.52,2.71,N,2
23.77886,86.37099,314.76,0.32,0.55,2024-04-28,1919,N,VIIRS,n,2,300.38,2.97,N,2
23.77664,86.39352,318.78,0.32,0.55,2024-04-28,1919,N,VIIRS,n,2,302.8,2.46,N,2
23.77473,86.36066,311.11,0.32,0.55,2024-04-28,1919,N,VIIRS,n,2,299.54,1.67,N,2
23.77441,86.36391,314.57,0.32,0.55,2024-04-28,1919,N,VIIRS,n,2,299.79,1.67,N,2
23.77251,86.38328,311.49,0.32,0.55,2024-04-28,1919,N,VIIRS,n,2,299.12,4.45,N,2
23.77189,86.38966,313.68,0.32,0.55,2024-04-28,1919,N,VIIRS,n,2,302.13,2.71,N,2
23.77126,86.39601,312.56,0.32,0.55,2024-04-28,1919,N,VIIRS,n,2,300.31,2.46,N,2
23.76682,86.38898,323.73,0.32,0.55,2024-04-28,1919,N,VIIRS,n,2,304.85,5.6,N,2
23.76651,86.39217,319.5,0.32,0.55,2024-04-28,1919,N,VIIRS,n,2,303.69,2.95,N,2
23.76588,86.39858,311.57,0.32,0.55,2024-04-28,1919,N,VIIRS,n,2,300.08,1.8,N,2
23.76556,86.40182,314.86,0.32,0.55,2024-04-28,1919,N,VIIRS,n,2,300.64,1.8,N,2
23.69476,87.10759,309.53,0.58,0.52,2024-04-28,1919,N,VIIRS,n,2,299.34,5.57,N,2
23.69417,87.1133,310.79,0.58,0.52,2024-04-28,1919,N,VIIRS,n,2,299.55,2.63,N,2
23.69358,87.11899,316.49,0.58,0.52,2024-04-28,1919,N,VIIRS,n,2,300.98,2.63,N,2
23.76049,86.40117,330.92,0.32,0.55,2024-04-28,1919,N,VIIRS,n,2,300.84,1.8,N,2
23.77934,86.20676,319.38,0.33,0.55,2024-04-28,1919,N,VIIRS,n,2,301.94,4.46,N,2
23.76143,86.3915,311.85,0.32,0.55,2024-04-28,1919,N,VIIRS,n,2,300.88,2.95,N,2
23.76081,86.39793,318.99,0.32,0.55,2024-04-28,1919,N,VIIRS,n,2,300.08,1.8,N,2
23.68875,87.11836,314.48,0.58,0.52,2024-04-28,1919,N,VIIRS,n,2,299.1,2.63,N,2
23.75386,86.41661,323.47,0.32,0.55,2024-04-28,1919,N,VIIRS,n,2,300.34,1.86,N,2
23.75574,86.39725,311.54,0.32,0.55,2024-04-28,1919,N,VIIRS,n,2,299.33,2.6,N,2
23.75511,86.40375,312.29,0.32,0.55,2024-04-28,1919,N,VIIRS,n,2,298.57,2,N,2
23.7488,86.41595,312.81,0.32,0.55,2024-04-28,1919,N,VIIRS,n,2,298.61,1.86,N,2
23.74313,86.4216,309.4,0.32,0.55,2024-04-28,1919,N,VIIRS,n,2,297.72,2.55,N,2
23.73714,86.43049,317.61,0.32,0.55,2024-04-28,1919,N,VIIRS,n,2,300.06,3.53,N,0
23.73684,86.43367,311.31,0.32,0.54,2024-04-28,1919,N,VIIRS,n,2,300.18,2.8,N,0
23.72611,86.43875,318.17,0.32,0.54,2024-04-28,1919,N,VIIRS,n,2,300.43,3.56,N,2
23.72075,86.4413,311.76,0.32,0.54,2024-04-28,1919,N,VIIRS,n,2,299.52,2.26,N,2
23.72045,86.4445,314.83,0.32,0.54,2024-04-28,1919,N,VIIRS,n,2,303.64,2.33,N,2
23.72014,86.44769,314.76,0.32,0.54,2024-04-28,1919,N,VIIRS,n,2,302.51,2.33,N,2
23.7157,86.44063,318.96,0.32,0.54,2024-04-28,1919,N,VIIRS,n,2,299.53,2.26,N,2
23.71693,86.44059,324.38,0.32,0.54,2024-04-28,1919,N,VIIRS,n,2,300.44,3.38,N,2
23.7166,86.44378,310.98,0.32,0.54,2024-04-28,1919,N,VIIRS,n,2,300.34,3.15,N,2
23.68635,86.38827,314.91,0.32,0.55,2024-04-28,1919,N,VIIRS,n,2,297.97,1.73,N,2
23.68602,86.39154,318.27,0.32,0.55,2024-04-28,1919,N,VIIRS,n,2,299.05,1.73,N,2
23.68064,86.39411,308.55,0.32,0.55,2024-04-28,1919,N,VIIRS,n,2,298.24,1.77,N,2
23.67526,86.39661,309.12,0.32,0.55,2024-04-28,1919,N,VIIRS,n,2,298.82,1.77,N,2
23.67495,86.39979,315.24,0.32,0.55,2024-04-28,1919,N,VIIRS,n,2,299.1,2.76,N,2
23.66799,86.41824,311.85,0.32,0.54,2024-04-28,1919,N,VIIRS,n,2,297.07,1.56,N,2
20.88923,84.98101,339.16,0.37,0.58,2024-04-28,1920,N,VIIRS,n,2,294.49,2.72,N,2
20.8896,84.97749,315.97,0.37,0.58,2024-04-28,1920,N,VIIRS,n,2,293.64,2.72,N,2
20.88814,84.99159,314.66,0.36,0.58,2024-04-28,1920,N,VIIRS,n,2,294.28,1.97,N,0
20.88385,84.98048,323.08,0.37,0.58,2024-04-28,1920,N,VIIRS,n,2,295.1,2.72,N,2
20.86664,84.98945,307.51,0.36,0.58,2024-04-28,1920,N,VIIRS,n,2,294.13,1.34,N,2
20.86629,84.99284,312.68,0.36,0.58,2024-04-28,1920,N,VIIRS,n,2,295.02,1.34,N,2
20.8075,85.2534,308.89,0.35,0.57,2024-04-28,1920,N,VIIRS,n,2,296.22,2.47,N,2
20.80716,85.25679,309.17,0.35,0.57,2024-04-28,1920,N,VIIRS,n,2,296.25,2.49,N,2
20.79695,85.25227,335.3,0.35,0.57,2024-04-28,1920,N,VIIRS,n,2,296.6,2.83,N,2
20.79168,85.25159,319.67,0.35,0.57,2024-04-28,1920,N,VIIRS,n,2,295.59,2.83,N,2
20.791,85.25838,309.39,0.35,0.57,2024-04-28,1920,N,VIIRS,n,2,296.59,4.16,N,2
20.79032,85.2652,309.73,0.35,0.57,2024-04-28,1920,N,VIIRS,n,2,295.54,2.26,N,2
20.78573,85.25772,318.33,0.35,0.57,2024-04-28,1920,N,VIIRS,n,2,296.03,2.77,N,2
20.7854,85.26109,313.92,0.35,0.57,2024-04-28,1920,N,VIIRS,n,2,295.95,2.67,N,2
20.76095,85.29278,317.4,0.35,0.57,2024-04-28,1920,N,VIIRS,n,2,295.67,2.18,N,2
20.7619,85.29024,307.17,0.35,0.57,2024-04-28,1920,N,VIIRS,n,2,295.36,1.93,N,2
20.76154,85.29367,316.09,0.35,0.57,2024-04-28,1920,N,VIIRS,n,2,295.39,2.03,N,2
20.62316,85.08858,307.04,0.36,0.57,2024-04-28,1920,N,VIIRS,n,2,294.25,2.15,N,0
20.61578,85.10827,312.21,0.36,0.57,2024-04-28,1920,N,VIIRS,n,2,294.07,2.52,N,0
20.9801,85.12835,318.23,0.36,0.57,2024-04-28,1920,N,VIIRS,n,2,294.27,3.14,N,2
20.97974,85.13184,309.75,0.36,0.57,2024-04-28,1920,N,VIIRS,n,2,294.45,3.68,N,2
20.97828,85.14588,309.94,0.36,0.57,2024-04-28,1920,N,VIIRS,n,2,294.29,1.58,N,2
20.97042,85.16978,324.98,0.36,0.57,2024-04-28,1920,N,VIIRS,n,2,296.1,4.35,N,2
20.96474,85.17271,320.66,0.36,0.57,2024-04-28,1920,N,VIIRS,n,2,295.18,3.72,N,2
20.96511,85.16919,309.54,0.36,0.57,2024-04-28,1920,N,VIIRS,n,2,294.84,3.29,N,2
20.957,85.14341,307.92,0.36,0.57,2024-04-28,1920,N,VIIRS,n,2,294.25,1.3,N,2
20.95458,85.00758,305.36,0.36,0.58,2024-04-28,1920,N,VIIRS,n,2,292.99,1.29,N,2
20.89223,84.979,327.26,0.37,0.58,2024-04-28,1920,N,VIIRS,n,2,293.24,2.97,N,0
20.88685,84.97845,336.15,0.37,0.58,2024-04-28,1920,N,VIIRS,n,2,294.04,3.3,N,2
20.88652,84.98198,321.97,0.37,0.58,2024-04-28,1920,N,VIIRS,n,2,294.41,3.3,N,2
20.8855,84.99258,307.88,0.37,0.58,2024-04-28,1920,N,VIIRS,n,2,293.8,1.66,N,0
21.87851,83.55257,310.61,0.46,0.64,2024-04-28,1920,N,VIIRS,n,2,292.17,2.03,N,2
21.07946,85.03133,310.62,0.36,0.58,2024-04-28,1920,N,VIIRS,n,2,293.77,1.98,N,2
21.0791,85.03487,307.82,0.36,0.58,2024-04-28,1920,N,VIIRS,n,2,295.03,1.36,N,2
21.07873,85.03841,308.36,0.36,0.58,2024-04-28,1920,N,VIIRS,n,2,294.12,1.36,N,2
21.07837,85.042,307.6,0.36,0.58,2024-04-28,1920,N,VIIRS,n,2,293.38,1.54,N,2
21.07337,85.03786,308.56,0.36,0.58,2024-04-28,1920,N,VIIRS,n,2,293.89,2.94,N,2
21.073,85.04147,307.79,0.36,0.58,2024-04-28,1920,N,VIIRS,n,2,293.21,1.27,N,2
20.97771,85.13048,320.79,0.36,0.57,2024-04-28,1920,N,VIIRS,n,2,295.55,3.73,N,2
20.97635,85.14452,308.9,0.36,0.57,2024-04-28,1920,N,VIIRS,n,2,294.34,1.72,N,2
20.96867,85.1684,321.92,0.36,0.57,2024-04-28,1920,N,VIIRS,n,2,295.71,4.15,N,2
29.68987,79.53317,318.93,0.52,0.5,2024-04-28,2058,N,VIIRS,n,2,288.39,3.81,N,0
29.79627,79.03543,302.13,0.48,0.48,2024-04-28,2058,N,VIIRS,n,2,282.72,1.19,N,0
29.78489,79.03835,298.01,0.48,0.48,2024-04-28,2058,N,VIIRS,n,2,280.34,1.1,N,0
29.7975,78.98087,323.37,0.48,0.48,2024-04-28,2058,N,VIIRS,n,2,284.7,3.34,N,0
29.79994,78.9908,301.39,0.48,0.48,2024-04-28,2058,N,VIIRS,n,2,283.24,1.54,N,0
29.68038,79.53114,325.22,0.52,0.5,2024-04-28,2058,N,VIIRS,n,2,286.13,4.16,N,0
29.68346,79.53875,310.61,0.52,0.5,2024-04-28,2058,N,VIIRS,n,2,287.2,4.8,N,0
29.79549,79.03219,297.98,0.48,0.48,2024-04-28,2058,N,VIIRS,n,2,282.09,1.83,N,0
29.68467,79.53331,340.61,0.52,0.5,2024-04-28,2058,N,VIIRS,n,2,291.77,4.8,N,0
29.68904,79.53514,338.22,0.52,0.5,2024-04-28,2058,N,VIIRS,n,2,290.54,4.8,N,0
29.85476,78.80202,304.67,0.47,0.48,2024-04-28,2058,N,VIIRS,n,2,289.45,1.13,N,0
29.85566,78.79785,300.15,0.47,0.47,2024-04-28,2058,N,VIIRS,n,2,289.02,1.13,N,0
29.8979,78.60178,307.47,0.45,0.47,2024-04-28,2058,N,VIIRS,n,2,285.73,1.31,N,0
29.78937,79.1237,297.47,0.49,0.48,2024-04-28,2058,N,VIIRS,n,2,283.58,0.73,N,0
29.80707,79.04268,304.51,0.48,0.48,2024-04-28,2058,N,VIIRS,n,2,279.46,1.67,N,0
29.83858,78.89776,308.37,0.47,0.48,2024-04-28,2058,N,VIIRS,n,2,288.28,1.01,N,0
29.84192,78.88238,301.93,0.47,0.48,2024-04-28,2058,N,VIIRS,n,2,287.11,1.17,N,0
29.70232,79.53991,296,0.52,0.5,2024-04-28,2058,N,VIIRS,n,2,285.71,2.6,N,0
29.80821,79.05865,304.1,0.48,0.48,2024-04-28,2058,N,VIIRS,n,2,277.28,1.47,N,0
29.83107,78.95355,295.02,0.48,0.48,2024-04-28,2058,N,VIIRS,n,2,279.24,0.48,N,0
29.70122,79.54483,329.56,0.52,0.5,2024-04-28,2058,N,VIIRS,n,2,288.26,2.6,N,0
29.64786,79.80569,313.76,0.54,0.51,2024-04-28,2058,N,VIIRS,n,2,286.32,2.3,N,0
29.68267,79.67147,310.36,0.53,0.5,2024-04-28,2058,N,VIIRS,n,2,286.08,2.44,N,0
29.90699,78.68565,303.04,0.46,0.47,2024-04-28,2058,N,VIIRS,n,2,289.63,0.87,N,0
29.85727,78.91734,328.73,0.47,0.48,2024-04-28,2058,N,VIIRS,n,2,287.42,2.61,N,0
29.65813,79.84682,295.91,0.54,0.51,2024-04-28,2058,N,VIIRS,n,2,284.65,0.61,N,0
29.86166,78.91824,298.11,0.47,0.48,2024-04-28,2058,N,VIIRS,n,2,284.37,2.61,N,0
29.87317,78.90732,301.73,0.47,0.48,2024-04-28,2058,N,VIIRS,n,2,283.92,1.54,N,0
29.6229,80.0924,305.72,0.56,0.51,2024-04-28,2058,N,VIIRS,n,2,289.71,2.27,N,0
29.62498,80.08308,312.27,0.56,0.51,2024-04-28,2058,N,VIIRS,n,2,287.96,2.52,N,0
29.64259,80.00429,300.22,0.55,0.51,2024-04-28,2058,N,VIIRS,n,2,288.34,1.07,N,0
29.64378,79.99897,300.72,0.55,0.51,2024-04-28,2058,N,VIIRS,n,2,287.96,1.07,N,0
29.79017,79.39957,301.85,0.51,0.49,2024-04-28,2058,N,VIIRS,n,2,286.81,1.3,N,0
29.97154,78.61474,299.64,0.45,0.47,2024-04-28,2058,N,VIIRS,n,2,288.37,0.5,N,0
29.96991,78.64393,308.23,0.46,0.47,2024-04-28,2058,N,VIIRS,n,2,288.82,1.03,N,0
29.81456,79.43975,300.41,0.51,0.49,2024-04-28,2058,N,VIIRS,n,2,286.11,1.23,N,0
29.81825,79.44459,318.71,0.51,0.49,2024-04-28,2058,N,VIIRS,n,2,287.52,2.34,N,0
29.82442,79.41607,298.82,0.51,0.49,2024-04-28,2058,N,VIIRS,n,2,285.72,0.93,N,0
29.86444,79.22916,296.73,0.49,0.49,2024-04-28,2058,N,VIIRS,n,2,280.04,0.87,N,0
29.81917,79.44032,331.27,0.51,0.49,2024-04-28,2058,N,VIIRS,n,2,289.85,5.91,N,0
29.8155,79.44101,315.45,0.51,0.49,2024-04-28,2058,N,VIIRS,n,2,287.6,2.33,N,0
31.69381,76.00747,304.82,0.47,0.4,2024-04-28,2058,N,VIIRS,n,2,289.84,0.73,N,0
31.6902,76.00657,308.1,0.47,0.4,2024-04-28,2058,N,VIIRS,n,2,289.72,0.73,N,0
31.49591,76.45428,305.46,0.5,0.41,2024-04-28,2058,N,VIIRS,n,2,291.69,1.3,N,0
31.3278,76.89429,301.1,0.52,0.42,2024-04-28,2058,N,VIIRS,n,2,289.12,0.74,N,2
30.39953,79.34811,296.73,0.49,0.48,2024-04-28,2058,N,VIIRS,n,2,284.28,0.84,N,0
30.45143,79.09011,295.38,0.47,0.48,2024-04-28,2058,N,VIIRS,n,2,280.65,0.71,N,0
30.31005,79.23512,345.75,0.48,0.48,2024-04-28,2058,N,VIIRS,n,2,286.24,9.88,N,0
30.30914,79.23928,332.69,0.48,0.48,2024-04-28,2058,N,VIIRS,n,2,285.61,6.2,N,0
30.30817,79.24371,343.26,0.48,0.48,2024-04-28,2058,N,VIIRS,n,2,287.39,6.2,N,0
30.30697,79.24918,296.33,0.48,0.48,2024-04-28,2058,N,VIIRS,n,2,283.65,0.48,N,0
30.30557,79.23441,309.06,0.48,0.48,2024-04-28,2058,N,VIIRS,n,2,282.47,2.19,N,0
30.30465,79.23863,312.65,0.48,0.48,2024-04-28,2058,N,VIIRS,n,2,284.39,3.93,N,0
30.30222,79.24966,304.38,0.48,0.48,2024-04-28,2058,N,VIIRS,n,2,286.07,1.7,N,0
30.30615,79.23631,323.59,0.48,0.48,2024-04-28,2058,N,VIIRS,n,2,283.83,2.56,N,0
30.30522,79.2407,327.29,0.48,0.48,2024-04-28,2058,N,VIIRS,n,2,285.2,1.86,N,0
30.30703,79.23222,299.19,0.48,0.48,2024-04-28,2058,N,VIIRS,n,2,280.87,2.56,N,0
30.30415,79.24572,297.68,0.49,0.48,2024-04-28,2058,N,VIIRS,n,2,285.25,1.86,N,0
30.29922,79.24718,305.19,0.49,0.48,2024-04-28,2058,N,VIIRS,n,2,286.04,1.86,N,0
30.31651,78.97234,295.29,0.47,0.48,2024-04-28,2058,N,VIIRS,n,2,279.81,0.64,N,0
30.31732,78.71513,298.27,0.45,0.47,2024-04-28,2058,N,VIIRS,n,2,284.4,0.82,N,0
30.33027,78.63394,300.03,0.45,0.47,2024-04-28,2058,N,VIIRS,n,2,284.1,0.94,N,0
30.32617,78.63223,298.07,0.45,0.47,2024-04-28,2058,N,VIIRS,n,2,283.78,0.76,N,0
30.32099,78.63554,299.32,0.45,0.47,2024-04-28,2058,N,VIIRS,n,2,283.87,0.76,N,0
30.31699,78.6334,308.23,0.45,0.47,2024-04-28,2058,N,VIIRS,n,2,284.71,1.95,N,0
30.32342,78.63435,300.7,0.45,0.47,2024-04-28,2058,N,VIIRS,n,2,284.06,1.41,N,0
30.31941,78.63217,312.91,0.45,0.47,2024-04-28,2058,N,VIIRS,n,2,285.67,1.41,N,0
30.25725,78.75764,302,0.46,0.47,2024-04-28,2058,N,VIIRS,n,2,287.07,1.03,N,0
30.23153,78.83633,317.77,0.46,0.47,2024-04-28,2058,N,VIIRS,n,2,286.68,1.9,N,0
29.89116,80.32243,308.51,0.57,0.52,2024-04-28,2058,N,VIIRS,n,2,289.11,2.24,N,0
29.9531,79.98164,300.35,0.54,0.51,2024-04-28,2058,N,VIIRS,n,2,284.07,0.66,N,0
29.94861,79.9799,298.28,0.54,0.51,2024-04-28,2058,N,VIIRS,n,2,283.81,0.83,N,0
29.87774,80.20616,304.78,0.56,0.52,2024-04-28,2058,N,VIIRS,n,2,286.45,0.75,N,0
29.92005,79.9982,295.82,0.55,0.51,2024-04-28,2058,N,VIIRS,n,2,280.02,0.37,N,0
29.87692,80.20462,301.95,0.56,0.52,2024-04-28,2058,N,VIIRS,n,2,285.79,1.04,N,0
30.17726,78.78667,295.36,0.46,0.47,2024-04-28,2058,N,VIIRS,n,2,268.13,0.56,N,0
30.17456,78.73501,305.87,0.46,0.47,2024-04-28,2058,N,VIIRS,n,2,274.18,1.74,N,0
29.90764,79.86576,300.35,0.54,0.51,2024-04-28,2058,N,VIIRS,n,2,286.81,0.87,N,0
29.83711,80.05099,298.89,0.55,0.51,2024-04-28,2058,N,VIIRS,n,2,285.34,0.69,N,0
29.97042,79.36399,295.34,0.5,0.49,2024-04-28,2058,N,VIIRS,n,2,278.77,0.76,N,0
29.9225,79.55965,302.75,0.51,0.5,2024-04-28,2058,N,VIIRS,n,2,287.36,1.87,N,0
29.84426,79.88848,298.5,0.54,0.51,2024-04-28,2058,N,VIIRS,n,2,286.01,0.5,N,0
29.83417,79.82542,300.62,0.53,0.5,2024-04-28,2058,N,VIIRS,n,2,288.11,0.98,N,0
29.74741,80.2066,305.73,0.56,0.52,2024-04-28,2058,N,VIIRS,n,2,288.51,2.26,N,0
29.74736,80.20606,306.35,0.57,0.52,2024-04-28,2058,N,VIIRS,n,2,288.76,1.6,N,0
29.96359,79.17085,304,0.49,0.48,2024-04-28,2058,N,VIIRS,n,2,282.62,1.96,N,0
29.91953,79.354,297,0.5,0.49,2024-04-28,2058,N,VIIRS,n,2,283.77,0.6,N,0
29.91705,79.36539,306.17,0.5,0.49,2024-04-28,2058,N,VIIRS,n,2,283.56,1.99,N,0
29.91622,79.36921,313.01,0.5,0.49,2024-04-28,2058,N,VIIRS,n,2,283.45,1.99,N,0
29.91509,79.37444,303.98,0.5,0.49,2024-04-28,2058,N,VIIRS,n,2,282.05,1,N,0
29.91166,79.36859,337.44,0.5,0.49,2024-04-28,2058,N,VIIRS,n,2,286.54,3.88,N,0
29.91248,79.36481,297.84,0.5,0.49,2024-04-28,2058,N,VIIRS,n,2,283.57,3.88,N,0
29.91062,79.37337,313.72,0.5,0.49,2024-04-28,2058,N,VIIRS,n,2,281.03,1.8,N,0
29.90611,79.37248,301.8,0.5,0.49,2024-04-28,2058,N,VIIRS,n,2,280.6,1.8,N,0
29.90329,79.36383,295.11,0.5,0.49,2024-04-28,2058,N,VIIRS,n,2,280.24,0.69,N,0
29.90245,79.36765,300.62,0.5,0.49,2024-04-28,2058,N,VIIRS,n,2,280.59,0.69,N,0
29.90151,79.37199,298.78,0.5,0.49,2024-04-28,2058,N,VIIRS,n,2,281.28,1.1,N,0
30.01018,78.78133,307.05,0.46,0.47,2024-04-28,2058,N,VIIRS,n,2,275.62,1.25,N,0
30.00942,78.78487,300.03,0.46,0.47,2024-04-28,2058,N,VIIRS,n,2,275.13,1.25,N,0
30.00117,78.73873,295.51,0.46,0.47,2024-04-28,2058,N,VIIRS,n,2,280.49,0.67,N,0
30.01145,78.64857,316.88,0.45,0.47,2024-04-28,2058,N,VIIRS,n,2,289.29,2.07,N,0
29.79764,79.62847,307.22,0.52,0.5,2024-04-28,2058,N,VIIRS,n,2,286.58,1.33,N,0
29.78483,79.66441,333,0.52,0.5,2024-04-28,2058,N,VIIRS,n,2,288.92,3.19,N,0
29.8912,79.18299,307.27,0.49,0.49,2024-04-28,2058,N,VIIRS,n,2,284.7,1.7,N,0
29.78592,79.65952,300.37,0.52,0.5,2024-04-28,2058,N,VIIRS,n,2,285.49,3.19,N,0
29.78067,79.66154,307.93,0.52,0.5,2024-04-28,2058,N,VIIRS,n,2,286.78,2.32,N,0
30.01876,78.55164,299.95,0.45,0.47,2024-04-28,2058,N,VIIRS,n,2,283.76,1.6,N,0
30.01778,78.5562,318.63,0.45,0.47,2024-04-28,2058,N,VIIRS,n,2,284.3,1.6,N,0
29.82009,79.44168,329.65,0.51,0.49,2024-04-28,2058,N,VIIRS,n,2,289.3,2.33,N,0
30.01432,78.55148,303.78,0.45,0.47,2024-04-28,2058,N,VIIRS,n,2,284.63,1.26,N,0
29.68879,79.53817,316.17,0.52,0.5,2024-04-28,2058,N,VIIRS,n,2,287.81,3.09,N,0
29.68552,79.5312,339.44,0.52,0.5,2024-04-28,2058,N,VIIRS,n,2,291.9,6.41,N,0
29.8006,78.99318,305.67,0.48,0.48,2024-04-28,2058,N,VIIRS,n,2,283.3,1.12,N,0
29.68439,79.53639,303.54,0.52,0.5,2024-04-28,2058,N,VIIRS,n,2,287.68,2.33,N,0
29.68312,79.5423,306.57,0.52,0.5,2024-04-28,2058,N,VIIRS,n,2,286.04,2.33,N,0
29.79812,78.98317,311.09,0.48,0.48,2024-04-28,2058,N,VIIRS,n,2,284.56,1.8,N,0
29.78591,79.04066,295.4,0.48,0.48,2024-04-28,2058,N,VIIRS,n,2,280.37,0.44,N,0
29.68124,79.52889,314.96,0.52,0.5,2024-04-28,2058,N,VIIRS,n,2,285.81,6.41,N,0
29.68005,79.53439,317.74,0.52,0.5,2024-04-28,2058,N,VIIRS,n,2,286.38,2.33,N,0
29.79484,78.97692,310.62,0.48,0.48,2024-04-28,2058,N,VIIRS,n,2,284.31,1.45,N,0
29.79386,78.98156,300.16,0.48,0.48,2024-04-28,2058,N,VIIRS,n,2,283.56,0.83,N,0
29.8283,78.75423,304.06,0.47,0.47,2024-04-28,2058,N,VIIRS,n,2,288,1.1,N,0
29.75928,79.01396,309.92,0.48,0.48,2024-04-28,2058,N,VIIRS,n,2,287.21,1.2,N,0
29.6581,79.48181,297.4,0.52,0.5,2024-04-28,2058,N,VIIRS,n,2,286.11,4.13,N,0
29.657,79.48686,308.64,0.52,0.5,2024-04-28,2058,N,VIIRS,n,2,288.08,4.13,N,0
29.65242,79.48603,343.51,0.52,0.5,2024-04-28,2058,N,VIIRS,n,2,288.85,4.13,N,0
29.81243,78.74348,301.88,0.46,0.47,2024-04-28,2058,N,VIIRS,n,2,290.17,0.68,N,0
29.80811,78.76381,303.44,0.47,0.47,2024-04-28,2058,N,VIIRS,n,2,288.65,0.67,N,0
29.75578,79.00876,299.45,0.48,0.48,2024-04-28,2058,N,VIIRS,n,2,286.59,1.52,N,0
29.8081,78.74252,304.9,0.46,0.47,2024-04-28,2058,N,VIIRS,n,2,290.53,0.65,N,0
29.76701,78.93493,299.56,0.48,0.48,2024-04-28,2058,N,VIIRS,n,2,287.99,0.55,N,0
29.74448,78.93282,301.88,0.48,0.48,2024-04-28,2058,N,VIIRS,n,2,288.46,0.84,N,0
29.55176,79.81084,302.66,0.54,0.51,2024-04-28,2058,N,VIIRS,n,2,287.07,1.77,N,0
29.69936,79.11963,301.17,0.49,0.49,2024-04-28,2058,N,VIIRS,n,2,289.28,0.57,N,0
29.52462,79.91028,301.76,0.55,0.51,2024-04-28,2058,N,VIIRS,n,2,288.96,0.91,N,0
29.73731,78.9234,303.91,0.48,0.48,2024-04-28,2058,N,VIIRS,n,2,290.7,1.44,N,0
29.68927,79.05929,302.54,0.49,0.48,2024-04-28,2058,N,VIIRS,n,2,290.45,1.79,N,0
29.4375,80.18566,314.1,0.57,0.52,2024-04-28,2058,N,VIIRS,n,2,291.7,3.25,N,0
29.44516,80.0867,310.58,0.56,0.52,2024-04-28,2058,N,VIIRS,n,2,288.78,1.8,N,0
29.56303,79.61134,301.47,0.53,0.5,2024-04-28,2058,N,VIIRS,n,2,286.24,0.7,N,0
29.43752,80.18492,309.26,0.57,0.52,2024-04-28,2058,N,VIIRS,n,2,291.44,1.93,N,0
29.43648,80.18958,303.83,0.57,0.52,2024-04-28,2058,N,VIIRS,n,2,290.47,1.93,N,0
29.67713,79.01362,304.32,0.48,0.48,2024-04-28,2058,N,VIIRS,n,2,289.36,0.8,N,0
29.44454,80.08549,308.39,0.56,0.52,2024-04-28,2058,N,VIIRS,n,2,288.55,1.89,N,0
29.42893,80.08864,307.63,0.57,0.52,2024-04-28,2058,N,VIIRS,n,2,285.83,1.49,N,0
29.58561,79.2225,300.66,0.5,0.49,2024-04-28,2058,N,VIIRS,n,2,289.78,2.23,N,0
29.58476,79.2264,299.2,0.5,0.49,2024-04-28,2058,N,VIIRS,n,2,288.8,0.71,N,0
29.58213,79.21692,321.51,0.5,0.49,2024-04-28,2058,N,VIIRS,n,2,290.27,2.23,N,0
29.58121,79.22114,321.01,0.5,0.49,2024-04-28,2058,N,VIIRS,n,2,289.77,2.23,N,0
29.58029,79.22536,299.92,0.5,0.49,2024-04-28,2058,N,VIIRS,n,2,288.81,0.71,N,0
29.57784,79.21503,309.71,0.5,0.49,2024-04-28,2058,N,VIIRS,n,2,289.42,1.33,N,0
29.57688,79.21944,301.94,0.5,0.49,2024-04-28,2058,N,VIIRS,n,2,289.36,1.33,N,0
29.57261,79.21745,303.25,0.5,0.49,2024-04-28,2058,N,VIIRS,n,2,288.83,1.33,N,0
29.57157,79.22224,307.15,0.5,0.49,2024-04-28,2058,N,VIIRS,n,2,288.88,0.94,N,0
29.40371,79.97997,297.79,0.56,0.51,2024-04-28,2058,N,VIIRS,n,2,287,1.38,N,0
29.41843,79.84874,298.34,0.55,0.51,2024-04-28,2058,N,VIIRS,n,2,285.86,0.64,N,0
29.41732,79.85368,298.14,0.55,0.51,2024-04-28,2058,N,VIIRS,n,2,286.86,0.64,N,0
29.57458,79.12269,303.6,0.49,0.49,2024-04-28,2058,N,VIIRS,n,2,293.45,1.48,N,0
29.40236,79.89833,299.05,0.55,0.51,2024-04-28,2058,N,VIIRS,n,2,287.69,0.88,N,0
29.56891,79.12724,306.79,0.49,0.49,2024-04-28,2058,N,VIIRS,n,2,293.22,2.37,N,0
29.54111,79.25384,312.69,0.5,0.49,2024-04-28,2058,N,VIIRS,n,2,291.01,1.6,N,0
29.49123,79.47941,302.1,0.52,0.5,2024-04-28,2058,N,VIIRS,n,2,289.67,1.52,N,0
29.56641,79.11729,303.83,0.49,0.49,2024-04-28,2058,N,VIIRS,n,2,292.81,1.58,N,0
29.53788,79.24706,308.44,0.5,0.49,2024-04-28,2058,N,VIIRS,n,2,288.83,2.27,N,0
29.42289,79.742,299.64,0.54,0.51,2024-04-28,2058,N,VIIRS,n,2,285.76,1.19,N,0
29.32869,80.13553,300.01,0.57,0.52,2024-04-28,2058,N,VIIRS,n,2,286.04,1.2,N,0
29.38969,79.84576,300.23,0.55,0.51,2024-04-28,2058,N,VIIRS,n,2,287.88,1.59,N,0
29.32416,80.13348,297.82,0.57,0.52,2024-04-28,2058,N,VIIRS,n,2,285.59,1.49,N,0
29.41687,79.70398,311.24,0.54,0.51,2024-04-28,2058,N,VIIRS,n,2,286.87,2.5,N,0
29.53714,79.24549,298.92,0.5,0.49,2024-04-28,2058,N,VIIRS,n,2,287.49,0.35,N,0
29.42072,79.7407,297.46,0.54,0.51,2024-04-28,2058,N,VIIRS,n,2,286.14,2.06,N,0
29.32913,80.13519,297.85,0.57,0.52,2024-04-28,2058,N,VIIRS,n,2,285.44,1.06,N,0
29.41917,79.70325,308.91,0.54,0.51,2024-04-28,2058,N,VIIRS,n,2,286.01,1.98,N,0
29.32459,80.13313,304.4,0.57,0.52,2024-04-28,2058,N,VIIRS,n,2,285.45,1.09,N,0
29.29472,80.15514,300.21,0.57,0.52,2024-04-28,2058,N,VIIRS,n,2,288.31,2.19,N,0
29.49499,79.20089,305.31,0.5,0.49,2024-04-28,2058,N,VIIRS,n,2,293.58,1.61,N,0
29.4903,79.20082,315.24,0.5,0.49,2024-04-28,2058,N,VIIRS,n,2,294.49,2,N,0
29.4867,79.19577,308.91,0.5,0.49,2024-04-28,2058,N,VIIRS,n,2,294.06,2.12,N,0
29.48566,79.20055,305.34,0.5,0.49,2024-04-28,2058,N,VIIRS,n,2,294.01,2,N,0
29.32321,79.93864,307.09,0.56,0.51,2024-04-28,2058,N,VIIRS,n,2,288.33,1.79,N,0
29.32215,79.94335,305.87,0.56,0.51,2024-04-28,2058,N,VIIRS,n,2,288.03,1.79,N,0
29.32096,79.94871,305.76,0.56,0.51,2024-04-28,2058,N,VIIRS,n,2,288.13,1.32,N,0
29.48216,79.19502,303,0.5,0.49,2024-04-28,2058,N,VIIRS,n,2,291.87,0.6,N,0
29.31946,79.93335,303.79,0.56,0.51,2024-04-28,2058,N,VIIRS,n,2,288.13,1.08,N,0
29.31837,79.93822,303.21,0.56,0.51,2024-04-28,2058,N,VIIRS,n,2,287.57,1.87,N,0
29.27925,80.09054,324.78,0.57,0.52,2024-04-28,2058,N,VIIRS,n,2,289.74,3.5,N,0
29.3986,79.55492,301.72,0.53,0.5,2024-04-28,2058,N,VIIRS,n,2,288.02,1.82,N,0
29.36082,79.72567,302.58,0.54,0.51,2024-04-28,2058,N,VIIRS,n,2,287.4,0.5,N,0
29.31578,79.92773,302.53,0.56,0.51,2024-04-28,2058,N,VIIRS,n,2,286.16,1.08,N,0
29.31462,79.93295,297.78,0.56,0.51,2024-04-28,2058,N,VIIRS,n,2,285.9,1.08,N,0
29.27818,80.09527,304.62,0.57,0.52,2024-04-28,2058,N,VIIRS,n,2,288.32,1.34,N,0
29.39381,79.5548,303.72,0.53,0.5,2024-04-28,2058,N,VIIRS,n,2,288.08,1.69,N,0
29.2888,80.02597,303.92,0.56,0.52,2024-04-28,2058,N,VIIRS,n,2,290.22,1.42,N,0
29.91318,78.99784,297.56,0.48,0.48,2024-04-28,2058,N,VIIRS,n,2,279.19,0.38,N,0
29.81911,79.44609,299.57,0.51,0.49,2024-04-28,2058,N,VIIRS,n,2,285.55,2.33,N,0
29.39048,79.5481,298.16,0.53,0.5,2024-04-28,2058,N,VIIRS,n,2,287.41,1.69,N,0
29.38918,79.55397,319.14,0.53,0.5,2024-04-28,2058,N,VIIRS,n,2,288.49,1.69,N,0
29.24216,80.16613,323.31,0.58,0.52,2024-04-28,2058,N,VIIRS,n,2,291.27,3.71,N,0
29.24538,80.15193,315.4,0.57,0.52,2024-04-28,2058,N,VIIRS,n,2,291.56,2.36,N,0
30.26311,75.17345,304.57,0.45,0.39,2024-04-28,2058,N,VIIRS,n,2,291.24,1.66,N,0
29.30716,79.81278,301.44,0.55,0.51,2024-04-28,2058,N,VIIRS,n,2,287.45,1.35,N,0
29.25773,80.00962,300.6,0.56,0.52,2024-04-28,2058,N,VIIRS,n,2,288.06,1.18,N,0
29.25618,80.01647,303.55,0.56,0.52,2024-04-28,2058,N,VIIRS,n,2,289.95,1.99,N,0
29.25982,80.0182,300.33,0.56,0.52,2024-04-28,2058,N,VIIRS,n,2,290.19,1.36,N,0
29.25558,80.01491,310.78,0.56,0.52,2024-04-28,2058,N,VIIRS,n,2,289.81,1.36,N,0
29.26509,79.83727,299.33,0.55,0.51,2024-04-28,2058,N,VIIRS,n,2,287.79,1.09,N,0
29.30689,79.62494,306.87,0.53,0.5,2024-04-28,2058,N,VIIRS,n,2,291,0.85,N,0
29.34607,79.42354,305.9,0.52,0.5,2024-04-28,2058,N,VIIRS,n,2,293,1.94,N,0
29.22233,79.98592,301.29,0.56,0.52,2024-04-28,2058,N,VIIRS,n,2,290.18,1.13,N,0
29.30872,79.57252,311.43,0.53,0.5,2024-04-28,2058,N,VIIRS,n,2,292.47,1.77,N,0
29.2573,79.80595,304.72,0.55,0.51,2024-04-28,2058,N,VIIRS,n,2,288.88,0.78,N,0
29.21608,79.96949,321.28,0.56,0.52,2024-04-28,2058,N,VIIRS,n,2,290.41,4.05,N,0
29.21489,79.97481,323.62,0.56,0.52,2024-04-28,2058,N,VIIRS,n,2,291.56,4.05,N,0
29.31306,79.53075,310.58,0.53,0.5,2024-04-28,2058,N,VIIRS,n,2,291.91,2.02,N,0
29.30383,79.5728,311.84,0.53,0.5,2024-04-28,2058,N,VIIRS,n,2,291.66,1.77,N,0
29.25291,79.80361,303.17,0.55,0.51,2024-04-28,2058,N,VIIRS,n,2,287.93,0.78,N,0
29.21361,79.98053,300.53,0.56,0.52,2024-04-28,2058,N,VIIRS,n,2,290.46,1.85,N,0
29.24985,79.79532,304.33,0.55,0.51,2024-04-28,2058,N,VIIRS,n,2,285.92,0.86,N,0
29.24824,79.80257,301.46,0.55,0.51,2024-04-28,2058,N,VIIRS,n,2,288.55,1.05,N,0
29.21271,79.96239,303.03,0.56,0.52,2024-04-28,2058,N,VIIRS,n,2,290.24,0.81,N,0
29.21135,79.96846,308.21,0.56,0.52,2024-04-28,2058,N,VIIRS,n,2,289.97,2.25,N,0
29.21006,79.97426,315.6,0.56,0.52,2024-04-28,2058,N,VIIRS,n,2,291.44,2.25,N,0
29.2088,79.97992,307.65,0.56,0.52,2024-04-28,2058,N,VIIRS,n,2,291.18,1.66,N,0
29.24073,79.81433,299.63,0.55,0.51,2024-04-28,2058,N,VIIRS,n,2,288.51,0.74,N,0
29.31989,79.43394,329.64,0.52,0.5,2024-04-28,2058,N,VIIRS,n,2,295.79,4.39,N,0
29.23645,79.8115,300.89,0.55,0.51,2024-04-28,2058,N,VIIRS,n,2,289.05,0.89,N,0
29.20702,79.89931,304.95,0.56,0.51,2024-04-28,2058,N,VIIRS,n,2,292.07,1.54,N,0
29.20601,79.90379,301.13,0.56,0.51,2024-04-28,2058,N,VIIRS,n,2,290.71,0.62,N,0
29.30709,79.4268,309.67,0.52,0.5,2024-04-28,2058,N,VIIRS,n,2,295.3,1.92,N,0
29.2589,79.64472,304.32,0.54,0.51,2024-04-28,2058,N,VIIRS,n,2,290.99,0.97,N,0
29.13241,80.18603,308.07,0.58,0.52,2024-04-28,2058,N,VIIRS,n,2,293.6,2.54,N,0
29.2287,79.7365,304.94,0.54,0.51,2024-04-28,2058,N,VIIRS,n,2,290.56,1.48,N,0
29.15757,80.05286,301.88,0.57,0.52,2024-04-28,2058,N,VIIRS,n,2,291.52,0.68,N,0
29.14418,80.0899,306.71,0.57,0.52,2024-04-28,2058,N,VIIRS,n,2,293.8,2.48,N,0
29.18587,79.83987,311.3,0.55,0.51,2024-04-28,2058,N,VIIRS,n,2,292.44,1.5,N,0
29.18446,79.84611,305.3,0.55,0.51,2024-04-28,2058,N,VIIRS,n,2,292.39,1.5,N,0
29.18309,79.85218,302.58,0.55,0.51,2024-04-28,2058,N,VIIRS,n,2,291.66,0.59,N,0
29.14048,80.01826,304.84,0.57,0.52,2024-04-28,2058,N,VIIRS,n,2,292.13,0.75,N,0
29.19823,79.71983,317.48,0.54,0.51,2024-04-28,2058,N,VIIRS,n,2,293.83,3.69,N,0
29.19695,79.72553,315.01,0.54,0.51,2024-04-28,2058,N,VIIRS,n,2,293.55,3.05,N,0
29.19451,79.73634,304.08,0.54,0.51,2024-04-28,2058,N,VIIRS,n,2,292.24,2.57,N,0
29.2311,79.64888,305.38,0.54,0.51,2024-04-28,2058,N,VIIRS,n,2,289.65,0.66,N,0
29.18523,79.83723,309.74,0.55,0.51,2024-04-28,2058,N,VIIRS,n,2,292.02,1.93,N,0
29.18389,79.84337,308.22,0.55,0.51,2024-04-28,2058,N,VIIRS,n,2,292.42,1.24,N,0
29.18254,79.84956,306.54,0.55,0.51,2024-04-28,2058,N,VIIRS,n,2,292.32,1.24,N,0
29.13982,80.0217,303.46,0.57,0.52,2024-04-28,2058,N,VIIRS,n,2,292.64,1.66,N,0
29.20026,79.72355,318.99,0.54,0.51,2024-04-28,2058,N,VIIRS,n,2,293.36,2.76,N,0
29.19543,79.72336,314.08,0.54,0.51,2024-04-28,2058,N,VIIRS,n,2,293.24,2.53,N,0
29.19184,79.73979,309.74,0.55,0.51,2024-04-28,2058,N,VIIRS,n,2,293.24,1.72,N,0
29.268,79.36739,304.03,0.52,0.5,2024-04-28,2058,N,VIIRS,n,2,293.12,0.83,N,0
29.26235,79.37143,306.24,0.52,0.5,2024-04-28,2058,N,VIIRS,n,2,293.18,2.18,N,0
29.12319,79.85071,305.81,0.55,0.51,2024-04-28,2058,N,VIIRS,n,2,293.08,1.26,N,0
29.11979,79.84379,303.15,0.55,0.51,2024-04-28,2058,N,VIIRS,n,2,293,2.05,N,0
29.11845,79.84982,310.52,0.55,0.51,2024-04-28,2058,N,VIIRS,n,2,293.79,2.44,N,0
29.06463,79.91329,314.88,0.56,0.52,2024-04-28,2058,N,VIIRS,n,2,297.01,4.07,N,0
29.05056,79.90969,311.36,0.56,0.52,2024-04-28,2058,N,VIIRS,n,2,295.56,4.85,N,0
29.04795,79.9212,318.23,0.56,0.52,2024-04-28,2058,N,VIIRS,n,2,296.23,3.19,N,0
29.04194,79.92577,304.35,0.56,0.52,2024-04-28,2058,N,VIIRS,n,2,292.18,1.38,N,0
29.06383,79.9122,317.22,0.56,0.52,2024-04-28,2058,N,VIIRS,n,2,297.38,5.44,N,0
29.04976,79.9086,308.39,0.56,0.52,2024-04-28,2058,N,VIIRS,n,2,294.71,4.21,N,0
29.04723,79.92011,317.75,0.56,0.52,2024-04-28,2058,N,VIIRS,n,2,295.48,5.49,N,0
29.04594,79.92598,305.76,0.56,0.52,2024-04-28,2058,N,VIIRS,n,2,293.83,1.45,N,0
29.0337,79.80227,301.79,0.55,0.51,2024-04-28,2058,N,VIIRS,n,2,290.41,1.26,N,0
28.94919,79.71191,307.88,0.55,0.51,2024-04-28,2058,N,VIIRS,n,2,288.69,1.22,N,0
29.43027,76.88704,303.64,0.56,0.43,2024-04-28,2058,N,VIIRS,n,2,287.27,0.81,N,0
29.64014,75.54006,318.04,0.48,0.4,2024-04-28,2058,N,VIIRS,n,2,284.53,2.51,N,0
29.6365,75.53917,344.48,0.48,0.4,2024-04-28,2058,N,VIIRS,n,2,285.86,15.65,N,0
29.23991,76.84679,318.66,0.56,0.43,2024-04-28,2058,N,VIIRS,n,2,289.69,2.31,N,0
28.09505,76.76994,302.22,0.39,0.44,2024-04-28,2059,N,VIIRS,n,2,290.87,0.46,N,0
21.92039,83.34901,321.66,0.64,0.72,2024-04-28,2100,N,VIIRS,n,2,292.52,5.5,N,2
21.9234,83.33662,303.45,0.64,0.72,2024-04-28,2100,N,VIIRS,n,2,290.58,1.92,N,2
22.00277,82.66935,315.4,0.58,0.7,2024-04-28,2100,N,VIIRS,n,2,291.56,2.97,N,2
23.83673,74.05742,308.67,0.49,0.41,2024-04-28,2100,N,VIIRS,n,2,293.35,0.97,N,0
23.79902,73.31049,321.85,0.46,0.39,2024-04-28,2100,N,VIIRS,n,2,296.76,2.32,N,0
23.54473,72.40686,311.56,0.42,0.38,2024-04-28,2100,N,VIIRS,n,2,295.67,1.4,N,0
23.4151,72.35365,310.93,0.42,0.38,2024-04-28,2100,N,VIIRS,n,2,294.94,0.56,N,0
22.98287,72.56781,308.18,0.44,0.38,2024-04-28,2100,N,VIIRS,n,2,297.39,1.28,N,0
22.97937,72.5671,314.57,0.44,0.38,2024-04-28,2100,N,VIIRS,n,2,297.18,1.28,N,0
22.97587,72.56639,307.83,0.44,0.38,2024-04-28,2100,N,VIIRS,n,2,296.6,1.48,N,0
22.35582,73.64978,301.11,0.49,0.41,2024-04-28,2100,N,VIIRS,n,2,280.88,1.06,N,0
22.43949,72.29302,311.6,0.43,0.38,2024-04-28,2100,N,VIIRS,n,2,295.29,1.19,N,0
22.39954,71.62357,307.73,0.41,0.37,2024-04-28,2100,N,VIIRS,n,2,295.92,1.27,N,0
22.33719,69.85365,310.47,0.38,0.36,2024-04-28,2100,N,VIIRS,n,2,300.03,3.11,N,2
22.33483,69.86852,313.39,0.38,0.36,2024-04-28,2100,N,VIIRS,n,2,301.49,3.6,N,2
23.16635,82.33595,303.32,0.52,0.67,2024-04-28,2100,N,VIIRS,n,2,292.58,2.28,N,2
23.16508,82.34119,317.77,0.53,0.67,2024-04-28,2100,N,VIIRS,n,2,293.23,2.84,N,2
24.68009,73.31412,314.55,0.45,0.39,2024-04-28,2100,N,VIIRS,n,2,294.86,2.67,N,0
24.6909,73.0041,311.58,0.43,0.38,2024-04-28,2100,N,VIIRS,n,2,299.53,2.24,N,2
24.40481,73.80874,308.79,0.47,0.4,2024-04-28,2100,N,VIIRS,n,2,279.94,1.16,N,0
24.34753,73.81319,312.51,0.47,0.4,2024-04-28,2100,N,VIIRS,n,2,278.02,2.03,N,0
24.34389,73.81254,303.61,0.47,0.4,2024-04-28,2100,N,VIIRS,n,2,270.97,1.58,N,0
22.10505,83.5244,302.93,0.65,0.73,2024-04-28,2100,N,VIIRS,n,2,290.37,0.93,N,2
22.32706,82.59823,307.11,0.57,0.69,2024-04-28,2100,N,VIIRS,n,2,291.7,2.77,N,2
22.32351,82.58541,302.5,0.57,0.69,2024-04-28,2100,N,VIIRS,n,2,291.12,1.29,N,0
22.32087,82.51443,304.82,0.56,0.69,2024-04-28,2100,N,VIIRS,n,2,291.1,2.41,N,0
22.31954,82.51986,307.88,0.56,0.69,2024-04-28,2100,N,VIIRS,n,2,291.74,2.94,N,0
22.31686,82.53078,304.76,0.56,0.69,2024-04-28,2100,N,VIIRS,n,2,291.74,1.86,N,2
22.35947,82.30274,303,0.54,0.68,2024-04-28,2100,N,VIIRS,n,2,291.35,0.64,N,0
22.32331,82.52005,307.29,0.56,0.69,2024-04-28,2100,N,VIIRS,n,2,291.38,1.76,N,0
22.31837,82.51286,306.19,0.56,0.69,2024-04-28,2100,N,VIIRS,n,2,291.22,1.76,N,0
22.31446,82.52928,308.86,0.56,0.69,2024-04-28,2100,N,VIIRS,n,2,292.05,3.24,N,2
22.35569,82.30067,303.32,0.54,0.68,2024-04-28,2100,N,VIIRS,n,2,290.78,1.14,N,0
22.10402,83.11686,304.13,0.62,0.71,2024-04-28,2100,N,VIIRS,n,2,290.7,2.13,N,2
22.03902,83.35107,305.97,0.64,0.72,2024-04-28,2100,N,VIIRS,n,2,290.95,2.33,N,2
21.88019,83.55358,306.26,0.66,0.73,2024-04-28,2100,N,VIIRS,n,2,290.72,1.49,N,2
21.9271,83.33723,310.59,0.64,0.72,2024-04-28,2100,N,VIIRS,n,2,291.32,4.58,N,2
21.92403,83.34957,314.81,0.64,0.72,2024-04-28,2100,N,VIIRS,n,2,292.32,3.18,N,2
21.91746,83.34774,305.83,0.64,0.72,2024-04-28,2100,N,VIIRS,n,2,290.15,1.94,N,2
21.10079,72.63745,328.36,0.46,0.39,2024-04-28,2101,N,VIIRS,n,2,297.25,5.62,N,2
21.10438,72.63818,331.17,0.46,0.39,2024-04-28,2101,N,VIIRS,n,2,297.76,4.39,N,2
21.1072,72.6433,318.04,0.46,0.39,2024-04-28,2101,N,VIIRS,n,2,297.9,4.39,N,2
21.10643,72.64771,337.67,0.46,0.39,2024-04-28,2101,N,VIIRS,n,2,301.7,3.49,N,2
21.10234,72.63581,335.77,0.46,0.39,2024-04-28,2101,N,VIIRS,n,2,300.44,15.79,N,2
21.10435,72.64532,333.46,0.46,0.39,2024-04-28,2101,N,VIIRS,n,2,299.48,7.58,N,2
21.10951,72.63725,315.74,0.46,0.39,2024-04-28,2101,N,VIIRS,n,2,299.29,2.23,N,2
21.10794,72.64605,327.54,0.46,0.39,2024-04-28,2101,N,VIIRS,n,2,299.29,3.49,N,2
21.22033,73.60801,309.87,0.51,0.41,2024-04-28,2101,N,VIIRS,n,2,295.32,1.7,N,0
21.22122,73.60306,312.78,0.51,0.41,2024-04-28,2101,N,VIIRS,n,2,295.41,1.7,N,3
21.55258,73.70325,307.74,0.51,0.41,2024-04-28,2101,N,VIIRS,n,2,294.72,1.71,N,0
20.05271,72.92834,308.73,0.49,0.4,2024-04-28,2101,N,VIIRS,n,2,295.18,1.73,N,0
20.35607,72.94813,308.82,0.49,0.4,2024-04-28,2101,N,VIIRS,n,2,293.89,1.66,N,0
20.38253,73.40758,306.38,0.51,0.41,2024-04-28,2101,N,VIIRS,n,2,294.64,1.5,N,0
20.9095,71.45991,319.54,0.42,0.37,2024-04-28,2101,N,VIIRS,n,2,299.42,2.35,N,2
20.58327,73.85441,305.9,0.54,0.42,2024-04-28,2101,N,VIIRS,n,2,294.25,1.66,N,0
21.16757,70.96564,307.24,0.4,0.37,2024-04-28,2101,N,VIIRS,n,2,295.05,1.25,N,0
21.17095,70.96626,316.3,0.4,0.37,2024-04-28,2101,N,VIIRS,n,2,294.82,1.63,N,0
20.73389,73.91074,305.85,0.54,0.42,2024-04-28,2101,N,VIIRS,n,2,294.04,1.64,N,0
21.10156,72.63304,317.82,0.46,0.39,2024-04-28,2101,N,VIIRS,n,2,296.38,4.84,N,2
21.10284,72.64698,309.97,0.46,0.39,2024-04-28,2101,N,VIIRS,n,2,296.64,3.49,N,2
23.65226,86.86147,333.61,0.52,0.67,2024-04-29,0632,N,VIIRS,l,2,308.07,2.61,D,0
23.65343,86.86642,334.64,0.52,0.67,2024-04-29,0632,N,VIIRS,l,2,306.41,2.61,D,0
23.69589,87.3908,339.61,0.48,0.65,2024-04-29,0632,N,VIIRS,n,2,306.23,4.7,D,0
23.40996,87.13931,336.18,0.51,0.66,2024-04-29,0632,N,VIIRS,l,2,310.63,4.4,D,0
23.65159,86.86355,343.76,0.52,0.67,2024-04-29,0633,N,VIIRS,n,2,307.95,6.4,D,0
23.79214,87.10078,345.89,0.5,0.66,2024-04-29,0633,N,VIIRS,n,2,313.47,7.21,D,0
23.68527,86.57308,341.55,0.54,0.68,2024-04-29,0633,N,VIIRS,n,2,306.99,4.79,D,0
23.6839,86.57594,335.37,0.54,0.68,2024-04-29,0633,N,VIIRS,l,2,306.46,4.93,D,0
23.7773,86.39136,338.19,0.55,0.68,2024-04-29,0633,N,VIIRS,l,2,312.89,10.79,D,2
23.763,86.40313,335.1,0.55,0.68,2024-04-29,0633,N,VIIRS,l,2,307.67,7.7,D,2
23.78029,86.39272,339.96,0.55,0.68,2024-04-29,0633,N,VIIRS,l,2,313.9,12.69,D,2
23.78467,86.13935,346.05,0.57,0.69,2024-04-29,0633,N,VIIRS,n,2,306.92,7.77,D,0
20.79561,85.25401,338.15,0.42,0.61,2024-04-29,0812,N,VIIRS,n,2,300.31,6.09,D,2
20.86553,84.99746,330.45,0.4,0.6,2024-04-29,0812,N,VIIRS,l,2,302.35,3.72,D,2
20.96842,85.15334,367,0.41,0.61,2024-04-29,0812,N,VIIRS,h,2,303.26,10.89,D,2
20.9703,85.17365,336.1,0.42,0.61,2024-04-29,0812,N,VIIRS,n,2,302.99,8.02,D,2
20.97824,85.13601,331.73,0.41,0.61,2024-04-29,0812,N,VIIRS,n,2,301.66,6.25,D,2
20.97785,85.1319,331.96,0.41,0.61,2024-04-29,0812,N,VIIRS,l,2,302.83,5.11,D,2
21.04848,85.12325,343.63,0.41,0.61,2024-04-29,0812,N,VIIRS,n,2,300.96,4.13,D,0
21.09182,85.34543,330.32,0.43,0.62,2024-04-29,0812,N,VIIRS,l,2,300.65,2.88,D,0
21.07543,85.04486,335.02,0.41,0.61,2024-04-29,0812,N,VIIRS,l,2,305.88,7.45,D,2
20.00588,73.95847,340.78,0.39,0.36,2024-04-29,0812,N,VIIRS,l,2,315.19,5.97,D,0
20.07091,73.26507,341.63,0.4,0.37,2024-04-29,0812,N,VIIRS,l,2,313.35,1.6,D,0
20.0158,72.82004,338.37,0.41,0.37,2024-04-29,0812,N,VIIRS,l,2,311.42,3.55,D,0
20.01924,72.81951,353.51,0.41,0.37,2024-04-29,0812,N,VIIRS,n,2,314.02,9.66,D,0
20.16398,73.41322,342.46,0.4,0.37,2024-04-29,0812,N,VIIRS,l,2,314.55,5.88,D,0
20.18472,73.33966,341.48,0.4,0.37,2024-04-29,0812,N,VIIRS,l,2,315.59,1.67,D,0
20.23257,72.79713,342.69,0.41,0.37,2024-04-29,0812,N,VIIRS,l,2,311.63,7.9,D,0
20.37373,73.47733,338.57,0.4,0.37,2024-04-29,0812,N,VIIRS,l,2,312.88,3.66,D,0
20.52569,73.81679,349.86,0.39,0.36,2024-04-29,0812,N,VIIRS,n,2,313.45,4.81,D,0
20.52511,73.81312,342.38,0.39,0.36,2024-04-29,0812,N,VIIRS,l,2,313.47,4.81,D,0
20.52902,73.81619,352.79,0.39,0.36,2024-04-29,0812,N,VIIRS,n,2,314.24,4.81,D,0
21.31097,73.74852,342.52,0.39,0.36,2024-04-29,0813,N,VIIRS,l,2,315.19,13.36,D,0
21.3517,73.9476,346.74,0.39,0.36,2024-04-29,0813,N,VIIRS,l,2,318.44,13,D,0
21.27392,73.45451,335.01,0.39,0.36,2024-04-29,0813,N,VIIRS,l,2,309.89,2.59,D,0
22.57388,82.68473,332.39,0.6,0.53,2024-04-29,0813,N,VIIRS,l,2,306.96,3.89,D,0
21.58987,73.7137,340.52,0.39,0.36,2024-04-29,0813,N,VIIRS,l,2,312.24,2.99,D,0
21.43281,72.70767,347.84,0.41,0.37,2024-04-29,0813,N,VIIRS,l,2,310.02,19.34,D,0
21.5975,73.69695,342.85,0.39,0.36,2024-04-29,0813,N,VIIRS,l,2,313.8,5.74,D,0
21.59691,73.69322,349.87,0.39,0.36,2024-04-29,0813,N,VIIRS,l,2,313.31,3.39,D,0
21.60023,73.69263,340.84,0.39,0.36,2024-04-29,0813,N,VIIRS,l,2,312.96,3.39,D,0
21.59965,73.68889,344.75,0.39,0.36,2024-04-29,0813,N,VIIRS,n,2,313.82,3.39,D,0
21.72308,74.18251,346.84,0.38,0.36,2024-04-29,0813,N,VIIRS,l,2,317.68,8.63,D,0
22.93757,83.14075,347.74,0.32,0.55,2024-04-29,0813,N,VIIRS,n,2,306.66,3.32,D,0
22.94093,83.14278,331.92,0.33,0.55,2024-04-29,0813,N,VIIRS,l,2,304.17,2.89,D,0
21.81826,73.87589,344.22,0.39,0.36,2024-04-29,0813,N,VIIRS,n,2,313.52,7.05,D,0
22.98911,83.05541,332.67,0.32,0.55,2024-04-29,0813,N,VIIRS,l,2,307.62,1.54,D,0
21.40779,71.23753,346.18,0.46,0.39,2024-04-29,0813,N,VIIRS,l,2,321.01,8.73,D,0
21.82729,73.67115,343.05,0.39,0.36,2024-04-29,0813,N,VIIRS,l,2,313.56,6.23,D,0
23.0901,83.55451,347.72,0.35,0.56,2024-04-29,0813,N,VIIRS,n,2,304.73,3.46,D,0
23.08959,83.55315,347.16,0.35,0.56,2024-04-29,0813,N,VIIRS,n,2,303.98,2.49,D,0
21.80837,73.04079,342.11,0.4,0.37,2024-04-29,0813,N,VIIRS,l,2,316.78,5.55,D,0
21.81172,73.04017,341.68,0.4,0.37,2024-04-29,0813,N,VIIRS,l,2,315.49,10.12,D,0
23.1373,83.12048,346.46,0.33,0.55,2024-04-29,0813,N,VIIRS,n,2,308.03,3.54,D,0
21.82632,72.95855,344.55,0.4,0.37,2024-04-29,0813,N,VIIRS,l,2,317.63,5.26,D,0
23.19221,83.23272,340.26,0.33,0.55,2024-04-29,0813,N,VIIRS,n,2,305.14,0.88,D,0
23.24614,83.5834,343.64,0.35,0.57,2024-04-29,0813,N,VIIRS,n,2,306.88,2.13,D,0
23.18945,82.98835,350.6,0.32,0.55,2024-04-29,0813,N,VIIRS,n,2,305.09,2.46,D,0
23.18915,82.98518,335.41,0.32,0.55,2024-04-29,0813,N,VIIRS,l,2,307.85,1.79,D,0
23.19452,82.98785,331.03,0.32,0.55,2024-04-29,0813,N,VIIRS,l,2,304.59,1.72,D,0
21.97486,73.14381,339.45,0.39,0.37,2024-04-29,0813,N,VIIRS,l,2,312.46,2.48,D,0
23.16746,82.34215,342.62,0.58,0.52,2024-04-29,0813,N,VIIRS,n,2,308.6,9.74,D,2
23.30209,83.50623,331.45,0.35,0.56,2024-04-29,0813,N,VIIRS,l,2,304.26,1.56,D,0
23.30179,83.50285,331.41,0.35,0.56,2024-04-29,0813,N,VIIRS,l,2,304.31,1.35,D,0
23.3078,83.33923,334.76,0.34,0.56,2024-04-29,0813,N,VIIRS,l,2,305.34,1.14,D,0
23.3342,82.50531,332.07,0.6,0.53,2024-04-29,0813,N,VIIRS,l,2,306.21,1.44,D,0
23.68871,86.34203,345.45,0.53,0.67,2024-04-29,0813,N,VIIRS,n,2,304.15,7.08,D,0
23.69321,86.23508,341.9,0.52,0.67,2024-04-29,0813,N,VIIRS,n,2,302.7,5.44,D,0
23.69945,86.23471,338.26,0.52,0.67,2024-04-29,0813,N,VIIRS,n,2,301.82,5.99,D,0
23.69905,86.22948,340.04,0.52,0.67,2024-04-29,0813,N,VIIRS,n,2,302.67,4.85,D,0
23.71295,86.00911,339.06,0.5,0.66,2024-04-29,0813,N,VIIRS,n,2,302.01,2.85,D,0
23.38533,82.42172,331.8,0.59,0.53,2024-04-29,0813,N,VIIRS,l,2,305.38,4.54,D,0
23.73273,86.17953,332.18,0.52,0.66,2024-04-29,0813,N,VIIRS,n,2,298.81,3.68,D,0
23.38763,82.42477,333.87,0.59,0.53,2024-04-29,0813,N,VIIRS,l,2,305.44,4.29,D,0
23.71226,86.01011,338.54,0.5,0.66,2024-04-29,0813,N,VIIRS,n,2,303.5,6.06,D,0
22.12497,72.55236,348.51,0.41,0.37,2024-04-29,0813,N,VIIRS,l,2,321.37,12.26,D,0
23.83681,87.43377,344.49,0.62,0.71,2024-04-29,0813,N,VIIRS,n,2,307.24,5.82,D,0
23.77906,85.91367,349.5,0.5,0.66,2024-04-29,0813,N,VIIRS,n,2,304.82,6.77,D,0
23.77867,85.90871,337.75,0.5,0.66,2024-04-29,0813,N,VIIRS,n,2,307.16,6.77,D,0
23.53226,82.77627,333.14,0.63,0.54,2024-04-29,0813,N,VIIRS,l,2,303.75,7.57,D,0
23.48891,82.11607,330.63,0.57,0.52,2024-04-29,0813,N,VIIRS,l,2,304.85,7.19,D,0
23.53245,82.78104,338.93,0.63,0.54,2024-04-29,0813,N,VIIRS,n,2,303.85,2.28,D,0
23.89244,87.30177,331.74,0.61,0.71,2024-04-29,0813,N,VIIRS,l,2,306.5,3.15,D,0
23.48882,82.11935,333.08,0.57,0.52,2024-04-29,0813,N,VIIRS,l,2,304.7,4.76,D,0
23.70601,83.18179,331.45,0.33,0.56,2024-04-29,0813,N,VIIRS,l,2,304.44,3.73,D,0
23.64218,82.50484,343.18,0.6,0.53,2024-04-29,0813,N,VIIRS,n,2,306.39,8.52,D,0
23.64162,82.49898,346.84,0.6,0.53,2024-04-29,0813,N,VIIRS,n,2,306.98,8.52,D,0
23.743,83.47111,330.83,0.35,0.57,2024-04-29,0813,N,VIIRS,l,2,302.01,1.76,D,0
23.70991,82.94724,342.42,0.32,0.55,2024-04-29,0813,N,VIIRS,n,2,305.54,4.23,D,0
23.70961,82.94405,330.94,0.32,0.55,2024-04-29,0813,N,VIIRS,l,2,304.13,4.23,D,0
23.70931,82.94086,336.93,0.32,0.55,2024-04-29,0813,N,VIIRS,n,2,304.53,3.04,D,0
23.7144,82.94044,336.46,0.32,0.55,2024-04-29,0813,N,VIIRS,n,2,304.54,3.04,D,0
23.69497,82.6866,331.32,0.62,0.54,2024-04-29,0813,N,VIIRS,l,2,305.25,6.16,D,0
22.29152,72.0119,349.46,0.42,0.38,2024-04-29,0813,N,VIIRS,n,2,321.93,3.05,D,0
23.73429,82.77734,338.93,0.63,0.54,2024-04-29,0813,N,VIIRS,l,2,309.82,8.4,D,0
22.23398,70.34441,342.59,0.49,0.41,2024-04-29,0813,N,VIIRS,l,2,317.32,11.48,D,0
23.01858,73.88959,367,0.38,0.36,2024-04-29,0813,N,VIIRS,h,2,320.84,14.62,D,0
23.01915,73.89333,349.73,0.38,0.36,2024-04-29,0813,N,VIIRS,n,2,316.61,9.88,D,0
23.02245,73.89273,350.11,0.38,0.36,2024-04-29,0813,N,VIIRS,n,2,318.09,13.22,D,0
23.02188,73.88899,355.61,0.38,0.36,2024-04-29,0813,N,VIIRS,n,2,321.17,16.44,D,0
22.5569,70.99203,342.26,0.46,0.39,2024-04-29,0813,N,VIIRS,l,2,315.06,6.86,D,0
22.53818,70.32667,343.08,0.49,0.4,2024-04-29,0813,N,VIIRS,l,2,314.35,7.27,D,0
22.64167,70.67983,345.43,0.47,0.4,2024-04-29,0813,N,VIIRS,l,2,317.34,13.45,D,0
23.06967,72.20564,348.32,0.41,0.37,2024-04-29,0813,N,VIIRS,l,2,320.22,17.46,D,0
23.46571,74.35934,342.22,0.38,0.36,2024-04-29,0813,N,VIIRS,l,2,316.85,9.35,D,0
23.60103,73.5612,349.1,0.39,0.36,2024-04-29,0813,N,VIIRS,l,2,320.22,12.27,D,0
23.59713,73.36066,352.82,0.39,0.36,2024-04-29,0813,N,VIIRS,l,2,325.37,26.53,D,0
23.64793,73.55655,347.63,0.39,0.36,2024-04-29,0813,N,VIIRS,l,2,320.19,9.27,D,0
23.74694,73.8933,352.86,0.38,0.36,2024-04-29,0813,N,VIIRS,n,2,318.86,5.23,D,0
23.74637,73.88955,343.04,0.38,0.36,2024-04-29,0813,N,VIIRS,l,2,317.64,1.5,D,0
23.86164,74.31638,349,0.38,0.36,2024-04-29,0813,N,VIIRS,n,2,317.1,3.69,D,0
23.83478,74.04718,345.55,0.38,0.36,2024-04-29,0813,N,VIIRS,l,2,318.65,21.78,D,0
23.83639,74.03532,353.68,0.38,0.36,2024-04-29,0813,N,VIIRS,n,2,323.15,11.78,D,0
23.17811,69.77924,349.3,0.51,0.41,2024-04-29,0813,N,VIIRS,n,2,311.96,9.04,D,0
23.81389,73.51427,342.28,0.39,0.36,2024-04-29,0813,N,VIIRS,l,2,314.74,6.15,D,0
24.15341,73.38657,350.16,0.39,0.36,2024-04-29,0813,N,VIIRS,n,2,318.64,9.48,D,0
24.02344,73.40208,353.71,0.39,0.36,2024-04-29,0813,N,VIIRS,n,2,318.69,10.21,D,0
24.12639,74.41267,348.51,0.39,0.36,2024-04-29,0813,N,VIIRS,l,2,321.12,11.18,D,0
20.62865,73.87077,338.97,0.39,0.36,2024-04-29,0813,N,VIIRS,l,2,313.8,1.84,D,0
21.86879,83.57277,334.94,0.34,0.56,2024-04-29,0813,N,VIIRS,n,2,303.13,1.85,D,0
20.63063,73.83989,349.24,0.39,0.36,2024-04-29,0813,N,VIIRS,n,2,314.72,10.14,D,0
21.87751,83.55515,331.43,0.34,0.56,2024-04-29,0813,N,VIIRS,l,2,305.84,2.87,D,2
21.87681,83.49567,333.62,0.33,0.55,2024-04-29,0813,N,VIIRS,l,2,308.28,2.53,D,2
21.92219,83.35184,346.06,0.33,0.55,2024-04-29,0813,N,VIIRS,n,2,306.23,3.14,D,2
21.92188,83.34864,330.67,0.33,0.55,2024-04-29,0813,N,VIIRS,l,2,305.11,3.14,D,2
21.92636,83.34167,330.47,0.33,0.55,2024-04-29,0813,N,VIIRS,l,2,304.92,2.66,D,2
20.71315,73.43514,367,0.4,0.37,2024-04-29,0813,N,VIIRS,h,2,317.08,11.66,D,0
20.72237,73.40635,339.62,0.4,0.37,2024-04-29,0813,N,VIIRS,l,2,313.83,4.58,D,0
20.72376,73.40649,340.68,0.4,0.37,2024-04-29,0813,N,VIIRS,l,2,313.74,4.45,D,0
22.03815,83.35083,330.9,0.33,0.55,2024-04-29,0813,N,VIIRS,l,2,305.52,2.1,D,2
20.78445,73.48463,338.52,0.39,0.36,2024-04-29,0813,N,VIIRS,l,2,310.87,1.74,D,0
20.82706,73.55836,340.77,0.39,0.36,2024-04-29,0813,N,VIIRS,l,2,314.14,3.73,D,0
22.15903,83.13581,332.35,0.64,0.54,2024-04-29,0813,N,VIIRS,l,2,303.84,4.21,D,0
20.96797,73.82926,342.23,0.39,0.36,2024-04-29,0813,N,VIIRS,l,2,315.69,5.17,D,0
20.93007,73.50101,343.51,0.39,0.36,2024-04-29,0813,N,VIIRS,n,2,313.76,3.31,D,0
20.93341,73.50039,340.1,0.39,0.36,2024-04-29,0813,N,VIIRS,l,2,313.87,3.31,D,0
20.97836,73.53479,336.84,0.39,0.36,2024-04-29,0813,N,VIIRS,l,2,311.18,3.18,D,0
21.09052,73.66496,348.15,0.39,0.36,2024-04-29,0813,N,VIIRS,l,2,313.83,8.76,D,0
20.98223,72.90607,338.35,0.4,0.37,2024-04-29,0813,N,VIIRS,l,2,310.87,6.93,D,0
21.20242,74.11866,349.17,0.39,0.36,2024-04-29,0813,N,VIIRS,l,2,317.47,10,D,0
20.81943,71.25837,339.76,0.47,0.39,2024-04-29,0813,N,VIIRS,l,2,313.99,14.22,D,0
21.12892,73.07824,336.77,0.4,0.37,2024-04-29,0813,N,VIIRS,l,2,310.45,3.08,D,0
21.22038,73.6072,341.5,0.39,0.36,2024-04-29,0813,N,VIIRS,l,2,315.95,7.59,D,0
21.22781,73.45905,338.13,0.39,0.36,2024-04-29,0813,N,VIIRS,l,2,310.62,5.5,D,0
21.10225,72.63519,346.69,0.41,0.37,2024-04-29,0813,N,VIIRS,l,2,319.66,14,D,2
21.10758,72.64635,347.9,0.41,0.37,2024-04-29,0813,N,VIIRS,l,2,317.4,27.7,D,2
21.33283,73.95493,346.55,0.39,0.36,2024-04-29,0813,N,VIIRS,l,2,320.23,9.94,D,0
24.74801,73.40121,335.6,0.38,0.36,2024-04-29,0814,N,VIIRS,l,2,307.34,1.72,D,0
24.76459,73.7089,344.83,0.38,0.36,2024-04-29,0814,N,VIIRS,n,2,316.5,5.07,D,0
24.66925,73.33023,341.73,0.39,0.36,2024-04-29,0814,N,VIIRS,n,2,309.71,4.74,D,0
24.6547,73.76411,348.66,0.38,0.36,2024-04-29,0814,N,VIIRS,n,2,316.54,8.29,D,0
24.46569,73.37127,347.4,0.39,0.36,2024-04-29,0814,N,VIIRS,l,2,320.71,5.79,D,0
24.48385,73.66666,348.22,0.38,0.36,2024-04-29,0814,N,VIIRS,l,2,320.28,8.36,D,0
24.48901,73.70054,341.62,0.38,0.36,2024-04-29,0814,N,VIIRS,l,2,315.46,3.87,D,0
24.38351,73.8517,347.16,0.38,0.36,2024-04-29,0814,N,VIIRS,n,2,318.88,6.76,D,0
24.27169,73.23237,343.59,0.39,0.36,2024-04-29,0814,N,VIIRS,l,2,313.73,6.55,D,0
24.34709,73.81189,342.58,0.38,0.36,2024-04-29,0814,N,VIIRS,l,2,316.96,4.15,D,0
24.24521,73.23731,337.42,0.39,0.36,2024-04-29,0814,N,VIIRS,l,2,311.15,1.49,D,0
24.3055,73.87357,340.4,0.38,0.36,2024-04-29,0814,N,VIIRS,l,2,311.23,4.44,D,0
24.24381,73.60233,349.58,0.38,0.36,2024-04-29,0814,N,VIIRS,l,2,320.43,20.35,D,0
23.38239,68.62543,345.22,0.39,0.44,2024-04-29,0814,N,VIIRS,l,2,316.8,11.66,D,0
24.24051,73.60293,351.79,0.38,0.36,2024-04-29,0814,N,VIIRS,l,2,325.14,12.77,D,0
23.37768,68.62251,350.02,0.39,0.44,2024-04-29,0814,N,VIIRS,n,2,318.39,11.66,D,0
24.2372,73.60352,350.76,0.38,0.36,2024-04-29,0814,N,VIIRS,l,2,320.82,12.77,D,0
29.81916,75.16087,355.45,0.43,0.38,2024-04-29,0815,N,VIIRS,n,2,310.57,16.84,D,0
28.7294,80.18938,345.64,0.5,0.49,2024-04-29,0815,N,VIIRS,n,2,315.41,10.78,D,0
28.72871,79.9022,337.66,0.48,0.48,2024-04-29,0815,N,VIIRS,l,2,310.62,4.93,D,0
28.39463,76.72726,347.24,0.48,0.4,2024-04-29,0815,N,VIIRS,n,2,312.83,6.6,D,0
28.39894,76.73161,337.77,0.48,0.4,2024-04-29,0815,N,VIIRS,l,2,311.04,9.13,D,0
28.39832,76.72668,344.24,0.48,0.4,2024-04-29,0815,N,VIIRS,n,2,313.41,6.6,D,0
28.7689,79.94254,350.41,0.48,0.48,2024-04-29,0815,N,VIIRS,n,2,305.22,8.41,D,0
28.76839,79.93755,349.24,0.48,0.48,2024-04-29,0815,N,VIIRS,n,2,307.12,7.5,D,0
28.50741,77.39915,336.69,0.52,0.42,2024-04-29,0815,N,VIIRS,n,2,304.11,2.45,D,0
28.51123,77.39857,335.62,0.52,0.42,2024-04-29,0815,N,VIIRS,n,2,301.97,2.45,D,0
28.50988,77.40189,338.46,0.52,0.42,2024-04-29,0815,N,VIIRS,n,2,303.93,7.23,D,0
28.45587,76.59494,339.11,0.48,0.4,2024-04-29,0815,N,VIIRS,l,2,313.31,5.81,D,0
28.76013,79.20468,338.15,0.44,0.46,2024-04-29,0815,N,VIIRS,n,2,299.79,5.08,D,0
28.47972,76.60612,341.88,0.48,0.4,2024-04-29,0815,N,VIIRS,l,2,314.75,7.1,D,0
28.47911,76.60123,340.18,0.48,0.4,2024-04-29,0815,N,VIIRS,l,2,312.75,7.1,D,0
28.53875,76.86971,351.99,0.49,0.4,2024-04-29,0815,N,VIIRS,n,2,310.24,7.09,D,0
28.49627,76.49951,340.44,0.47,0.4,2024-04-29,0815,N,VIIRS,l,2,313.69,10.91,D,0
28.87934,79.71616,338.32,0.47,0.48,2024-04-29,0815,N,VIIRS,l,2,308.54,4.35,D,0
28.87883,79.7113,331.84,0.47,0.48,2024-04-29,0815,N,VIIRS,l,2,305.3,4.35,D,0
28.50112,76.4496,338.58,0.47,0.4,2024-04-29,0815,N,VIIRS,l,2,311.07,9.67,D,0
28.50071,76.45139,342.54,0.47,0.4,2024-04-29,0815,N,VIIRS,n,2,311.6,8.87,D,0
28.55812,76.80237,339.64,0.49,0.4,2024-04-29,0815,N,VIIRS,l,2,312.94,6.96,D,0
28.87805,79.71289,340.43,0.47,0.48,2024-04-29,0815,N,VIIRS,n,2,306.74,8.11,D,0
28.88294,79.71719,338.78,0.47,0.48,2024-04-29,0815,N,VIIRS,l,2,309.95,5.38,D,0
28.57941,76.91706,341.43,0.49,0.41,2024-04-29,0815,N,VIIRS,l,2,313.92,7.18,D,0
28.64346,76.6675,341.28,0.48,0.4,2024-04-29,0815,N,VIIRS,l,2,313.45,5.41,D,0
28.63107,76.56925,342.02,0.48,0.4,2024-04-29,0815,N,VIIRS,n,2,310.95,11.84,D,0
28.63033,76.57146,347.01,0.48,0.4,2024-04-29,0815,N,VIIRS,n,2,313.48,11.03,D,0
28.64589,76.66929,341.44,0.48,0.4,2024-04-29,0815,N,VIIRS,l,2,313.09,4.98,D,0
28.94918,79.39632,341.27,0.45,0.47,2024-04-29,0815,N,VIIRS,n,2,296.57,5.42,D,0
29.01189,79.94885,344.02,0.49,0.48,2024-04-29,0815,N,VIIRS,l,2,315.71,8.51,D,0
29.05722,79.94813,337.26,0.49,0.48,2024-04-29,0815,N,VIIRS,l,2,310.18,4.9,D,0
28.97738,79.15959,335.77,0.44,0.46,2024-04-29,0815,N,VIIRS,n,2,302.11,4.69,D,0
28.97691,79.15507,343.84,0.44,0.46,2024-04-29,0815,N,VIIRS,n,2,306.44,3.95,D,0
28.70487,76.7513,343.43,0.49,0.4,2024-04-29,0815,N,VIIRS,n,2,310.71,5.86,D,0
28.70919,76.75572,337.5,0.49,0.4,2024-04-29,0815,N,VIIRS,l,2,308.42,5.86,D,0
28.72888,76.88611,344.92,0.49,0.41,2024-04-29,0815,N,VIIRS,n,2,310.01,6.1,D,0
29.01652,79.36856,330.48,0.45,0.47,2024-04-29,0815,N,VIIRS,n,2,302.6,3.37,D,0
29.03678,79.18855,333.4,0.44,0.46,2024-04-29,0815,N,VIIRS,n,2,305.18,3.57,D,0
28.92617,78.07547,332.51,0.57,0.43,2024-04-29,0815,N,VIIRS,l,2,303.96,3.55,D,0
29.13792,80.01481,342.74,0.49,0.49,2024-04-29,0815,N,VIIRS,n,2,307.13,5.2,D,0
29.14415,80.03229,344.97,0.49,0.49,2024-04-29,0815,N,VIIRS,n,2,306.04,6.17,D,0
28.84255,77.19872,338.06,0.51,0.41,2024-04-29,0815,N,VIIRS,n,2,305.72,2.14,D,0
29.1544,80.09165,336.98,0.5,0.49,2024-04-29,0815,N,VIIRS,n,2,302.1,8.44,D,0
29.08392,79.20284,335.78,0.44,0.46,2024-04-29,0815,N,VIIRS,l,2,308.75,5.26,D,0
29.09057,79.22514,334.9,0.44,0.46,2024-04-29,0815,N,VIIRS,l,2,307.29,3.25,D,0
29.07458,78.98934,339.89,0.43,0.46,2024-04-29,0815,N,VIIRS,l,2,310.84,4.03,D,0
29.06659,78.75546,341.97,0.42,0.45,2024-04-29,0815,N,VIIRS,n,2,311.55,5.94,D,0
29.18349,79.74296,334.75,0.48,0.48,2024-04-29,0815,N,VIIRS,n,2,301.09,5.88,D,0
29.18877,79.75078,346.57,0.48,0.48,2024-04-29,0815,N,VIIRS,n,2,299.3,7.75,D,0
29.18826,79.74575,355,0.48,0.48,2024-04-29,0815,N,VIIRS,n,2,299.91,9.03,D,0
29.18782,79.74146,350.62,0.48,0.48,2024-04-29,0815,N,VIIRS,n,2,301.7,9.03,D,0
29.1874,79.73729,330.66,0.48,0.48,2024-04-29,0815,N,VIIRS,l,2,303.29,4.3,D,0
29.2151,79.96549,340.33,0.49,0.49,2024-04-29,0815,N,VIIRS,n,2,290.86,4.09,D,0
29.19308,79.74902,341.38,0.48,0.48,2024-04-29,0815,N,VIIRS,n,2,300.75,7.75,D,0
29.19258,79.74415,353.18,0.48,0.48,2024-04-29,0815,N,VIIRS,n,2,301.01,9.03,D,0
28.84806,76.64546,338.86,0.48,0.4,2024-04-29,0815,N,VIIRS,n,2,308.03,3.39,D,0
28.84558,76.62565,334.66,0.48,0.4,2024-04-29,0815,N,VIIRS,l,2,307.82,1.27,D,0
28.85037,76.64733,346.35,0.48,0.4,2024-04-29,0815,N,VIIRS,n,2,307.21,6.61,D,0
28.8474,76.62252,337.53,0.48,0.4,2024-04-29,0815,N,VIIRS,n,2,306.96,3.05,D,0
29.18738,79.74815,350.59,0.48,0.48,2024-04-29,0815,N,VIIRS,n,2,299.54,8.28,D,0
29.18694,79.74356,353.03,0.48,0.48,2024-04-29,0815,N,VIIRS,n,2,302.13,8.28,D,0
29.18653,79.73937,339.55,0.48,0.48,2024-04-29,0815,N,VIIRS,n,2,303.14,6.82,D,0
29.19171,79.74649,367,0.48,0.48,2024-04-29,0815,N,VIIRS,h,2,302.57,8.28,D,0
29.19128,79.742,347.24,0.48,0.48,2024-04-29,0815,N,VIIRS,n,2,300.42,8.28,D,0
29.20343,79.72833,332.68,0.48,0.48,2024-04-29,0815,N,VIIRS,l,2,303.33,6.89,D,0
29.20782,79.72725,355.93,0.48,0.48,2024-04-29,0815,N,VIIRS,n,2,303.72,6.89,D,0
29.15446,79.10255,332.33,0.44,0.46,2024-04-29,0815,N,VIIRS,l,2,307.3,4.93,D,0
29.154,79.09802,343.22,0.44,0.46,2024-04-29,0815,N,VIIRS,n,2,308.25,4.3,D,0
29.25134,79.85062,336.25,0.48,0.48,2024-04-29,0815,N,VIIRS,n,2,298.21,4.67,D,0
29.25095,79.84665,336.07,0.48,0.48,2024-04-29,0815,N,VIIRS,n,2,297.51,4.46,D,0
29.25108,79.80202,330.02,0.48,0.48,2024-04-29,0815,N,VIIRS,n,2,299.24,3.23,D,0
29.25049,79.79603,333.77,0.48,0.48,2024-04-29,0815,N,VIIRS,n,2,297.11,3.23,D,0
29.25552,79.80134,356,0.48,0.48,2024-04-29,0815,N,VIIRS,n,2,305.51,24.88,D,0
29.18435,78.97571,345.07,0.43,0.46,2024-04-29,0815,N,VIIRS,n,2,307.6,9.59,D,0
29.18388,78.97125,342.57,0.43,0.46,2024-04-29,0815,N,VIIRS,n,2,302.73,9.59,D,0
29.27109,79.64336,336,0.47,0.48,2024-04-29,0815,N,VIIRS,n,2,305.83,3.07,D,0
29.24305,79.37023,340.03,0.45,0.47,2024-04-29,0815,N,VIIRS,n,2,307.69,3.12,D,0
29.24738,79.3696,330.7,0.45,0.47,2024-04-29,0815,N,VIIRS,l,2,305.39,1.24,D,0
29.31496,79.94354,353.56,0.49,0.49,2024-04-29,0815,N,VIIRS,n,2,298.52,23.32,D,0
29.31452,79.93917,344.64,0.49,0.49,2024-04-29,0815,N,VIIRS,n,2,299.08,14.68,D,0
29.30639,79.81403,342.29,0.48,0.48,2024-04-29,0815,N,VIIRS,n,2,294.98,7.95,D,0
29.26518,79.37168,344.95,0.45,0.47,2024-04-29,0815,N,VIIRS,n,2,309.96,6.78,D,0
29.02588,77.21703,339.7,0.52,0.41,2024-04-29,0815,N,VIIRS,n,2,308.6,7.22,D,0
29.28105,79.61781,333.74,0.47,0.48,2024-04-29,0815,N,VIIRS,n,2,304.46,2.29,D,0
29.02764,77.21391,340.59,0.52,0.41,2024-04-29,0815,N,VIIRS,n,2,307.95,6.74,D,0
29.31655,79.94447,347.44,0.49,0.49,2024-04-29,0815,N,VIIRS,n,2,295.13,13.57,D,0
29.31614,79.9401,357.4,0.49,0.49,2024-04-29,0815,N,VIIRS,n,2,299.54,23.01,D,0
29.22888,79.04297,333.79,0.43,0.46,2024-04-29,0815,N,VIIRS,l,2,307.54,3.46,D,0
29.26606,79.37257,340.33,0.45,0.47,2024-04-29,0815,N,VIIRS,n,2,309.29,3.76,D,0
29.2656,79.36794,334.31,0.45,0.47,2024-04-29,0815,N,VIIRS,l,2,308.63,3.76,D,0
29.32827,79.92422,334.52,0.49,0.49,2024-04-29,0815,N,VIIRS,n,2,300.31,4.6,D,0
29.2363,78.94672,338.54,0.43,0.46,2024-04-29,0815,N,VIIRS,n,2,303.2,5.21,D,0
29.30375,79.57629,337.77,0.47,0.48,2024-04-29,0815,N,VIIRS,n,2,306.45,4.77,D,0
29.30334,79.57204,335.98,0.47,0.47,2024-04-29,0815,N,VIIRS,l,2,307.07,4.77,D,0
29.29577,79.49495,334,0.46,0.47,2024-04-29,0815,N,VIIRS,l,2,304.96,4.26,D,0
29.30052,79.49816,349.2,0.46,0.47,2024-04-29,0815,N,VIIRS,n,2,304.77,9.03,D,0
29.03953,77.08302,336.39,0.51,0.41,2024-04-29,0815,N,VIIRS,n,2,306.26,2.39,D,0
29.31233,79.57295,331.79,0.47,0.48,2024-04-29,0815,N,VIIRS,l,2,306.4,4.41,D,0
29.3023,79.42715,335.81,0.46,0.47,2024-04-29,0815,N,VIIRS,n,2,304.14,4.5,D,0
29.30172,79.42134,340.39,0.46,0.47,2024-04-29,0815,N,VIIRS,n,2,305.49,2.96,D,0
29.31783,79.53861,350.42,0.46,0.47,2024-04-29,0815,N,VIIRS,n,2,311.78,11.58,D,0
29.30601,79.42011,334.59,0.46,0.47,2024-04-29,0815,N,VIIRS,n,2,301.34,2.39,D,0
29.3225,79.54095,342.38,0.47,0.47,2024-04-29,0815,N,VIIRS,n,2,305.03,11.58,D,0
29.32214,79.53735,351.58,0.46,0.47,2024-04-29,0815,N,VIIRS,n,2,309.71,11.58,D,0
29.4042,80.19228,331.95,0.51,0.49,2024-04-29,0815,N,VIIRS,n,2,296.04,1.8,D,0
29.36759,79.72459,332.5,0.48,0.48,2024-04-29,0815,N,VIIRS,n,2,298.16,6.37,D,0
29.38945,79.54344,339.69,0.47,0.47,2024-04-29,0815,N,VIIRS,n,2,294.04,9.43,D,0
29.4463,79.31712,334.46,0.45,0.47,2024-04-29,0815,N,VIIRS,n,2,301.02,5.16,D,0
29.12518,76.49215,344.23,0.48,0.4,2024-04-29,0815,N,VIIRS,n,2,306.43,33.73,D,0
29.12457,76.48722,338.93,0.48,0.4,2024-04-29,0815,N,VIIRS,n,2,304.43,20.06,D,0
29.12886,76.49157,343.17,0.48,0.4,2024-04-29,0815,N,VIIRS,n,2,309.91,33.73,D,0
29.12825,76.48663,345.65,0.48,0.4,2024-04-29,0815,N,VIIRS,n,2,309.38,20.06,D,0
29.13255,76.49099,350,0.48,0.4,2024-04-29,0815,N,VIIRS,n,2,311.96,22.22,D,0
29.13194,76.48605,341.24,0.48,0.4,2024-04-29,0815,N,VIIRS,n,2,305.73,11.75,D,0
29.13623,76.49041,349.37,0.48,0.4,2024-04-29,0815,N,VIIRS,n,2,306.91,22.22,D,0
29.13561,76.48547,346.79,0.48,0.4,2024-04-29,0815,N,VIIRS,n,2,307.1,11.75,D,0
29.13991,76.48983,338.32,0.48,0.4,2024-04-29,0815,N,VIIRS,n,2,306.86,4.74,D,0
29.52644,79.58552,334.73,0.47,0.48,2024-04-29,0815,N,VIIRS,n,2,300.56,2.96,D,0
29.57128,79.72268,337.17,0.48,0.48,2024-04-29,0815,N,VIIRS,n,2,285.12,2.6,D,0
29.5753,79.71772,347.64,0.48,0.48,2024-04-29,0815,N,VIIRS,n,2,293.86,6.24,D,0
29.52609,79.22899,336.88,0.45,0.47,2024-04-29,0815,N,VIIRS,n,2,285.08,4.74,D,0
29.28062,76.66817,345.89,0.49,0.4,2024-04-29,0815,N,VIIRS,n,2,301.76,4.18,D,0
29.2818,76.66618,343.71,0.49,0.4,2024-04-29,0815,N,VIIRS,n,2,302.48,7.7,D,0
29.68984,79.52793,333.1,0.47,0.48,2024-04-29,0815,N,VIIRS,n,2,290.4,7.56,D,0
29.70015,79.54153,336.94,0.47,0.48,2024-04-29,0815,N,VIIRS,n,2,288.72,8.26,D,0
29.712,79.52651,338.33,0.47,0.48,2024-04-29,0815,N,VIIRS,n,2,294.3,8.23,D,0
29.69943,79.54301,343.63,0.47,0.48,2024-04-29,0815,N,VIIRS,n,2,289.52,9.53,D,0
29.71137,79.52796,343.4,0.47,0.48,2024-04-29,0815,N,VIIRS,n,2,294.35,8.19,D,0
29.59487,77.42248,331.46,0.54,0.42,2024-04-29,0815,N,VIIRS,n,2,300.72,5.48,D,0
29.70202,77.9153,340.74,0.57,0.43,2024-04-29,0815,N,VIIRS,n,2,307.82,11.48,D,0
29.41769,75.4388,338.92,0.44,0.38,2024-04-29,0815,N,VIIRS,n,2,307.04,2.07,D,0
29.41708,75.37921,340.26,0.43,0.38,2024-04-29,0815,N,VIIRS,n,2,306.98,2.96,D,0
29.41348,75.27035,343.24,0.43,0.38,2024-04-29,0815,N,VIIRS,n,2,306.8,5.07,D,0
29.4123,75.26147,339.54,0.43,0.38,2024-04-29,0815,N,VIIRS,n,2,307.71,5.41,D,0
29.44594,75.48943,342.43,0.44,0.38,2024-04-29,0815,N,VIIRS,n,2,307.23,6.19,D,0
29.8485,78.8372,333.18,0.43,0.46,2024-04-29,0815,N,VIIRS,n,2,291.03,6.93,D,0
29.86031,78.79195,332.25,0.43,0.46,2024-04-29,0815,N,VIIRS,n,2,298.14,3.05,D,0
29.85941,78.74132,331.38,0.42,0.46,2024-04-29,0815,N,VIIRS,n,2,298.82,2.99,D,0
29.86164,78.72163,334.5,0.42,0.45,2024-04-29,0815,N,VIIRS,n,2,299.78,2.97,D,0
29.4778,75.40678,335.35,0.44,0.38,2024-04-29,0815,N,VIIRS,n,2,305.02,1.47,D,0
29.8766,78.82584,332.97,0.43,0.46,2024-04-29,0815,N,VIIRS,n,2,301.71,3.92,D,0
29.8808,78.825,345.06,0.43,0.46,2024-04-29,0815,N,VIIRS,n,2,303.08,3.92,D,0
29.89444,78.70934,330.92,0.42,0.45,2024-04-29,0815,N,VIIRS,l,2,301.67,2.83,D,0
29.96627,79.36745,337.6,0.46,0.47,2024-04-29,0815,N,VIIRS,n,2,294.76,2.91,D,0
29.51829,75.44144,336.13,0.44,0.38,2024-04-29,0815,N,VIIRS,n,2,305.23,2.78,D,0
29.54541,75.62313,336.61,0.45,0.39,2024-04-29,0815,N,VIIRS,n,2,305.78,2.96,D,0
29.74137,77.08601,334.18,0.52,0.41,2024-04-29,0815,N,VIIRS,l,2,304.63,3.07,D,0
29.65012,76.30433,335.94,0.48,0.4,2024-04-29,0815,N,VIIRS,n,2,301.96,1.3,D,0
29.67053,76.26397,337.55,0.47,0.4,2024-04-29,0815,N,VIIRS,n,2,304.79,3.88,D,0
29.66862,75.13549,348.08,0.43,0.38,2024-04-29,0815,N,VIIRS,n,2,303.38,5.9,D,0
29.68897,75.10033,349.55,0.43,0.38,2024-04-29,0815,N,VIIRS,n,2,307.03,8.11,D,0
30.04006,77.43368,331.28,0.54,0.42,2024-04-29,0815,N,VIIRS,l,2,302.93,2.75,D,0
30.20239,78.67329,345.08,0.42,0.46,2024-04-29,0815,N,VIIRS,n,2,296.26,9.14,D,0
30.19569,77.27061,336.31,0.54,0.42,2024-04-29,0815,N,VIIRS,n,2,303.34,5.19,D,0
29.96575,75.40452,337.07,0.44,0.38,2024-04-29,0815,N,VIIRS,n,2,300.9,3.54,D,0
30.19958,77.27003,347.64,0.54,0.42,2024-04-29,0815,N,VIIRS,n,2,306.74,8.3,D,0
30.17781,76.22633,337.55,0.48,0.4,2024-04-29,0815,N,VIIRS,n,2,303.71,5.76,D,0
30.26931,76.91714,333.83,0.52,0.41,2024-04-29,0815,N,VIIRS,n,2,301.63,2.98,D,0
30.27313,76.91655,340.56,0.52,0.41,2024-04-29,0815,N,VIIRS,n,2,302.16,7.35,D,0
30.27126,76.91508,334.83,0.52,0.41,2024-04-29,0815,N,VIIRS,n,2,302.51,4.85,D,0
29.98731,73.8453,345.44,0.4,0.37,2024-04-29,0815,N,VIIRS,n,2,308.37,3.46,D,0
30.00945,73.8714,338.47,0.4,0.37,2024-04-29,0815,N,VIIRS,n,2,308.3,3.66,D,0
30.08883,73.9203,338.22,0.4,0.37,2024-04-29,0815,N,VIIRS,n,2,306.63,2.46,D,0
30.113,73.89079,338.68,0.4,0.37,2024-04-29,0815,N,VIIRS,n,2,307.33,1.57,D,0
30.12533,73.88004,337.19,0.4,0.37,2024-04-29,0815,N,VIIRS,n,2,306.92,3.09,D,0
30.33043,73.97926,339.49,0.4,0.37,2024-04-29,0815,N,VIIRS,n,2,307.46,1.96,D,0
30.3281,73.96258,336.59,0.4,0.37,2024-04-29,0815,N,VIIRS,l,2,309.64,1.72,D,0
30.33148,73.96196,340.5,0.4,0.37,2024-04-29,0815,N,VIIRS,n,2,309.57,1.72,D,0
30.34821,73.93017,345.6,0.4,0.37,2024-04-29,0815,N,VIIRS,n,2,312.11,10.22,D,0
30.37742,74.0922,337.22,0.4,0.37,2024-04-29,0815,N,VIIRS,n,2,300.21,2.95,D,0
23.48829,87.36701,306.87,0.55,0.68,2024-04-29,1900,N,VIIRS,n,2,293.34,1.85,N,0
23.48233,87.36076,307.41,0.55,0.68,2024-04-29,1900,N,VIIRS,n,2,292.55,1.85,N,2
23.6271,86.2852,304.58,0.65,0.73,2024-04-29,1900,N,VIIRS,n,2,290.65,1.51,N,0
23.77983,86.39331,314.26,0.64,0.72,2024-04-29,1900,N,VIIRS,n,2,295.22,3.5,N,2
23.77351,86.38609,311.35,0.64,0.72,2024-04-29,1900,N,VIIRS,n,2,294.42,3.5,N,2
23.76675,86.3853,312.2,0.64,0.72,2024-04-29,1900,N,VIIRS,n,2,295.2,4.53,N,2
23.76631,86.39178,309.13,0.64,0.72,2024-04-29,1900,N,VIIRS,n,2,295.31,4.53,N,2
23.76587,86.3983,311.61,0.64,0.72,2024-04-29,1900,N,VIIRS,n,2,294.61,3.9,N,2
23.75911,86.39759,315.8,0.64,0.72,2024-04-29,1900,N,VIIRS,n,2,294.49,3.9,N,2
23.75103,86.41668,312.25,0.64,0.72,2024-04-29,1900,N,VIIRS,n,2,294.12,5.32,N,2
23.69567,87.12063,310.57,0.58,0.69,2024-04-29,1900,N,VIIRS,n,2,293.07,2.56,N,2
23.69082,87.09686,307.65,0.58,0.7,2024-04-29,1900,N,VIIRS,n,2,293.4,2.6,N,2
23.68919,87.11993,308.94,0.58,0.69,2024-04-29,1900,N,VIIRS,n,2,292.88,2.66,N,2
23.72232,86.43976,307.32,0.63,0.72,2024-04-29,1900,N,VIIRS,n,2,293.81,2.98,N,2
23.71558,86.43903,307.98,0.63,0.72,2024-04-29,1900,N,VIIRS,n,2,292.97,2.98,N,2
23.68984,87.11765,308.74,0.57,0.69,2024-04-29,1900,N,VIIRS,n,2,292.84,3.31,N,2
23.7345,86.4325,307.3,0.63,0.72,2024-04-29,1900,N,VIIRS,n,2,293.6,5.08,N,0
23.72055,86.43768,306.77,0.63,0.72,2024-04-29,1900,N,VIIRS,n,2,293.2,3.32,N,2
23.72008,86.44421,309.2,0.63,0.72,2024-04-29,1900,N,VIIRS,n,2,295.27,3.32,N,2
23.68286,86.08949,306.78,0.67,0.73,2024-04-29,1900,N,VIIRS,n,2,292.64,5.1,N,2
23.67642,86.08223,305.99,0.67,0.73,2024-04-29,1900,N,VIIRS,n,2,292.83,4.72,N,2
23.67509,86.10252,305.73,0.67,0.73,2024-04-29,1900,N,VIIRS,n,2,291.43,2.4,N,2
23.62874,86.28528,304.89,0.65,0.73,2024-04-29,1900,N,VIIRS,n,2,291.11,1.5,N,0
23.55719,87.23824,311.41,0.56,0.69,2024-04-29,1900,N,VIIRS,n,2,292.99,3.22,N,2
23.78027,86.38689,319.3,0.64,0.72,2024-04-29,1900,N,VIIRS,n,2,295.24,3.5,N,2
23.55631,87.23736,307.04,0.56,0.69,2024-04-29,1900,N,VIIRS,n,2,292.99,3.17,N,2
20.97839,85.12982,311.84,0.72,0.76,2024-04-29,1901,N,VIIRS,n,2,294.11,5.49,N,2
20.96883,85.16525,309.09,0.72,0.75,2024-04-29,1901,N,VIIRS,n,2,294.18,6.01,N,2
20.98116,85.13089,308.37,0.72,0.76,2024-04-29,1901,N,VIIRS,n,2,293.94,4.24,N,2
20.97138,85.16631,309.28,0.72,0.75,2024-04-29,1901,N,VIIRS,n,2,294.59,3.82,N,2
20.96375,85.17313,308.96,0.72,0.75,2024-04-29,1901,N,VIIRS,n,2,293.86,3.82,N,2
20.88478,84.97701,315.27,0.74,0.76,2024-04-29,1901,N,VIIRS,n,2,293.72,4.94,N,2
20.88895,84.98003,311.98,0.74,0.76,2024-04-29,1901,N,VIIRS,n,2,293.3,4.1,N,2
20.88179,84.97965,310.21,0.74,0.76,2024-04-29,1901,N,VIIRS,n,2,293.45,4.17,N,2
20.79758,85.25266,306.82,0.71,0.75,2024-04-29,1901,N,VIIRS,n,2,294.07,4.52,N,2
20.79006,85.25889,309.19,0.71,0.75,2024-04-29,1901,N,VIIRS,n,2,294.72,4.44,N,2
20.75947,85.2914,306.54,0.7,0.75,2024-04-29,1901,N,VIIRS,n,2,293.92,1.86,N,2
20.80646,85.25425,306.56,0.71,0.75,2024-04-29,1901,N,VIIRS,n,2,294.01,1.82,N,2
20.79239,85.25318,309.44,0.71,0.75,2024-04-29,1901,N,VIIRS,n,2,294.34,4.25,N,2
20.78483,85.25936,306.66,0.7,0.75,2024-04-29,1901,N,VIIRS,n,2,293.96,2.36,N,2
29.84802,80.36427,304.56,0.48,0.4,2024-04-29,2039,N,VIIRS,n,2,288.83,0.78,N,0
29.94259,79.82912,307.98,0.46,0.39,2024-04-29,2039,N,VIIRS,n,2,286.09,0.85,N,0
30.13891,78.60207,302.44,0.41,0.37,2024-04-29,2039,N,VIIRS,n,2,290.54,0.51,N,0
29.8605,80.15437,319.29,0.47,0.4,2024-04-29,2039,N,VIIRS,n,2,290.57,1.16,N,0
30.1355,78.60136,303.42,0.41,0.37,2024-04-29,2039,N,VIIRS,n,2,289.06,0.51,N,0
29.94218,79.68943,305.29,0.45,0.39,2024-04-29,2039,N,VIIRS,n,2,284.7,0.87,N,0
30.09456,78.77537,304.81,0.42,0.37,2024-04-29,2039,N,VIIRS,n,2,286.32,0.77,N,0
29.91722,79.76555,300.48,0.45,0.39,2024-04-29,2039,N,VIIRS,n,2,286.56,0.39,N,0
30.11922,78.55289,305.43,0.41,0.37,2024-04-29,2039,N,VIIRS,n,2,289.28,1.46,N,0
29.87612,79.90837,305.74,0.46,0.39,2024-04-29,2039,N,VIIRS,n,2,289.1,0.93,N,0
29.86929,79.94528,307.59,0.46,0.39,2024-04-29,2039,N,VIIRS,n,2,288.62,1.11,N,0
29.84933,80.05279,298.05,0.47,0.39,2024-04-29,2039,N,VIIRS,n,2,286.59,0.72,N,0
29.8188,80.21626,307.98,0.47,0.4,2024-04-29,2039,N,VIIRS,n,2,288.65,1.52,N,0
29.89476,79.76715,310.4,0.45,0.39,2024-04-29,2039,N,VIIRS,n,2,287.9,1.63,N,0
29.92945,79.55788,299.14,0.44,0.39,2024-04-29,2039,N,VIIRS,n,2,285.81,0.44,N,0
29.89384,79.75204,301.73,0.45,0.39,2024-04-29,2039,N,VIIRS,n,2,288.39,0.91,N,0
29.8646,79.89021,309.09,0.46,0.39,2024-04-29,2039,N,VIIRS,n,2,287.79,1.08,N,0
29.86286,79.89963,306.83,0.46,0.39,2024-04-29,2039,N,VIIRS,n,2,288.32,1.03,N,0
29.86113,79.88892,306.78,0.46,0.39,2024-04-29,2039,N,VIIRS,n,2,286.26,1.08,N,0
29.86026,79.89361,300.62,0.46,0.39,2024-04-29,2039,N,VIIRS,n,2,287.18,1.03,N,0
29.85937,79.89837,309.36,0.46,0.39,2024-04-29,2039,N,VIIRS,n,2,287.63,1.03,N,0
29.91284,79.56857,301.42,0.44,0.39,2024-04-29,2039,N,VIIRS,n,2,286.54,0.87,N,0
29.82859,80.00349,299.3,0.46,0.39,2024-04-29,2039,N,VIIRS,n,2,285.56,0.67,N,0
29.84713,79.88428,299.81,0.46,0.39,2024-04-29,2039,N,VIIRS,n,2,284.93,0.43,N,0
29.93895,79.34563,299.28,0.44,0.38,2024-04-29,2039,N,VIIRS,n,2,288.11,0.69,N,0
29.93652,79.19664,303.63,0.43,0.38,2024-04-29,2039,N,VIIRS,n,2,286.19,0.99,N,0
29.73854,80.26505,298.63,0.48,0.4,2024-04-29,2039,N,VIIRS,n,2,286.74,0.51,N,0
30.38307,76.4644,303.01,0.38,0.36,2024-04-29,2039,N,VIIRS,n,2,288.33,0.4,N,0
29.84914,79.5821,295.19,0.45,0.39,2024-04-29,2039,N,VIIRS,n,2,283.67,1.09,N,0
29.80084,79.84684,299.62,0.46,0.39,2024-04-29,2039,N,VIIRS,n,2,286.54,1.5,N,0
29.78344,79.92121,314.06,0.46,0.39,2024-04-29,2039,N,VIIRS,n,2,287.4,1.83,N,0
29.86292,79.42529,298.36,0.44,0.38,2024-04-29,2039,N,VIIRS,n,2,285.54,0.47,N,0
29.87244,79.33229,302.74,0.44,0.38,2024-04-29,2039,N,VIIRS,n,2,287.07,0.36,N,0
29.71976,80.12283,303.48,0.47,0.4,2024-04-29,2039,N,VIIRS,n,2,289.9,0.91,N,0
29.80569,79.6391,295.82,0.45,0.39,2024-04-29,2039,N,VIIRS,n,2,284.36,0.59,N,0
29.71615,80.12196,302.26,0.47,0.4,2024-04-29,2039,N,VIIRS,n,2,290.31,0.91,N,0
29.70221,80.1762,305.59,0.47,0.4,2024-04-29,2039,N,VIIRS,n,2,288.48,0.93,N,0
29.70132,80.18092,303.41,0.47,0.4,2024-04-29,2039,N,VIIRS,n,2,288.56,0.93,N,0
29.93267,78.81473,297.85,0.42,0.38,2024-04-29,2039,N,VIIRS,n,2,286.24,0.53,N,0
29.94728,78.59313,297.98,0.41,0.37,2024-04-29,2039,N,VIIRS,n,2,286.21,0.19,N,0
29.94048,78.59164,298.58,0.41,0.37,2024-04-29,2039,N,VIIRS,n,2,286.39,0.7,N,0
29.93829,78.60435,301.01,0.41,0.37,2024-04-29,2039,N,VIIRS,n,2,287.39,0.93,N,0
29.93708,78.59093,316.4,0.41,0.37,2024-04-29,2039,N,VIIRS,n,2,288.25,2.09,N,0
29.93486,78.60371,301.19,0.41,0.37,2024-04-29,2039,N,VIIRS,n,2,287.53,0.67,N,0
29.96246,78.42355,301.96,0.41,0.37,2024-04-29,2039,N,VIIRS,n,2,290.51,0.54,N,0
29.93442,78.58586,298.76,0.41,0.37,2024-04-29,2039,N,VIIRS,n,2,287.34,0.22,N,0
29.68748,79.96969,300.5,0.46,0.39,2024-04-29,2039,N,VIIRS,n,2,286.75,0.46,N,0
29.93022,78.58978,305.99,0.41,0.37,2024-04-29,2039,N,VIIRS,n,2,289.03,1.16,N,0
29.96307,78.35866,307.66,0.41,0.37,2024-04-29,2039,N,VIIRS,n,2,292.88,0.76,N,0
29.94308,78.47469,315.79,0.41,0.37,2024-04-29,2039,N,VIIRS,n,2,289.32,1.26,N,0
29.63855,80.15314,301.67,0.47,0.4,2024-04-29,2039,N,VIIRS,n,2,288.91,0.76,N,0
29.7018,79.76996,313.37,0.46,0.39,2024-04-29,2039,N,VIIRS,n,2,285.64,1.73,N,0
29.63648,80.08322,314.8,0.47,0.4,2024-04-29,2039,N,VIIRS,n,2,290.21,1.33,N,0
29.6355,80.08852,304.28,0.47,0.4,2024-04-29,2039,N,VIIRS,n,2,290.34,1.33,N,0
29.83427,78.97485,300.13,0.43,0.38,2024-04-29,2039,N,VIIRS,n,2,287.56,0.55,N,0
29.63203,80.08692,305.16,0.47,0.4,2024-04-29,2039,N,VIIRS,n,2,288.7,1.06,N,0
29.62618,80.11829,308.03,0.47,0.4,2024-04-29,2039,N,VIIRS,n,2,292.41,1.18,N,0
29.62265,80.117,304.96,0.47,0.4,2024-04-29,2039,N,VIIRS,n,2,291.17,1.18,N,0
29.8134,78.99146,306.92,0.43,0.38,2024-04-29,2039,N,VIIRS,n,2,285.93,0.88,N,0
29.79967,79.02822,302.07,0.43,0.38,2024-04-29,2039,N,VIIRS,n,2,285.38,0.55,N,0
29.79583,79.0497,298.97,0.43,0.38,2024-04-29,2039,N,VIIRS,n,2,283.97,0.69,N,0
29.79504,79.05412,301.37,0.43,0.38,2024-04-29,2039,N,VIIRS,n,2,284.78,0.69,N,0
29.68208,79.67602,298.2,0.45,0.39,2024-04-29,2039,N,VIIRS,n,2,285.87,0.71,N,0
29.79629,79.02708,313.91,0.43,0.38,2024-04-29,2039,N,VIIRS,n,2,285.71,1.52,N,0
29.79244,79.04861,302.59,0.43,0.38,2024-04-29,2039,N,VIIRS,n,2,283.09,1.26,N,0
29.79165,79.05301,316.25,0.43,0.38,2024-04-29,2039,N,VIIRS,n,2,285.14,1.26,N,0
29.88635,78.49712,308.23,0.41,0.37,2024-04-29,2039,N,VIIRS,n,2,290.48,1.08,N,0
29.85219,78.69199,303.61,0.42,0.37,2024-04-29,2039,N,VIIRS,n,2,288.32,0.95,N,0
29.62313,79.93366,299.23,0.46,0.39,2024-04-29,2039,N,VIIRS,n,2,286.7,0.77,N,0
29.77887,79.0641,296.92,0.43,0.38,2024-04-29,2039,N,VIIRS,n,2,285.67,0.59,N,0
29.90995,77.84829,301.65,0.4,0.37,2024-04-29,2039,N,VIIRS,n,2,291.53,0.47,N,0
30.26395,75.17593,304.51,0.39,0.36,2024-04-29,2039,N,VIIRS,n,2,288.68,0.85,N,3
29.24366,79.08877,309.72,0.43,0.38,2024-04-29,2039,N,VIIRS,n,2,292.92,0.91,N,0
29.90774,74.94698,305.56,0.4,0.37,2024-04-29,2039,N,VIIRS,n,2,289.44,0.96,N,2
29.91109,74.94763,326.93,0.4,0.37,2024-04-29,2039,N,VIIRS,n,2,290.26,1.9,N,2
29.51635,76.96166,300.83,0.39,0.36,2024-04-29,2039,N,VIIRS,n,2,289.64,0.19,N,0
29.01691,79.81083,314.32,0.47,0.39,2024-04-29,2039,N,VIIRS,n,2,294.79,2.32,N,0
29.02209,79.76276,331.4,0.46,0.39,2024-04-29,2039,N,VIIRS,n,2,296.53,4.84,N,0
29.0177,79.78637,344.64,0.47,0.39,2024-04-29,2039,N,VIIRS,n,2,294.9,4.16,N,0
29.01332,79.80997,335.09,0.47,0.39,2024-04-29,2039,N,VIIRS,n,2,301.8,12.05,N,0
29.01244,79.8147,320.04,0.47,0.39,2024-04-29,2039,N,VIIRS,n,2,295.2,4.29,N,0
29.02296,79.75804,318.98,0.46,0.39,2024-04-29,2039,N,VIIRS,n,2,291.86,4.84,N,0
29.0106,79.8044,331.91,0.47,0.39,2024-04-29,2039,N,VIIRS,n,2,296.1,12.05,N,0
29.00973,79.80912,353.63,0.47,0.39,2024-04-29,2039,N,VIIRS,n,2,298.18,12.05,N,0
29.0185,79.7619,309.9,0.46,0.39,2024-04-29,2039,N,VIIRS,n,2,292.3,4.84,N,0
29.01499,79.78078,303.71,0.46,0.39,2024-04-29,2039,N,VIIRS,n,2,292.1,1.61,N,0
29.01411,79.78551,306.89,0.47,0.39,2024-04-29,2039,N,VIIRS,n,2,291.85,4.16,N,0
29.00885,79.81384,306.67,0.47,0.39,2024-04-29,2039,N,VIIRS,n,2,295,4.29,N,0
29.6356,75.28013,299.69,0.39,0.36,2024-04-29,2039,N,VIIRS,n,2,289.17,1.09,N,0
29.00701,79.80354,328.56,0.47,0.39,2024-04-29,2039,N,VIIRS,n,2,294.96,4.6,N,0
29.10711,79.25927,315.22,0.44,0.39,2024-04-29,2039,N,VIIRS,n,2,290.81,1.61,N,0
29.10361,79.25846,308.53,0.44,0.39,2024-04-29,2039,N,VIIRS,n,2,288.94,1.61,N,0
28.99794,79.77177,317.34,0.46,0.39,2024-04-29,2039,N,VIIRS,n,2,293,1.18,N,0
28.99705,79.7765,304,0.46,0.39,2024-04-29,2039,N,VIIRS,n,2,292.01,1.18,N,0
28.99617,79.78123,303.82,0.47,0.39,2024-04-29,2039,N,VIIRS,n,2,291.75,0.66,N,0
28.98465,79.8428,306.11,0.47,0.4,2024-04-29,2039,N,VIIRS,n,2,294.39,1.2,N,0
28.99435,79.7709,306.56,0.46,0.39,2024-04-29,2039,N,VIIRS,n,2,292.36,1.18,N,0
29.00393,79.69953,312.87,0.46,0.39,2024-04-29,2039,N,VIIRS,n,2,291.35,0.86,N,0
29.00035,79.69867,302.66,0.46,0.39,2024-04-29,2039,N,VIIRS,n,2,291.15,0.86,N,0
29.07185,79.2161,304.68,0.44,0.38,2024-04-29,2039,N,VIIRS,n,2,291.45,0.85,N,0
28.89539,79.95957,308.73,0.47,0.4,2024-04-29,2039,N,VIIRS,n,2,293.29,1.16,N,0
28.89449,79.9644,308.87,0.48,0.4,2024-04-29,2039,N,VIIRS,n,2,293.32,1.16,N,0
28.91557,79.76991,312.71,0.47,0.39,2024-04-29,2039,N,VIIRS,n,2,291.17,1.46,N,0
28.90303,79.77682,330.01,0.47,0.39,2024-04-29,2039,N,VIIRS,n,2,292.77,3.8,N,0
28.89944,79.77596,332,0.47,0.39,2024-04-29,2039,N,VIIRS,n,2,291.91,3.8,N,0
28.84555,79.98284,330.99,0.48,0.4,2024-04-29,2039,N,VIIRS,n,2,294.06,4.44,N,0
28.84464,79.98766,314.58,0.48,0.4,2024-04-29,2039,N,VIIRS,n,2,288.52,0.87,N,0
29.6362,75.27611,328.19,0.39,0.36,2024-04-29,2039,N,VIIRS,n,2,290.26,2.27,N,0
29.12399,75.77621,305.88,0.38,0.36,2024-04-29,2039,N,VIIRS,n,2,292.95,1.22,N,2
29.09937,79.95583,316.21,0.47,0.4,2024-04-29,2039,N,VIIRS,n,2,294.84,2.5,N,0
29.27183,79.11372,303.92,0.44,0.38,2024-04-29,2039,N,VIIRS,n,2,293.15,0.6,N,0
29.14772,79.8371,332,0.47,0.39,2024-04-29,2039,N,VIIRS,n,2,294.02,5.62,N,0
29.16304,79.83523,304.68,0.47,0.39,2024-04-29,2039,N,VIIRS,n,2,291.77,1.11,N,0
29.13476,80.00925,320.5,0.47,0.4,2024-04-29,2039,N,VIIRS,n,2,293.59,2.85,N,0
29.77343,76.54305,332.73,0.38,0.36,2024-04-29,2039,N,VIIRS,n,2,291.76,3.25,N,0
28.73729,79.51269,304.4,0.46,0.39,2024-04-29,2039,N,VIIRS,n,2,290.2,0.89,N,0
28.71001,79.72108,324.71,0.47,0.39,2024-04-29,2039,N,VIIRS,n,2,292.29,2.9,N,0
28.80836,79.22436,309.49,0.44,0.39,2024-04-29,2039,N,VIIRS,n,2,291.03,0.88,N,0
28.85161,79.18752,304.36,0.44,0.39,2024-04-29,2039,N,VIIRS,n,2,291.02,0.99,N,0
28.74174,80.19555,304.06,0.49,0.4,2024-04-29,2039,N,VIIRS,n,2,292,1.1,N,0
28.85043,79.69241,306.27,0.46,0.39,2024-04-29,2039,N,VIIRS,n,2,290.76,0.95,N,0
28.93852,79.43236,310.2,0.45,0.39,2024-04-29,2039,N,VIIRS,n,2,292.37,0.69,N,0
28.93746,79.4304,310.52,0.45,0.39,2024-04-29,2039,N,VIIRS,n,2,291.99,1.05,N,0
31.4131,76.83591,298.67,0.38,0.36,2024-04-29,2039,N,VIIRS,n,2,288.62,0.36,N,0
31.32867,76.89648,298.67,0.38,0.36,2024-04-29,2039,N,VIIRS,n,2,287.12,0.54,N,2
31.24875,76.92947,302.18,0.38,0.36,2024-04-29,2039,N,VIIRS,n,2,284.48,0.7,N,2
30.39711,79.34615,297.35,0.43,0.38,2024-04-29,2039,N,VIIRS,n,2,270.51,0.64,N,0
30.65285,77.15498,304.64,0.39,0.36,2024-04-29,2039,N,VIIRS,n,2,292.9,0.7,N,0
30.67656,76.75305,307.38,0.38,0.36,2024-04-29,2039,N,VIIRS,n,2,291.03,0.37,N,0
30.2791,79.10744,320.91,0.43,0.38,2024-04-29,2039,N,VIIRS,n,2,288.49,1.25,N,0
30.27988,79.10299,306.07,0.43,0.38,2024-04-29,2039,N,VIIRS,n,2,287.27,1.25,N,0
30.33998,78.73937,325.57,0.41,0.37,2024-04-29,2039,N,VIIRS,n,2,287.65,1.75,N,0
30.27574,79.10616,310.92,0.43,0.38,2024-04-29,2039,N,VIIRS,n,2,286.07,1.23,N,0
30.27494,79.11066,303.74,0.43,0.38,2024-04-29,2039,N,VIIRS,n,2,286.72,0.5,N,0
30.33654,78.73883,297.39,0.41,0.37,2024-04-29,2039,N,VIIRS,n,2,286.53,1.75,N,0
30.27159,79.10934,300.64,0.43,0.38,2024-04-29,2039,N,VIIRS,n,2,285.16,0.5,N,0
30.33242,78.74219,301.66,0.41,0.37,2024-04-29,2039,N,VIIRS,n,2,284.75,0.61,N,0
30.34021,78.67703,302.07,0.41,0.37,2024-04-29,2039,N,VIIRS,n,2,285.21,0.42,N,0
30.32757,78.74971,295.79,0.41,0.37,2024-04-29,2039,N,VIIRS,n,2,285.09,0.98,N,0
30.33755,78.67206,298.34,0.41,0.37,2024-04-29,2039,N,VIIRS,n,2,286,0.53,N,0
30.33551,78.66348,314.68,0.41,0.37,2024-04-29,2039,N,VIIRS,n,2,287.2,1.8,N,0
30.33481,78.66748,299.25,0.41,0.37,2024-04-29,2039,N,VIIRS,n,2,285.93,0.53,N,0
30.32204,78.70034,304.68,0.41,0.37,2024-04-29,2039,N,VIIRS,n,2,286.79,0.74,N,0
30.31862,78.69966,311.52,0.41,0.37,2024-04-29,2039,N,VIIRS,n,2,286.82,1.12,N,0
29.9822,80.34829,304,0.48,0.4,2024-04-29,2039,N,VIIRS,n,2,283.2,1.21,N,0
30.26755,78.6886,311.62,0.41,0.37,2024-04-29,2039,N,VIIRS,n,2,288.24,0.65,N,0
30.26876,78.68638,313.82,0.41,0.37,2024-04-29,2039,N,VIIRS,n,2,288.11,1.2,N,0
30.2203,78.82296,305.92,0.42,0.37,2024-04-29,2039,N,VIIRS,n,2,290.89,0.75,N,0
30.0467,79.79689,296.16,0.45,0.39,2024-04-29,2039,N,VIIRS,n,2,283.3,0.65,N,0
29.98222,80.14879,304.2,0.47,0.4,2024-04-29,2039,N,VIIRS,n,2,288.02,0.95,N,0
29.98585,79.90678,298.83,0.46,0.39,2024-04-29,2039,N,VIIRS,n,2,288.12,0.34,N,0
30.18466,78.78313,304.18,0.42,0.37,2024-04-29,2039,N,VIIRS,n,2,289.27,0.6,N,0
30.18391,78.78738,306.41,0.42,0.37,2024-04-29,2039,N,VIIRS,n,2,289.7,1.01,N,0
30.17565,78.794,299.27,0.42,0.37,2024-04-29,2039,N,VIIRS,n,2,288.74,0.57,N,0
29.97606,79.87942,297.21,0.46,0.39,2024-04-29,2039,N,VIIRS,n,2,286.84,0.77,N,0
29.87722,80.3867,328.88,0.48,0.4,2024-04-29,2039,N,VIIRS,n,2,291.09,2.18,N,0
30.18925,78.67625,302.96,0.41,0.37,2024-04-29,2039,N,VIIRS,n,2,286.74,0.62,N,0
29.87646,80.39076,303.12,0.48,0.4,2024-04-29,2039,N,VIIRS,n,2,287.89,2.18,N,0
30.18458,78.66251,320.62,0.41,0.37,2024-04-29,2039,N,VIIRS,n,2,289.77,1.73,N,0
30.18387,78.66657,320.86,0.41,0.37,2024-04-29,2039,N,VIIRS,n,2,289.18,1.73,N,0
30.17319,78.64685,320.1,0.41,0.37,2024-04-29,2039,N,VIIRS,n,2,289.82,1.68,N,0
30.19178,78.54076,297.07,0.41,0.37,2024-04-29,2039,N,VIIRS,n,2,285.05,0.62,N,0
30.16984,78.64579,314.14,0.41,0.37,2024-04-29,2039,N,VIIRS,n,2,288.75,1.1,N,0
30.17959,78.52937,322.12,0.41,0.37,2024-04-29,2039,N,VIIRS,n,2,286.31,2.25,N,0
30.17882,78.53387,324.13,0.41,0.37,2024-04-29,2039,N,VIIRS,n,2,287.71,2.25,N,0
30.17806,78.53834,316.97,0.41,0.37,2024-04-29,2039,N,VIIRS,n,2,287.77,1.5,N,0
30.15833,78.65289,303.12,0.41,0.37,2024-04-29,2039,N,VIIRS,n,2,287.09,0.74,N,0
29.84884,80.35989,302.38,0.48,0.4,2024-04-29,2039,N,VIIRS,n,2,289.25,0.92,N,0
28.70261,76.34439,306.97,0.38,0.36,2024-04-29,2040,N,VIIRS,n,2,291.32,0.51,N,0
28.74427,76.92874,302.43,0.39,0.36,2024-04-29,2040,N,VIIRS,n,2,292.13,0.25,N,0
28.85845,77.14455,317.56,0.39,0.36,2024-04-29,2040,N,VIIRS,n,2,293.48,1.17,N,0
28.86854,77.20856,302.38,0.39,0.36,2024-04-29,2040,N,VIIRS,n,2,291.25,0.55,N,0
28.87187,77.20927,305.99,0.39,0.36,2024-04-29,2040,N,VIIRS,n,2,291.5,0.55,N,0
23.68768,87.11991,308.73,0.51,0.66,2024-04-29,2040,N,VIIRS,n,2,294.36,2.37,N,2
23.69563,87.11568,305.94,0.51,0.66,2024-04-29,2040,N,VIIRS,n,2,293.9,2.03,N,2
23.69443,87.12072,307.27,0.51,0.66,2024-04-29,2040,N,VIIRS,n,2,294.51,2.01,N,2
23.69084,87.10886,305.61,0.51,0.66,2024-04-29,2040,N,VIIRS,n,2,293.48,2.03,N,2
23.68841,87.11904,307.54,0.51,0.66,2024-04-29,2040,N,VIIRS,n,2,293.68,2.01,N,2
23.61134,87.14523,305.31,0.52,0.67,2024-04-29,2040,N,VIIRS,n,2,293.22,1.98,N,2
23.80382,86.31912,313.42,0.46,0.63,2024-04-29,2040,N,VIIRS,n,2,296.22,4.65,N,0
23.80175,86.32778,316.25,0.46,0.63,2024-04-29,2040,N,VIIRS,n,2,297,4.94,N,2
23.79641,86.35027,308.34,0.46,0.63,2024-04-29,2040,N,VIIRS,n,2,295.98,3.11,N,2
23.78002,86.39329,326.61,0.46,0.64,2024-04-29,2040,N,VIIRS,n,2,300.19,7.79,N,2
23.7811,86.38873,313.41,0.46,0.64,2024-04-29,2040,N,VIIRS,n,2,296.78,3.96,N,2
23.78811,86.33368,313.04,0.46,0.63,2024-04-29,2040,N,VIIRS,n,2,296.09,3.67,N,2
23.77532,86.38721,319.61,0.46,0.64,2024-04-29,2040,N,VIIRS,n,2,296.69,3.96,N,2
23.7802,86.34115,309.62,0.46,0.63,2024-04-29,2040,N,VIIRS,n,2,294.68,3,N,0
23.77914,86.34559,314.49,0.46,0.63,2024-04-29,2040,N,VIIRS,n,2,295.52,2.65,N,2
23.77489,86.36335,316.95,0.46,0.63,2024-04-29,2040,N,VIIRS,n,2,296.25,3.52,N,2
23.76736,86.39478,311.59,0.46,0.64,2024-04-29,2040,N,VIIRS,n,2,298.36,4.03,N,2
23.76629,86.39925,310.51,0.46,0.64,2024-04-29,2040,N,VIIRS,n,2,297.03,3.05,N,2
23.76051,86.39771,320.46,0.46,0.64,2024-04-29,2040,N,VIIRS,n,2,297.21,3.05,N,2
23.75945,86.40211,325.31,0.46,0.64,2024-04-29,2040,N,VIIRS,n,2,296.96,3.05,N,2
23.76158,86.39323,315.78,0.46,0.64,2024-04-29,2040,N,VIIRS,n,2,298.27,4.03,N,2
23.75366,86.4006,310.25,0.46,0.64,2024-04-29,2040,N,VIIRS,n,2,294.84,2.9,N,2
23.73449,86.42902,311.82,0.46,0.64,2024-04-29,2040,N,VIIRS,n,2,296.09,2.16,N,0
23.7334,86.43357,309.98,0.46,0.64,2024-04-29,2040,N,VIIRS,n,2,295.79,2.16,N,0
23.78241,86.20452,322.12,0.45,0.63,2024-04-29,2040,N,VIIRS,n,2,295.95,3.4,N,2
23.78136,86.20892,324.9,0.45,0.63,2024-04-29,2040,N,VIIRS,n,2,296.5,3.4,N,2
23.78017,86.34406,321.47,0.46,0.63,2024-04-29,2040,N,VIIRS,n,2,296.36,3.86,N,2
23.77603,86.3619,315.14,0.46,0.63,2024-04-29,2040,N,VIIRS,n,2,296.41,3.72,N,2
23.76978,86.38884,310.69,0.46,0.64,2024-04-29,2040,N,VIIRS,n,2,297.57,5.82,N,2
23.76086,86.40077,329.71,0.46,0.64,2024-04-29,2040,N,VIIRS,n,2,297.89,7.24,N,2
23.76294,86.39182,316.26,0.46,0.64,2024-04-29,2040,N,VIIRS,n,2,298.4,4.79,N,2
23.76189,86.39634,312.24,0.46,0.64,2024-04-29,2040,N,VIIRS,n,2,297.34,4.79,N,2
23.75507,86.39925,310.03,0.46,0.64,2024-04-29,2040,N,VIIRS,n,2,294.69,1.93,N,2
23.75404,86.40368,310.12,0.46,0.64,2024-04-29,2040,N,VIIRS,n,2,294.67,1.93,N,2
23.73506,86.43223,315.59,0.46,0.64,2024-04-29,2040,N,VIIRS,n,2,297.34,4.94,N,0
23.78156,86.20699,342.19,0.45,0.63,2024-04-29,2040,N,VIIRS,n,2,298.57,6.63,N,2
23.77582,86.20557,308.32,0.45,0.63,2024-04-29,2040,N,VIIRS,n,2,296.48,1.39,N,2
23.7748,86.20994,309.65,0.45,0.63,2024-04-29,2040,N,VIIRS,n,2,296.62,1.39,N,2
23.71924,86.4471,311.34,0.47,0.64,2024-04-29,2040,N,VIIRS,n,2,298.91,3.84,N,2
23.77008,86.20413,306.48,0.45,0.63,2024-04-29,2040,N,VIIRS,n,2,294.68,1.39,N,2
23.6894,86.39085,307.9,0.46,0.64,2024-04-29,2040,N,VIIRS,n,2,294.38,1.66,N,2
23.6836,86.38935,317.07,0.46,0.64,2024-04-29,2040,N,VIIRS,n,2,294.4,2.68,N,2
23.68256,86.39373,315.99,0.46,0.64,2024-04-29,2040,N,VIIRS,n,2,295.13,2.68,N,2
23.67569,86.39674,309.57,0.46,0.64,2024-04-29,2040,N,VIIRS,n,2,295.31,2.49,N,2
23.6746,86.40131,318.99,0.46,0.64,2024-04-29,2040,N,VIIRS,n,2,295.37,2.49,N,2
23.67873,86.10405,306.48,0.45,0.63,2024-04-29,2040,N,VIIRS,n,2,293.75,2.23,N,2
23.67711,86.08505,310.85,0.44,0.63,2024-04-29,2040,N,VIIRS,n,2,295.46,3.86,N,2
23.66942,86.0921,311.69,0.44,0.63,2024-04-29,2040,N,VIIRS,n,2,294.73,2.44,N,2
23.69371,87.12156,310.75,0.51,0.66,2024-04-29,2040,N,VIIRS,n,2,295.06,1.34,N,2
23.69493,87.11655,305.56,0.51,0.66,2024-04-29,2040,N,VIIRS,n,2,294.11,1.34,N,2
27.66824,76.13155,307.52,0.38,0.36,2024-04-29,2040,N,VIIRS,n,2,296.73,1.84,N,2
28.03187,77.18752,315.96,0.39,0.37,2024-04-29,2040,N,VIIRS,n,2,294.62,1.17,N,0
28.21223,76.87934,308.52,0.39,0.36,2024-04-29,2040,N,VIIRS,n,2,293.82,0.88,N,0
23.16771,82.34098,325.4,0.54,0.5,2024-04-29,2041,N,VIIRS,n,2,296.68,2.83,N,2
23.16309,82.34,307.33,0.54,0.5,2024-04-29,2041,N,VIIRS,n,2,294.98,2.83,N,2
24.65783,73.8727,305.98,0.39,0.36,2024-04-29,2041,N,VIIRS,n,2,295.89,1.14,N,0
24.69027,73.00172,309.04,0.41,0.37,2024-04-29,2041,N,VIIRS,n,2,298.71,1.31,N,2
24.60007,73.02508,313.5,0.41,0.37,2024-04-29,2041,N,VIIRS,n,2,296.92,1.96,N,0
24.35013,73.80389,310.51,0.39,0.36,2024-04-29,2041,N,VIIRS,n,2,298.6,1.33,N,0
24.34622,73.80714,311.4,0.39,0.36,2024-04-29,2041,N,VIIRS,n,2,298.45,1.33,N,0
24.47699,72.5463,302.29,0.42,0.38,2024-04-29,2041,N,VIIRS,n,2,291.84,0.32,N,0
24.16529,74.40085,307.14,0.39,0.36,2024-04-29,2041,N,VIIRS,n,2,294.81,1.22,N,0
24.12529,74.24289,320.61,0.39,0.36,2024-04-29,2041,N,VIIRS,n,2,295.08,1.26,N,0
24.12198,74.24229,304.05,0.39,0.36,2024-04-29,2041,N,VIIRS,n,2,293.4,1.33,N,0
24.11866,74.24168,327.6,0.39,0.36,2024-04-29,2041,N,VIIRS,n,2,294.82,1.33,N,0
24.15506,73.3267,306.61,0.4,0.37,2024-04-29,2041,N,VIIRS,n,2,295.43,1.73,N,0
24.15227,73.32219,305.29,0.4,0.37,2024-04-29,2041,N,VIIRS,n,2,294.83,1.03,N,0
24.07133,73.37972,305.3,0.4,0.37,2024-04-29,2041,N,VIIRS,n,2,295.06,1.2,N,0
22.33634,82.66206,307.71,0.58,0.52,2024-04-29,2041,N,VIIRS,n,2,295.33,3.25,N,0
22.32912,82.60163,310.14,0.58,0.52,2024-04-29,2041,N,VIIRS,n,2,295.77,1.96,N,2
22.32556,82.59487,310.66,0.58,0.52,2024-04-29,2041,N,VIIRS,n,2,295.64,1.96,N,2
22.32439,82.60037,308.4,0.58,0.52,2024-04-29,2041,N,VIIRS,n,2,295.27,1.96,N,2
22.32544,82.52515,313.97,0.57,0.52,2024-04-29,2041,N,VIIRS,n,2,296.36,6,N,0
22.3219,82.51847,315.71,0.57,0.52,2024-04-29,2041,N,VIIRS,n,2,295.99,6.02,N,0
22.10475,83.52199,306.66,0.33,0.55,2024-04-29,2041,N,VIIRS,n,2,294,1.01,N,2
22.10406,83.52513,310.02,0.33,0.55,2024-04-29,2041,N,VIIRS,n,2,293.75,1.01,N,2
22.31483,82.52837,312.4,0.57,0.52,2024-04-29,2041,N,VIIRS,n,2,296.96,6.23,N,2
22.35835,82.30058,308.72,0.55,0.51,2024-04-29,2041,N,VIIRS,n,2,294.34,3.05,N,0
23.96686,73.30609,318.92,0.4,0.37,2024-04-29,2041,N,VIIRS,n,2,296.79,2.14,N,0
23.96588,73.3071,313.53,0.4,0.37,2024-04-29,2041,N,VIIRS,n,2,295.26,2.16,N,0
22.32304,82.58757,309.78,0.58,0.52,2024-04-29,2041,N,VIIRS,n,2,295.83,2.75,N,2
22.32605,82.52436,309.38,0.57,0.52,2024-04-29,2041,N,VIIRS,n,2,295.84,2.42,N,0
22.31927,82.55741,309.41,0.57,0.52,2024-04-29,2041,N,VIIRS,n,2,295.64,2.55,N,0
22.32247,82.51766,312.2,0.57,0.52,2024-04-29,2041,N,VIIRS,n,2,295.88,2.42,N,0
22.31435,82.53307,309.06,0.57,0.52,2024-04-29,2041,N,VIIRS,n,2,295.53,3.8,N,2
22.35632,82.30452,309.08,0.55,0.51,2024-04-29,2041,N,VIIRS,n,2,294.92,2.55,N,0
22.10483,83.11848,310.01,0.63,0.54,2024-04-29,2041,N,VIIRS,n,2,295.01,4.14,N,2
23.89259,73.19405,308.26,0.4,0.37,2024-04-29,2041,N,VIIRS,n,2,297.87,1.4,N,0
22.03915,83.34903,311,0.32,0.55,2024-04-29,2041,N,VIIRS,n,2,294.8,2.86,N,2
22.03847,83.35215,312.03,0.32,0.55,2024-04-29,2041,N,VIIRS,n,2,294.9,2.93,N,2
23.88922,73.1934,316.05,0.4,0.37,2024-04-29,2041,N,VIIRS,n,2,298.16,1.4,N,0
22.03139,83.36046,308.12,0.33,0.55,2024-04-29,2041,N,VIIRS,n,2,294.41,2.8,N,2
22.0307,83.36362,310.27,0.33,0.55,2024-04-29,2041,N,VIIRS,n,2,294.49,2.69,N,2
22.1043,83.118,310.66,0.63,0.54,2024-04-29,2041,N,VIIRS,n,2,295.21,4.27,N,2
22.03959,83.35227,310.44,0.33,0.55,2024-04-29,2041,N,VIIRS,n,2,294.48,2.03,N,2
22.03258,83.36059,309.32,0.33,0.55,2024-04-29,2041,N,VIIRS,n,2,294.89,2.35,N,2
22.03191,83.36375,309.04,0.33,0.55,2024-04-29,2041,N,VIIRS,n,2,294.72,2.62,N,2
23.81466,73.29354,306.18,0.4,0.37,2024-04-29,2041,N,VIIRS,n,2,296.18,1.44,N,0
21.98417,83.36525,309.17,0.33,0.55,2024-04-29,2041,N,VIIRS,n,2,294.2,1.69,N,0
21.98658,83.2318,309.03,0.32,0.55,2024-04-29,2041,N,VIIRS,n,2,294.35,2.02,N,2
21.92404,83.35053,313.76,0.33,0.55,2024-04-29,2041,N,VIIRS,n,2,294.88,2.17,N,2
21.87929,83.5546,317.37,0.34,0.56,2024-04-29,2041,N,VIIRS,n,2,293.75,1.7,N,2
23.55708,74.48228,309.59,0.38,0.36,2024-04-29,2041,N,VIIRS,n,2,297.31,1.3,N,0
21.92708,83.3464,314.31,0.33,0.55,2024-04-29,2041,N,VIIRS,n,2,295.2,3.63,N,2
21.9214,83.34832,328.01,0.33,0.55,2024-04-29,2041,N,VIIRS,n,2,296.02,3.18,N,2
21.92073,83.35148,328.41,0.33,0.55,2024-04-29,2041,N,VIIRS,n,2,296.64,3.18,N,2
21.92339,83.33891,310.58,0.33,0.55,2024-04-29,2041,N,VIIRS,n,2,293.87,3.27,N,2
21.87803,83.55293,310.99,0.34,0.56,2024-04-29,2041,N,VIIRS,n,2,292.81,2.21,N,2
21.87452,83.49427,317.43,0.33,0.56,2024-04-29,2041,N,VIIRS,n,2,293.63,1.96,N,2
22.00356,82.66644,313.62,0.59,0.53,2024-04-29,2041,N,VIIRS,n,2,294.58,3.71,N,2
22.00238,82.67204,311.01,0.59,0.53,2024-04-29,2041,N,VIIRS,n,2,294.44,3.19,N,2
21.26672,85.30112,309.07,0.45,0.63,2024-04-29,2041,N,VIIRS,n,2,295.68,4.03,N,0
21.26584,85.3049,312.33,0.45,0.63,2024-04-29,2041,N,VIIRS,n,2,295.67,3.5,N,0
21.26654,85.30339,319.81,0.45,0.63,2024-04-29,2041,N,VIIRS,n,2,295.85,3.27,N,0
23.41399,72.35583,313.54,0.42,0.38,2024-04-29,2041,N,VIIRS,n,2,295.28,0.74,N,0
21.0803,85.03046,307.51,0.43,0.62,2024-04-29,2041,N,VIIRS,n,2,295.31,3.21,N,2
21.07936,85.03468,308.9,0.43,0.62,2024-04-29,2041,N,VIIRS,n,2,295.74,2.63,N,2
21.07842,85.03883,309.49,0.43,0.62,2024-04-29,2041,N,VIIRS,n,2,295.21,2.63,N,2
21.0775,85.04293,310.86,0.43,0.62,2024-04-29,2041,N,VIIRS,n,2,295.39,3.15,N,2
20.98012,85.12873,309.61,0.44,0.62,2024-04-29,2041,N,VIIRS,n,2,295.42,1.93,N,2
20.97914,85.13301,317.04,0.44,0.62,2024-04-29,2041,N,VIIRS,n,2,296.06,1.62,N,2
20.97817,85.13723,308.32,0.44,0.62,2024-04-29,2041,N,VIIRS,n,2,295.78,1.62,N,2
20.97134,85.16685,308.89,0.44,0.63,2024-04-29,2041,N,VIIRS,n,2,296.54,1.63,N,2
20.97038,85.17102,317.84,0.44,0.63,2024-04-29,2041,N,VIIRS,n,2,296.23,1.63,N,2
20.97918,85.12845,310.75,0.44,0.62,2024-04-29,2041,N,VIIRS,n,2,295.26,3.08,N,2
20.97823,85.13273,317.53,0.44,0.62,2024-04-29,2041,N,VIIRS,n,2,296.32,2.49,N,2
20.97727,85.13699,308.96,0.44,0.62,2024-04-29,2041,N,VIIRS,n,2,295.89,2.49,N,2
20.96971,85.17088,316.61,0.44,0.63,2024-04-29,2041,N,VIIRS,n,2,296.23,4.74,N,2
20.96782,85.1524,328.02,0.44,0.63,2024-04-29,2041,N,VIIRS,n,2,296.04,3.56,N,2
20.96877,85.14813,310.81,0.44,0.63,2024-04-29,2041,N,VIIRS,n,2,295.26,3.56,N,2
20.96687,85.15666,308.79,0.44,0.63,2024-04-29,2041,N,VIIRS,n,2,295.81,4.27,N,2
20.96498,85.1651,311.15,0.44,0.63,2024-04-29,2041,N,VIIRS,n,2,295.96,2.39,N,2
20.96404,85.1693,314.2,0.44,0.63,2024-04-29,2041,N,VIIRS,n,2,296.14,2.39,N,2
20.86615,84.98907,313.19,0.43,0.62,2024-04-29,2041,N,VIIRS,n,2,296.15,1.71,N,2
20.86516,84.99348,310.47,0.44,0.62,2024-04-29,2041,N,VIIRS,n,2,296.46,1.71,N,2
20.80638,85.25445,313.31,0.45,0.63,2024-04-29,2041,N,VIIRS,n,2,296.24,2.5,N,2
20.79494,85.2513,324.06,0.45,0.63,2024-04-29,2041,N,VIIRS,n,2,296.17,4.8,N,2
20.78719,85.25867,311.42,0.45,0.63,2024-04-29,2041,N,VIIRS,n,2,296.62,1.91,N,2
20.78619,85.26308,314.87,0.45,0.63,2024-04-29,2041,N,VIIRS,n,2,296.23,1.91,N,2
20.7852,85.26743,307.8,0.45,0.63,2024-04-29,2041,N,VIIRS,n,2,295.11,1.35,N,2
20.76101,85.29335,313.08,0.46,0.63,2024-04-29,2041,N,VIIRS,n,2,296.02,2.11,N,2
23.31486,70.48653,310.02,0.5,0.41,2024-04-29,2041,N,VIIRS,n,2,297.81,1.77,N,2
22.97658,72.56447,313.17,0.41,0.37,2024-04-29,2041,N,VIIRS,n,2,296.79,2.3,N,0
22.95262,71.77432,317.2,0.44,0.38,2024-04-29,2041,N,VIIRS,n,2,297.02,1.36,N,0
22.46367,73.84548,322.68,0.39,0.36,2024-04-29,2041,N,VIIRS,n,2,296.95,2.28,N,0
22.46645,73.73847,308.18,0.39,0.36,2024-04-29,2041,N,VIIRS,n,2,297.17,1.27,N,0
22.46588,73.74221,316.04,0.39,0.36,2024-04-29,2041,N,VIIRS,n,2,297.37,1.27,N,0
22.49263,73.47649,307.87,0.39,0.36,2024-04-29,2041,N,VIIRS,n,2,294.95,0.97,N,0
22.48595,73.31585,327.45,0.39,0.36,2024-04-29,2041,N,VIIRS,n,2,296.2,1.61,N,0
22.48261,73.31527,318.81,0.39,0.36,2024-04-29,2041,N,VIIRS,n,2,294.67,1.57,N,0
22.93803,69.69733,310.2,0.54,0.42,2024-04-29,2041,N,VIIRS,n,2,296.68,1.82,N,2
20.21237,72.81176,313.28,0.39,0.36,2024-04-29,2042,N,VIIRS,n,2,295.25,1.16,N,0
20.19193,72.99162,305.03,0.39,0.36,2024-04-29,2042,N,VIIRS,n,2,294.93,0.55,N,0
20.44135,72.86463,308.46,0.39,0.36,2024-04-29,2042,N,VIIRS,n,2,297.2,1.51,N,0
20.44191,72.86088,317.13,0.39,0.36,2024-04-29,2042,N,VIIRS,n,2,297.53,1.51,N,0
20.37449,73.47684,310.74,0.39,0.36,2024-04-29,2042,N,VIIRS,n,2,295.74,1.29,N,0
20.40501,73.27779,312.62,0.39,0.36,2024-04-29,2042,N,VIIRS,n,2,294.3,0.81,N,0
20.39742,73.65809,306.4,0.38,0.36,2024-04-29,2042,N,VIIRS,n,2,293.86,0.67,N,0
22.12796,72.76569,313.55,0.4,0.37,2024-04-29,2042,N,VIIRS,n,2,295.03,1.22,N,0
21.59868,73.68167,306.76,0.39,0.36,2024-04-29,2042,N,VIIRS,n,2,295.56,1.31,N,0
21.57915,73.72012,316.68,0.39,0.36,2024-04-29,2042,N,VIIRS,n,2,296.46,1.98,N,0
21.36645,74.04376,306.24,0.38,0.36,2024-04-29,2042,N,VIIRS,n,2,295.81,1.05,N,0
21.09822,74.17847,306.17,0.38,0.36,2024-04-29,2042,N,VIIRS,n,2,295.43,1.24,N,0
21.07676,73.73279,322.33,0.38,0.36,2024-04-29,2042,N,VIIRS,n,2,296.92,2.16,N,0
21.07346,73.7322,307.57,0.38,0.36,2024-04-29,2042,N,VIIRS,n,2,295.88,1.39,N,0
21.49521,70.62115,308.3,0.47,0.4,2024-04-29,2042,N,VIIRS,n,2,297.52,1.81,N,0
21.00221,73.84071,318.15,0.38,0.36,2024-04-29,2042,N,VIIRS,n,2,296.11,1.75,N,0
21.11153,72.63322,311.3,0.4,0.37,2024-04-29,2042,N,VIIRS,n,2,298.31,1.29,N,2
21.11096,72.63705,315.28,0.4,0.37,2024-04-29,2042,N,VIIRS,n,2,299.36,1.29,N,2
21.10645,72.64413,332.28,0.4,0.37,2024-04-29,2042,N,VIIRS,n,2,302.75,6.54,N,2
21.10759,72.63648,312.44,0.4,0.37,2024-04-29,2042,N,VIIRS,n,2,299.99,1.29,N,2
21.10589,72.64796,319.97,0.4,0.37,2024-04-29,2042,N,VIIRS,n,2,300.65,6.54,N,2
21.10422,72.63591,332.29,0.4,0.37,2024-04-29,2042,N,VIIRS,n,2,299.67,6.03,N,2
21.10085,72.63535,333.3,0.4,0.37,2024-04-29,2042,N,VIIRS,n,2,298.89,6.03,N,2
20.6311,73.48248,340.06,0.39,0.36,2024-04-29,2042,N,VIIRS,n,2,296.87,3.08,N,0
20.62779,73.48191,325.63,0.39,0.36,2024-04-29,2042,N,VIIRS,n,2,294.47,3.08,N,0
20.6113,73.58872,308.65,0.38,0.36,2024-04-29,2042,N,VIIRS,n,2,295.81,1.26,N,0
20.60742,73.59181,317.22,0.38,0.36,2024-04-29,2042,N,VIIRS,n,2,295.54,1.48,N,0
20.91182,71.45956,308.39,0.43,0.38,2024-04-29,2042,N,VIIRS,n,2,298.14,1.06,N,2
20.90832,71.459,310.97,0.43,0.38,2024-04-29,2042,N,VIIRS,n,2,297.61,1.81,N,2
20.54345,73.80685,339.18,0.38,0.36,2024-04-29,2042,N,VIIRS,n,2,298.39,5.75,N,0
20.52793,73.81963,300.34,0.38,0.36,2024-04-29,2042,N,VIIRS,n,2,288.02,0.67,N,0
20.45019,73.33866,307.39,0.39,0.36,2024-04-29,2042,N,VIIRS,n,2,294.46,0.82,N,0
20.40072,73.65868,310.29,0.38,0.36,2024-04-29,2042,N,VIIRS,n,2,292.97,0.67,N,0
20.95181,84.85468,339.99,0.4,0.44,2024-04-30,0753,N,VIIRS,n,2,306.7,3.32,D,0
20.95228,84.85851,339.44,0.4,0.44,2024-04-30,0753,N,VIIRS,n,2,306.47,3.91,D,0
20.94773,84.85513,336.96,0.4,0.44,2024-04-30,0753,N,VIIRS,n,2,307.03,3.61,D,0
20.94819,84.85896,344.17,0.4,0.44,2024-04-30,0753,N,VIIRS,n,2,307.98,6,D,0
20.98095,85.12977,344.07,0.41,0.45,2024-04-30,0753,N,VIIRS,n,2,310.7,8.73,D,2
20.97871,85.14627,336.89,0.41,0.45,2024-04-30,0753,N,VIIRS,l,2,307,7.05,D,2
20.96672,85.15189,345.74,0.41,0.45,2024-04-30,0753,N,VIIRS,n,2,309.69,7.03,D,2
20.9672,85.15589,337.34,0.41,0.45,2024-04-30,0753,N,VIIRS,n,2,307.14,7.03,D,2
20.96957,85.17587,337.93,0.41,0.45,2024-04-30,0753,N,VIIRS,l,2,308.12,6.49,D,2
20.98206,85.28121,333.73,0.42,0.45,2024-04-30,0753,N,VIIRS,l,2,306.62,1.3,D,0
20.96493,85.17238,337.94,0.41,0.45,2024-04-30,0753,N,VIIRS,l,2,308.3,9.58,D,2
20.99018,85.45991,333.68,0.43,0.46,2024-04-30,0753,N,VIIRS,l,2,305.95,2.96,D,0
20.85235,84.84789,337.97,0.39,0.44,2024-04-30,0753,N,VIIRS,n,2,305.84,4.72,D,0
20.85282,84.85174,342.62,0.4,0.44,2024-04-30,0753,N,VIIRS,n,2,306.62,4.72,D,0
20.86988,84.99106,334.44,0.4,0.44,2024-04-30,0753,N,VIIRS,l,2,309.08,3.31,D,2
20.8483,84.84857,335.91,0.39,0.44,2024-04-30,0753,N,VIIRS,l,2,307.29,3.33,D,0
20.84877,84.85242,342.58,0.4,0.44,2024-04-30,0753,N,VIIRS,n,2,307.54,3.33,D,0
20.88681,85.23524,351.38,0.42,0.45,2024-04-30,0753,N,VIIRS,n,2,304.33,8.24,D,0
20.83298,84.89283,331.74,0.4,0.44,2024-04-30,0753,N,VIIRS,l,2,304.88,1.08,D,0
20.86545,85.23388,333.22,0.42,0.45,2024-04-30,0753,N,VIIRS,l,2,305.3,1.7,D,0
20.86593,85.23793,331.99,0.42,0.45,2024-04-30,0753,N,VIIRS,l,2,305.59,3.05,D,0
20.88046,85.39732,343.57,0.43,0.46,2024-04-30,0753,N,VIIRS,n,2,306.36,2.66,D,0
20.88313,85.49376,332.49,0.43,0.46,2024-04-30,0753,N,VIIRS,l,2,304.75,2.91,D,0
21.27407,85.07027,332.9,0.41,0.45,2024-04-30,0753,N,VIIRS,l,2,302.95,4.4,D,0
21.19702,84.80622,337.04,0.4,0.44,2024-04-30,0753,N,VIIRS,l,2,308.89,2.25,D,0
21.19744,84.80621,335.09,0.4,0.44,2024-04-30,0753,N,VIIRS,l,2,308.92,2.29,D,0
21.17258,85.44955,340.13,0.43,0.46,2024-04-30,0753,N,VIIRS,n,2,307.66,4.09,D,0
21.17306,85.45377,340.94,0.43,0.46,2024-04-30,0753,N,VIIRS,n,2,307.3,4.09,D,0
21.04434,85.00871,332.9,0.41,0.45,2024-04-30,0753,N,VIIRS,l,2,304.32,0.96,D,0
20.83128,85.37886,335.92,0.42,0.46,2024-04-30,0753,N,VIIRS,n,2,304.47,1.69,D,0
20.83086,85.37843,335.31,0.42,0.46,2024-04-30,0753,N,VIIRS,n,2,305.18,2.05,D,0
20.7602,84.93816,340.06,0.4,0.44,2024-04-30,0753,N,VIIRS,n,2,306.22,1.69,D,0
20.79929,85.25859,336.72,0.42,0.45,2024-04-30,0753,N,VIIRS,l,2,309.65,4.78,D,2
20.79463,85.25507,346.98,0.42,0.45,2024-04-30,0753,N,VIIRS,n,2,310.55,4.78,D,2
20.74203,84.85777,335.57,0.39,0.44,2024-04-30,0753,N,VIIRS,n,2,304.97,1.39,D,0
20.74581,84.8885,333.44,0.4,0.44,2024-04-30,0753,N,VIIRS,l,2,306.24,2.78,D,0
20.74081,84.88154,335.32,0.4,0.44,2024-04-30,0753,N,VIIRS,l,2,307.87,3.86,D,0
20.78338,85.23203,338.54,0.42,0.45,2024-04-30,0753,N,VIIRS,n,2,307.63,2.67,D,0
20.78678,85.26028,340.24,0.42,0.45,2024-04-30,0753,N,VIIRS,n,2,309.84,5.59,D,2
20.78775,85.26837,336.07,0.42,0.45,2024-04-30,0753,N,VIIRS,l,2,310.11,6.93,D,2
20.77391,85.18855,340.73,0.41,0.45,2024-04-30,0753,N,VIIRS,n,2,308.49,2.29,D,0
20.77487,85.19649,333.59,0.41,0.45,2024-04-30,0753,N,VIIRS,l,2,307.11,2.59,D,0
20.78358,85.26894,333.4,0.42,0.45,2024-04-30,0753,N,VIIRS,l,2,308.02,2.01,D,2
20.79448,85.39587,338.3,0.42,0.46,2024-04-30,0753,N,VIIRS,n,2,305.27,1.83,D,0
20.66282,85.22321,350.88,0.41,0.45,2024-04-30,0753,N,VIIRS,n,2,306.81,7.34,D,0
20.66379,85.23136,336.53,0.41,0.45,2024-04-30,0753,N,VIIRS,l,2,306.99,3.27,D,0
20.61536,84.86514,330.99,0.39,0.44,2024-04-30,0753,N,VIIRS,l,2,305.2,2.94,D,0
20.61082,84.86179,334,0.39,0.44,2024-04-30,0753,N,VIIRS,l,2,305.33,3.23,D,0
20.61128,84.86555,350.3,0.39,0.44,2024-04-30,0753,N,VIIRS,n,2,306.98,5.12,D,0
20.60719,84.86583,333.05,0.39,0.44,2024-04-30,0753,N,VIIRS,l,2,305.43,5.12,D,0
23.27651,73.48463,348,0.39,0.44,2024-04-30,0754,N,VIIRS,n,2,317.09,8.6,D,0
23.35359,73.7196,348.27,0.56,0.43,2024-04-30,0754,N,VIIRS,n,2,315.9,13.95,D,0
23.13478,72.26342,343.84,0.46,0.47,2024-04-30,0754,N,VIIRS,n,2,316.19,6.71,D,0
22.89162,70.86182,347.29,0.56,0.52,2024-04-30,0754,N,VIIRS,l,2,320.83,15.14,D,0
24.26408,83.19843,345.43,0.53,0.42,2024-04-30,0754,N,VIIRS,l,2,318.72,5.46,D,0
24.17761,82.65237,337.48,0.49,0.41,2024-04-30,0754,N,VIIRS,l,2,311.95,5,D,0
22.82741,74.01282,350.35,0.55,0.43,2024-04-30,0754,N,VIIRS,n,2,317.92,17.25,D,0
24.19123,82.88725,342.31,0.51,0.41,2024-04-30,0754,N,VIIRS,l,2,313.96,16.93,D,0
22.75943,73.71681,346.05,0.57,0.43,2024-04-30,0754,N,VIIRS,l,2,319.77,8.42,D,0
22.76175,73.71859,354.84,0.57,0.43,2024-04-30,0754,N,VIIRS,n,2,322.75,16.66,D,0
22.61376,73.66108,352.11,0.39,0.44,2024-04-30,0754,N,VIIRS,n,2,318.47,11.38,D,0
24.09635,83.35612,340.99,0.53,0.42,2024-04-30,0754,N,VIIRS,l,2,314.16,3.93,D,0
22.49486,73.1842,354.46,0.41,0.45,2024-04-30,0754,N,VIIRS,n,2,315.37,8.5,D,0
24.05079,83.14499,348.88,0.52,0.42,2024-04-30,0754,N,VIIRS,n,2,316.78,7.35,D,0
23.96476,82.5773,347.64,0.49,0.4,2024-04-30,0754,N,VIIRS,l,2,317.95,9.55,D,0
23.93797,82.42469,340.46,0.48,0.4,2024-04-30,0754,N,VIIRS,l,2,311.65,3.69,D,0
21.80792,69.95639,340.2,0.34,0.56,2024-04-30,0754,N,VIIRS,l,2,312.87,2.21,D,0
22.43997,73.18787,346.51,0.41,0.45,2024-04-30,0754,N,VIIRS,n,2,315.74,6.45,D,0
23.9,82.42068,341.68,0.48,0.4,2024-04-30,0754,N,VIIRS,l,2,312.68,5.82,D,0
22.44169,73.18614,345.02,0.41,0.45,2024-04-30,0754,N,VIIRS,l,2,315.55,4.69,D,0
23.90118,82.42269,337.14,0.48,0.4,2024-04-30,0754,N,VIIRS,l,2,311.12,3.92,D,0
23.87913,82.42603,342.68,0.48,0.4,2024-04-30,0754,N,VIIRS,n,2,311.28,3.42,D,0
23.90207,82.90591,349.52,0.5,0.41,2024-04-30,0754,N,VIIRS,n,2,316.9,8.23,D,0
22.39121,73.32511,342.22,0.41,0.45,2024-04-30,0754,N,VIIRS,l,2,315.12,4.83,D,0
23.77635,82.08974,344.41,0.46,0.39,2024-04-30,0754,N,VIIRS,n,2,312.31,5.18,D,0
23.77694,82.09435,347.51,0.46,0.39,2024-04-30,0754,N,VIIRS,n,2,312.64,5.24,D,0
23.86676,82.93121,346.9,0.51,0.41,2024-04-30,0754,N,VIIRS,n,2,316.05,9.22,D,0
23.76625,82.18396,342.78,0.46,0.39,2024-04-30,0754,N,VIIRS,l,2,313.18,3.15,D,0
23.7674,82.19308,339.35,0.47,0.39,2024-04-30,0754,N,VIIRS,l,2,313.96,4.7,D,0
23.76261,82.18445,340.15,0.46,0.39,2024-04-30,0754,N,VIIRS,l,2,312.92,3.15,D,0
23.76435,82.19817,350.93,0.47,0.39,2024-04-30,0754,N,VIIRS,n,2,315.33,11.24,D,0
23.86698,82.92918,343.35,0.5,0.41,2024-04-30,0754,N,VIIRS,l,2,316.69,10.13,D,0
23.766,82.18275,343.17,0.46,0.39,2024-04-30,0754,N,VIIRS,l,2,313.46,4.67,D,0
23.76237,82.18326,339.58,0.46,0.39,2024-04-30,0754,N,VIIRS,l,2,312.88,2.29,D,0
23.76417,82.19694,354.14,0.47,0.39,2024-04-30,0754,N,VIIRS,n,2,315.44,10.35,D,0
23.94008,83.57148,340.32,0.55,0.42,2024-04-30,0754,N,VIIRS,l,2,315.14,6.34,D,0
23.75567,82.21677,342.48,0.47,0.39,2024-04-30,0754,N,VIIRS,n,2,315.39,6.27,D,0
23.90129,83.35487,345.63,0.53,0.42,2024-04-30,0754,N,VIIRS,n,2,314.59,5.52,D,0
23.72653,82.24907,341.53,0.47,0.4,2024-04-30,0754,N,VIIRS,l,2,313.38,5.73,D,0
23.74701,82.5547,339.33,0.48,0.4,2024-04-30,0754,N,VIIRS,l,2,310.17,7.34,D,0
23.72661,82.42364,342.34,0.48,0.4,2024-04-30,0754,N,VIIRS,n,2,310.68,4.15,D,0
23.66308,82.10086,339.24,0.46,0.39,2024-04-30,0754,N,VIIRS,l,2,312.08,5.42,D,0
23.77239,83.00392,342.3,0.51,0.41,2024-04-30,0754,N,VIIRS,l,2,313.59,5.14,D,0
23.79409,83.28028,343.53,0.53,0.42,2024-04-30,0754,N,VIIRS,n,2,314.58,5.79,D,0
23.66062,82.22616,344.15,0.47,0.39,2024-04-30,0754,N,VIIRS,n,2,311.98,3.65,D,0
23.78735,83.17926,342.33,0.52,0.41,2024-04-30,0754,N,VIIRS,l,2,315.03,7.25,D,0
23.66003,82.22477,343.38,0.47,0.39,2024-04-30,0754,N,VIIRS,n,2,312.82,5.52,D,0
23.78804,83.21556,344.8,0.52,0.42,2024-04-30,0754,N,VIIRS,l,2,315.16,6.06,D,0
23.79648,83.2825,343.75,0.53,0.42,2024-04-30,0754,N,VIIRS,n,2,313.68,6.46,D,0
23.6443,82.24596,340.15,0.47,0.39,2024-04-30,0754,N,VIIRS,l,2,313.92,3.8,D,0
23.64491,82.25055,340.88,0.47,0.39,2024-04-30,0754,N,VIIRS,l,2,313.01,3.4,D,0
23.64551,82.25517,339.07,0.47,0.39,2024-04-30,0754,N,VIIRS,l,2,312.99,3.4,D,0
23.64187,82.25572,350.49,0.47,0.39,2024-04-30,0754,N,VIIRS,n,2,314.14,7.86,D,0
23.74407,83.05152,348.37,0.51,0.41,2024-04-30,0754,N,VIIRS,n,2,315.43,7.89,D,0
23.76249,83.22955,342.58,0.52,0.42,2024-04-30,0754,N,VIIRS,l,2,313.65,8.06,D,0
23.75865,83.23009,341.47,0.52,0.42,2024-04-30,0754,N,VIIRS,l,2,312.97,5.34,D,0
23.75929,83.23522,339.58,0.52,0.42,2024-04-30,0754,N,VIIRS,l,2,311.8,5.34,D,0
23.69471,82.7823,348.44,0.49,0.41,2024-04-30,0754,N,VIIRS,n,2,314.91,6.17,D,0
23.66993,82.67673,337.76,0.49,0.4,2024-04-30,0754,N,VIIRS,l,2,310.91,2.23,D,0
23.64318,82.49628,340.01,0.48,0.4,2024-04-30,0754,N,VIIRS,l,2,313.29,3.03,D,0
23.6492,82.54347,348.52,0.48,0.4,2024-04-30,0754,N,VIIRS,n,2,308.55,9.55,D,0
23.71932,83.10111,345.52,0.51,0.41,2024-04-30,0754,N,VIIRS,n,2,311.43,3.91,D,0
23.63949,82.49678,339,0.48,0.4,2024-04-30,0754,N,VIIRS,l,2,312.67,3.03,D,0
23.63274,82.50264,353.97,0.48,0.4,2024-04-30,0754,N,VIIRS,n,2,315.32,13.5,D,0
23.64231,82.60775,351.98,0.48,0.4,2024-04-30,0754,N,VIIRS,n,2,314.53,11.83,D,0
23.64949,82.6647,345.26,0.49,0.4,2024-04-30,0754,N,VIIRS,n,2,312.27,3.25,D,0
23.68188,82.92358,342.29,0.5,0.41,2024-04-30,0754,N,VIIRS,n,2,312.84,4.96,D,0
23.63538,82.64264,336.27,0.49,0.4,2024-04-30,0754,N,VIIRS,l,2,311.26,2.54,D,0
23.7306,83.45021,339.11,0.54,0.42,2024-04-30,0754,N,VIIRS,l,2,311.83,3.89,D,0
23.73124,83.45555,349.61,0.54,0.42,2024-04-30,0754,N,VIIRS,n,2,312.03,7.18,D,0
23.622,82.59608,354.06,0.48,0.4,2024-04-30,0754,N,VIIRS,n,2,314.72,10.3,D,0
23.72672,83.45082,339.43,0.54,0.42,2024-04-30,0754,N,VIIRS,n,2,311.77,3.89,D,0
23.72736,83.45612,339.85,0.54,0.42,2024-04-30,0754,N,VIIRS,n,2,311.03,7.18,D,0
23.61829,82.59658,352.13,0.48,0.4,2024-04-30,0754,N,VIIRS,n,2,314.27,4.86,D,0
23.61889,82.60136,337.86,0.48,0.4,2024-04-30,0754,N,VIIRS,l,2,311.83,4.86,D,0
23.64035,82.92868,350.58,0.5,0.41,2024-04-30,0754,N,VIIRS,n,2,312.37,7.36,D,0
23.64023,82.92676,341.12,0.5,0.41,2024-04-30,0754,N,VIIRS,n,2,311.19,4.52,D,0
23.64088,82.93178,336.97,0.5,0.41,2024-04-30,0754,N,VIIRS,l,2,311.31,4.52,D,0
23.99925,86.20568,349.09,0.52,0.5,2024-04-30,0754,N,VIIRS,n,2,314.93,8.14,D,0
23.52419,82.29044,336.57,0.47,0.4,2024-04-30,0754,N,VIIRS,l,2,311.53,3.95,D,0
23.63148,83.19416,342.65,0.52,0.41,2024-04-30,0754,N,VIIRS,n,2,313.45,7.59,D,0
23.48725,82.12035,339.28,0.46,0.39,2024-04-30,0754,N,VIIRS,l,2,309.77,3.23,D,0
22.17043,73.88465,344.06,0.57,0.43,2024-04-30,0754,N,VIIRS,l,2,318.42,7.58,D,0
23.46249,82.15635,346.69,0.46,0.39,2024-04-30,0754,N,VIIRS,n,2,313,4.56,D,0
23.51121,82.53811,338.54,0.48,0.4,2024-04-30,0754,N,VIIRS,l,2,312.81,3.44,D,0
23.62756,83.48331,336.38,0.54,0.42,2024-04-30,0754,N,VIIRS,l,2,310.6,4.41,D,0
23.53387,82.74875,341.96,0.49,0.4,2024-04-30,0754,N,VIIRS,n,2,311.83,4.13,D,0
23.53447,82.75358,339.77,0.49,0.4,2024-04-30,0754,N,VIIRS,l,2,311.55,3.4,D,0
22.07633,73.519,349.54,0.4,0.44,2024-04-30,0754,N,VIIRS,n,2,315.9,3.84,D,0
23.53135,82.75899,345.48,0.49,0.4,2024-04-30,0754,N,VIIRS,n,2,311.19,7.53,D,0
23.53964,82.85652,340.47,0.5,0.41,2024-04-30,0754,N,VIIRS,n,2,311.31,4.66,D,0
23.52595,82.78678,339.81,0.49,0.4,2024-04-30,0754,N,VIIRS,l,2,311.33,2.39,D,0
22.19211,74.41926,345.72,0.54,0.42,2024-04-30,0754,N,VIIRS,l,2,316.55,3.02,D,0
23.57005,83.53649,335.33,0.54,0.42,2024-04-30,0754,N,VIIRS,l,2,309.86,5.1,D,0
21.73829,72.16248,339.74,0.49,0.49,2024-04-30,0754,N,VIIRS,l,2,314.43,10.29,D,0
21.79788,72.71583,347.43,0.45,0.47,2024-04-30,0754,N,VIIRS,n,2,318.97,13.29,D,0
22.15419,74.58093,349.56,0.53,0.42,2024-04-30,0754,N,VIIRS,n,2,320.17,6.75,D,0
21.81825,72.8544,342.39,0.44,0.46,2024-04-30,0754,N,VIIRS,l,2,316.61,3.13,D,0
23.78225,86.2112,346.02,0.52,0.5,2024-04-30,0754,N,VIIRS,l,2,316.67,9.49,D,2
21.90724,73.44068,338.12,0.41,0.45,2024-04-30,0754,N,VIIRS,l,2,312.79,3.19,D,0
23.77109,86.15028,344.93,0.51,0.5,2024-04-30,0754,N,VIIRS,n,2,312.41,6.4,D,0
23.78486,86.46073,335.81,0.54,0.51,2024-04-30,0754,N,VIIRS,l,2,309.46,1.83,D,0
23.75881,86.34601,340.4,0.53,0.5,2024-04-30,0754,N,VIIRS,l,2,311.9,4.02,D,0
23.73381,86.14996,337.91,0.51,0.5,2024-04-30,0754,N,VIIRS,l,2,311.74,5.66,D,0
23.76011,86.40457,343.19,0.53,0.5,2024-04-30,0754,N,VIIRS,l,2,315.39,13.25,D,2
23.72657,86.12509,336.01,0.51,0.5,2024-04-30,0754,N,VIIRS,l,2,309.4,4.37,D,0
23.72923,86.15067,353.48,0.51,0.5,2024-04-30,0754,N,VIIRS,n,2,311.29,8.55,D,0
23.83481,87.25408,348.79,0.61,0.53,2024-04-30,0754,N,VIIRS,n,2,312.56,10.19,D,0
23.25422,82.18092,342.26,0.46,0.39,2024-04-30,0754,N,VIIRS,l,2,316.85,9.01,D,0
23.7212,86.20847,339.42,0.52,0.5,2024-04-30,0754,N,VIIRS,n,2,310.16,4.58,D,0
23.72173,86.21357,338.69,0.52,0.5,2024-04-30,0754,N,VIIRS,n,2,311.03,4.58,D,0
23.84121,87.4266,343.01,0.62,0.54,2024-04-30,0754,N,VIIRS,n,2,310.79,10.21,D,0
23.7166,86.20917,342.99,0.52,0.5,2024-04-30,0754,N,VIIRS,n,2,310.35,13.56,D,0
23.83621,87.42718,346.61,0.62,0.54,2024-04-30,0754,N,VIIRS,n,2,312.05,16.18,D,0
23.71712,86.21426,367,0.52,0.5,2024-04-30,0754,N,VIIRS,h,2,316.13,13.56,D,0
23.78355,86.9793,337.83,0.58,0.52,2024-04-30,0754,N,VIIRS,l,2,311.47,6.96,D,0
23.76511,86.94051,339.04,0.58,0.52,2024-04-30,0754,N,VIIRS,l,2,311.22,2.92,D,0
23.84066,87.42229,342.55,0.62,0.54,2024-04-30,0754,N,VIIRS,n,2,309.58,8.95,D,0
23.84128,87.4284,336.32,0.62,0.54,2024-04-30,0754,N,VIIRS,l,2,310.56,8.95,D,0
23.83628,87.42896,344.86,0.62,0.54,2024-04-30,0754,N,VIIRS,n,2,311.98,8.95,D,0
23.77992,86.97607,338.47,0.58,0.52,2024-04-30,0754,N,VIIRS,l,2,313.22,4.7,D,0
23.66665,86.04229,346.48,0.51,0.49,2024-04-30,0754,N,VIIRS,n,2,313.26,8.8,D,0
23.69309,86.28778,338.88,0.52,0.5,2024-04-30,0754,N,VIIRS,l,2,311,3.06,D,0
23.76181,86.94311,341.16,0.58,0.52,2024-04-30,0754,N,VIIRS,n,2,311.1,10.46,D,0
23.3747,83.56367,339.34,0.54,0.42,2024-04-30,0754,N,VIIRS,l,2,311.26,2.81,D,0
23.36307,83.53342,339.25,0.54,0.42,2024-04-30,0754,N,VIIRS,l,2,312.43,6.15,D,0
23.68562,86.39505,342.62,0.53,0.5,2024-04-30,0754,N,VIIRS,l,2,314.7,10.38,D,2
23.75914,87.21024,340.37,0.6,0.53,2024-04-30,0754,N,VIIRS,n,2,307.87,2.89,D,0
23.241,82.68424,337.28,0.48,0.4,2024-04-30,0754,N,VIIRS,l,2,312.21,2.28,D,0
23.15609,82.05844,341.39,0.45,0.39,2024-04-30,0754,N,VIIRS,l,2,314.09,10.18,D,0
23.19522,82.41518,342.4,0.47,0.4,2024-04-30,0754,N,VIIRS,l,2,313.73,5.22,D,0
23.15875,82.16259,341.1,0.46,0.39,2024-04-30,0754,N,VIIRS,l,2,313.23,5.5,D,0
21.77695,73.57545,340.27,0.4,0.44,2024-04-30,0754,N,VIIRS,l,2,313.53,4.75,D,0
23.16701,82.34011,343.55,0.47,0.39,2024-04-30,0754,N,VIIRS,l,2,315.48,5.75,D,2
23.16759,82.34467,341.27,0.47,0.39,2024-04-30,0754,N,VIIRS,l,2,314.02,5.88,D,2
23.62839,86.34335,337.17,0.53,0.5,2024-04-30,0754,N,VIIRS,l,2,310.34,2.71,D,0
23.29543,83.46323,337.47,0.53,0.42,2024-04-30,0754,N,VIIRS,l,2,311.02,3.29,D,0
21.80228,73.81964,341.08,0.39,0.44,2024-04-30,0754,N,VIIRS,l,2,315.48,6.98,D,0
23.11932,82.14941,340.82,0.46,0.39,2024-04-30,0754,N,VIIRS,l,2,313.99,3.81,D,0
23.26376,83.34469,339.52,0.52,0.42,2024-04-30,0754,N,VIIRS,l,2,313.7,3.43,D,0
23.26718,83.52831,336.17,0.53,0.42,2024-04-30,0754,N,VIIRS,l,2,310.67,3.36,D,0
23.65146,86.90122,345.59,0.57,0.52,2024-04-30,0754,N,VIIRS,n,2,310.19,6.3,D,0
23.62157,86.84731,343.98,0.57,0.52,2024-04-30,0754,N,VIIRS,n,2,310.78,8.45,D,0
21.72672,73.75146,337.4,0.4,0.44,2024-04-30,0754,N,VIIRS,n,2,311.14,2.09,D,0
21.72746,73.75539,337.49,0.39,0.44,2024-04-30,0754,N,VIIRS,l,2,311.85,2.09,D,0
23.57425,86.57338,339.98,0.54,0.51,2024-04-30,0754,N,VIIRS,l,2,311.61,6.59,D,0
21.71647,73.7414,343.92,0.4,0.44,2024-04-30,0754,N,VIIRS,n,2,312.68,5.32,D,0
23.58707,86.89117,348.07,0.57,0.52,2024-04-30,0754,N,VIIRS,n,2,308.39,10.35,D,0
21.71811,73.83905,347.79,0.39,0.44,2024-04-30,0754,N,VIIRS,n,2,314.87,6.96,D,0
23.58225,86.89171,354.24,0.57,0.52,2024-04-30,0754,N,VIIRS,n,2,310.48,15.06,D,0
23.52812,86.40081,346.28,0.53,0.5,2024-04-30,0754,N,VIIRS,n,2,313.91,12.32,D,0
23.57057,87.07337,343.69,0.59,0.53,2024-04-30,0754,N,VIIRS,n,2,308.47,6.7,D,0
23.14734,83.25272,340.24,0.52,0.41,2024-04-30,0754,N,VIIRS,l,2,313.46,5.5,D,0
23.18821,83.59918,337.22,0.54,0.42,2024-04-30,0754,N,VIIRS,l,2,309.88,3.53,D,0
23.57275,87.0752,344.65,0.59,0.52,2024-04-30,0754,N,VIIRS,n,2,308.63,5.01,D,0
23.12958,83.47615,341.48,0.53,0.42,2024-04-30,0754,N,VIIRS,l,2,312.39,7.5,D,0
21.59646,73.68349,348.11,0.4,0.44,2024-04-30,0754,N,VIIRS,n,2,314.1,3.76,D,0
21.44489,72.91148,343.67,0.45,0.47,2024-04-30,0754,N,VIIRS,n,2,310.16,10.36,D,0
23.51928,87.38779,332.75,0.61,0.54,2024-04-30,0754,N,VIIRS,l,2,307.11,2.94,D,0
23.51986,87.39392,340.66,0.61,0.54,2024-04-30,0754,N,VIIRS,n,2,308.01,2.94,D,0
22.90507,82.03622,342.69,0.45,0.39,2024-04-30,0754,N,VIIRS,l,2,313.36,6.39,D,0
23.49439,87.23271,336.14,0.6,0.53,2024-04-30,0754,N,VIIRS,l,2,307.83,4.09,D,0
22.9015,82.03673,349.05,0.45,0.39,2024-04-30,0754,N,VIIRS,n,2,315.92,11.95,D,0
23.47079,87.0396,334.02,0.58,0.52,2024-04-30,0754,N,VIIRS,l,2,308.82,2,D,0
23.04378,83.28513,338.63,0.52,0.41,2024-04-30,0754,N,VIIRS,l,2,308.83,3.68,D,0
23.04548,83.28691,344.84,0.52,0.41,2024-04-30,0754,N,VIIRS,n,2,309.11,5.62,D,0
23.51903,87.38875,333.95,0.61,0.54,2024-04-30,0754,N,VIIRS,l,2,307.39,4.52,D,0
23.51966,87.39484,340.53,0.61,0.54,2024-04-30,0754,N,VIIRS,n,2,308.59,7.62,D,0
23.41192,86.68979,346.59,0.55,0.51,2024-04-30,0754,N,VIIRS,n,2,309.57,6.87,D,0
23.40718,86.69033,332.99,0.55,0.51,2024-04-30,0754,N,VIIRS,l,2,307.07,9.48,D,0
23.40244,86.69089,354.68,0.55,0.51,2024-04-30,0754,N,VIIRS,n,2,309.35,9.48,D,0
21.18206,71.95857,336.53,0.52,0.5,2024-04-30,0754,N,VIIRS,l,2,310.62,5.71,D,0
23.44344,87.18556,331.26,0.59,0.53,2024-04-30,0754,N,VIIRS,l,2,304.72,1.18,D,0
21.28765,72.66102,340.21,0.47,0.47,2024-04-30,0754,N,VIIRS,l,2,311.64,6.53,D,0
21.35683,73.31594,337.58,0.42,0.46,2024-04-30,0754,N,VIIRS,l,2,311.13,4.19,D,0
21.39474,73.70096,344.9,0.4,0.44,2024-04-30,0754,N,VIIRS,l,2,316.19,10.69,D,0
22.78202,82.54664,338.92,0.47,0.4,2024-04-30,0754,N,VIIRS,l,2,312.25,5.25,D,0
21.3739,73.72468,345.26,0.4,0.44,2024-04-30,0754,N,VIIRS,l,2,316.3,10.18,D,0
21.34309,73.65124,343.88,0.41,0.45,2024-04-30,0754,N,VIIRS,l,2,314.16,5.89,D,0
21.12873,72.7075,340.81,0.47,0.47,2024-04-30,0754,N,VIIRS,n,2,304.18,2.39,D,3
22.83498,83.50516,340.53,0.53,0.42,2024-04-30,0754,N,VIIRS,l,2,312.46,6.67,D,0
21.10799,72.64664,344.5,0.47,0.48,2024-04-30,0754,N,VIIRS,n,2,312.06,7.71,D,2
21.1019,72.63859,344.67,0.47,0.48,2024-04-30,0754,N,VIIRS,n,2,314.01,19.92,D,2
21.10364,72.6476,345.42,0.47,0.48,2024-04-30,0754,N,VIIRS,n,2,311.96,7.71,D,2
21.34036,73.99166,352.04,0.39,0.44,2024-04-30,0754,N,VIIRS,n,2,321.53,14.57,D,0
22.71561,82.83556,338.33,0.49,0.4,2024-04-30,0754,N,VIIRS,l,2,311.64,4.61,D,0
22.61034,82.19357,337.91,0.45,0.39,2024-04-30,0754,N,VIIRS,l,2,311.6,7.21,D,0
22.63519,82.58464,341.26,0.47,0.4,2024-04-30,0754,N,VIIRS,l,2,311.45,9,D,0
21.03331,72.73173,340.22,0.47,0.48,2024-04-30,0754,N,VIIRS,l,2,312.8,7.41,D,0
22.55318,82.30038,335.56,0.46,0.39,2024-04-30,0754,N,VIIRS,l,2,307.98,2.92,D,0
22.55079,82.31008,337.99,0.46,0.39,2024-04-30,0754,N,VIIRS,n,2,307.95,2.37,D,0
22.5437,82.28416,338.52,0.46,0.39,2024-04-30,0754,N,VIIRS,l,2,309.99,4.76,D,0
22.5401,82.28465,339.72,0.46,0.39,2024-04-30,0754,N,VIIRS,n,2,309.15,4,D,0
22.55261,82.66702,339.47,0.48,0.4,2024-04-30,0754,N,VIIRS,n,2,309.11,7.05,D,0
22.42389,82.10869,338.49,0.45,0.39,2024-04-30,0754,N,VIIRS,l,2,310.31,2.15,D,0
22.59257,83.53412,336.86,0.53,0.42,2024-04-30,0754,N,VIIRS,l,2,308.4,5.8,D,0
22.49734,82.8395,347.15,0.48,0.4,2024-04-30,0754,N,VIIRS,n,2,310.49,10.69,D,0
20.983,73.57485,342.72,0.42,0.45,2024-04-30,0754,N,VIIRS,n,2,316.56,5.09,D,0
22.44487,82.91692,330.78,0.49,0.4,2024-04-30,0754,N,VIIRS,l,2,305.28,2.49,D,0
21.0078,73.84672,340.68,0.4,0.44,2024-04-30,0754,N,VIIRS,l,2,314.04,6.28,D,0
20.96306,73.62867,349.06,0.41,0.45,2024-04-30,0754,N,VIIRS,n,2,316.81,15.85,D,0
20.97289,73.74973,343.41,0.41,0.45,2024-04-30,0754,N,VIIRS,l,2,317.07,6.15,D,0
20.89367,73.44276,345.07,0.43,0.46,2024-04-30,0754,N,VIIRS,n,2,318.27,7.54,D,0
22.3274,82.53011,339.89,0.47,0.39,2024-04-30,0754,N,VIIRS,l,2,313.88,10.25,D,2
22.40716,83.18837,336.93,0.5,0.41,2024-04-30,0754,N,VIIRS,l,2,307.8,1.74,D,0
22.3377,82.66811,339.16,0.47,0.4,2024-04-30,0754,N,VIIRS,l,2,312.96,7.91,D,0
22.31999,82.5589,342.79,0.47,0.4,2024-04-30,0754,N,VIIRS,l,2,315.47,7.35,D,0
22.31575,83.10127,348.26,0.5,0.41,2024-04-30,0754,N,VIIRS,n,2,304.77,12.93,D,0
20.73733,73.26109,346.63,0.44,0.46,2024-04-30,0754,N,VIIRS,n,2,317,7.51,D,0
20.74047,73.36839,338.93,0.43,0.46,2024-04-30,0754,N,VIIRS,n,2,309.67,1.79,D,0
20.73517,73.40863,349.73,0.43,0.46,2024-04-30,0754,N,VIIRS,n,2,316.13,8.89,D,0
20.73472,73.40833,348.66,0.43,0.46,2024-04-30,0754,N,VIIRS,n,2,316.32,7.76,D,0
20.60666,73.2181,342.48,0.44,0.46,2024-04-30,0754,N,VIIRS,n,2,316.6,3.66,D,0
20.60748,73.22234,340.24,0.44,0.46,2024-04-30,0754,N,VIIRS,l,2,315.08,3.66,D,0
20.65996,73.84286,345.56,0.41,0.45,2024-04-30,0754,N,VIIRS,n,2,317.06,10.22,D,0
20.67076,73.9009,342.12,0.4,0.44,2024-04-30,0754,N,VIIRS,l,2,313.66,10.01,D,0
20.67148,73.90479,345.24,0.4,0.44,2024-04-30,0754,N,VIIRS,n,2,314.78,14.37,D,0
22.10298,83.11824,336.16,0.49,0.41,2024-04-30,0754,N,VIIRS,l,2,311.09,6.39,D,2
20.51854,73.18651,340.79,0.45,0.47,2024-04-30,0754,N,VIIRS,n,2,313.81,3.75,D,0
20.62156,73.93071,343.7,0.4,0.44,2024-04-30,0754,N,VIIRS,l,2,316.33,6.26,D,0
22.00457,82.67127,339.02,0.47,0.4,2024-04-30,0754,N,VIIRS,l,2,311.05,7.81,D,2
20.622,73.93063,343.56,0.4,0.44,2024-04-30,0754,N,VIIRS,n,2,315.51,6.15,D,0
20.53808,73.54361,341.75,0.43,0.46,2024-04-30,0754,N,VIIRS,l,2,312.79,2.5,D,0
22.01908,83.30558,335.77,0.5,0.41,2024-04-30,0754,N,VIIRS,l,2,309.8,3.62,D,0
20.56181,74.24181,346.08,0.39,0.44,2024-04-30,0754,N,VIIRS,n,2,318.97,3.8,D,0
20.45813,73.76687,367,0.41,0.45,2024-04-30,0754,N,VIIRS,h,2,314.38,11.93,D,0
20.37094,73.48487,345.52,0.43,0.46,2024-04-30,0754,N,VIIRS,l,2,316.46,7.24,D,0
21.92172,83.35298,339.75,0.5,0.41,2024-04-30,0754,N,VIIRS,l,2,312.21,6.14,D,2
20.35305,73.50533,339.87,0.43,0.46,2024-04-30,0754,N,VIIRS,l,2,314.72,4.23,D,0
21.80711,82.57867,339.77,0.46,0.39,2024-04-30,0754,N,VIIRS,l,2,310.26,8.31,D,0
20.30124,73.55542,346.75,0.43,0.46,2024-04-30,0754,N,VIIRS,n,2,316.8,6.67,D,0
23.21335,73.87605,345.41,0.55,0.43,2024-04-30,0754,N,VIIRS,n,2,317.12,17.3,D,0
24.45185,82.15253,349.95,0.47,0.4,2024-04-30,0754,N,VIIRS,n,2,318.02,13.53,D,0
24.38225,82.39017,348.34,0.48,0.4,2024-04-30,0754,N,VIIRS,l,2,321.02,24.95,D,0
22.97899,73.68185,340.37,0.57,0.43,2024-04-30,0754,N,VIIRS,l,2,314.51,13.92,D,0
20.09243,73.41812,338.23,0.44,0.46,2024-04-30,0754,N,VIIRS,l,2,312.86,4.41,D,0
24.25244,82.39349,342.8,0.48,0.4,2024-04-30,0754,N,VIIRS,l,2,315.49,5.13,D,0
24.24875,82.39403,343.54,0.48,0.4,2024-04-30,0754,N,VIIRS,l,2,318,5.13,D,0
24.24506,82.39456,348.15,0.48,0.4,2024-04-30,0754,N,VIIRS,l,2,318.68,5.5,D,0
24.24565,82.39924,350.25,0.48,0.4,2024-04-30,0754,N,VIIRS,n,2,320.2,5.83,D,0
24.24623,82.40393,355.73,0.48,0.4,2024-04-30,0754,N,VIIRS,n,2,317.47,5.83,D,0
24.24255,82.4045,348.52,0.48,0.4,2024-04-30,0754,N,VIIRS,n,2,318.51,5.83,D,0
24.32262,83.05589,352.66,0.52,0.41,2024-04-30,0754,N,VIIRS,n,2,318.59,17.14,D,0
24.25366,82.67798,343.46,0.5,0.41,2024-04-30,0754,N,VIIRS,l,2,317.66,9.13,D,0
24.25296,82.67627,344.81,0.5,0.41,2024-04-30,0754,N,VIIRS,l,2,318.09,7.63,D,0
22.60934,72.48521,342.51,0.45,0.47,2024-04-30,0754,N,VIIRS,l,2,316.2,6.48,D,0
22.61018,72.48958,343.2,0.45,0.47,2024-04-30,0754,N,VIIRS,l,2,316.83,6.48,D,0
24.33061,83.45274,341.96,0.54,0.42,2024-04-30,0754,N,VIIRS,l,2,315.74,6.36,D,0
24.25535,83.06329,344.51,0.52,0.41,2024-04-30,0754,N,VIIRS,l,2,317.33,18.18,D,0
24.2509,83.05877,343.94,0.52,0.41,2024-04-30,0754,N,VIIRS,l,2,316.76,12.51,D,0
24.25153,83.06387,351.34,0.52,0.41,2024-04-30,0754,N,VIIRS,n,2,318.38,12.51,D,0
22.69988,70.94128,344.77,0.56,0.51,2024-04-30,0754,N,VIIRS,n,2,318.03,11.36,D,0
23.01493,72.33009,345.14,0.45,0.47,2024-04-30,0754,N,VIIRS,l,2,318.67,8.8,D,0
24.72146,73.92045,346.92,0.52,0.42,2024-04-30,0755,N,VIIRS,n,2,319.09,10.58,D,0
24.57946,73.47854,348.73,0.55,0.43,2024-04-30,0755,N,VIIRS,n,2,316.06,10.67,D,0
24.70454,74.16947,348.84,0.51,0.41,2024-04-30,0755,N,VIIRS,n,2,317.44,12.58,D,0
24.54246,73.77517,343.37,0.53,0.42,2024-04-30,0755,N,VIIRS,l,2,316.87,5.27,D,0
24.67086,74.53812,349.26,0.49,0.4,2024-04-30,0755,N,VIIRS,n,2,320.29,26.48,D,0
24.65338,74.54682,352.57,0.49,0.4,2024-04-30,0755,N,VIIRS,l,2,320.01,14.29,D,0
24.65424,74.55157,349.3,0.49,0.4,2024-04-30,0755,N,VIIRS,l,2,317.82,12.21,D,0
24.6551,74.54857,353.41,0.49,0.4,2024-04-30,0755,N,VIIRS,l,2,320.27,20.96,D,0
24.30009,72.80672,342.43,0.4,0.45,2024-04-30,0755,N,VIIRS,l,2,316.66,3.38,D,0
23.3787,68.61933,345.75,0.38,0.59,2024-04-30,0755,N,VIIRS,n,2,308.91,5.13,D,0
23.37952,68.623,348.69,0.38,0.59,2024-04-30,0755,N,VIIRS,n,2,312.49,5.13,D,0
23.38035,68.62667,344.08,0.38,0.59,2024-04-30,0755,N,VIIRS,n,2,308.31,4.7,D,0
23.52435,69.30002,342.54,0.34,0.56,2024-04-30,0755,N,VIIRS,l,2,316.15,7.32,D,0
24.36153,73.80257,344.63,0.53,0.42,2024-04-30,0755,N,VIIRS,l,2,314.97,4.99,D,0
24.25457,73.2504,344.85,0.38,0.43,2024-04-30,0755,N,VIIRS,n,2,311.17,4.12,D,0
24.2803,73.68896,345.57,0.54,0.42,2024-04-30,0755,N,VIIRS,n,2,319.24,21.11,D,0
23.30675,69.37661,341.38,0.34,0.56,2024-04-30,0755,N,VIIRS,l,2,315.47,2.75,D,0
24.00824,73.03407,345.09,0.4,0.44,2024-04-30,0755,N,VIIRS,l,2,319.9,11.09,D,0
24.18307,74.0601,345.71,0.52,0.42,2024-04-30,0755,N,VIIRS,l,2,320.53,15.68,D,0
22.95415,69.26271,334.17,0.35,0.57,2024-04-30,0755,N,VIIRS,l,2,308.19,2.24,D,0
23.02787,69.6601,344.47,0.33,0.55,2024-04-30,0755,N,VIIRS,l,2,319.29,5.43,D,0
22.95425,69.26148,334.64,0.35,0.57,2024-04-30,0755,N,VIIRS,l,2,308.49,2.43,D,0
23.79964,73.38991,351.12,0.38,0.43,2024-04-30,0755,N,VIIRS,n,2,317.04,6.58,D,0
23.87273,74.58025,349.09,0.5,0.41,2024-04-30,0755,N,VIIRS,n,2,322.04,5.92,D,0
23.61755,73.92522,343.57,0.54,0.42,2024-04-30,0755,N,VIIRS,l,2,317.58,5.41,D,0
23.6137,73.9261,350.77,0.54,0.42,2024-04-30,0755,N,VIIRS,n,2,320.48,5.41,D,0
23.18924,71.97055,347.09,0.47,0.48,2024-04-30,0755,N,VIIRS,n,2,317.79,3.72,D,0
23.25551,69.46819,344.2,0.34,0.56,2024-04-30,0755,N,VIIRS,n,2,316.22,2.73,D,0
23.22159,69.4109,340.69,0.34,0.56,2024-04-30,0755,N,VIIRS,l,2,315.66,3.47,D,0
23.96361,73.2,353.05,0.39,0.44,2024-04-30,0755,N,VIIRS,n,2,316.87,7.45,D,0
22.98365,69.19641,334.04,0.35,0.57,2024-04-30,0755,N,VIIRS,l,2,308.43,0.74,D,0
22.95943,69.26024,339.84,0.35,0.57,2024-04-30,0755,N,VIIRS,n,2,309.14,4.11,D,0
24.72318,73.35988,343.44,0.56,0.43,2024-04-30,0755,N,VIIRS,n,2,311.52,5.91,D,0
28.37889,77.48631,350.3,0.38,0.36,2024-04-30,0756,N,VIIRS,n,2,321.48,11.1,D,0
28.38397,77.49736,347.65,0.38,0.36,2024-04-30,0756,N,VIIRS,l,2,318.17,6.75,D,0
28.70651,79.71017,343.48,0.42,0.37,2024-04-30,0756,N,VIIRS,n,2,316.75,3.52,D,0
28.72851,79.69846,347.71,0.42,0.37,2024-04-30,0756,N,VIIRS,n,2,318.28,5.55,D,0
28.78178,79.93957,340.38,0.42,0.38,2024-04-30,0756,N,VIIRS,l,2,312.59,5.32,D,0
28.78467,79.93463,340.34,0.42,0.38,2024-04-30,0756,N,VIIRS,l,2,312.27,5.32,D,0
28.72744,79.50835,345.42,0.41,0.37,2024-04-30,0756,N,VIIRS,l,2,320.33,13.3,D,0
28.78529,79.78034,345.66,0.42,0.38,2024-04-30,0756,N,VIIRS,l,2,317.08,9.06,D,0
28.82637,79.67841,356.29,0.42,0.37,2024-04-30,0756,N,VIIRS,n,2,323.43,24.31,D,0
28.84757,79.67908,356.32,0.42,0.37,2024-04-30,0756,N,VIIRS,n,2,323.94,26.1,D,0
28.85674,79.69494,346.52,0.42,0.37,2024-04-30,0756,N,VIIRS,l,2,319.73,18.4,D,0
28.86075,79.69862,349.24,0.42,0.37,2024-04-30,0756,N,VIIRS,l,2,319.67,18.4,D,0
28.86018,79.69434,356.08,0.42,0.37,2024-04-30,0756,N,VIIRS,n,2,320.54,18.4,D,0
28.85961,79.69008,350.05,0.42,0.37,2024-04-30,0756,N,VIIRS,n,2,320.67,9.21,D,0
28.86362,79.69375,341.15,0.42,0.37,2024-04-30,0756,N,VIIRS,l,2,316.14,7.3,D,0
28.46128,76.74934,356.53,0.39,0.36,2024-04-30,0756,N,VIIRS,n,2,325.71,17.31,D,0
28.95837,79.70007,344.13,0.42,0.37,2024-04-30,0756,N,VIIRS,l,2,314.64,5.36,D,0
28.96182,79.69947,353.94,0.42,0.37,2024-04-30,0756,N,VIIRS,n,2,317.31,5.36,D,0
28.93896,79.52934,338.73,0.41,0.37,2024-04-30,0756,N,VIIRS,l,2,311.29,1.44,D,0
28.94804,79.44144,339.5,0.41,0.37,2024-04-30,0756,N,VIIRS,l,2,314.21,8.31,D,0
28.94629,79.40305,344.44,0.41,0.37,2024-04-30,0756,N,VIIRS,n,2,317.81,5.01,D,0
28.55468,76.67385,346.81,0.39,0.36,2024-04-30,0756,N,VIIRS,l,2,321.49,3.33,D,0
28.98351,79.54752,341.66,0.41,0.37,2024-04-30,0756,N,VIIRS,n,2,311.71,3.92,D,0
29.11399,80.06425,347.68,0.43,0.38,2024-04-30,0756,N,VIIRS,n,2,309.82,4.67,D,0
28.99109,79.09745,340.75,0.4,0.37,2024-04-30,0756,N,VIIRS,l,2,315.05,3.95,D,0
28.98866,79.0051,346.87,0.4,0.37,2024-04-30,0756,N,VIIRS,n,2,313.9,5.7,D,0
29.17954,80.20979,333.24,0.44,0.38,2024-04-30,0756,N,VIIRS,n,2,307.94,2.22,D,0
29.15337,79.90416,337.57,0.42,0.38,2024-04-30,0756,N,VIIRS,n,2,307.03,5.36,D,0
29.15096,79.83334,345.34,0.42,0.38,2024-04-30,0756,N,VIIRS,n,2,311.85,11.84,D,0
29.08956,79.35682,341.52,0.41,0.37,2024-04-30,0756,N,VIIRS,n,2,313.11,4.21,D,0
28.79773,77.23649,344.88,0.38,0.36,2024-04-30,0756,N,VIIRS,l,2,319.4,6.1,D,0
29.21321,79.99777,349.01,0.43,0.38,2024-04-30,0756,N,VIIRS,n,2,310.63,7.5,D,0
29.24906,80.16322,345.05,0.43,0.38,2024-04-30,0756,N,VIIRS,n,2,306.23,6.09,D,0
29.22518,79.98033,351.01,0.43,0.38,2024-04-30,0756,N,VIIRS,n,2,309.93,4.34,D,0
29.22463,79.9762,337.12,0.43,0.38,2024-04-30,0756,N,VIIRS,l,2,310.27,4.34,D,0
29.22861,79.97939,343.45,0.43,0.38,2024-04-30,0756,N,VIIRS,n,2,307.91,4.34,D,0
29.23286,79.95756,335.8,0.43,0.38,2024-04-30,0756,N,VIIRS,l,2,308.1,4.07,D,0
29.23232,79.95348,351.08,0.43,0.38,2024-04-30,0756,N,VIIRS,n,2,309.91,6.53,D,0
29.25133,80.07094,334.94,0.43,0.38,2024-04-30,0756,N,VIIRS,l,2,307.11,3.5,D,0
29.23735,79.96467,334.69,0.43,0.38,2024-04-30,0756,N,VIIRS,n,2,304.26,2.77,D,0
29.23681,79.96058,344.55,0.43,0.38,2024-04-30,0756,N,VIIRS,n,2,307.66,5.13,D,0
29.23629,79.95663,354.74,0.43,0.38,2024-04-30,0756,N,VIIRS,n,2,308.34,5.13,D,0
29.23576,79.95261,349.1,0.43,0.38,2024-04-30,0756,N,VIIRS,n,2,309.23,5.09,D,0
29.23522,79.94855,347.21,0.43,0.38,2024-04-30,0756,N,VIIRS,n,2,308.91,5.09,D,0
29.2403,79.96002,339.47,0.43,0.38,2024-04-30,0756,N,VIIRS,n,2,305.92,5.13,D,0
29.2387,79.94788,339.13,0.43,0.38,2024-04-30,0756,N,VIIRS,n,2,307.89,5.09,D,0
28.78807,76.82204,353.85,0.39,0.36,2024-04-30,0756,N,VIIRS,n,2,319.36,18.08,D,0
28.76667,76.66386,348.57,0.39,0.36,2024-04-30,0756,N,VIIRS,l,2,320.32,6.11,D,0
29.25945,80.02417,333.62,0.43,0.38,2024-04-30,0756,N,VIIRS,n,2,304.18,2.26,D,0
29.2431,79.90075,334.7,0.43,0.38,2024-04-30,0756,N,VIIRS,l,2,305.25,3.23,D,0
29.29531,80.21498,353.13,0.44,0.38,2024-04-30,0756,N,VIIRS,n,2,311.52,7.03,D,0
29.24186,79.81178,335.39,0.42,0.38,2024-04-30,0756,N,VIIRS,n,2,305.05,1.96,D,0
29.29877,80.21399,367,0.44,0.38,2024-04-30,0756,N,VIIRS,h,2,311.12,12.63,D,0
29.27703,80.02212,331.66,0.43,0.38,2024-04-30,0756,N,VIIRS,l,2,305.42,4.35,D,0
29.27194,79.95731,345.27,0.43,0.38,2024-04-30,0756,N,VIIRS,n,2,303.58,10.34,D,0
29.26139,79.79914,336.23,0.42,0.38,2024-04-30,0756,N,VIIRS,n,2,301.52,3.12,D,0
29.26081,79.79482,349.36,0.42,0.38,2024-04-30,0756,N,VIIRS,n,2,307.64,9.28,D,0
29.2643,79.79445,349.17,0.42,0.38,2024-04-30,0756,N,VIIRS,n,2,305.72,4.22,D,0
29.15677,78.98806,335.98,0.4,0.37,2024-04-30,0756,N,VIIRS,l,2,309.22,6.62,D,0
29.1562,78.98394,347.65,0.4,0.37,2024-04-30,0756,N,VIIRS,n,2,313,6.62,D,0
29.15677,78.985,351.34,0.4,0.37,2024-04-30,0756,N,VIIRS,n,2,313.27,12.45,D,0
28.80561,76.57122,353.36,0.39,0.36,2024-04-30,0756,N,VIIRS,n,2,321.19,13.87,D,0
28.81393,76.60217,346.28,0.39,0.36,2024-04-30,0756,N,VIIRS,l,2,320,6.28,D,0
29.29411,79.90319,335.15,0.43,0.38,2024-04-30,0756,N,VIIRS,l,2,306.77,5.09,D,0
29.26625,79.66492,343.42,0.42,0.38,2024-04-30,0756,N,VIIRS,n,2,312.55,3.19,D,0
29.26967,79.66402,334.2,0.42,0.38,2024-04-30,0756,N,VIIRS,l,2,308.33,1.11,D,0
29.21065,79.22589,343.76,0.41,0.37,2024-04-30,0756,N,VIIRS,n,2,313.04,10.55,D,0
28.99983,77.67822,346.32,0.38,0.36,2024-04-30,0756,N,VIIRS,n,2,315.09,4.77,D,0
29.32802,79.81067,334.24,0.42,0.38,2024-04-30,0756,N,VIIRS,n,2,301.68,6.2,D,0
29.30589,79.56658,336.98,0.42,0.37,2024-04-30,0756,N,VIIRS,l,2,311.67,2.9,D,0
29.29698,79.5009,335.09,0.41,0.37,2024-04-30,0756,N,VIIRS,n,2,306.03,4.01,D,0
29.38214,80.08525,338.99,0.43,0.38,2024-04-30,0756,N,VIIRS,n,2,308.66,2.7,D,0
29.42405,80.21272,338.33,0.44,0.38,2024-04-30,0756,N,VIIRS,n,2,306.47,3.35,D,0
29.36209,79.54714,337.12,0.42,0.37,2024-04-30,0756,N,VIIRS,n,2,309.29,4.63,D,0
29.15507,78.01801,339.81,0.39,0.36,2024-04-30,0756,N,VIIRS,l,2,313,3.38,D,0
29.31264,79.02945,346.48,0.4,0.37,2024-04-30,0756,N,VIIRS,n,2,314.13,5.56,D,0
29.48865,80.18428,337.33,0.44,0.38,2024-04-30,0756,N,VIIRS,n,2,307.06,4.63,D,0
29.33058,78.98384,348.57,0.4,0.37,2024-04-30,0756,N,VIIRS,n,2,313.44,5.4,D,0
29.51521,80.27769,335.26,0.44,0.38,2024-04-30,0756,N,VIIRS,l,2,309.25,6.09,D,0
29.51925,80.28101,337.85,0.44,0.38,2024-04-30,0756,N,VIIRS,n,2,311.61,6.09,D,0
29.51868,80.2767,353.64,0.44,0.38,2024-04-30,0756,N,VIIRS,n,2,312.88,6.09,D,0
29.0619,77.03561,344.47,0.38,0.36,2024-04-30,0756,N,VIIRS,l,2,318.58,7.51,D,0
29.40989,79.3821,339.49,0.41,0.37,2024-04-30,0756,N,VIIRS,n,2,309.13,2.86,D,0
29.42066,79.33798,338.38,0.41,0.37,2024-04-30,0756,N,VIIRS,n,2,311.81,2.73,D,0
29.04201,76.49902,354.65,0.39,0.36,2024-04-30,0756,N,VIIRS,n,2,318.16,12.21,D,0
29.46498,79.27848,351.96,0.41,0.37,2024-04-30,0756,N,VIIRS,n,2,315.17,5.31,D,0
29.52696,79.58062,346.43,0.42,0.38,2024-04-30,0756,N,VIIRS,n,2,312.64,4.49,D,0
29.61366,80.04428,351.74,0.43,0.38,2024-04-30,0756,N,VIIRS,n,2,317.01,8.05,D,0
29.51296,79.29768,343.65,0.41,0.37,2024-04-30,0756,N,VIIRS,n,2,305.44,13.68,D,0
29.51244,79.29386,355.79,0.41,0.37,2024-04-30,0756,N,VIIRS,n,2,318.87,13.68,D,0
29.59635,79.88721,342.9,0.43,0.38,2024-04-30,0756,N,VIIRS,n,2,310.14,5.01,D,0
29.51584,79.29321,339.86,0.41,0.37,2024-04-30,0756,N,VIIRS,n,2,307.36,13.68,D,0
29.63387,80.00309,348.3,0.43,0.38,2024-04-30,0756,N,VIIRS,n,2,315.83,7.63,D,0
29.65047,80.04838,336.49,0.43,0.38,2024-04-30,0756,N,VIIRS,l,2,307.54,3.29,D,0
29.67856,80.18277,341.47,0.44,0.38,2024-04-30,0756,N,VIIRS,l,2,313.62,1.76,D,0
29.55693,79.23695,335.82,0.41,0.37,2024-04-30,0756,N,VIIRS,l,2,308.1,2.93,D,0
29.56078,79.21401,337.99,0.41,0.37,2024-04-30,0756,N,VIIRS,l,2,310.23,4.43,D,0
29.56473,79.21741,338.86,0.41,0.37,2024-04-30,0756,N,VIIRS,n,2,306.87,4.83,D,0
29.79343,79.44316,350.23,0.42,0.37,2024-04-30,0756,N,VIIRS,n,2,315.61,16.36,D,0
29.7929,79.43923,349.33,0.42,0.37,2024-04-30,0756,N,VIIRS,n,2,315.22,16.36,D,0
29.79238,79.43532,336.11,0.42,0.37,2024-04-30,0756,N,VIIRS,l,2,308.92,2.72,D,0
29.79738,79.44642,335.21,0.42,0.37,2024-04-30,0756,N,VIIRS,n,2,304.48,18.24,D,0
29.79685,79.44244,342.23,0.42,0.37,2024-04-30,0756,N,VIIRS,n,2,315.4,16.36,D,0
29.79976,79.43801,332.65,0.42,0.37,2024-04-30,0756,N,VIIRS,l,2,306.37,2.42,D,0
29.86986,79.94192,333.86,0.43,0.38,2024-04-30,0756,N,VIIRS,l,2,307.93,2.39,D,0
29.82504,79.57455,339.74,0.42,0.38,2024-04-30,0756,N,VIIRS,n,2,310.74,10.76,D,0
29.82853,79.57422,347.29,0.42,0.38,2024-04-30,0756,N,VIIRS,n,2,306.15,10.76,D,0
31.20045,75.45665,341.91,0.39,0.36,2024-04-30,0756,N,VIIRS,n,2,305.64,3.86,D,0
31.08873,76.73408,341.33,0.38,0.36,2024-04-30,0756,N,VIIRS,n,2,310.82,2.91,D,0
30.41806,73.91251,345.87,0.44,0.38,2024-04-30,0756,N,VIIRS,l,2,305.95,8.93,D,0
30.6175,78.0321,345.08,0.39,0.36,2024-04-30,0756,N,VIIRS,n,2,314.28,5.35,D,0
30.57312,78.03272,345.92,0.39,0.36,2024-04-30,0756,N,VIIRS,n,2,314.81,21.66,D,0
30.52678,77.90036,343.12,0.39,0.36,2024-04-30,0756,N,VIIRS,n,2,312.31,6.61,D,0
30.44213,77.45372,348.19,0.39,0.36,2024-04-30,0756,N,VIIRS,n,2,309.9,4.54,D,0
30.04877,75.48421,367,0.4,0.37,2024-04-30,0756,N,VIIRS,h,2,321.52,11.79,D,0
30.41877,78.01113,338.62,0.39,0.36,2024-04-30,0756,N,VIIRS,n,2,307.03,5.13,D,0
30.48144,78.64628,336.2,0.4,0.37,2024-04-30,0756,N,VIIRS,n,2,291.99,3.43,D,0
30.38105,78.34737,336.25,0.4,0.37,2024-04-30,0756,N,VIIRS,n,2,302.3,3.13,D,0
30.37771,78.34803,336.13,0.4,0.37,2024-04-30,0756,N,VIIRS,n,2,306.08,3.13,D,0
30.37437,78.3487,330.85,0.4,0.37,2024-04-30,0756,N,VIIRS,l,2,303.3,1.18,D,0
30.46907,79.06371,333.28,0.41,0.37,2024-04-30,0756,N,VIIRS,n,2,295.38,2.54,D,0
29.86052,75.1554,352.87,0.41,0.37,2024-04-30,0756,N,VIIRS,n,2,315.02,17.52,D,0
29.85715,75.15615,351.88,0.41,0.37,2024-04-30,0756,N,VIIRS,n,2,320.58,25.08,D,0
30.43961,78.9972,332.7,0.41,0.37,2024-04-30,0756,N,VIIRS,n,2,300.16,3.32,D,0
30.45074,79.10395,330.86,0.41,0.37,2024-04-30,0756,N,VIIRS,n,2,296.23,2.39,D,0
30.31335,78.36395,335.52,0.4,0.37,2024-04-30,0756,N,VIIRS,l,2,307.8,6.93,D,0
30.35123,78.73362,330.27,0.4,0.37,2024-04-30,0756,N,VIIRS,n,2,299.02,2.22,D,0
30.35178,78.73766,350.52,0.4,0.37,2024-04-30,0756,N,VIIRS,n,2,306.53,6.24,D,0
30.35233,78.74158,332.91,0.4,0.37,2024-04-30,0756,N,VIIRS,n,2,300.85,6.24,D,0
30.3982,79.33927,345.2,0.42,0.37,2024-04-30,0756,N,VIIRS,n,2,300.04,6.08,D,0
30.39471,79.33942,330.41,0.42,0.37,2024-04-30,0756,N,VIIRS,n,2,299.25,4.55,D,0
30.36265,79.12449,349.68,0.41,0.37,2024-04-30,0756,N,VIIRS,n,2,303.67,20.97,D,0
30.36278,79.12345,346.29,0.41,0.37,2024-04-30,0756,N,VIIRS,n,2,301.85,16.37,D,0
30.35941,79.12432,356.16,0.41,0.37,2024-04-30,0756,N,VIIRS,n,2,307.57,16.37,D,0
30.36003,79.12882,348.82,0.41,0.37,2024-04-30,0756,N,VIIRS,n,2,304.41,16.37,D,0
30.35604,79.1252,344.3,0.41,0.37,2024-04-30,0756,N,VIIRS,n,2,304.02,4.92,D,0
30.2397,78.3658,335.19,0.39,0.37,2024-04-30,0756,N,VIIRS,l,2,309.36,2.23,D,0
30.29259,78.79124,343.72,0.4,0.37,2024-04-30,0756,N,VIIRS,l,2,314.28,6.95,D,0
30.27423,78.68421,343.73,0.4,0.37,2024-04-30,0756,N,VIIRS,n,2,315.94,6.34,D,0
30.3195,79.01122,339.99,0.41,0.37,2024-04-30,0756,N,VIIRS,l,2,314.29,4.12,D,0
30.26866,78.69387,347.37,0.4,0.37,2024-04-30,0756,N,VIIRS,n,2,319.48,7.27,D,0
30.28189,78.78904,339.66,0.4,0.37,2024-04-30,0756,N,VIIRS,n,2,312.35,5.68,D,0
30.2674,78.83465,341.83,0.4,0.37,2024-04-30,0756,N,VIIRS,l,2,311.9,4.64,D,0
30.12243,77.83631,340.26,0.39,0.36,2024-04-30,0756,N,VIIRS,l,2,314.17,3.05,D,0
30.26176,78.81892,343.97,0.4,0.37,2024-04-30,0756,N,VIIRS,l,2,317.49,9.09,D,0
30.31678,79.30123,332.84,0.42,0.37,2024-04-30,0756,N,VIIRS,l,2,303.46,3.29,D,0
30.18416,78.43494,340.46,0.4,0.37,2024-04-30,0756,N,VIIRS,n,2,308.33,4.66,D,0
30.1802,78.43123,348.49,0.4,0.37,2024-04-30,0756,N,VIIRS,n,2,311.15,4.66,D,0
30.17747,78.43628,344.21,0.4,0.37,2024-04-30,0756,N,VIIRS,n,2,311.9,7.57,D,0
30.17805,78.44045,336.63,0.4,0.37,2024-04-30,0756,N,VIIRS,n,2,309.47,4.52,D,0
30.18659,78.52585,346.54,0.4,0.37,2024-04-30,0756,N,VIIRS,n,2,304.61,6.23,D,0
30.25458,79.02054,342.86,0.41,0.37,2024-04-30,0756,N,VIIRS,n,2,306.49,3.3,D,0
30.25116,79.021,332.53,0.41,0.37,2024-04-30,0756,N,VIIRS,l,2,305.93,2.43,D,0
30.16352,78.43495,339.96,0.4,0.37,2024-04-30,0756,N,VIIRS,n,2,313.1,3.42,D,0
30.17531,78.51884,347.7,0.4,0.37,2024-04-30,0756,N,VIIRS,n,2,305.17,5.02,D,0
30.21674,78.81942,345.34,0.4,0.37,2024-04-30,0756,N,VIIRS,n,2,312.23,4.93,D,0
30.16864,78.49592,336.53,0.4,0.37,2024-04-30,0756,N,VIIRS,l,2,309.81,6.32,D,0
30.17196,78.51944,352.27,0.4,0.37,2024-04-30,0756,N,VIIRS,n,2,306.65,5.02,D,0
30.16747,78.49569,338.45,0.4,0.37,2024-04-30,0756,N,VIIRS,n,2,308.65,1.69,D,0
29.96712,77.21954,347,0.38,0.36,2024-04-30,0756,N,VIIRS,n,2,316.41,10.82,D,0
29.96772,77.2235,339.28,0.38,0.36,2024-04-30,0756,N,VIIRS,l,2,311.87,10.82,D,0
30.14473,78.62761,341.81,0.4,0.37,2024-04-30,0756,N,VIIRS,l,2,313.43,11.14,D,0
30.13739,78.59983,345.53,0.4,0.37,2024-04-30,0756,N,VIIRS,l,2,317.94,7.2,D,0
30.12754,78.55426,339.88,0.4,0.37,2024-04-30,0756,N,VIIRS,l,2,314.19,5.93,D,0
30.12364,78.55099,345.51,0.4,0.37,2024-04-30,0756,N,VIIRS,l,2,316.62,5.93,D,0
30.16395,78.91611,333.99,0.41,0.37,2024-04-30,0756,N,VIIRS,l,2,306.99,5.46,D,0
30.16456,78.92054,343.86,0.41,0.37,2024-04-30,0756,N,VIIRS,n,2,309.14,5.46,D,0
30.08446,78.56642,347.09,0.4,0.37,2024-04-30,0756,N,VIIRS,l,2,320.36,12.55,D,0
30.05312,78.72165,336.77,0.4,0.37,2024-04-30,0756,N,VIIRS,l,2,307.36,3.55,D,0
30.00228,78.4335,337.42,0.39,0.37,2024-04-30,0756,N,VIIRS,l,2,309.93,3.13,D,0
30.05005,78.77399,346.32,0.4,0.37,2024-04-30,0756,N,VIIRS,n,2,311.98,4.03,D,0
29.98802,78.35715,342.3,0.39,0.36,2024-04-30,0756,N,VIIRS,n,2,310.31,2.85,D,0
29.98469,78.35784,347.73,0.39,0.36,2024-04-30,0756,N,VIIRS,n,2,315.15,2.92,D,0
29.98135,78.35854,337.71,0.39,0.36,2024-04-30,0756,N,VIIRS,l,2,312.53,2.92,D,0
30.03656,78.77644,342.29,0.4,0.37,2024-04-30,0756,N,VIIRS,n,2,315.87,4.21,D,0
29.96068,78.35788,341.93,0.39,0.36,2024-04-30,0756,N,VIIRS,n,2,308.46,2.25,D,0
29.96127,78.36211,345.61,0.39,0.36,2024-04-30,0756,N,VIIRS,n,2,309.21,8.38,D,0
29.95732,78.35836,340.45,0.39,0.36,2024-04-30,0756,N,VIIRS,l,2,312.87,5.61,D,0
29.96766,78.43159,336.23,0.39,0.37,2024-04-30,0756,N,VIIRS,l,2,308.4,4.26,D,0
30.00552,78.70226,336.1,0.4,0.37,2024-04-30,0756,N,VIIRS,l,2,309.21,3.99,D,0
30.00609,78.70631,337.2,0.4,0.37,2024-04-30,0756,N,VIIRS,l,2,310.44,5.68,D,0
29.95429,78.4342,335.15,0.39,0.37,2024-04-30,0756,N,VIIRS,l,2,306.61,4.57,D,0
29.99599,78.73309,342.19,0.4,0.37,2024-04-30,0756,N,VIIRS,n,2,311.84,2.35,D,0
30.10825,79.64783,335.26,0.42,0.38,2024-04-30,0756,N,VIIRS,l,2,306.19,3.14,D,0
30.10887,79.65267,341.2,0.42,0.38,2024-04-30,0756,N,VIIRS,n,2,307.29,7.51,D,0
29.94111,78.42368,336.42,0.39,0.37,2024-04-30,0756,N,VIIRS,l,2,308.26,2.74,D,0
29.9491,78.47994,334.88,0.4,0.37,2024-04-30,0756,N,VIIRS,l,2,308.67,2.04,D,0
30.11167,79.65602,336.45,0.42,0.38,2024-04-30,0756,N,VIIRS,l,2,308.33,6.97,D,0
29.95349,78.53467,344.9,0.4,0.37,2024-04-30,0756,N,VIIRS,n,2,313.9,5.49,D,0
29.95406,78.53873,342.34,0.4,0.37,2024-04-30,0756,N,VIIRS,n,2,311.74,3.38,D,0
29.96513,78.64142,334.96,0.4,0.37,2024-04-30,0756,N,VIIRS,l,2,305.93,3.09,D,0
29.95187,78.66962,333.8,0.4,0.37,2024-04-30,0756,N,VIIRS,l,2,306.05,2.69,D,0
29.9479,78.66599,339.65,0.4,0.37,2024-04-30,0756,N,VIIRS,n,2,305.46,4,D,0
29.92907,78.70398,346.47,0.4,0.37,2024-04-30,0756,N,VIIRS,n,2,309.63,9.57,D,0
29.83671,78.14934,349.1,0.39,0.36,2024-04-30,0756,N,VIIRS,n,2,320.27,14.85,D,0
30.02031,79.63491,347.24,0.42,0.38,2024-04-30,0756,N,VIIRS,n,2,302.72,3.88,D,0
29.9057,78.80955,353.52,0.4,0.37,2024-04-30,0756,N,VIIRS,n,2,317.15,9.04,D,0
29.92207,78.92841,344.16,0.4,0.37,2024-04-30,0756,N,VIIRS,n,2,308.87,2.57,D,0
30.01687,79.63569,350.27,0.42,0.38,2024-04-30,0756,N,VIIRS,n,2,309.84,5.41,D,0
30.01343,79.6365,335.56,0.42,0.38,2024-04-30,0756,N,VIIRS,n,2,305.28,5.41,D,0
29.97243,79.35291,338.59,0.41,0.37,2024-04-30,0756,N,VIIRS,n,2,306.23,4.32,D,0
29.97297,79.35693,342.86,0.42,0.37,2024-04-30,0756,N,VIIRS,n,2,306.94,10.25,D,0
29.9735,79.36089,343.52,0.42,0.37,2024-04-30,0756,N,VIIRS,n,2,306.32,10.25,D,0
29.89502,78.80741,337.56,0.4,0.37,2024-04-30,0756,N,VIIRS,n,2,310.31,1.06,D,0
29.96902,79.35362,348.51,0.41,0.37,2024-04-30,0756,N,VIIRS,n,2,309.7,4.32,D,0
29.96957,79.35773,356.12,0.42,0.37,2024-04-30,0756,N,VIIRS,n,2,313.06,10.25,D,0
29.8905,78.82478,334.49,0.4,0.37,2024-04-30,0756,N,VIIRS,l,2,307.53,2.13,D,0
29.8895,78.82419,340.05,0.4,0.37,2024-04-30,0756,N,VIIRS,n,2,308.46,3.55,D,0
29.62237,77.09129,337.71,0.38,0.36,2024-04-30,0756,N,VIIRS,l,2,310.63,7.2,D,0
29.84365,78.6211,336.03,0.4,0.37,2024-04-30,0756,N,VIIRS,n,2,306.46,2.56,D,0
30.01329,79.88891,332,0.43,0.38,2024-04-30,0756,N,VIIRS,l,2,304.88,4.24,D,0
30.01388,79.8934,336.51,0.43,0.38,2024-04-30,0756,N,VIIRS,n,2,306.62,5,D,0
29.90999,79.19812,336.26,0.41,0.37,2024-04-30,0756,N,VIIRS,l,2,309.17,2.53,D,0
29.99312,79.89843,347.26,0.43,0.38,2024-04-30,0756,N,VIIRS,n,2,304.35,6.44,D,0
29.99374,79.90316,336.48,0.43,0.38,2024-04-30,0756,N,VIIRS,n,2,305.36,6.44,D,0
29.93366,79.47668,333.05,0.42,0.38,2024-04-30,0756,N,VIIRS,n,2,306.84,3.42,D,0
29.98954,79.89841,346.08,0.43,0.38,2024-04-30,0756,N,VIIRS,n,2,304.65,6.44,D,0
29.93076,79.48135,339.93,0.42,0.38,2024-04-30,0756,N,VIIRS,n,2,309.14,7.56,D,0
29.93552,79.54326,347.71,0.42,0.38,2024-04-30,0756,N,VIIRS,n,2,306.22,4.02,D,0
29.87007,79.16148,339.94,0.41,0.37,2024-04-30,0756,N,VIIRS,l,2,311.6,6.22,D,0
29.92051,79.53653,331.49,0.42,0.38,2024-04-30,0756,N,VIIRS,l,2,305.47,2.67,D,0
29.83409,78.97443,346.85,0.4,0.37,2024-04-30,0756,N,VIIRS,n,2,314.01,6.84,D,0
29.83808,79.02888,337.41,0.41,0.37,2024-04-30,0756,N,VIIRS,l,2,310.86,2.48,D,0
29.89077,79.41901,336.24,0.42,0.37,2024-04-30,0756,N,VIIRS,l,2,310.12,5.44,D,0
29.57137,77.20307,342.38,0.38,0.36,2024-04-30,0756,N,VIIRS,n,2,315.76,2.01,D,0
29.8239,78.95071,340.37,0.4,0.37,2024-04-30,0756,N,VIIRS,n,2,313.49,7.22,D,0
29.8874,79.42009,337.27,0.42,0.37,2024-04-30,0756,N,VIIRS,l,2,310.34,7.49,D,0
29.9063,79.56241,333.56,0.42,0.38,2024-04-30,0756,N,VIIRS,l,2,307.11,2.33,D,0
29.87831,79.37835,333.88,0.41,0.37,2024-04-30,0756,N,VIIRS,l,2,306.76,2.77,D,0
29.81772,78.95625,347.01,0.4,0.37,2024-04-30,0756,N,VIIRS,n,2,315.74,9.17,D,0
29.87486,79.37878,344.06,0.41,0.37,2024-04-30,0756,N,VIIRS,n,2,308.63,3.8,D,0
29.88546,79.48469,333.74,0.42,0.38,2024-04-30,0756,N,VIIRS,n,2,308.18,3.5,D,0
29.94762,79.96117,334.54,0.43,0.38,2024-04-30,0756,N,VIIRS,l,2,307.42,5.64,D,0
29.71232,80.24901,336.41,0.44,0.38,2024-04-30,0756,N,VIIRS,n,2,307.93,4.11,D,0
29.71172,80.24432,336.03,0.44,0.38,2024-04-30,0756,N,VIIRS,n,2,307.63,4.11,D,0
29.88096,79.47738,335.28,0.42,0.38,2024-04-30,0756,N,VIIRS,l,2,306.52,2.97,D,0
29.88204,79.48551,334.51,0.42,0.38,2024-04-30,0756,N,VIIRS,l,2,307.57,5.09,D,0
29.94412,79.96182,338.22,0.43,0.38,2024-04-30,0756,N,VIIRS,l,2,309.29,3.66,D,0
29.94466,79.96594,332.14,0.43,0.38,2024-04-30,0756,N,VIIRS,l,2,307.07,3.66,D,0
29.87807,79.48211,331.3,0.42,0.38,2024-04-30,0756,N,VIIRS,l,2,305.21,2.97,D,0
29.80744,78.98239,346.81,0.4,0.37,2024-04-30,0756,N,VIIRS,n,2,309.44,16.68,D,0
29.808,78.98647,347.71,0.4,0.37,2024-04-30,0756,N,VIIRS,n,2,306.07,5.9,D,0
29.80404,78.98283,350.94,0.4,0.37,2024-04-30,0756,N,VIIRS,n,2,313.42,16.68,D,0
29.80459,78.98683,334.4,0.4,0.37,2024-04-30,0756,N,VIIRS,n,2,303.5,5.9,D,0
29.80378,78.98246,347.5,0.4,0.37,2024-04-30,0756,N,VIIRS,n,2,310.32,13.88,D,0
29.52369,77.08657,340.65,0.38,0.36,2024-04-30,0756,N,VIIRS,l,2,312.15,1.85,D,0
29.80037,78.98296,349.97,0.4,0.37,2024-04-30,0756,N,VIIRS,n,2,308.82,13.88,D,0
29.89397,79.69323,334.18,0.42,0.38,2024-04-30,0756,N,VIIRS,n,2,308.1,1.67,D,0
29.79596,79.02618,338.37,0.41,0.37,2024-04-30,0756,N,VIIRS,n,2,299.19,5.46,D,0
29.63832,77.9437,344.42,0.39,0.36,2024-04-30,0756,N,VIIRS,n,2,311.95,7.46,D,0
29.82952,79.29491,340.16,0.41,0.37,2024-04-30,0756,N,VIIRS,l,2,314.08,3.35,D,0
29.83007,79.29895,342.19,0.41,0.37,2024-04-30,0756,N,VIIRS,l,2,314.41,3.35,D,0
29.78914,79.02715,330.76,0.41,0.37,2024-04-30,0756,N,VIIRS,n,2,297.11,2.13,D,0
29.79037,79.03596,332.49,0.41,0.37,2024-04-30,0756,N,VIIRS,n,2,297.33,13.33,D,0
29.78976,79.03157,367,0.41,0.37,2024-04-30,0756,N,VIIRS,h,2,300.67,13.33,D,0
29.78637,79.03211,353.35,0.41,0.37,2024-04-30,0756,N,VIIRS,n,2,306.9,13.33,D,0
29.78696,79.03642,335.66,0.41,0.37,2024-04-30,0756,N,VIIRS,n,2,300.53,13.33,D,0
29.75266,78.81443,338.72,0.4,0.37,2024-04-30,0756,N,VIIRS,l,2,309.92,2.95,D,0
29.8872,79.80238,345.48,0.43,0.38,2024-04-30,0756,N,VIIRS,n,2,315.31,12.4,D,0
29.85034,79.57899,355.4,0.42,0.38,2024-04-30,0756,N,VIIRS,n,2,308.42,6.53,D,0
29.8469,79.57967,335.3,0.42,0.38,2024-04-30,0756,N,VIIRS,n,2,306.68,6.53,D,0
29.84746,79.58388,346.79,0.42,0.38,2024-04-30,0756,N,VIIRS,n,2,306.01,6.53,D,0
29.94318,80.31425,341.16,0.45,0.39,2024-04-30,0756,N,VIIRS,n,2,308.7,4.76,D,0
29.93916,80.31113,336.02,0.45,0.39,2024-04-30,0756,N,VIIRS,l,2,307.92,5.41,D,0
29.88615,79.92978,333.3,0.43,0.38,2024-04-30,0756,N,VIIRS,l,2,306.79,1.04,D,0
29.84122,79.61642,338.08,0.42,0.38,2024-04-30,0756,N,VIIRS,n,2,306.95,3.11,D,0
29.70383,80.18322,340.94,0.44,0.38,2024-04-30,0756,N,VIIRS,n,2,307.99,6.77,D,0
29.70738,80.18281,335.79,0.44,0.38,2024-04-30,0756,N,VIIRS,l,2,309.32,6.77,D,0
29.68269,79.8582,341.64,0.43,0.38,2024-04-30,0756,N,VIIRS,n,2,302.14,5.38,D,0
29.76951,80.36705,336.81,0.45,0.39,2024-04-30,0756,N,VIIRS,l,2,311.57,2.59,D,0
29.60937,79.06168,333.56,0.41,0.37,2024-04-30,0756,N,VIIRS,l,2,307.54,3.15,D,0
29.68612,79.60706,356.82,0.42,0.38,2024-04-30,0756,N,VIIRS,n,2,314.77,8.4,D,0
29.34438,77.15794,339.53,0.38,0.36,2024-04-30,0756,N,VIIRS,l,2,312.74,2.76,D,0
29.34888,77.16515,339.85,0.38,0.36,2024-04-30,0756,N,VIIRS,l,2,314.49,3.96,D,0
29.67078,79.38628,345.51,0.41,0.37,2024-04-30,0756,N,VIIRS,n,2,317.58,5.41,D,0
29.6742,79.38568,344.01,0.41,0.37,2024-04-30,0756,N,VIIRS,l,2,315.99,5.41,D,0
29.80577,80.11298,342.14,0.44,0.38,2024-04-30,0756,N,VIIRS,n,2,312.95,3.36,D,0
29.80968,80.06036,350.91,0.44,0.38,2024-04-30,0756,N,VIIRS,n,2,312.59,6.39,D,0
29.81316,80.05953,339.38,0.44,0.38,2024-04-30,0756,N,VIIRS,n,2,309.95,6.39,D,0
29.86064,80.36935,343.2,0.45,0.39,2024-04-30,0756,N,VIIRS,n,2,310.75,4.55,D,0
29.76718,79.6061,335.11,0.42,0.38,2024-04-30,0756,N,VIIRS,l,2,307.41,2.01,D,0
29.77985,79.6478,344.55,0.42,0.38,2024-04-30,0756,N,VIIRS,n,2,307.96,4.01,D,0
29.8769,80.35487,330.92,0.45,0.39,2024-04-30,0756,N,VIIRS,l,2,305.62,1.21,D,0
29.82986,79.99583,334.22,0.43,0.38,2024-04-30,0756,N,VIIRS,n,2,302.52,4.64,D,0
29.78335,79.64748,342.58,0.42,0.38,2024-04-30,0756,N,VIIRS,n,2,307.21,5.57,D,0
29.83393,79.99959,347.95,0.43,0.38,2024-04-30,0756,N,VIIRS,n,2,304.03,4.64,D,0
29.83334,79.99512,337.25,0.43,0.38,2024-04-30,0756,N,VIIRS,n,2,300.8,4.64,D,0
29.87966,80.3864,333.23,0.45,0.39,2024-04-30,0756,N,VIIRS,l,2,305.05,2.17,D,0
29.83057,79.9977,348.34,0.43,0.38,2024-04-30,0756,N,VIIRS,n,2,304.51,6.43,D,0
29.71323,79.10719,337.71,0.41,0.37,2024-04-30,0756,N,VIIRS,l,2,311.86,3.07,D,0
29.87956,80.35634,339.59,0.45,0.39,2024-04-30,0756,N,VIIRS,n,2,308.16,4.69,D,0
29.83464,80.00154,343.91,0.43,0.38,2024-04-30,0756,N,VIIRS,n,2,300.67,6.43,D,0
29.83405,79.99695,340.19,0.43,0.38,2024-04-30,0756,N,VIIRS,n,2,301.21,6.43,D,0
29.71489,79.0937,335.93,0.41,0.37,2024-04-30,0756,N,VIIRS,l,2,310.26,2.04,D,0
29.79005,79.63031,333.88,0.42,0.38,2024-04-30,0756,N,VIIRS,l,2,307.45,6.57,D,0
29.79348,79.62953,345.05,0.42,0.38,2024-04-30,0756,N,VIIRS,n,2,311.78,6.57,D,0
29.79692,79.62883,342.72,0.42,0.38,2024-04-30,0756,N,VIIRS,n,2,308.57,2.6,D,0
29.81013,79.70248,335.13,0.42,0.38,2024-04-30,0756,N,VIIRS,l,2,307.27,5.79,D,0
29.83037,79.83035,338.72,0.43,0.38,2024-04-30,0756,N,VIIRS,l,2,311.67,3.92,D,0
29.80666,79.64908,347.19,0.42,0.38,2024-04-30,0756,N,VIIRS,n,2,307.72,5.6,D,0
29.8061,79.64485,337.46,0.42,0.38,2024-04-30,0756,N,VIIRS,l,2,308.06,5.68,D,0
29.75203,79.23949,337.63,0.41,0.37,2024-04-30,0756,N,VIIRS,l,2,311.24,3.61,D,0
29.81948,79.71983,341.61,0.42,0.38,2024-04-30,0756,N,VIIRS,n,2,307.2,3.75,D,0
29.81411,79.67883,330.38,0.42,0.38,2024-04-30,0756,N,VIIRS,n,2,303.47,1.63,D,0
29.81353,79.67439,330.04,0.42,0.38,2024-04-30,0756,N,VIIRS,l,2,303.12,1.63,D,0
29.81293,79.66989,336.42,0.42,0.38,2024-04-30,0756,N,VIIRS,n,2,303.79,4.65,D,0
29.84763,79.88074,335.8,0.43,0.38,2024-04-30,0756,N,VIIRS,n,2,307.46,1.71,D,0
29.8198,79.66827,339.01,0.42,0.38,2024-04-30,0756,N,VIIRS,n,2,303.72,4.86,D,0
31.29993,75.42249,332.55,0.39,0.36,2024-04-30,0757,N,VIIRS,l,2,305.98,5.37,D,0
32.18336,75.57729,340.41,0.39,0.36,2024-04-30,0757,N,VIIRS,l,2,311.66,6.17,D,0
31.9302,75.63112,340.7,0.39,0.36,2024-04-30,0757,N,VIIRS,n,2,314.09,2.48,D,0
31.83485,75.58398,335.95,0.39,0.36,2024-04-30,0757,N,VIIRS,l,2,308.79,2.69,D,0
31.64112,75.43053,341.31,0.39,0.36,2024-04-30,0757,N,VIIRS,l,2,316.16,4,D,0
31.62948,75.63638,335.88,0.39,0.36,2024-04-30,0757,N,VIIRS,n,2,308.36,1.53,D,0
31.43398,75.85805,338.46,0.39,0.36,2024-04-30,0757,N,VIIRS,n,2,309.75,2.6,D,0
31.32048,75.50711,335.93,0.39,0.36,2024-04-30,0757,N,VIIRS,l,2,309.46,1.46,D,0
30.31634,78.74705,299.27,0.42,0.38,2024-04-30,2020,N,VIIRS,n,2,287.56,0.55,N,0
29.9119,79.76115,308.11,0.39,0.37,2024-04-30,2020,N,VIIRS,n,2,288.44,0.78,N,0
30.05759,78.72639,306.63,0.42,0.38,2024-04-30,2020,N,VIIRS,n,2,285.26,0.72,N,0
30.05929,78.76536,296.36,0.42,0.38,2024-04-30,2020,N,VIIRS,n,2,285.56,0.23,N,0
29.91149,79.88134,299.84,0.39,0.36,2024-04-30,2020,N,VIIRS,n,2,289.1,0.9,N,0
30.05927,78.89342,297.52,0.41,0.37,2024-04-30,2020,N,VIIRS,n,2,287.43,0.36,N,0
30.07704,78.76459,299.63,0.42,0.38,2024-04-30,2020,N,VIIRS,n,2,285.89,0.55,N,0
29.99792,79.35518,296.88,0.4,0.37,2024-04-30,2020,N,VIIRS,n,2,285.03,0.34,N,0
29.90804,79.99798,309.24,0.39,0.36,2024-04-30,2020,N,VIIRS,n,2,286.19,0.94,N,0
29.9772,79.5719,297.61,0.4,0.37,2024-04-30,2020,N,VIIRS,n,2,286.15,0.27,N,0
29.98055,79.57257,310.33,0.4,0.37,2024-04-30,2020,N,VIIRS,n,2,287.13,0.86,N,0
30.12253,78.5614,320.17,0.42,0.38,2024-04-30,2020,N,VIIRS,n,2,289.48,1.69,N,0
29.9237,79.9847,301.81,0.39,0.36,2024-04-30,2020,N,VIIRS,n,2,285.22,0.75,N,0
29.92796,79.95589,313.16,0.39,0.36,2024-04-30,2020,N,VIIRS,n,2,288.63,1.3,N,0
29.98391,79.57323,301.66,0.4,0.37,2024-04-30,2020,N,VIIRS,n,2,286.81,0.86,N,0
30.07727,78.9156,302.85,0.41,0.37,2024-04-30,2020,N,VIIRS,n,2,285.14,0.99,N,0
30.07787,78.91125,312.69,0.41,0.37,2024-04-30,2020,N,VIIRS,n,2,286.39,0.99,N,0
30.08806,78.83796,298.65,0.42,0.37,2024-04-30,2020,N,VIIRS,n,2,286.11,0.43,N,0
29.94914,79.83537,298.87,0.39,0.36,2024-04-30,2020,N,VIIRS,n,2,286.86,0.42,N,0
29.94972,79.83147,306.85,0.39,0.36,2024-04-30,2020,N,VIIRS,n,2,286.35,0.63,N,0
30.08071,78.91611,315.82,0.41,0.37,2024-04-30,2020,N,VIIRS,n,2,286.59,1.59,N,0
30.08129,78.91197,311.83,0.41,0.37,2024-04-30,2020,N,VIIRS,n,2,286.48,1.59,N,0
29.87918,80.35091,305.19,0.39,0.36,2024-04-30,2020,N,VIIRS,n,2,289.39,0.66,N,0
29.8868,80.32303,299.81,0.39,0.36,2024-04-30,2020,N,VIIRS,n,2,289.59,0.38,N,0
29.96326,79.8094,314.73,0.39,0.37,2024-04-30,2020,N,VIIRS,n,2,285.29,1.4,N,0
29.94098,79.98368,296.78,0.39,0.36,2024-04-30,2020,N,VIIRS,n,2,286.41,0.43,N,0
29.9599,79.87888,316.56,0.39,0.36,2024-04-30,2020,N,VIIRS,n,2,289.55,1.66,N,0
29.96325,79.87945,301.28,0.39,0.36,2024-04-30,2020,N,VIIRS,n,2,288.3,1.17,N,0
29.96267,79.88339,320.9,0.39,0.36,2024-04-30,2020,N,VIIRS,n,2,289.6,1.17,N,0
29.90304,80.30587,300.74,0.39,0.36,2024-04-30,2020,N,VIIRS,n,2,290.56,1.11,N,0
29.90362,80.30201,306.58,0.39,0.36,2024-04-30,2020,N,VIIRS,n,2,290.69,0.97,N,0
29.96486,79.89185,312.72,0.39,0.36,2024-04-30,2020,N,VIIRS,n,2,289.16,1.22,N,0
29.96544,79.88792,308.21,0.39,0.36,2024-04-30,2020,N,VIIRS,n,2,288.16,1.22,N,0
30.16385,78.49326,298.76,0.43,0.38,2024-04-30,2020,N,VIIRS,n,2,287.64,0.64,N,0
29.94235,80.06657,301.3,0.39,0.36,2024-04-30,2020,N,VIIRS,n,2,287.73,0.27,N,0
30.16669,78.49848,305.8,0.43,0.38,2024-04-30,2020,N,VIIRS,n,2,288.98,2.18,N,0
30.16804,78.48869,308.01,0.43,0.38,2024-04-30,2020,N,VIIRS,n,2,290.41,1.22,N,0
30.12004,78.86094,303.26,0.42,0.37,2024-04-30,2020,N,VIIRS,n,2,286.08,0.66,N,0
30.1681,78.51406,307.41,0.43,0.38,2024-04-30,2020,N,VIIRS,n,2,284.11,1.56,N,0
30.16878,78.50914,321.49,0.43,0.38,2024-04-30,2020,N,VIIRS,n,2,287.46,1.56,N,0
30.16951,78.5039,328.5,0.43,0.38,2024-04-30,2020,N,VIIRS,n,2,289.86,2.18,N,0
30.17226,78.50974,299.58,0.43,0.38,2024-04-30,2020,N,VIIRS,n,2,286.58,1.45,N,0
30.18245,78.43561,303.38,0.43,0.38,2024-04-30,2020,N,VIIRS,n,2,291.04,0.78,N,0
29.97206,79.93575,302.23,0.39,0.36,2024-04-30,2020,N,VIIRS,n,2,286.98,0.8,N,0
30.17214,78.5365,302.67,0.43,0.38,2024-04-30,2020,N,VIIRS,n,2,287.64,1.04,N,0
30.18594,78.4362,312.26,0.43,0.38,2024-04-30,2020,N,VIIRS,n,2,291.58,0.78,N,0
30.17572,78.51047,323.01,0.43,0.38,2024-04-30,2020,N,VIIRS,n,2,287.26,1.45,N,0
29.97455,79.96517,311.32,0.39,0.36,2024-04-30,2020,N,VIIRS,n,2,286.82,0.84,N,0
29.97516,79.96108,303.89,0.39,0.36,2024-04-30,2020,N,VIIRS,n,2,286.5,0.84,N,0
29.97793,79.96558,312.75,0.39,0.36,2024-04-30,2020,N,VIIRS,n,2,287.81,1.51,N,0
29.98867,79.89311,296.92,0.39,0.36,2024-04-30,2020,N,VIIRS,n,2,285.35,0.69,N,0
29.99205,79.89352,309.11,0.39,0.36,2024-04-30,2020,N,VIIRS,n,2,287.52,0.69,N,0
29.99263,79.88958,301.24,0.39,0.36,2024-04-30,2020,N,VIIRS,n,2,287.56,1.01,N,0
29.99421,79.89256,314.28,0.39,0.36,2024-04-30,2020,N,VIIRS,n,2,289,1.56,N,0
30.16382,78.76537,301.83,0.42,0.38,2024-04-30,2020,N,VIIRS,n,2,287.03,0.53,N,0
30.16387,78.79061,302.67,0.42,0.38,2024-04-30,2020,N,VIIRS,n,2,289.69,0.57,N,0
30.17427,78.76627,303.37,0.42,0.38,2024-04-30,2020,N,VIIRS,n,2,291.17,0.86,N,0
30.01788,79.91846,295.53,0.39,0.36,2024-04-30,2020,N,VIIRS,n,2,285.13,0.27,N,0
30.21192,78.82591,299.39,0.42,0.37,2024-04-30,2020,N,VIIRS,n,2,289.17,0.62,N,0
30.25896,78.48342,299.85,0.43,0.38,2024-04-30,2020,N,VIIRS,n,2,288.42,0.37,N,0
30.21251,78.82164,322.05,0.42,0.37,2024-04-30,2020,N,VIIRS,n,2,290.87,2.06,N,0
30.21601,78.82185,302.77,0.42,0.37,2024-04-30,2020,N,VIIRS,n,2,290.33,1.07,N,0
29.1029,80.06508,310.37,0.39,0.36,2024-04-30,2020,N,VIIRS,n,2,296.13,1.63,N,0
29.10681,80.06184,318.4,0.39,0.36,2024-04-30,2020,N,VIIRS,n,2,296.3,2,N,0
29.11013,80.06251,316.92,0.39,0.36,2024-04-30,2020,N,VIIRS,n,2,296.96,1.31,N,0
29.11072,80.05856,315.64,0.39,0.36,2024-04-30,2020,N,VIIRS,n,2,296.16,1.31,N,0
29.14689,79.8155,306.22,0.39,0.36,2024-04-30,2020,N,VIIRS,n,2,291.25,1.43,N,0
29.11404,80.05927,315.99,0.39,0.36,2024-04-30,2020,N,VIIRS,n,2,296.8,1.31,N,0
29.14962,79.82024,320.72,0.39,0.36,2024-04-30,2020,N,VIIRS,n,2,293.22,2.13,N,0
29.11735,80.05997,313.93,0.39,0.36,2024-04-30,2020,N,VIIRS,n,2,296.01,1.39,N,0
29.11794,80.05602,314.92,0.39,0.36,2024-04-30,2020,N,VIIRS,n,2,295.08,3.12,N,0
29.15,79.84081,302.04,0.39,0.36,2024-04-30,2020,N,VIIRS,n,2,289.76,0.53,N,0
29.15235,79.82501,317.7,0.39,0.36,2024-04-30,2020,N,VIIRS,n,2,293.91,2.73,N,0
29.15294,79.82098,318.52,0.39,0.36,2024-04-30,2020,N,VIIRS,n,2,293.29,2.73,N,0
29.11949,80.0685,316.08,0.39,0.36,2024-04-30,2020,N,VIIRS,n,2,296.84,1.56,N,0
29.12008,80.06459,315.5,0.39,0.36,2024-04-30,2020,N,VIIRS,n,2,297.01,1.39,N,0
29.12066,80.06068,316.44,0.39,0.36,2024-04-30,2020,N,VIIRS,n,2,296.13,1.39,N,0
29.15392,79.83753,307.54,0.39,0.36,2024-04-30,2020,N,VIIRS,n,2,290.91,0.53,N,0
29.1545,79.83363,309.8,0.39,0.36,2024-04-30,2020,N,VIIRS,n,2,292.37,1.81,N,0
29.12126,80.05674,340.27,0.39,0.36,2024-04-30,2020,N,VIIRS,n,2,297.61,3.12,N,0
29.15508,79.82972,323.42,0.39,0.36,2024-04-30,2020,N,VIIRS,n,2,294.39,1.81,N,0
29.15567,79.82572,344.99,0.39,0.36,2024-04-30,2020,N,VIIRS,n,2,296.46,2.73,N,0
29.12457,80.0575,326.22,0.39,0.36,2024-04-30,2020,N,VIIRS,n,2,295.59,2.29,N,0
29.14989,79.91079,301.29,0.39,0.36,2024-04-30,2020,N,VIIRS,n,2,290.8,0.19,N,0
29.15167,79.89885,305.52,0.39,0.36,2024-04-30,2020,N,VIIRS,n,2,291.73,0.71,N,0
29.15322,79.91144,330.58,0.39,0.36,2024-04-30,2020,N,VIIRS,n,2,293.77,2.75,N,0
29.155,79.89947,325.25,0.39,0.36,2024-04-30,2020,N,VIIRS,n,2,294.3,3.1,N,0
29.15655,79.91209,327.49,0.39,0.36,2024-04-30,2020,N,VIIRS,n,2,295.05,2.75,N,0
29.15714,79.9081,329.35,0.39,0.36,2024-04-30,2020,N,VIIRS,n,2,294.62,3.36,N,0
29.15833,79.90012,335.74,0.39,0.36,2024-04-30,2020,N,VIIRS,n,2,295.81,3.1,N,0
29.16106,79.90475,318.04,0.39,0.36,2024-04-30,2020,N,VIIRS,n,2,292.67,1.66,N,0
29.16165,79.90076,307.34,0.39,0.36,2024-04-30,2020,N,VIIRS,n,2,291.87,0.74,N,0
29.16047,79.90876,327.41,0.39,0.36,2024-04-30,2020,N,VIIRS,n,2,294.06,1.66,N,0
29.17814,79.85902,318.06,0.39,0.36,2024-04-30,2020,N,VIIRS,n,2,292.31,1.35,N,0
29.17873,79.85502,302.9,0.39,0.36,2024-04-30,2020,N,VIIRS,n,2,291.32,0.87,N,0
29.17933,79.85102,309.18,0.39,0.36,2024-04-30,2020,N,VIIRS,n,2,291.68,0.87,N,0
29.17992,79.84705,309.35,0.39,0.36,2024-04-30,2020,N,VIIRS,n,2,292.06,0.88,N,0
29.18325,79.84766,311.27,0.39,0.36,2024-04-30,2020,N,VIIRS,n,2,291.48,1.23,N,0
29.19747,79.75173,310.06,0.39,0.36,2024-04-30,2020,N,VIIRS,n,2,292.28,1.52,N,0
29.18266,79.85162,331.27,0.39,0.36,2024-04-30,2020,N,VIIRS,n,2,293.52,1.83,N,0
29.18481,79.86018,314.95,0.39,0.36,2024-04-30,2020,N,VIIRS,n,2,291.84,1.33,N,0
29.186,79.85221,304.24,0.39,0.36,2024-04-30,2020,N,VIIRS,n,2,291.73,1.83,N,0
29.16951,80.14439,305.1,0.39,0.36,2024-04-30,2020,N,VIIRS,n,2,291.32,0.72,N,0
29.22803,79.75374,303.96,0.39,0.36,2024-04-30,2020,N,VIIRS,n,2,289.41,0.96,N,0
29.23136,79.75441,305.34,0.39,0.36,2024-04-30,2020,N,VIIRS,n,2,288.99,0.85,N,0
29.23801,79.80179,296.85,0.39,0.36,2024-04-30,2020,N,VIIRS,n,2,286.49,0.91,N,0
29.24637,79.74558,312.06,0.39,0.36,2024-04-30,2020,N,VIIRS,n,2,287.88,0.75,N,0
29.24077,79.80627,299.57,0.39,0.36,2024-04-30,2020,N,VIIRS,n,2,287.25,0.34,N,0
29.24969,79.74628,297.76,0.39,0.36,2024-04-30,2020,N,VIIRS,n,2,286.33,0.75,N,0
29.29814,79.4416,307.09,0.4,0.37,2024-04-30,2020,N,VIIRS,n,2,294.71,1.13,N,0
29.29874,79.43749,332.18,0.4,0.37,2024-04-30,2020,N,VIIRS,n,2,297.23,2.84,N,0
29.19852,80.13322,303.25,0.39,0.36,2024-04-30,2020,N,VIIRS,n,2,293.13,0.58,N,0
29.2218,79.97881,302.29,0.39,0.36,2024-04-30,2020,N,VIIRS,n,2,288.66,0.41,N,0
29.22366,79.96655,312.29,0.39,0.36,2024-04-30,2020,N,VIIRS,n,2,289.15,1.09,N,0
29.20093,80.1322,315.33,0.39,0.36,2024-04-30,2020,N,VIIRS,n,2,293.74,1.37,N,0
29.22524,79.96971,318.69,0.39,0.36,2024-04-30,2020,N,VIIRS,n,2,290.14,1.01,N,0
29.22585,79.9656,300.42,0.39,0.36,2024-04-30,2020,N,VIIRS,n,2,289.93,1.01,N,0
29.2988,79.4915,306.97,0.4,0.37,2024-04-30,2020,N,VIIRS,n,2,292.38,0.9,N,0
29.22976,79.9623,320.21,0.39,0.36,2024-04-30,2020,N,VIIRS,n,2,291.64,2.2,N,0
29.23036,79.95822,326.32,0.39,0.36,2024-04-30,2020,N,VIIRS,n,2,292.41,2.2,N,0
29.23307,79.96313,313.48,0.39,0.36,2024-04-30,2020,N,VIIRS,n,2,291,0.99,N,0
29.23367,79.95905,305.51,0.39,0.36,2024-04-30,2020,N,VIIRS,n,2,290.47,0.99,N,0
29.24786,79.86341,305.7,0.39,0.36,2024-04-30,2020,N,VIIRS,n,2,290.47,0.62,N,0
29.24845,79.85943,305.18,0.39,0.36,2024-04-30,2020,N,VIIRS,n,2,290.68,0.79,N,0
29.23517,79.97208,299.95,0.39,0.36,2024-04-30,2020,N,VIIRS,n,2,287.74,1.49,N,0
29.23577,79.96802,323.81,0.39,0.36,2024-04-30,2020,N,VIIRS,n,2,290.26,1.49,N,0
29.23908,79.96872,304.87,0.39,0.36,2024-04-30,2020,N,VIIRS,n,2,287,0.42,N,0
29.27558,79.74511,303.51,0.39,0.36,2024-04-30,2020,N,VIIRS,n,2,286.35,0.93,N,0
29.27893,79.74563,301.31,0.39,0.36,2024-04-30,2020,N,VIIRS,n,2,286.35,0.41,N,0
29.33257,79.40082,304.34,0.4,0.37,2024-04-30,2020,N,VIIRS,n,2,294.28,0.69,N,0
29.30397,79.62157,309.75,0.39,0.37,2024-04-30,2020,N,VIIRS,n,2,289.8,0.96,N,0
29.30729,79.62245,310.64,0.39,0.37,2024-04-30,2020,N,VIIRS,n,2,291.3,0.96,N,0
29.32248,79.54192,304.72,0.4,0.37,2024-04-30,2020,N,VIIRS,n,2,290.34,0.54,N,0
29.34027,79.41918,322.45,0.4,0.37,2024-04-30,2020,N,VIIRS,n,2,294.61,2.44,N,0
29.90813,74.94773,299.25,0.41,0.45,2024-04-30,2020,N,VIIRS,n,2,287.77,0.61,N,2
29.26799,79.95829,308.73,0.39,0.36,2024-04-30,2020,N,VIIRS,n,2,287.21,1.01,N,0
29.26859,79.95424,309.21,0.39,0.36,2024-04-30,2020,N,VIIRS,n,2,288.17,1.54,N,0
29.24308,80.12436,324.12,0.39,0.36,2024-04-30,2020,N,VIIRS,n,2,292.15,2.25,N,0
29.24581,80.12893,306.25,0.39,0.36,2024-04-30,2020,N,VIIRS,n,2,291.7,2.25,N,0
29.2464,80.12505,341.67,0.39,0.36,2024-04-30,2020,N,VIIRS,n,2,296.02,2.25,N,0
29.31996,79.69996,302.01,0.39,0.36,2024-04-30,2020,N,VIIRS,n,2,286.99,0.91,N,0
29.30451,79.8046,330.23,0.39,0.36,2024-04-30,2020,N,VIIRS,n,2,289.68,1.77,N,0
29.31937,79.70403,328.1,0.39,0.36,2024-04-30,2020,N,VIIRS,n,2,289.3,2,N,0
29.30781,79.80547,301.13,0.39,0.36,2024-04-30,2020,N,VIIRS,n,2,287.82,1.77,N,0
29.32213,79.70856,305.48,0.39,0.36,2024-04-30,2020,N,VIIRS,n,2,288.2,2,N,0
29.3233,79.70064,297.9,0.39,0.36,2024-04-30,2020,N,VIIRS,n,2,287.29,0.91,N,0
29.3227,79.70467,332.67,0.39,0.36,2024-04-30,2020,N,VIIRS,n,2,291.2,2,N,0
29.3105,79.8104,304.2,0.39,0.36,2024-04-30,2020,N,VIIRS,n,2,285.53,0.57,N,0
29.31111,79.80631,319.64,0.39,0.36,2024-04-30,2020,N,VIIRS,n,2,288.16,1.73,N,0
29.26415,80.1657,309.7,0.39,0.36,2024-04-30,2020,N,VIIRS,n,2,289.23,0.69,N,0
29.26475,80.16174,309.44,0.39,0.36,2024-04-30,2020,N,VIIRS,n,2,290.51,0.69,N,0
29.26745,80.16642,301.36,0.39,0.36,2024-04-30,2020,N,VIIRS,n,2,289.81,0.69,N,0
29.27076,80.16713,303.52,0.39,0.36,2024-04-30,2020,N,VIIRS,n,2,288.96,0.57,N,0
29.28219,80.13663,313.7,0.39,0.36,2024-04-30,2020,N,VIIRS,n,2,290.04,1.5,N,0
29.31235,79.95873,313.59,0.39,0.36,2024-04-30,2020,N,VIIRS,n,2,286.97,0.6,N,0
29.28585,80.20261,303.12,0.39,0.36,2024-04-30,2020,N,VIIRS,n,2,289.76,0.87,N,0
29.3235,79.95273,310.72,0.39,0.36,2024-04-30,2020,N,VIIRS,n,2,286.08,0.87,N,0
29.29365,80.19608,308.12,0.39,0.36,2024-04-30,2020,N,VIIRS,n,2,289.43,1.05,N,0
29.40885,79.50359,296.09,0.4,0.37,2024-04-30,2020,N,VIIRS,n,2,285.47,0.96,N,0
29.34631,79.93095,333.61,0.39,0.36,2024-04-30,2020,N,VIIRS,n,2,290.28,2.15,N,0
29.3413,79.98788,299.32,0.39,0.36,2024-04-30,2020,N,VIIRS,n,2,285.71,0.48,N,0
29.34963,79.93161,302.65,0.39,0.36,2024-04-30,2020,N,VIIRS,n,2,287.16,2.15,N,0
29.96824,75.3765,298.56,0.39,0.44,2024-04-30,2020,N,VIIRS,n,2,286.36,0.52,N,0
29.9687,75.37241,301.49,0.39,0.44,2024-04-30,2020,N,VIIRS,n,2,285.98,0.62,N,0
29.35818,80.126,297.83,0.39,0.36,2024-04-30,2020,N,VIIRS,n,2,284.89,0.46,N,0
29.35878,80.12202,298.53,0.39,0.36,2024-04-30,2020,N,VIIRS,n,2,283.73,0.46,N,0
29.50462,79.29452,306.4,0.4,0.37,2024-04-30,2020,N,VIIRS,n,2,285.39,1,N,0
29.50525,79.29021,309.27,0.4,0.37,2024-04-30,2020,N,VIIRS,n,2,287.58,1.35,N,0
29.50735,79.29964,295.01,0.4,0.37,2024-04-30,2020,N,VIIRS,n,2,284.68,0.73,N,0
29.50797,79.2953,304.77,0.4,0.37,2024-04-30,2020,N,VIIRS,n,2,286.11,0.73,N,0
29.50924,79.28653,297.56,0.4,0.37,2024-04-30,2020,N,VIIRS,n,2,287.37,0.82,N,0
29.51928,79.28891,309.03,0.4,0.37,2024-04-30,2020,N,VIIRS,n,2,286.57,0.98,N,0
29.62713,78.52746,303.25,0.42,0.38,2024-04-30,2020,N,VIIRS,n,2,291.05,1.02,N,0
29.51724,79.32695,305.63,0.4,0.37,2024-04-30,2020,N,VIIRS,n,2,286.19,0.82,N,0
29.51782,79.32289,302.64,0.4,0.37,2024-04-30,2020,N,VIIRS,n,2,285.19,0.82,N,0
29.52264,79.28964,300.67,0.4,0.37,2024-04-30,2020,N,VIIRS,n,2,284.77,0.47,N,0
29.87053,76.79996,321.32,0.5,0.41,2024-04-30,2020,N,VIIRS,n,2,289.87,2.69,N,0
29.87116,76.79695,321.85,0.5,0.41,2024-04-30,2020,N,VIIRS,n,2,290.54,2.08,N,0
29.45383,79.93417,302.68,0.39,0.36,2024-04-30,2020,N,VIIRS,n,2,289.13,0.52,N,0
29.56278,79.2055,305.55,0.4,0.37,2024-04-30,2020,N,VIIRS,n,2,290.5,0.67,N,0
29.48862,79.83778,305.82,0.39,0.36,2024-04-30,2020,N,VIIRS,n,2,288.38,0.84,N,0
29.66827,78.92781,301.96,0.41,0.37,2024-04-30,2020,N,VIIRS,n,2,291.85,0.51,N,0
29.66108,79.07698,310.06,0.41,0.37,2024-04-30,2020,N,VIIRS,n,2,291.03,1.28,N,0
29.65187,79.34042,298.27,0.4,0.37,2024-04-30,2020,N,VIIRS,n,2,286.1,0.47,N,0
29.74958,78.81905,303.77,0.41,0.37,2024-04-30,2020,N,VIIRS,n,2,291.05,0.84,N,0
29.75017,78.81479,313.17,0.41,0.37,2024-04-30,2020,N,VIIRS,n,2,291.74,0.93,N,0
29.55886,80.16368,300.4,0.39,0.36,2024-04-30,2020,N,VIIRS,n,2,286.79,0.57,N,0
29.55945,80.15977,297.97,0.39,0.36,2024-04-30,2020,N,VIIRS,n,2,286.03,0.57,N,0
29.56004,80.15585,298.27,0.39,0.36,2024-04-30,2020,N,VIIRS,n,2,286.36,0.51,N,0
29.75416,78.81137,301.82,0.41,0.37,2024-04-30,2020,N,VIIRS,n,2,290.36,0.93,N,0
29.56216,80.16443,304.49,0.39,0.36,2024-04-30,2020,N,VIIRS,n,2,287.71,0.98,N,0
29.65727,79.51933,298.9,0.4,0.37,2024-04-30,2020,N,VIIRS,n,2,284.39,0.72,N,0
29.76552,78.75467,305.52,0.42,0.37,2024-04-30,2020,N,VIIRS,n,2,290.89,0.6,N,0
29.70336,79.2224,298.42,0.4,0.37,2024-04-30,2020,N,VIIRS,n,2,287.2,0.47,N,0
29.75978,78.82156,299.84,0.41,0.37,2024-04-30,2020,N,VIIRS,n,2,289.26,0.45,N,0
29.76036,78.81734,307.61,0.41,0.37,2024-04-30,2020,N,VIIRS,n,2,290.63,1.44,N,0
29.65461,79.58514,297.94,0.4,0.37,2024-04-30,2020,N,VIIRS,n,2,286.52,0.82,N,0
29.71566,79.16033,301.79,0.41,0.37,2024-04-30,2020,N,VIIRS,n,2,287.02,1.54,N,0
29.71507,79.1645,324.11,0.41,0.37,2024-04-30,2020,N,VIIRS,n,2,288.92,1.54,N,0
29.74366,79.03644,309.72,0.41,0.37,2024-04-30,2020,N,VIIRS,n,2,287.69,1.26,N,0
29.74902,78.99849,312.16,0.41,0.37,2024-04-30,2020,N,VIIRS,n,2,288.86,1.34,N,0
29.72083,79.22164,297.4,0.4,0.37,2024-04-30,2020,N,VIIRS,n,2,286.4,0.23,N,0
29.76067,78.94054,296.54,0.41,0.37,2024-04-30,2020,N,VIIRS,n,2,285.34,1.52,N,0
29.76126,78.93638,326.27,0.41,0.37,2024-04-30,2020,N,VIIRS,n,2,286.83,1.52,N,0
29.62093,79.97719,336.12,0.39,0.36,2024-04-30,2020,N,VIIRS,n,2,294.3,3.63,N,0
29.57252,80.32178,300.57,0.39,0.36,2024-04-30,2020,N,VIIRS,n,2,287.52,0.63,N,0
29.66708,79.68821,296.05,0.4,0.37,2024-04-30,2020,N,VIIRS,n,2,285.12,0.43,N,0
29.68691,79.59986,302.67,0.4,0.37,2024-04-30,2020,N,VIIRS,n,2,286.99,0.66,N,0
29.6384,79.95179,314.09,0.39,0.36,2024-04-30,2020,N,VIIRS,n,2,292.64,1.36,N,0
30.2629,75.17277,300.25,0.4,0.45,2024-04-30,2020,N,VIIRS,n,2,287.85,0.76,N,0
29.6345,80.00085,305.01,0.39,0.36,2024-04-30,2020,N,VIIRS,n,2,291.19,0.83,N,0
29.77531,79.03475,304.32,0.41,0.37,2024-04-30,2020,N,VIIRS,n,2,286.37,1.27,N,0
29.63601,80.01366,307.1,0.39,0.36,2024-04-30,2020,N,VIIRS,n,2,290.72,1.09,N,0
29.63661,80.00962,311.96,0.39,0.36,2024-04-30,2020,N,VIIRS,n,2,291.65,1.09,N,0
29.65977,79.85396,297.5,0.39,0.36,2024-04-30,2020,N,VIIRS,n,2,286.55,0.61,N,0
29.77749,79.04395,296.09,0.41,0.37,2024-04-30,2020,N,VIIRS,n,2,285.38,0.38,N,0
29.77808,79.03977,297.41,0.41,0.37,2024-04-30,2020,N,VIIRS,n,2,285.36,1.27,N,0
29.77867,79.03563,329.28,0.41,0.37,2024-04-30,2020,N,VIIRS,n,2,288.48,1.27,N,0
29.77728,79.06986,296.22,0.41,0.37,2024-04-30,2020,N,VIIRS,n,2,285.93,1.36,N,0
29.78146,79.04053,301.73,0.41,0.37,2024-04-30,2020,N,VIIRS,n,2,283.92,0.71,N,0
29.78265,79.03214,321.66,0.41,0.37,2024-04-30,2020,N,VIIRS,n,2,285.77,1.5,N,0
29.78663,79.02874,297.61,0.41,0.37,2024-04-30,2020,N,VIIRS,n,2,285.28,1.5,N,0
29.78066,79.07065,325.92,0.41,0.37,2024-04-30,2020,N,VIIRS,n,2,287.38,1.36,N,0
29.79391,78.9776,344.79,0.41,0.37,2024-04-30,2020,N,VIIRS,n,2,290.38,5.72,N,0
29.7945,78.97344,330.3,0.41,0.37,2024-04-30,2020,N,VIIRS,n,2,288.22,3.82,N,0
29.79793,78.97392,297.12,0.41,0.37,2024-04-30,2020,N,VIIRS,n,2,285.05,0.41,N,0
29.79042,79.05107,305.2,0.41,0.37,2024-04-30,2020,N,VIIRS,n,2,283.86,0.45,N,0
29.79103,79.04687,295.5,0.41,0.37,2024-04-30,2020,N,VIIRS,n,2,283.87,0.45,N,0
29.78975,79.0534,300.22,0.41,0.37,2024-04-30,2020,N,VIIRS,n,2,284.28,0.43,N,0
29.64934,80.05245,301.22,0.39,0.36,2024-04-30,2020,N,VIIRS,n,2,287.84,0.55,N,0
29.68235,79.8518,303.67,0.39,0.36,2024-04-30,2020,N,VIIRS,n,2,288.45,0.99,N,0
29.68293,79.84791,319.65,0.39,0.36,2024-04-30,2020,N,VIIRS,n,2,288.94,1.19,N,0
29.81009,78.98238,305.73,0.41,0.37,2024-04-30,2020,N,VIIRS,n,2,286.55,0.87,N,0
29.81069,78.97803,306.15,0.41,0.37,2024-04-30,2020,N,VIIRS,n,2,286.14,0.87,N,0
29.81412,78.97849,307.11,0.41,0.37,2024-04-30,2020,N,VIIRS,n,2,287.13,0.89,N,0
29.64476,80.17482,312.51,0.39,0.36,2024-04-30,2020,N,VIIRS,n,2,288.36,1.24,N,0
29.81577,78.99172,300.75,0.41,0.37,2024-04-30,2020,N,VIIRS,n,2,287.42,0.79,N,0
29.64809,80.1753,302.79,0.39,0.36,2024-04-30,2020,N,VIIRS,n,2,290.09,0.92,N,0
29.78629,79.22607,312.82,0.4,0.37,2024-04-30,2020,N,VIIRS,n,2,288.2,1.17,N,0
29.76772,79.38116,300.69,0.4,0.37,2024-04-30,2020,N,VIIRS,n,2,287.43,0.4,N,0
29.84163,78.85596,301.01,0.41,0.37,2024-04-30,2020,N,VIIRS,n,2,288.18,0.58,N,0
29.84217,78.85207,298.86,0.41,0.37,2024-04-30,2020,N,VIIRS,n,2,288.68,0.58,N,0
29.84272,78.84814,301.41,0.41,0.37,2024-04-30,2020,N,VIIRS,n,2,288.18,0.51,N,0
29.77109,79.38181,304.12,0.4,0.37,2024-04-30,2020,N,VIIRS,n,2,286.48,0.3,N,0
29.84506,78.85655,313.25,0.41,0.37,2024-04-30,2020,N,VIIRS,n,2,289.39,1.54,N,0
29.90331,78.43066,301.97,0.43,0.38,2024-04-30,2020,N,VIIRS,n,2,290.24,0.47,N,0
29.67383,80.09461,299.04,0.39,0.36,2024-04-30,2020,N,VIIRS,n,2,284.76,0.36,N,0
29.6713,80.13425,305.17,0.39,0.36,2024-04-30,2020,N,VIIRS,n,2,291.4,0.85,N,0
29.67715,80.09527,298.14,0.39,0.36,2024-04-30,2020,N,VIIRS,n,2,286.33,0.36,N,0
29.85775,78.84103,304.62,0.41,0.37,2024-04-30,2020,N,VIIRS,n,2,288.47,0.54,N,0
29.85832,78.83688,299.35,0.41,0.37,2024-04-30,2020,N,VIIRS,n,2,288.32,0.54,N,0
29.81249,79.18855,299.49,0.41,0.37,2024-04-30,2020,N,VIIRS,n,2,288.07,0.71,N,0
29.69126,80.02341,324.56,0.39,0.36,2024-04-30,2020,N,VIIRS,n,2,290.06,2.11,N,0
29.67462,80.18052,299.71,0.39,0.36,2024-04-30,2020,N,VIIRS,n,2,289.41,0.5,N,0
29.67852,80.17731,303.51,0.39,0.36,2024-04-30,2020,N,VIIRS,n,2,289.52,0.83,N,0
29.7881,79.43212,303.64,0.4,0.37,2024-04-30,2020,N,VIIRS,n,2,286.68,0.88,N,0
29.78686,79.44074,326.61,0.4,0.37,2024-04-30,2020,N,VIIRS,n,2,287.8,3.02,N,0
29.73613,79.81274,304.16,0.39,0.36,2024-04-30,2020,N,VIIRS,n,2,287.44,1.03,N,0
29.79145,79.43288,326.73,0.4,0.37,2024-04-30,2020,N,VIIRS,n,2,289.47,2.58,N,0
29.73889,79.81727,306.02,0.39,0.36,2024-04-30,2020,N,VIIRS,n,2,287.8,1.03,N,0
29.73948,79.81328,317.54,0.39,0.36,2024-04-30,2020,N,VIIRS,n,2,289.25,1.03,N,0
29.6933,80.14709,310.57,0.39,0.36,2024-04-30,2020,N,VIIRS,n,2,291.71,1.27,N,0
29.87802,78.87201,298.68,0.41,0.37,2024-04-30,2020,N,VIIRS,n,2,288.26,0.96,N,0
29.85813,79.03854,304.24,0.41,0.37,2024-04-30,2020,N,VIIRS,n,2,286.96,0.91,N,0
29.88449,78.8509,299.79,0.41,0.37,2024-04-30,2020,N,VIIRS,n,2,288.55,0.3,N,0
29.887,78.83293,301.13,0.41,0.37,2024-04-30,2020,N,VIIRS,n,2,289.42,0.67,N,0
29.77512,79.64057,317.76,0.4,0.37,2024-04-30,2020,N,VIIRS,n,2,287.56,2.12,N,0
29.82948,79.26459,303.29,0.4,0.37,2024-04-30,2020,N,VIIRS,n,2,288.26,0.7,N,0
29.86553,79.03561,303.47,0.41,0.37,2024-04-30,2020,N,VIIRS,n,2,286.77,0.75,N,0
29.89752,78.80798,302.86,0.42,0.37,2024-04-30,2020,N,VIIRS,n,2,291,0.75,N,0
29.95593,78.38451,333.28,0.43,0.38,2024-04-30,2020,N,VIIRS,n,2,293.58,3.41,N,0
29.78363,79.62948,295.66,0.4,0.37,2024-04-30,2020,N,VIIRS,n,2,284.31,0.52,N,0
29.78422,79.62543,295.83,0.4,0.37,2024-04-30,2020,N,VIIRS,n,2,285.54,1.15,N,0
29.78481,79.6214,305.83,0.4,0.37,2024-04-30,2020,N,VIIRS,n,2,286.53,1.15,N,0
29.79551,79.54798,318.35,0.4,0.37,2024-04-30,2020,N,VIIRS,n,2,287.27,1.43,N,0
29.79611,79.54386,299.21,0.4,0.37,2024-04-30,2020,N,VIIRS,n,2,285.97,0.94,N,0
29.86702,79.04973,307.94,0.41,0.37,2024-04-30,2020,N,VIIRS,n,2,284.97,0.77,N,0
29.95874,78.39011,305.42,0.43,0.38,2024-04-30,2020,N,VIIRS,n,2,291.48,1.17,N,0
29.96246,78.36281,319.33,0.43,0.38,2024-04-30,2020,N,VIIRS,n,2,292.94,1.81,N,0
29.78697,79.63019,303.62,0.4,0.37,2024-04-30,2020,N,VIIRS,n,2,286.35,0.52,N,0
29.78815,79.62212,317.91,0.4,0.37,2024-04-30,2020,N,VIIRS,n,2,287.06,1.15,N,0
29.79885,79.54874,305.47,0.4,0.37,2024-04-30,2020,N,VIIRS,n,2,286.46,1.43,N,0
29.909,78.77612,297.44,0.42,0.37,2024-04-30,2020,N,VIIRS,n,2,287.2,0.4,N,0
29.90962,78.77168,310.16,0.42,0.37,2024-04-30,2020,N,VIIRS,n,2,288.25,1,N,0
29.91241,78.77692,314.78,0.42,0.37,2024-04-30,2020,N,VIIRS,n,2,288.31,0.97,N,0
29.93758,78.59581,299.79,0.42,0.38,2024-04-30,2020,N,VIIRS,n,2,288.63,0.65,N,0
29.72884,80.09239,301.07,0.39,0.36,2024-04-30,2020,N,VIIRS,n,2,289.87,0.56,N,0
29.70684,80.26115,299.7,0.39,0.36,2024-04-30,2020,N,VIIRS,n,2,288.77,0.25,N,0
29.80069,79.65402,316.62,0.4,0.37,2024-04-30,2020,N,VIIRS,n,2,287.4,1.95,N,0
29.98397,78.36234,302.05,0.43,0.38,2024-04-30,2020,N,VIIRS,n,2,291.42,0.76,N,0
29.95484,78.59906,310.01,0.42,0.38,2024-04-30,2020,N,VIIRS,n,2,287.18,1.07,N,0
29.75289,80.02309,302.8,0.39,0.36,2024-04-30,2020,N,VIIRS,n,2,287.58,0.83,N,0
29.75412,80.01492,310.97,0.39,0.36,2024-04-30,2020,N,VIIRS,n,2,289.01,1.65,N,0
29.81065,79.65645,314.78,0.4,0.37,2024-04-30,2020,N,VIIRS,n,2,285.07,0.91,N,0
29.81125,79.65232,296.1,0.4,0.37,2024-04-30,2020,N,VIIRS,n,2,284.58,0.91,N,0
29.72243,80.24818,325.99,0.39,0.36,2024-04-30,2020,N,VIIRS,n,2,289.14,2.37,N,0
29.81246,79.65549,316.75,0.4,0.37,2024-04-30,2020,N,VIIRS,n,2,285.5,1.41,N,0
29.81548,79.63435,298.53,0.4,0.37,2024-04-30,2020,N,VIIRS,n,2,284.4,0.95,N,0
29.81856,79.66084,305.34,0.4,0.37,2024-04-30,2020,N,VIIRS,n,2,283.41,1.23,N,0
29.86182,79.35882,300.73,0.4,0.37,2024-04-30,2020,N,VIIRS,n,2,288.41,0.7,N,0
29.92174,78.93172,303.17,0.41,0.37,2024-04-30,2020,N,VIIRS,n,2,287.53,1.07,N,0
29.82191,79.66145,311.52,0.4,0.37,2024-04-30,2020,N,VIIRS,n,2,285.46,1.23,N,0
29.92636,78.92361,299.27,0.41,0.37,2024-04-30,2020,N,VIIRS,n,2,287.19,0.95,N,0
29.89565,79.1687,299.24,0.41,0.37,2024-04-30,2020,N,VIIRS,n,2,286.37,0.26,N,0
30.16288,77.17154,316.25,0.48,0.4,2024-04-30,2020,N,VIIRS,n,2,290.98,1.14,N,0
29.84382,79.58128,295.23,0.4,0.37,2024-04-30,2020,N,VIIRS,n,2,284.95,0.41,N,0
29.87231,79.38255,301.17,0.4,0.37,2024-04-30,2020,N,VIIRS,n,2,287.3,0.65,N,0
29.76111,80.16763,300.39,0.39,0.36,2024-04-30,2020,N,VIIRS,n,2,290.24,0.82,N,0
29.83176,79.68842,319.67,0.4,0.37,2024-04-30,2020,N,VIIRS,n,2,285.44,1.83,N,0
29.8751,79.38726,299.17,0.4,0.37,2024-04-30,2020,N,VIIRS,n,2,288.46,0.65,N,0
29.83235,79.68436,341.17,0.4,0.37,2024-04-30,2020,N,VIIRS,n,2,288.8,6.13,N,0
29.83571,79.68484,324.69,0.4,0.37,2024-04-30,2020,N,VIIRS,n,2,288.29,1.97,N,0
29.77018,80.15266,302.07,0.39,0.36,2024-04-30,2020,N,VIIRS,n,2,289.92,0.55,N,0
30.0162,78.42072,307.8,0.43,0.38,2024-04-30,2020,N,VIIRS,n,2,290.37,0.91,N,0
29.811,79.90061,310.47,0.39,0.36,2024-04-30,2020,N,VIIRS,n,2,288.86,1.28,N,0
29.76414,80.23869,303.09,0.39,0.36,2024-04-30,2020,N,VIIRS,n,2,286.27,0.66,N,0
29.88274,79.47888,299.04,0.4,0.37,2024-04-30,2020,N,VIIRS,n,2,286.47,0.51,N,0
29.80835,80.05726,303.22,0.39,0.36,2024-04-30,2020,N,VIIRS,n,2,289.83,0.88,N,0
29.80893,80.05331,308.41,0.39,0.36,2024-04-30,2020,N,VIIRS,n,2,289.57,0.98,N,0
29.83574,79.87231,304.67,0.39,0.36,2024-04-30,2020,N,VIIRS,n,2,287.87,0.64,N,0
29.90003,79.43081,310.1,0.4,0.37,2024-04-30,2020,N,VIIRS,n,2,287.22,1.21,N,0
29.90063,79.42664,298.69,0.4,0.37,2024-04-30,2020,N,VIIRS,n,2,286.11,0.6,N,0
30.00492,78.68592,303.72,0.42,0.38,2024-04-30,2020,N,VIIRS,n,2,287.05,0.49,N,0
30.00548,78.68189,307.4,0.42,0.38,2024-04-30,2020,N,VIIRS,n,2,287.08,0.67,N,0
30.02281,78.55565,299.29,0.42,0.38,2024-04-30,2020,N,VIIRS,n,2,287,0.28,N,0
29.90277,79.43587,307.63,0.4,0.37,2024-04-30,2020,N,VIIRS,n,2,287.39,1.21,N,0
30.01928,78.60725,305.23,0.42,0.38,2024-04-30,2020,N,VIIRS,n,2,289.01,0.79,N,0
29.9034,79.43145,320.44,0.4,0.37,2024-04-30,2020,N,VIIRS,n,2,288.64,1.21,N,0
30.25727,76.77477,344.35,0.5,0.41,2024-04-30,2020,N,VIIRS,n,2,291.85,10.31,N,0
30.26168,76.77014,304.04,0.5,0.41,2024-04-30,2020,N,VIIRS,n,2,288.97,1.01,N,0
30.02274,78.60786,331.26,0.42,0.38,2024-04-30,2020,N,VIIRS,n,2,290.66,2.84,N,0
29.8413,79.9275,306.9,0.39,0.36,2024-04-30,2020,N,VIIRS,n,2,287.27,1.17,N,0
29.8419,79.92346,313.46,0.39,0.36,2024-04-30,2020,N,VIIRS,n,2,288.12,1.17,N,0
29.80817,80.17277,299.76,0.39,0.36,2024-04-30,2020,N,VIIRS,n,2,288.78,0.38,N,0
29.83718,80.0014,307,0.39,0.36,2024-04-30,2020,N,VIIRS,n,2,287.78,0.98,N,0
29.83837,79.99342,300.39,0.39,0.36,2024-04-30,2020,N,VIIRS,n,2,287.57,1.34,N,0
29.81358,80.18224,298.89,0.39,0.36,2024-04-30,2020,N,VIIRS,n,2,288.1,0.55,N,0
29.84108,79.99819,299.28,0.39,0.36,2024-04-30,2020,N,VIIRS,n,2,287.24,0.98,N,0
29.84168,79.99418,303.84,0.39,0.36,2024-04-30,2020,N,VIIRS,n,2,286.82,1.34,N,0
29.87531,79.76682,298.9,0.39,0.37,2024-04-30,2020,N,VIIRS,n,2,288.73,0.8,N,0
30.02,78.75555,297.62,0.42,0.38,2024-04-30,2020,N,VIIRS,n,2,287.31,0.74,N,0
29.84229,79.99008,328.12,0.39,0.36,2024-04-30,2020,N,VIIRS,n,2,288.7,1.34,N,0
29.848,79.97474,313.09,0.39,0.36,2024-04-30,2020,N,VIIRS,n,2,285.94,1.19,N,0
29.86498,79.90661,300.39,0.39,0.36,2024-04-30,2020,N,VIIRS,n,2,288.95,0.78,N,0
29.86558,79.90255,306.72,0.39,0.36,2024-04-30,2020,N,VIIRS,n,2,289.34,0.78,N,0
29.95756,79.27166,295.91,0.4,0.37,2024-04-30,2020,N,VIIRS,n,2,285.06,0.61,N,0
29.95816,79.26746,319.76,0.4,0.37,2024-04-30,2020,N,VIIRS,n,2,286.75,2.58,N,0
30.02551,78.79185,304.91,0.42,0.37,2024-04-30,2020,N,VIIRS,n,2,287.04,1.08,N,0
29.8484,80.04095,301.29,0.39,0.36,2024-04-30,2020,N,VIIRS,n,2,286.63,0.61,N,0
29.86349,79.93974,302.15,0.39,0.36,2024-04-30,2020,N,VIIRS,n,2,288.65,0.73,N,0
29.88325,79.80625,298.98,0.39,0.36,2024-04-30,2020,N,VIIRS,n,2,288.46,0.26,N,0
29.88387,79.80205,300.56,0.39,0.36,2024-04-30,2020,N,VIIRS,n,2,288.54,1.06,N,0
29.8912,79.79897,300.98,0.39,0.36,2024-04-30,2020,N,VIIRS,n,2,288.99,0.53,N,0
30.04715,78.71253,315.98,0.42,0.38,2024-04-30,2020,N,VIIRS,n,2,285.66,2.32,N,0
30.04656,78.71677,326.21,0.42,0.38,2024-04-30,2020,N,VIIRS,n,2,286.91,2.32,N,0
30.0451,78.77778,306.65,0.42,0.37,2024-04-30,2020,N,VIIRS,n,2,287.01,1.06,N,0
29.90857,79.76035,298.26,0.39,0.37,2024-04-30,2020,N,VIIRS,n,2,287.33,0.52,N,0
30.04717,78.7767,301.64,0.42,0.38,2024-04-30,2020,N,VIIRS,n,2,287.67,1.08,N,0
29.8769,80.00024,296.35,0.39,0.36,2024-04-30,2020,N,VIIRS,n,2,285.02,0.44,N,0
29.91131,79.76511,302.62,0.39,0.37,2024-04-30,2020,N,VIIRS,n,2,288.5,0.78,N,0
30.38692,77.60099,308.87,0.46,0.39,2024-04-30,2020,N,VIIRS,n,2,290.67,1.49,N,0
30.38925,77.61155,310.87,0.46,0.39,2024-04-30,2020,N,VIIRS,n,2,292.89,1.91,N,0
30.38989,77.60664,318.91,0.46,0.39,2024-04-30,2020,N,VIIRS,n,2,293.24,1.91,N,0
30.35559,78.24412,300.92,0.44,0.38,2024-04-30,2020,N,VIIRS,n,2,285.97,0.67,N,0
30.22231,79.24657,306.51,0.41,0.37,2024-04-30,2020,N,VIIRS,n,2,289.42,0.96,N,0
30.34633,78.47436,300.12,0.43,0.38,2024-04-30,2020,N,VIIRS,n,2,289.49,0.5,N,0
30.35197,78.43259,304.87,0.43,0.38,2024-04-30,2020,N,VIIRS,n,2,285.84,0.68,N,0
30.31289,78.74644,296.82,0.42,0.38,2024-04-30,2020,N,VIIRS,n,2,286.36,0.55,N,0
30.35035,78.47108,303.16,0.43,0.38,2024-04-30,2020,N,VIIRS,n,2,288.59,0.77,N,0
30.31519,78.75536,298.98,0.42,0.38,2024-04-30,2020,N,VIIRS,n,2,288.5,0.75,N,0
30.31577,78.75121,306.35,0.42,0.38,2024-04-30,2020,N,VIIRS,n,2,288.56,0.55,N,0
30.31698,78.74239,309.79,0.42,0.38,2024-04-30,2020,N,VIIRS,n,2,289.38,1.25,N,0
30.31765,78.73748,312.6,0.42,0.38,2024-04-30,2020,N,VIIRS,n,2,289.44,1.25,N,0
30.35328,78.47578,300.18,0.43,0.38,2024-04-30,2020,N,VIIRS,n,2,289.17,0.77,N,0
30.30664,78.84306,310.51,0.42,0.37,2024-04-30,2020,N,VIIRS,n,2,287.15,0.87,N,0
30.32111,78.73802,302.35,0.42,0.38,2024-04-30,2020,N,VIIRS,n,2,289.14,0.97,N,0
30.31005,78.84385,299.68,0.42,0.37,2024-04-30,2020,N,VIIRS,n,2,286.98,0.87,N,0
30.33164,78.68713,310.82,0.42,0.38,2024-04-30,2020,N,VIIRS,n,2,287.69,0.71,N,0
30.33809,78.6659,297.75,0.42,0.38,2024-04-30,2020,N,VIIRS,n,2,287.53,0.46,N,0
30.34148,78.66708,298.13,0.42,0.38,2024-04-30,2020,N,VIIRS,n,2,286.32,0.46,N,0
30.33548,78.73642,302.06,0.42,0.38,2024-04-30,2020,N,VIIRS,n,2,288.74,1.09,N,0
30.34487,78.66815,309,0.42,0.38,2024-04-30,2020,N,VIIRS,n,2,285.27,0.62,N,0
30.31947,78.87755,301.26,0.42,0.37,2024-04-30,2020,N,VIIRS,n,2,284.55,0.36,N,0
30.34781,78.74957,325.64,0.42,0.38,2024-04-30,2020,N,VIIRS,n,2,286.07,2.53,N,0
30.34846,78.74483,320.04,0.42,0.38,2024-04-30,2020,N,VIIRS,n,2,285.64,2.53,N,0
30.35908,78.79563,296.89,0.42,0.38,2024-04-30,2020,N,VIIRS,n,2,284.45,0.59,N,0
30.36253,78.79622,295.04,0.42,0.38,2024-04-30,2020,N,VIIRS,n,2,284.55,0.59,N,0
30.35921,79.11627,300.58,0.41,0.37,2024-04-30,2020,N,VIIRS,n,2,285.71,0.75,N,0
30.19867,80.25124,299.86,0.39,0.36,2024-04-30,2020,N,VIIRS,n,2,274.41,1.19,N,0
30.36316,79.11305,299.1,0.41,0.37,2024-04-30,2020,N,VIIRS,n,2,284.41,0.64,N,0
30.36544,79.12177,299.8,0.41,0.37,2024-04-30,2020,N,VIIRS,n,2,285.89,1.24,N,0
30.43672,78.63053,298.04,0.42,0.38,2024-04-30,2020,N,VIIRS,n,2,287.24,0.33,N,0
30.49795,78.36288,302.78,0.43,0.38,2024-04-30,2020,N,VIIRS,n,2,287.44,1.34,N,0
30.65533,77.1512,308,0.49,0.4,2024-04-30,2020,N,VIIRS,n,2,291.89,1.57,N,0
30.5044,78.34164,299.75,0.44,0.38,2024-04-30,2020,N,VIIRS,n,2,286.73,0.53,N,0
30.505,78.3372,296.55,0.44,0.38,2024-04-30,2020,N,VIIRS,n,2,285.36,0.69,N,0
30.39872,79.33025,308.66,0.41,0.37,2024-04-30,2020,N,VIIRS,n,2,290.44,1.44,N,0
30.39821,79.33289,301.02,0.41,0.37,2024-04-30,2020,N,VIIRS,n,2,289.45,0.63,N,0
30.39884,79.32835,301.8,0.41,0.37,2024-04-30,2020,N,VIIRS,n,2,289.82,0.63,N,0
30.40101,79.33778,303.74,0.41,0.37,2024-04-30,2020,N,VIIRS,n,2,289.23,0.86,N,0
30.40443,79.33813,313.06,0.41,0.37,2024-04-30,2020,N,VIIRS,n,2,290.28,1,N,0
30.43747,79.10133,299.28,0.41,0.37,2024-04-30,2020,N,VIIRS,n,2,287.3,1.27,N,0
30.4078,79.33891,301.18,0.41,0.37,2024-04-30,2020,N,VIIRS,n,2,290.14,1,N,0
30.4084,79.33469,302.78,0.41,0.37,2024-04-30,2020,N,VIIRS,n,2,290.03,1.28,N,0
30.44083,79.10238,319.36,0.41,0.37,2024-04-30,2020,N,VIIRS,n,2,288.7,1.27,N,0
30.41175,79.33561,301.29,0.41,0.37,2024-04-30,2020,N,VIIRS,n,2,288.87,0.54,N,0
30.4442,79.10342,302.75,0.41,0.37,2024-04-30,2020,N,VIIRS,n,2,286.26,0.9,N,0
30.44699,79.1086,303.11,0.41,0.37,2024-04-30,2020,N,VIIRS,n,2,287.05,0.9,N,0
30.03726,80.27082,316.46,0.39,0.36,2024-04-30,2020,N,VIIRS,n,2,284.64,1.67,N,0
30.04058,80.27145,297.79,0.39,0.36,2024-04-30,2020,N,VIIRS,n,2,283.84,0.72,N,0
30.27652,78.80552,302.08,0.42,0.38,2024-04-30,2020,N,VIIRS,n,2,289.1,0.95,N,0
30.27711,78.80128,307.88,0.42,0.38,2024-04-30,2020,N,VIIRS,n,2,289.84,0.95,N,0
30.45036,79.10956,309.34,0.41,0.37,2024-04-30,2020,N,VIIRS,n,2,285.6,1.44,N,0
30.71657,78.3127,306,0.44,0.38,2024-04-30,2020,N,VIIRS,n,2,283.64,0.97,N,0
30.72667,78.3448,299.77,0.44,0.38,2024-04-30,2020,N,VIIRS,n,2,286.72,1.13,N,0
30.73019,78.34537,310.01,0.44,0.38,2024-04-30,2020,N,VIIRS,n,2,287.91,1.13,N,0
30.7332,78.34978,300.44,0.44,0.38,2024-04-30,2020,N,VIIRS,n,2,287.7,0.7,N,0
30.73376,78.34559,331.97,0.44,0.38,2024-04-30,2020,N,VIIRS,n,2,289.49,3.71,N,0
30.94432,77.17283,304.09,0.49,0.4,2024-04-30,2020,N,VIIRS,n,2,283.94,0.99,N,0
30.9848,77.02904,296.52,0.5,0.41,2024-04-30,2020,N,VIIRS,n,2,285.8,0.42,N,0
31.03178,76.86517,299.18,0.51,0.41,2024-04-30,2020,N,VIIRS,n,2,287.39,0.54,N,0
31.25041,76.92741,298.09,0.51,0.41,2024-04-30,2020,N,VIIRS,n,2,285.84,0.59,N,2
31.2499,76.92969,299.89,0.51,0.41,2024-04-30,2020,N,VIIRS,n,2,285.7,0.64,N,2
31.25812,76.92525,296.07,0.51,0.41,2024-04-30,2020,N,VIIRS,n,2,285.63,0.34,N,2
31.41733,77.37246,297.41,0.49,0.4,2024-04-30,2020,N,VIIRS,n,2,285.23,0.89,N,0
31.41902,77.37419,296.81,0.49,0.4,2024-04-30,2020,N,VIIRS,n,2,285.42,1,N,0
28.86028,79.67232,303.45,0.39,0.36,2024-04-30,2021,N,VIIRS,n,2,289.37,0.46,N,0
28.85458,79.6877,304.35,0.39,0.36,2024-04-30,2021,N,VIIRS,n,2,291.13,0.55,N,0
28.85124,79.68706,303.63,0.39,0.36,2024-04-30,2021,N,VIIRS,n,2,289.92,0.69,N,0
28.90851,79.09923,300.58,0.4,0.37,2024-04-30,2021,N,VIIRS,n,2,290.26,0.31,N,0
28.8174,79.71897,307.66,0.39,0.36,2024-04-30,2021,N,VIIRS,n,2,291.41,0.9,N,0
28.8168,79.72296,318.11,0.39,0.36,2024-04-30,2021,N,VIIRS,n,2,291.67,0.9,N,0
28.90513,79.09859,302.6,0.4,0.37,2024-04-30,2021,N,VIIRS,n,2,291.26,1.11,N,0
28.90453,79.10271,316.14,0.4,0.37,2024-04-30,2021,N,VIIRS,n,2,292.03,0.84,N,0
28.88804,78.95119,308.84,0.41,0.37,2024-04-30,2021,N,VIIRS,n,2,292.81,0.83,N,0
28.72287,79.8932,309.68,0.39,0.36,2024-04-30,2021,N,VIIRS,n,2,289.7,1.18,N,0
28.73673,79.77732,313.29,0.39,0.36,2024-04-30,2021,N,VIIRS,n,2,291.79,0.77,N,0
28.74109,79.72486,302.01,0.39,0.36,2024-04-30,2021,N,VIIRS,n,2,291.93,0.32,N,0
29.20501,78.87659,300.98,0.41,0.37,2024-04-30,2021,N,VIIRS,n,2,290.59,0.25,N,0
29.02803,79.71216,312.97,0.39,0.36,2024-04-30,2021,N,VIIRS,n,2,290.45,1.45,N,0
29.02744,79.71617,318.27,0.39,0.36,2024-04-30,2021,N,VIIRS,n,2,290.54,1.21,N,0
28.9999,79.85487,305.76,0.39,0.36,2024-04-30,2021,N,VIIRS,n,2,288.4,0.32,N,0
29.00432,79.80231,303.68,0.39,0.36,2024-04-30,2021,N,VIIRS,n,2,290.88,0.94,N,0
29.00193,79.8183,310.03,0.39,0.36,2024-04-30,2021,N,VIIRS,n,2,293.25,1.01,N,0
28.99527,79.81699,305.52,0.39,0.36,2024-04-30,2021,N,VIIRS,n,2,292.18,0.65,N,0
29.30974,77.14977,307.73,0.47,0.4,2024-04-30,2021,N,VIIRS,n,2,288.07,0.6,N,0
29.02718,79.17387,303.09,0.4,0.37,2024-04-30,2021,N,VIIRS,n,2,290.74,0.68,N,0
28.92571,79.76305,313.83,0.39,0.36,2024-04-30,2021,N,VIIRS,n,2,291,0.51,N,0
28.8852,79.68945,302.05,0.39,0.36,2024-04-30,2021,N,VIIRS,n,2,291.12,0.69,N,0
28.73267,79.66576,323.62,0.39,0.36,2024-04-30,2021,N,VIIRS,n,2,292.41,1.84,N,0
28.73208,79.66976,301.63,0.39,0.36,2024-04-30,2021,N,VIIRS,n,2,291,0.59,N,0
28.72228,79.65259,311.31,0.39,0.36,2024-04-30,2021,N,VIIRS,n,2,291.32,0.91,N,0
28.71955,79.64795,301.37,0.39,0.36,2024-04-30,2021,N,VIIRS,n,2,291.1,0.58,N,0
29.09965,75.93141,310.91,0.54,0.42,2024-04-30,2021,N,VIIRS,n,2,289.65,0.73,N,0
28.90813,76.89481,308.11,0.48,0.4,2024-04-30,2021,N,VIIRS,n,2,290.34,1.08,N,0
28.88971,76.89177,300.55,0.48,0.4,2024-04-30,2021,N,VIIRS,n,2,289.14,0.5,N,0
28.8877,76.88869,311.74,0.48,0.4,2024-04-30,2021,N,VIIRS,n,2,290.82,1.3,N,0
28.7726,77.56854,316.22,0.45,0.39,2024-04-30,2021,N,VIIRS,n,2,289.87,0.58,N,0
28.79417,77.15073,310.37,0.47,0.39,2024-04-30,2021,N,VIIRS,n,2,292.14,0.49,N,2
28.84574,76.65277,307.08,0.49,0.4,2024-04-30,2021,N,VIIRS,n,2,290.5,0.69,N,0
28.80484,76.63947,301.9,0.49,0.4,2024-04-30,2021,N,VIIRS,n,2,290.08,1.07,N,0
28.74523,76.92861,302.08,0.48,0.4,2024-04-30,2021,N,VIIRS,n,2,290.49,0.51,N,0
28.67423,76.58033,324.17,0.49,0.4,2024-04-30,2021,N,VIIRS,n,2,291.55,3,N,0
28.6755,76.57021,312.97,0.49,0.41,2024-04-30,2021,N,VIIRS,n,2,290.9,1.37,N,0
28.67176,76.5696,307.91,0.49,0.41,2024-04-30,2021,N,VIIRS,n,2,290.47,0.9,N,0
28.66114,76.59367,304.55,0.49,0.4,2024-04-30,2021,N,VIIRS,n,2,290.71,0.42,N,0
28.64758,76.33025,325.99,0.51,0.41,2024-04-30,2021,N,VIIRS,n,2,291.75,2.36,N,0
28.6438,76.32964,306.96,0.51,0.41,2024-04-30,2021,N,VIIRS,n,2,290.51,2.36,N,0
28.64064,76.32383,307.21,0.51,0.41,2024-04-30,2021,N,VIIRS,n,2,290.35,1.84,N,0
28.64002,76.32904,303.89,0.51,0.41,2024-04-30,2021,N,VIIRS,n,2,290.47,1.34,N,0
28.63687,76.32323,323.02,0.51,0.41,2024-04-30,2021,N,VIIRS,n,2,291.48,1.84,N,0
28.63624,76.32843,317.84,0.51,0.41,2024-04-30,2021,N,VIIRS,n,2,291.52,1.34,N,0
28.64847,76.32904,317.47,0.51,0.41,2024-04-30,2021,N,VIIRS,n,2,291.28,1.46,N,0
28.64469,76.32844,307.01,0.51,0.41,2024-04-30,2021,N,VIIRS,n,2,290.39,1.46,N,0
28.64404,76.33363,315.27,0.51,0.41,2024-04-30,2021,N,VIIRS,n,2,290.92,2.09,N,0
28.64157,76.32264,301.8,0.51,0.41,2024-04-30,2021,N,VIIRS,n,2,290.55,2.03,N,0
28.64091,76.32784,304.06,0.51,0.41,2024-04-30,2021,N,VIIRS,n,2,290.05,2.03,N,0
28.63713,76.32723,336.39,0.51,0.41,2024-04-30,2021,N,VIIRS,n,2,292.27,2.03,N,0
28.63335,76.32663,300.89,0.51,0.41,2024-04-30,2021,N,VIIRS,n,2,290.52,0.69,N,0
28.59705,76.46268,316.29,0.5,0.41,2024-04-30,2021,N,VIIRS,n,2,291.09,1.98,N,0
28.5964,76.46779,319.93,0.5,0.41,2024-04-30,2021,N,VIIRS,n,2,291.26,1.98,N,0
28.47313,76.37838,310.18,0.5,0.41,2024-04-30,2021,N,VIIRS,n,2,292.78,2.05,N,0
28.44349,76.55507,303.21,0.49,0.4,2024-04-30,2021,N,VIIRS,n,2,290.98,0.58,N,0
23.61001,82.41369,307.07,0.44,0.39,2024-04-30,2022,N,VIIRS,n,2,294.79,1.33,N,0
23.64591,82.49515,306.21,0.44,0.39,2024-04-30,2022,N,VIIRS,n,2,294.31,1.15,N,0
23.65292,82.60056,306.77,0.45,0.39,2024-04-30,2022,N,VIIRS,n,2,296.55,1.5,N,0
23.73443,82.13486,313.77,0.43,0.38,2024-04-30,2022,N,VIIRS,n,2,295.65,1.81,N,0
23.77361,82.09528,307.73,0.43,0.38,2024-04-30,2022,N,VIIRS,n,2,296.87,1.17,N,0
23.77507,82.08677,312.35,0.43,0.38,2024-04-30,2022,N,VIIRS,n,2,297.39,2.42,N,0
23.77707,82.096,309.68,0.43,0.38,2024-04-30,2022,N,VIIRS,n,2,297.29,1.17,N,0
23.77651,82.08632,308.27,0.43,0.38,2024-04-30,2022,N,VIIRS,n,2,297.04,1.05,N,0
23.77848,82.09548,309.19,0.43,0.38,2024-04-30,2022,N,VIIRS,n,2,297.25,2.31,N,0
23.77995,82.0871,307.33,0.43,0.38,2024-04-30,2022,N,VIIRS,n,2,296.2,1.05,N,0
23.75298,82.54781,311.05,0.45,0.39,2024-04-30,2022,N,VIIRS,n,2,295.88,1.2,N,0
23.7677,86.39465,314.87,0.47,0.48,2024-04-30,2022,N,VIIRS,n,2,303.26,4.04,N,2
23.76335,86.39364,322.48,0.47,0.48,2024-04-30,2022,N,VIIRS,n,2,305.24,6.8,N,2
23.76149,86.40274,324.22,0.47,0.48,2024-04-30,2022,N,VIIRS,n,2,301.3,3.12,N,2
23.79573,86.23471,311.3,0.46,0.47,2024-04-30,2022,N,VIIRS,n,2,299.73,3.26,N,2
23.76242,86.3982,315.5,0.47,0.48,2024-04-30,2022,N,VIIRS,n,2,300.49,3.12,N,2
23.6066,87.15097,307.7,0.53,0.5,2024-04-30,2022,N,VIIRS,n,2,296.91,2.48,N,2
23.75713,86.40176,335.58,0.47,0.48,2024-04-30,2022,N,VIIRS,n,2,301.53,3.12,N,2
23.75806,86.39721,313.39,0.47,0.48,2024-04-30,2022,N,VIIRS,n,2,298.67,3.12,N,2
23.74807,86.42373,313.02,0.47,0.48,2024-04-30,2022,N,VIIRS,n,2,299.81,3.86,N,2
23.78313,86.20808,335.03,0.46,0.47,2024-04-30,2022,N,VIIRS,n,2,302.92,5.26,N,2
23.73745,86.4309,315.96,0.47,0.48,2024-04-30,2022,N,VIIRS,n,2,301.01,6.53,N,0
23.77882,86.20712,327.05,0.46,0.47,2024-04-30,2022,N,VIIRS,n,2,301.85,5.26,N,2
23.7736,86.21065,311.06,0.46,0.47,2024-04-30,2022,N,VIIRS,n,2,300.17,2.5,N,2
23.52135,87.41643,309.01,0.55,0.51,2024-04-30,2022,N,VIIRS,n,2,296.51,2.71,N,0
23.77112,86.20074,310.58,0.46,0.47,2024-04-30,2022,N,VIIRS,n,2,299.08,4.93,N,2
23.71714,86.44065,313.01,0.48,0.48,2024-04-30,2022,N,VIIRS,n,2,299.65,3.18,N,2
23.77409,86.20409,312.33,0.46,0.47,2024-04-30,2022,N,VIIRS,n,2,301.13,4.22,N,2
23.77068,86.1986,309.33,0.46,0.47,2024-04-30,2022,N,VIIRS,n,2,297.55,3.77,N,2
23.71744,86.44369,312.26,0.48,0.48,2024-04-30,2022,N,VIIRS,n,2,300.98,4.34,N,2
23.5505,87.2448,311.75,0.54,0.51,2024-04-30,2022,N,VIIRS,n,2,300.22,5.22,N,3
23.68655,86.39284,325.85,0.47,0.48,2024-04-30,2022,N,VIIRS,n,2,300.29,4.72,N,2
24.31232,83.11578,303.77,0.46,0.39,2024-04-30,2022,N,VIIRS,n,2,293.73,0.44,N,0
23.68747,86.38831,318.77,0.47,0.48,2024-04-30,2022,N,VIIRS,n,2,299.26,4.48,N,2
23.68218,86.39186,320.07,0.47,0.48,2024-04-30,2022,N,VIIRS,n,2,297.87,2.06,N,2
23.68127,86.39639,308.6,0.47,0.48,2024-04-30,2022,N,VIIRS,n,2,298.02,2.06,N,2
23.67596,86.40005,327.69,0.47,0.48,2024-04-30,2022,N,VIIRS,n,2,300.48,5.48,N,2
23.6769,86.39541,310.41,0.47,0.48,2024-04-30,2022,N,VIIRS,n,2,299.6,2.06,N,2
24.2635,83.19955,307.23,0.47,0.4,2024-04-30,2022,N,VIIRS,n,2,296.24,1.19,N,0
23.70222,86.07046,308.07,0.45,0.47,2024-04-30,2022,N,VIIRS,n,2,296.62,2.04,N,2
23.68404,86.0938,317.93,0.45,0.47,2024-04-30,2022,N,VIIRS,n,2,298.38,3.81,N,2
23.67977,86.09274,324.17,0.45,0.47,2024-04-30,2022,N,VIIRS,n,2,299.01,2.77,N,2
23.67731,86.08289,310.59,0.45,0.47,2024-04-30,2022,N,VIIRS,n,2,299.27,4.12,N,2
23.67641,86.0873,311.07,0.45,0.47,2024-04-30,2022,N,VIIRS,n,2,299.36,2.77,N,2
23.6817,86.09554,335.13,0.45,0.47,2024-04-30,2022,N,VIIRS,n,2,298.94,6.54,N,2
23.67491,86.0846,313.09,0.45,0.47,2024-04-30,2022,N,VIIRS,n,2,298.99,4.42,N,2
23.63297,86.29607,311.05,0.47,0.48,2024-04-30,2022,N,VIIRS,n,2,296.92,2.42,N,2
23.66889,86.09241,314.61,0.45,0.47,2024-04-30,2022,N,VIIRS,n,2,299.67,3.77,N,2
24.32933,82.36365,310.37,0.43,0.38,2024-04-30,2022,N,VIIRS,n,2,294.85,1.68,N,3
24.22092,82.85168,307.1,0.45,0.39,2024-04-30,2022,N,VIIRS,n,2,296.17,1.47,N,0
24.20748,82.70901,319.31,0.45,0.39,2024-04-30,2022,N,VIIRS,n,2,300.32,2.49,N,2
24.20596,82.71772,312.06,0.45,0.39,2024-04-30,2022,N,VIIRS,n,2,299.11,2.54,N,0
24.25258,82.38821,312.88,0.43,0.38,2024-04-30,2022,N,VIIRS,n,2,295.35,1.48,N,0
24.43081,83.55941,324.31,0.48,0.4,2024-04-30,2022,N,VIIRS,n,2,299.02,4.01,N,0
23.85732,86.33666,308.67,0.47,0.47,2024-04-30,2022,N,VIIRS,n,2,297.71,0.82,N,0
23.69501,87.11508,308.71,0.52,0.5,2024-04-30,2022,N,VIIRS,n,2,298.21,4.94,N,2
23.69393,87.12019,316.42,0.52,0.5,2024-04-30,2022,N,VIIRS,n,2,300.26,3.61,N,2
23.68937,87.1191,313.64,0.52,0.5,2024-04-30,2022,N,VIIRS,n,2,299.41,3.61,N,2
23.68916,87.09755,314.94,0.52,0.5,2024-04-30,2022,N,VIIRS,n,2,300,4.18,N,2
24.1834,82.65855,309.71,0.45,0.39,2024-04-30,2022,N,VIIRS,n,2,296.97,1.37,N,0
23.69361,87.1239,316.42,0.52,0.5,2024-04-30,2022,N,VIIRS,n,2,299.51,3.26,N,2
23.68905,87.1228,315.05,0.52,0.5,2024-04-30,2022,N,VIIRS,n,2,299.38,4.37,N,2
23.6887,87.10118,310.14,0.52,0.5,2024-04-30,2022,N,VIIRS,n,2,299.03,5.06,N,2
24.44944,83.04005,311.55,0.46,0.39,2024-04-30,2022,N,VIIRS,n,2,300.04,1.95,N,2
23.80332,86.33118,321.9,0.47,0.48,2024-04-30,2022,N,VIIRS,n,2,301.6,4.33,N,2
23.80423,86.32668,319.24,0.47,0.48,2024-04-30,2022,N,VIIRS,n,2,304.02,6.72,N,2
23.79436,86.35301,320.25,0.47,0.48,2024-04-30,2022,N,VIIRS,n,2,301.63,5.42,N,2
23.7817,86.39305,331.98,0.47,0.48,2024-04-30,2022,N,VIIRS,n,2,306.58,3.47,N,2
23.79003,86.35197,311.55,0.47,0.48,2024-04-30,2022,N,VIIRS,n,2,299.54,3.82,N,2
23.78076,86.39768,311.58,0.47,0.48,2024-04-30,2022,N,VIIRS,n,2,299.44,3.47,N,2
23.77829,86.38742,326.99,0.47,0.48,2024-04-30,2022,N,VIIRS,n,2,301.32,6.71,N,2
23.7894,86.33273,318.62,0.47,0.48,2024-04-30,2022,N,VIIRS,n,2,301.05,4.14,N,2
23.78106,86.37376,319.24,0.47,0.48,2024-04-30,2022,N,VIIRS,n,2,301.09,4.04,N,2
23.77735,86.39204,314.93,0.47,0.48,2024-04-30,2022,N,VIIRS,n,2,302.15,3.47,N,2
23.77794,86.34441,317,0.47,0.48,2024-04-30,2022,N,VIIRS,n,2,299.49,2.95,N,2
23.77424,86.3626,321.43,0.47,0.48,2024-04-30,2022,N,VIIRS,n,2,300.96,5.6,N,2
23.77299,86.39104,317.18,0.47,0.48,2024-04-30,2022,N,VIIRS,n,2,304.11,4.04,N,2
23.77394,86.38642,317.93,0.47,0.48,2024-04-30,2022,N,VIIRS,n,2,300.3,5.85,N,2
23.78228,86.34542,319.8,0.47,0.48,2024-04-30,2022,N,VIIRS,n,2,301.9,2.95,N,2
20.78731,85.26439,315.79,0.46,0.47,2024-04-30,2022,N,VIIRS,n,2,298.35,3.96,N,2
20.79422,85.25219,339.95,0.46,0.47,2024-04-30,2022,N,VIIRS,n,2,298.69,7.82,N,2
20.80707,85.25516,316.07,0.46,0.47,2024-04-30,2022,N,VIIRS,n,2,298.1,3.09,N,2
20.86797,84.99178,315.37,0.44,0.46,2024-04-30,2022,N,VIIRS,n,2,298.44,6.28,N,2
20.88561,84.99148,313.43,0.44,0.46,2024-04-30,2022,N,VIIRS,n,2,297.87,5.14,N,0
23.1056,70.1861,309.92,0.33,0.55,2024-04-30,2022,N,VIIRS,n,2,297.77,1.16,N,2
20.95296,85.00667,309.32,0.44,0.46,2024-04-30,2022,N,VIIRS,n,2,296.23,3.68,N,2
20.95632,85.00553,308.21,0.44,0.46,2024-04-30,2022,N,VIIRS,n,2,296.05,2.72,N,2
20.96442,85.16622,317.03,0.45,0.47,2024-04-30,2022,N,VIIRS,n,2,298.35,3.46,N,2
20.96609,85.15773,314.07,0.45,0.47,2024-04-30,2022,N,VIIRS,n,2,297.56,2.5,N,2
20.96359,85.17046,323.08,0.45,0.47,2024-04-30,2022,N,VIIRS,n,2,298.65,5.13,N,2
20.96692,85.15349,330.48,0.45,0.47,2024-04-30,2022,N,VIIRS,n,2,298.01,2.5,N,2
20.96867,85.16721,314.61,0.45,0.47,2024-04-30,2022,N,VIIRS,n,2,298.17,3.37,N,2
20.97534,85.13313,316.27,0.45,0.47,2024-04-30,2022,N,VIIRS,n,2,298.5,2.68,N,2
20.97209,85.17242,317.26,0.45,0.47,2024-04-30,2022,N,VIIRS,n,2,298.4,3.98,N,2
20.97709,85.14684,315.34,0.45,0.47,2024-04-30,2022,N,VIIRS,n,2,297.54,1.61,N,2
20.97874,85.13837,319.49,0.45,0.47,2024-04-30,2022,N,VIIRS,n,2,297.79,5.63,N,2
20.97957,85.13412,312.97,0.45,0.47,2024-04-30,2022,N,VIIRS,n,2,297.38,2.68,N,2
20.9804,85.12984,320.21,0.44,0.46,2024-04-30,2022,N,VIIRS,n,2,297.74,2.68,N,2
20.98298,85.13932,310.35,0.45,0.47,2024-04-30,2022,N,VIIRS,n,2,297.15,2.73,N,0
22.97773,72.56651,311.3,0.47,0.48,2024-04-30,2022,N,VIIRS,n,2,297.21,2.26,N,0
21.04053,85.11602,310.31,0.44,0.46,2024-04-30,2022,N,VIIRS,n,2,297.79,4.23,N,0
21.04132,85.1119,310.9,0.44,0.46,2024-04-30,2022,N,VIIRS,n,2,297.21,4.51,N,0
22.97765,72.56403,311.12,0.47,0.48,2024-04-30,2022,N,VIIRS,n,2,296.75,2.42,N,0
21.03801,85.12241,309.85,0.44,0.46,2024-04-30,2022,N,VIIRS,n,2,297.22,3.8,N,0
21.03884,85.11826,311.01,0.44,0.46,2024-04-30,2022,N,VIIRS,n,2,297.4,2.26,N,0
21.03966,85.11414,312.32,0.44,0.46,2024-04-30,2022,N,VIIRS,n,2,297.4,2.26,N,0
21.07562,85.04366,319.85,0.44,0.46,2024-04-30,2022,N,VIIRS,n,2,297.88,2.06,N,2
21.07644,85.0395,312.92,0.44,0.46,2024-04-30,2022,N,VIIRS,n,2,297.79,2,N,2
21.07726,85.03533,313.53,0.44,0.46,2024-04-30,2022,N,VIIRS,n,2,298.73,2,N,2
21.07808,85.03113,319.57,0.44,0.46,2024-04-30,2022,N,VIIRS,n,2,298.19,2.28,N,2
23.31631,70.48577,309.17,0.32,0.55,2024-04-30,2022,N,VIIRS,n,2,297.97,0.91,N,2
23.01415,73.93405,315.6,0.39,0.44,2024-04-30,2022,N,VIIRS,n,2,296.41,1.41,N,0
23.01464,73.93011,307.48,0.39,0.44,2024-04-30,2022,N,VIIRS,n,2,294.97,1.41,N,0
22.00491,82.66966,326.56,0.47,0.4,2024-04-30,2022,N,VIIRS,n,2,300.89,3.84,N,2
21.87546,83.49371,313.62,0.52,0.42,2024-04-30,2022,N,VIIRS,n,2,298.87,1.33,N,2
21.92049,83.35362,323.91,0.51,0.41,2024-04-30,2022,N,VIIRS,n,2,302.05,4.38,N,2
21.92138,83.34869,335.84,0.51,0.41,2024-04-30,2022,N,VIIRS,n,2,302.69,7.18,N,2
21.87828,83.55338,310.91,0.52,0.42,2024-04-30,2022,N,VIIRS,n,2,298.45,0.84,N,2
21.92031,83.35026,342.98,0.51,0.41,2024-04-30,2022,N,VIIRS,n,2,304.24,4.73,N,2
21.92407,83.35104,314.06,0.51,0.41,2024-04-30,2022,N,VIIRS,n,2,300.46,4.73,N,2
21.98499,83.23221,316.52,0.5,0.41,2024-04-30,2022,N,VIIRS,n,2,300.13,2.33,N,2
22.03068,83.36515,310.79,0.51,0.41,2024-04-30,2022,N,VIIRS,n,2,299.95,2.28,N,2
22.0372,83.35115,317.78,0.51,0.41,2024-04-30,2022,N,VIIRS,n,2,299.29,2.19,N,2
22.10325,83.11943,319.98,0.5,0.41,2024-04-30,2022,N,VIIRS,n,2,299.42,5.29,N,2
22.10326,83.52456,318.07,0.52,0.41,2024-04-30,2022,N,VIIRS,n,2,297.84,1.99,N,2
22.10604,83.52258,317.33,0.52,0.41,2024-04-30,2022,N,VIIRS,n,2,300.34,2.07,N,2
23.62914,73.6075,304.17,0.41,0.45,2024-04-30,2022,N,VIIRS,n,2,293.38,0.67,N,0
22.31284,82.52143,311.66,0.46,0.39,2024-04-30,2022,N,VIIRS,n,2,297.89,3.49,N,0
22.31404,82.53551,308.74,0.46,0.39,2024-04-30,2022,N,VIIRS,n,2,296.98,1.74,N,2
22.31484,82.53106,312.12,0.46,0.39,2024-04-30,2022,N,VIIRS,n,2,299.43,3.95,N,2
22.31803,82.51326,311.72,0.46,0.39,2024-04-30,2022,N,VIIRS,n,2,298.43,2.44,N,0
22.32083,82.51844,322.64,0.46,0.39,2024-04-30,2022,N,VIIRS,n,2,298.74,5.1,N,0
22.31803,82.55482,313.43,0.46,0.39,2024-04-30,2022,N,VIIRS,n,2,297.58,2.94,N,0
22.32521,82.51472,310.64,0.46,0.39,2024-04-30,2022,N,VIIRS,n,2,298.48,2.86,N,0
22.32162,82.55556,309.85,0.46,0.39,2024-04-30,2022,N,VIIRS,n,2,298.39,3.33,N,0
22.32641,82.52885,319.31,0.46,0.39,2024-04-30,2022,N,VIIRS,n,2,297.89,3.4,N,0
22.32321,82.58839,318.78,0.46,0.39,2024-04-30,2022,N,VIIRS,n,2,298.12,3.82,N,2
22.32521,82.59811,311.45,0.47,0.39,2024-04-30,2022,N,VIIRS,n,2,297.89,3.29,N,2
22.328,82.60336,312.94,0.47,0.39,2024-04-30,2022,N,VIIRS,n,2,298.63,1.65,N,2
22.33161,82.6041,309.32,0.47,0.39,2024-04-30,2022,N,VIIRS,n,2,298.01,1.65,N,2
22.3308,82.65054,316.63,0.47,0.4,2024-04-30,2022,N,VIIRS,n,2,298.6,3.94,N,2
22.33561,82.66564,324.58,0.47,0.4,2024-04-30,2022,N,VIIRS,n,2,298.44,4.18,N,0
23.73854,73.47242,304.74,0.42,0.45,2024-04-30,2022,N,VIIRS,n,2,294.52,0.89,N,0
23.76983,73.39036,315.15,0.43,0.46,2024-04-30,2022,N,VIIRS,n,2,296.53,2.55,N,0
23.77081,73.49294,308.22,0.42,0.45,2024-04-30,2022,N,VIIRS,n,2,295.78,1.18,N,0
22.5423,82.21607,310.41,0.45,0.39,2024-04-30,2022,N,VIIRS,n,2,297.46,2.45,N,0
23.70935,74.53979,314.41,0.55,0.43,2024-04-30,2022,N,VIIRS,n,2,296.67,1.46,N,0
23.71398,74.53489,304.82,0.55,0.43,2024-04-30,2022,N,VIIRS,n,2,294.71,1.59,N,0
23.72714,74.43139,317.63,0.56,0.43,2024-04-30,2022,N,VIIRS,n,2,295.85,2.59,N,0
22.54445,82.28782,312.94,0.45,0.39,2024-04-30,2022,N,VIIRS,n,2,297.14,3.18,N,0
22.54259,82.28979,308.6,0.45,0.39,2024-04-30,2022,N,VIIRS,n,2,297.08,3.45,N,0
23.71279,74.53577,305.61,0.55,0.43,2024-04-30,2022,N,VIIRS,n,2,294.79,0.95,N,0
23.72529,74.43206,314.5,0.56,0.43,2024-04-30,2022,N,VIIRS,n,2,295.13,2.53,N,0
23.88157,73.38313,306.92,0.43,0.46,2024-04-30,2022,N,VIIRS,n,2,296.04,1.32,N,0
23.83267,74.01412,304.63,0.39,0.44,2024-04-30,2022,N,VIIRS,n,2,294.04,0.52,N,0
22.62799,82.77389,313.73,0.47,0.4,2024-04-30,2022,N,VIIRS,n,2,297.86,1.93,N,0
22.62874,82.76971,311.75,0.47,0.4,2024-04-30,2022,N,VIIRS,n,2,298.03,1.93,N,0
24.02603,73.35751,302.81,0.43,0.46,2024-04-30,2022,N,VIIRS,n,2,292.52,0.32,N,0
24.07624,73.26121,308.36,0.44,0.46,2024-04-30,2022,N,VIIRS,n,2,296.41,2.4,N,0
24.10181,74.27883,313.81,0.38,0.43,2024-04-30,2022,N,VIIRS,n,2,295.02,1.3,N,0
22.75448,83.25731,306.46,0.49,0.41,2024-04-30,2022,N,VIIRS,n,2,295.91,1.98,N,0
24.30234,72.88728,308.11,0.47,0.47,2024-04-30,2022,N,VIIRS,n,2,296.64,1.84,N,0
22.84457,83.10822,310,0.48,0.4,2024-04-30,2022,N,VIIRS,n,2,296.43,1.64,N,0
24.18263,82.6629,306.01,0.45,0.39,2024-04-30,2022,N,VIIRS,n,2,295.88,0.85,N,0
24.17712,82.65269,319.8,0.45,0.39,2024-04-30,2022,N,VIIRS,n,2,296.19,1.72,N,0
24.17635,82.65704,309.11,0.45,0.39,2024-04-30,2022,N,VIIRS,n,2,296.95,1.72,N,0
24.17204,82.45508,307.23,0.44,0.38,2024-04-30,2022,N,VIIRS,n,2,294.56,0.7,N,0
23.89766,82.4464,307.72,0.44,0.38,2024-04-30,2022,N,VIIRS,n,2,296.83,2.29,N,0
24.34917,73.70934,306.54,0.42,0.45,2024-04-30,2022,N,VIIRS,n,2,296.36,1.67,N,0
23.16624,82.33798,311.93,0.44,0.39,2024-04-30,2022,N,VIIRS,n,2,297.65,2.71,N,2
23.16549,82.3423,334.72,0.44,0.39,2024-04-30,2022,N,VIIRS,n,2,299.65,2.61,N,2
23.16902,82.34299,314.82,0.44,0.39,2024-04-30,2022,N,VIIRS,n,2,298.06,2.61,N,2
23.17725,82.41425,308.04,0.45,0.39,2024-04-30,2022,N,VIIRS,n,2,296.4,1.56,N,0
24.45516,73.82679,312.6,0.41,0.45,2024-04-30,2022,N,VIIRS,n,2,295.37,2.75,N,0
24.45469,73.83086,328.14,0.41,0.45,2024-04-30,2022,N,VIIRS,n,2,295.42,2.75,N,0
24.45882,73.83156,339.04,0.41,0.45,2024-04-30,2022,N,VIIRS,n,2,297.6,2.75,N,0
24.45929,73.82751,329.81,0.41,0.45,2024-04-30,2022,N,VIIRS,n,2,297.27,2.75,N,0
23.22511,82.98119,309.61,0.47,0.4,2024-04-30,2022,N,VIIRS,n,2,294.57,0.81,N,0
23.45732,82.20695,308.13,0.44,0.38,2024-04-30,2022,N,VIIRS,n,2,295.22,1.06,N,0
23.49815,82.18029,306.05,0.43,0.38,2024-04-30,2022,N,VIIRS,n,2,295.83,1.21,N,0
24.6704,74.27613,305.6,0.39,0.44,2024-04-30,2022,N,VIIRS,n,2,290,2.18,N,0
24.66993,74.28,337.02,0.39,0.44,2024-04-30,2022,N,VIIRS,n,2,290.7,2.18,N,0
24.67397,74.28058,302.73,0.39,0.44,2024-04-30,2022,N,VIIRS,n,2,289.61,0.51,N,0
24.78237,73.69163,312.5,0.42,0.45,2024-04-30,2022,N,VIIRS,n,2,293.19,1.11,N,0
24.78261,73.69423,305.72,0.42,0.45,2024-04-30,2022,N,VIIRS,n,2,293.16,0.58,N,0
23.4873,82.6726,311.94,0.45,0.39,2024-04-30,2022,N,VIIRS,n,2,298.86,2.6,N,0
23.60228,82.27049,309.4,0.44,0.38,2024-04-30,2022,N,VIIRS,n,2,295.24,1.26,N,0
23.60076,82.42497,306.78,0.44,0.39,2024-04-30,2022,N,VIIRS,n,2,295.66,1.41,N,0
23.60151,82.42068,318.25,0.44,0.39,2024-04-30,2022,N,VIIRS,n,2,296.68,1.21,N,0
23.6045,82.40356,315.01,0.44,0.38,2024-04-30,2022,N,VIIRS,n,2,296.53,2.06,N,0
23.60501,82.4215,306.27,0.44,0.39,2024-04-30,2022,N,VIIRS,n,2,295.65,1.21,N,0
23.60576,82.4172,307.34,0.44,0.39,2024-04-30,2022,N,VIIRS,n,2,295.73,1.21,N,0
23.60725,82.40862,306.51,0.44,0.39,2024-04-30,2022,N,VIIRS,n,2,295.47,2.27,N,0
20.1692,73.34014,311.61,0.39,0.44,2024-04-30,2023,N,VIIRS,n,2,295.54,0.95,N,0
20.13177,73.78856,304.71,0.55,0.43,2024-04-30,2023,N,VIIRS,n,2,294.28,0.89,N,0
20.59782,73.30961,307.94,0.39,0.44,2024-04-30,2023,N,VIIRS,n,2,294.38,0.63,N,0
20.91121,71.45847,309.73,0.52,0.5,2024-04-30,2023,N,VIIRS,n,2,296.58,1.57,N,2
20.85025,74.07268,316.94,0.54,0.42,2024-04-30,2023,N,VIIRS,n,2,296.32,2.6,N,0
20.85163,74.06212,307.04,0.54,0.42,2024-04-30,2023,N,VIIRS,n,2,294.89,2.38,N,0
20.85489,74.06754,338.9,0.54,0.42,2024-04-30,2023,N,VIIRS,n,2,298.15,6.77,N,0
21.10017,72.633,309.71,0.44,0.46,2024-04-30,2023,N,VIIRS,n,2,295.81,6.82,N,0
21.10292,72.64637,334.95,0.44,0.46,2024-04-30,2023,N,VIIRS,n,2,297.09,4.47,N,2
21.10342,72.64212,321.95,0.44,0.46,2024-04-30,2023,N,VIIRS,n,2,297.03,4.47,N,2
21.10393,72.63786,336.67,0.44,0.46,2024-04-30,2023,N,VIIRS,n,2,297.81,6.82,N,2
21.10444,72.63358,340.01,0.44,0.46,2024-04-30,2023,N,VIIRS,n,2,299.72,6.82,N,2
21.10719,72.64696,340.31,0.44,0.46,2024-04-30,2023,N,VIIRS,n,2,301.93,5.15,N,2
21.1077,72.64269,326.87,0.44,0.46,2024-04-30,2023,N,VIIRS,n,2,298.7,5.15,N,2
21.10872,72.63418,324.11,0.44,0.46,2024-04-30,2023,N,VIIRS,n,2,300.63,2.8,N,2
21.113,72.63477,311.65,0.44,0.46,2024-04-30,2023,N,VIIRS,n,2,300.04,2.8,N,2
21.00347,73.84522,306.8,0.56,0.43,2024-04-30,2023,N,VIIRS,n,2,296.65,2.21,N,0
21.39522,72.95493,310.6,0.42,0.45,2024-04-30,2023,N,VIIRS,n,2,294.52,1.12,N,0
21.43103,72.97666,313.49,0.42,0.45,2024-04-30,2023,N,VIIRS,n,2,294.48,1.66,N,0
22.24154,71.7026,319.59,0.52,0.5,2024-04-30,2023,N,VIIRS,n,2,296.45,1.93,N,0
22.12765,72.76486,309.74,0.44,0.46,2024-04-30,2023,N,VIIRS,n,2,293.61,0.45,N,0
20.61025,85.091,310.66,0.45,0.47,2024-04-30,2023,N,VIIRS,n,2,296.01,1.36,N,0
20.60956,85.1179,311.7,0.45,0.47,2024-04-30,2023,N,VIIRS,n,2,296.27,2.11,N,0
20.60793,85.11573,312.86,0.45,0.47,2024-04-30,2023,N,VIIRS,n,2,296.33,1.57,N,0
22.90991,69.69793,309.34,0.35,0.57,2024-04-30,2023,N,VIIRS,n,2,296.6,1.33,N,2
22.91024,69.6944,309.98,0.35,0.57,2024-04-30,2023,N,VIIRS,n,2,295.66,1.43,N,0
20.76161,85.29594,312.02,0.46,0.47,2024-04-30,2023,N,VIIRS,n,2,297.32,2.25,N,2
20.78555,85.26487,316.75,0.46,0.47,2024-04-30,2023,N,VIIRS,n,2,298.17,2.47,N,2
20.7864,85.26048,312.58,0.46,0.47,2024-04-30,2023,N,VIIRS,n,2,298.27,2.47,N,2
20.79238,85.25266,329.35,0.46,0.47,2024-04-30,2023,N,VIIRS,n,2,297.97,5.7,N,2
20.79667,85.25358,316.32,0.46,0.47,2024-04-30,2023,N,VIIRS,n,2,296.95,3.53,N,2
