latitude,longitude,bright_ti4,scan,track,acq_date,acq_time,satellite,confidence,version,bright_ti5,frp,daynight
22.17217,99.19225,326.09,0.38,0.43,2026-09-07,0618,N20,nominal,2.0NRT,295.8,2.39,D
23.10064,101.7437,329.45,0.42,0.38,2026-09-07,0618,N20,nominal,2.0NRT,293.32,1.88,D
23.53551,99.40033,325.78,0.53,0.42,2026-09-07,0620,N20,low,2.0NRT,297.79,3.1,D
23.25359,97.80548,325.56,0.44,0.46,2026-09-07,0620,N20,low,2.0NRT,299.19,3.56,D
23.25274,97.80108,326.33,0.44,0.46,2026-09-07,0620,N20,low,2.0NRT,299.75,3.56,D
23.43533,98.733,340.72,0.39,0.44,2026-09-07,0620,N20,nominal,2.0NRT,295.07,5.32,D
24.2225,98.20184,337.5,0.4,0.45,2026-09-07,0620,N20,nominal,2.0NRT,297.06,3.28,D
24.23529,97.23015,338.31,0.46,0.47,2026-09-07,0620,N20,nominal,2.0NRT,293,2.71,D
25.37957,100.51462,327.75,0.45,0.39,2026-09-07,0620,N20,low,2.0NRT,301.87,4.1,D
25.57311,101.22971,329.3,0.42,0.38,2026-09-07,0620,N20,low,2.0NRT,300.91,1.62,D
25.41581,100.22406,325.7,0.46,0.39,2026-09-07,0620,N20,low,2.0NRT,299.36,3.1,D
26.02496,101.72231,339.44,0.4,0.37,2026-09-07,0620,N20,nominal,2.0NRT,307.92,8.33,D
26.02431,101.71832,333.63,0.4,0.37,2026-09-07,0620,N20,nominal,2.0NRT,304.98,5,D
26.11386,99.94964,328.26,0.46,0.39,2026-09-07,0620,N20,low,2.0NRT,302.27,4.13,D
26.52543,101.70016,332.66,0.4,0.37,2026-09-07,0620,N20,low,2.0NRT,305.99,7.6,D
26.62114,101.59893,329.62,0.4,0.37,2026-09-07,0620,N20,nominal,2.0NRT,299.58,10.28,D
27.8688,96.92564,333.24,0.41,0.45,2026-09-07,0620,N20,nominal,2.0NRT,291.64,4.24,D
28.50017,97.02524,329.42,0.4,0.44,2026-09-07,0620,N20,nominal,2.0NRT,295.01,3.15,D
28.57545,96.95508,326.49,0.4,0.44,2026-09-07,0620,N20,nominal,2.0NRT,294.32,3.48,D
6.78229,101.36192,333.05,0.51,0.49,2026-09-07,0614,N20,nominal,2.0NRT,277.57,3.67,D
7.59868,99.39725,337.1,0.33,0.56,2026-09-07,0614,N20,nominal,2.0NRT,282.03,2.77,D
7.5974,99.39661,330.68,0.33,0.56,2026-09-07,0614,N20,nominal,2.0NRT,282.13,2.66,D
13.34166,99.40526,342.7,0.53,0.5,2026-09-07,0616,N20,nominal,2.0NRT,288.73,9.39,D
15.21069,100.27454,340.44,0.43,0.46,2026-09-07,0616,N20,nominal,2.0NRT,285.06,5.21,D
15.84107,99.61911,330.12,0.46,0.47,2026-09-07,0616,N20,nominal,2.0NRT,289.44,2.29,D
16.03392,100.19688,330.65,0.42,0.45,2026-09-07,0616,N20,nominal,2.0NRT,289.23,2.71,D
16.07176,99.99715,330.89,0.43,0.46,2026-09-07,0616,N20,nominal,2.0NRT,289.98,3.91,D
16.11913,99.99621,340.55,0.43,0.46,2026-09-07,0616,N20,nominal,2.0NRT,288.64,4.59,D
16.13331,99.93121,330.83,0.44,0.46,2026-09-07,0616,N20,nominal,2.0NRT,288.38,3.34,D
16.12876,99.62232,330.81,0.46,0.47,2026-09-07,0616,N20,nominal,2.0NRT,289.53,1.64,D
16.11537,99.55052,332.24,0.46,0.47,2026-09-07,0616,N20,nominal,2.0NRT,290.23,1.98,D
16.3156,99.99635,329.78,0.43,0.46,2026-09-07,0616,N20,nominal,2.0NRT,287.8,2.25,D
16.2778,99.79125,329.21,0.44,0.46,2026-09-07,0616,N20,nominal,2.0NRT,288.45,2.87,D
16.85573,99.92136,333.07,0.43,0.46,2026-09-07,0618,N20,nominal,2.0NRT,293,4.24,D
16.83724,99.11435,328.62,0.48,0.48,2026-09-07,0618,N20,nominal,2.0NRT,288.73,5.82,D
17.00907,100.02458,335.81,0.42,0.45,2026-09-07,0618,N20,nominal,2.0NRT,290.44,3.52,D
17.13582,100.0985,334.02,0.41,0.45,2026-09-07,0618,N20,nominal,2.0NRT,292.24,1.77,D
6.36661,80.79317,337.76,0.42,0.37,2026-09-07,0756,N20,nominal,2.0NRT,295.96,4.59,D
6.37002,80.79258,335.82,0.42,0.37,2026-09-07,0756,N20,nominal,2.0NRT,293.77,4.59,D
6.80827,81.52845,341.3,0.39,0.37,2026-09-07,0756,N20,low,2.0NRT,307.23,9.72,D
6.77661,81.21552,355.42,0.4,0.37,2026-09-07,0756,N20,nominal,2.0NRT,306.49,13.44,D
6.77997,81.215,348.03,0.4,0.37,2026-09-07,0756,N20,nominal,2.0NRT,303.13,13.09,D
6.77829,81.20419,333.88,0.4,0.37,2026-09-07,0756,N20,nominal,2.0NRT,298.92,3.09,D
6.88153,81.58227,338.92,0.39,0.36,2026-09-07,0756,N20,low,2.0NRT,304.92,7.27,D
6.88173,81.5171,339.83,0.39,0.37,2026-09-07,0756,N20,low,2.0NRT,303.48,6.45,D
7.29526,81.84274,336.14,0.39,0.36,2026-09-07,0756,N20,nominal,2.0NRT,302.52,2.42,D
7.29279,81.76085,339.19,0.39,0.36,2026-09-07,0756,N20,low,2.0NRT,308.63,7.42,D
7.27614,81.58742,339.57,0.39,0.36,2026-09-07,0756,N20,low,2.0NRT,306.44,6.87,D
7.31833,81.72821,340.1,0.39,0.36,2026-09-07,0756,N20,low,2.0NRT,308.49,6.66,D
7.29508,81.55561,341.95,0.39,0.36,2026-09-07,0756,N20,nominal,2.0NRT,305.73,5.04,D
7.38413,81.82478,333.68,0.39,0.36,2026-09-07,0756,N20,nominal,2.0NRT,301.86,2.24,D
7.24286,80.85553,333.73,0.41,0.37,2026-09-07,0756,N20,nominal,2.0NRT,300.23,3.17,D
7.46433,81.61852,352.47,0.39,0.36,2026-09-07,0756,N20,nominal,2.0NRT,306.57,10.07,D
7.37748,80.88722,346.82,0.41,0.37,2026-09-07,0756,N20,nominal,2.0NRT,303.21,16.93,D
7.42242,80.93114,336.89,0.4,0.37,2026-09-07,0756,N20,nominal,2.0NRT,299.85,9.75,D
7.3755,79.91693,337.52,0.44,0.38,2026-09-07,0756,N20,nominal,2.0NRT,299.23,6.32,D
7.59198,81.04412,333.28,0.4,0.37,2026-09-07,0756,N20,low,2.0NRT,303.4,8.02,D
7.6807,80.8518,330.32,0.4,0.37,2026-09-07,0756,N20,low,2.0NRT,301.46,6.5,D
7.90697,81.18501,335.36,0.4,0.37,2026-09-07,0756,N20,nominal,2.0NRT,297.72,4.24,D
7.93657,81.18358,333.58,0.4,0.37,2026-09-07,0756,N20,nominal,2.0NRT,299.29,3.09,D
7.93936,81.1795,332.2,0.4,0.37,2026-09-07,0756,N20,nominal,2.0NRT,298.86,3.37,D
7.90105,80.1841,340.49,0.42,0.38,2026-09-07,0756,N20,nominal,2.0NRT,300.61,5.67,D
7.94653,80.44749,330.64,0.41,0.37,2026-09-07,0756,N20,low,2.0NRT,302.84,3.71,D
7.94594,80.44376,343.27,0.41,0.37,2026-09-07,0756,N20,nominal,2.0NRT,302.74,3.71,D
7.93089,80.32699,334.53,0.42,0.38,2026-09-07,0756,N20,nominal,2.0NRT,298.48,2.97,D
8.0247,80.49986,343.15,0.41,0.37,2026-09-07,0756,N20,nominal,2.0NRT,303.32,6.65,D
7.97786,80.1327,334.55,0.43,0.38,2026-09-07,0756,N20,nominal,2.0NRT,297.22,2.59,D
8.01622,80.35577,339.59,0.42,0.37,2026-09-07,0756,N20,low,2.0NRT,304.17,8.81,D
8.0704,80.60928,337.22,0.41,0.37,2026-09-07,0756,N20,low,2.0NRT,299.75,5.51,D
8.04061,80.28951,331.77,0.42,0.38,2026-09-07,0756,N20,low,2.0NRT,299.75,4.29,D
8.05834,80.37908,340.94,0.42,0.37,2026-09-07,0756,N20,low,2.0NRT,295.86,5.4,D
8.21503,81.02512,337.77,0.4,0.37,2026-09-07,0756,N20,low,2.0NRT,296.93,6.29,D
8.12862,80.29116,340.82,0.42,0.38,2026-09-07,0756,N20,nominal,2.0NRT,299.65,4.02,D
8.1816,80.15854,330.46,0.42,0.38,2026-09-07,0756,N20,nominal,2.0NRT,296.23,2.28,D
8.181,80.15474,332.61,0.42,0.38,2026-09-07,0756,N20,nominal,2.0NRT,297.15,2.45,D
8.32512,81.01137,334.55,0.4,0.37,2026-09-07,0756,N20,low,2.0NRT,296.11,4.56,D
8.33349,80.27773,338.11,0.42,0.37,2026-09-07,0756,N20,low,2.0NRT,299.07,5.98,D
8.33692,80.27718,344.37,0.42,0.37,2026-09-07,0756,N20,nominal,2.0NRT,298.29,5.98,D
8.33696,80.27749,340.22,0.42,0.37,2026-09-07,0756,N20,nominal,2.0NRT,298.09,6.51,D
8.4376,80.6262,350.48,0.41,0.37,2026-09-07,0756,N20,nominal,2.0NRT,300.69,8,D
8.38549,80.2736,337.65,0.42,0.37,2026-09-07,0756,N20,nominal,2.0NRT,296.63,5.84,D
8.40553,80.17766,333.03,0.42,0.38,2026-09-07,0756,N20,low,2.0NRT,299.17,6.91,D
8.52708,80.4381,335.63,0.41,0.37,2026-09-07,0756,N20,low,2.0NRT,298.55,8.75,D
8.49773,80.1628,337.82,0.42,0.38,2026-09-07,0756,N20,nominal,2.0NRT,296.7,5.73,D
8.64462,80.44922,336.1,0.41,0.37,2026-09-07,0756,N20,low,2.0NRT,300.72,6.17,D
8.79838,80.56017,335.29,0.41,0.37,2026-09-07,0756,N20,nominal,2.0NRT,297.29,4.96,D
8.79781,80.55651,338.43,0.41,0.37,2026-09-07,0756,N20,nominal,2.0NRT,296.98,4.96,D
8.90334,80.86642,333.69,0.4,0.37,2026-09-07,0756,N20,low,2.0NRT,296.81,8.54,D
8.94466,80.88927,336.7,0.4,0.37,2026-09-07,0756,N20,low,2.0NRT,297.69,9.22,D
9.40744,80.41663,338.39,0.41,0.37,2026-09-07,0756,N20,low,2.0NRT,301.2,4.96,D
9.41803,80.37354,336.42,0.41,0.37,2026-09-07,0756,N20,low,2.0NRT,301.75,4.36,D
9.45828,80.49841,340.29,0.4,0.37,2026-09-07,0756,N20,low,2.0NRT,302.49,3.76,D
9.45994,80.49815,339.69,0.4,0.37,2026-09-07,0756,N20,low,2.0NRT,301.76,5.53,D
9.31087,78.70359,337.45,0.48,0.4,2026-09-07,0756,N20,low,2.0NRT,297.83,5.85,D
9.17588,77.52955,333.67,0.55,0.43,2026-09-07,0756,N20,nominal,2.0NRT,299.97,8.74,D
9.8492,79.02195,337.74,0.45,0.39,2026-09-07,0756,N20,nominal,2.0NRT,299.89,6.43,D
9.85275,79.02138,332.75,0.45,0.39,2026-09-07,0756,N20,low,2.0NRT,300.37,6.25,D
9.63529,77.60835,342.81,0.54,0.42,2026-09-07,0756,N20,nominal,2.0NRT,302.94,8.02,D
9.8457,78.13853,334.93,0.5,0.41,2026-09-07,0756,N20,nominal,2.0NRT,300.66,2.71,D
10.22468,77.77197,334.69,0.52,0.41,2026-09-07,0756,N20,low,2.0NRT,306.1,8.85,D
11.83675,79.64706,330.56,0.41,0.37,2026-09-07,0758,N20,low,2.0NRT,303.37,2.82,D
12.96295,76.32122,331.95,0.38,0.43,2026-09-07,0758,N20,nominal,2.0NRT,297.55,2.32,D
13.38845,78.06381,332.82,0.46,0.39,2026-09-07,0758,N20,low,2.0NRT,306.44,1.99,D
13.54776,78.48175,334.21,0.44,0.38,2026-09-07,0758,N20,low,2.0NRT,304.84,3.39,D
14.04605,80.13187,341.07,0.39,0.36,2026-09-07,0758,N20,nominal,2.0NRT,305.84,6.63,D
13.73131,77.50441,334.5,0.48,0.4,2026-09-07,0758,N20,low,2.0NRT,306.13,7.2,D
13.62806,76.70334,339.65,0.53,0.42,2026-09-07,0758,N20,nominal,2.0NRT,298.98,2.49,D
14.41096,80.11783,335.9,0.39,0.36,2026-09-07,0758,N20,low,2.0NRT,306.11,4.35,D
13.86799,75.6541,342.27,0.41,0.45,2026-09-07,0758,N20,nominal,2.0NRT,299.36,5.94,D
14.77634,79.65341,335.97,0.39,0.37,2026-09-07,0758,N20,low,2.0NRT,304.72,5.99,D
15.0153,79.70184,335.52,0.39,0.36,2026-09-07,0758,N20,low,2.0NRT,301.28,5.42,D
15.34806,79.41764,336.9,0.4,0.37,2026-09-07,0758,N20,low,2.0NRT,304.73,3.98,D
15.18157,76.66959,336.02,0.51,0.41,2026-09-07,0758,N20,low,2.0NRT,301.93,6.93,D
15.52241,78.59602,330.49,0.42,0.37,2026-09-07,0758,N20,nominal,2.0NRT,298.13,4.41,D
16.2048,79.93924,331.35,0.39,0.36,2026-09-07,0758,N20,nominal,2.0NRT,299.62,0.85,D
16.71002,80.86552,333,0.39,0.36,2026-09-07,0758,N20,nominal,2.0NRT,298.99,2.81,D
16.70949,80.86193,331.56,0.39,0.36,2026-09-07,0758,N20,nominal,2.0NRT,300.65,3.2,D
16.87751,80.85262,337.08,0.39,0.36,2026-09-07,0758,N20,nominal,2.0NRT,301.12,2.2,D
17.60768,83.20284,331.05,0.45,0.39,2026-09-07,0758,N20,nominal,2.0NRT,300.57,5.01,D
17.60594,83.19016,336.4,0.45,0.39,2026-09-07,0758,N20,nominal,2.0NRT,299.77,4.36,D
17.91346,83.45412,331.62,0.47,0.39,2026-09-07,0758,N20,nominal,2.0NRT,299.02,2.62,D
17.648,80.69142,333.24,0.39,0.36,2026-09-07,0758,N20,low,2.0NRT,303.36,4.59,D
17.64549,77.66038,333.52,0.43,0.38,2026-09-07,0758,N20,nominal,2.0NRT,294.47,7.32,D
19.0995,82.16937,334.66,0.42,0.38,2026-09-07,0758,N20,nominal,2.0NRT,299.24,4.49,D
19.10239,82.16484,332.4,0.42,0.38,2026-09-07,0758,N20,nominal,2.0NRT,299.62,4.49,D
18.71933,79.53963,330.8,0.38,0.36,2026-09-07,0758,N20,low,2.0NRT,303.51,4.81,D
18.66639,79.11244,336.2,0.39,0.36,2026-09-07,0758,N20,nominal,2.0NRT,297.08,2.92,D
20.78684,85.25983,333.27,0.42,0.45,2026-09-07,0801,N20,nominal,2.0NRT,297.54,7.8,D
20.79469,85.25458,344.67,0.42,0.45,2026-09-07,0801,N20,nominal,2.0NRT,297.22,7.05,D
20.95021,86.05007,340.86,0.47,0.48,2026-09-07,0801,N20,nominal,2.0NRT,296.12,7.31,D
20.95033,86.05112,332.77,0.47,0.48,2026-09-07,0801,N20,nominal,2.0NRT,296.42,7.12,D
20.94981,86.04648,331.13,0.47,0.48,2026-09-07,0801,N20,nominal,2.0NRT,296.62,5.24,D
20.9633,86.00773,348.77,0.47,0.48,2026-09-07,0801,N20,nominal,2.0NRT,296.04,12.26,D
20.96821,86.01177,341.58,0.47,0.48,2026-09-07,0801,N20,nominal,2.0NRT,296.75,12.09,D
20.86253,84.9941,333.85,0.41,0.45,2026-09-07,0801,N20,nominal,2.0NRT,296.09,4.78,D
20.86206,84.99013,340.33,0.41,0.45,2026-09-07,0801,N20,nominal,2.0NRT,295.76,4.78,D
20.87122,84.99692,341.45,0.41,0.45,2026-09-07,0801,N20,nominal,2.0NRT,295.73,4.38,D
20.88621,84.98294,337.22,0.41,0.45,2026-09-07,0801,N20,nominal,2.0NRT,296.21,4.17,D
20.96817,85.15446,341.46,0.42,0.45,2026-09-07,0801,N20,nominal,2.0NRT,293.35,2.84,D
19.84601,75.83554,334.34,0.49,0.4,2026-09-07,0801,N20,low,2.0NRT,303.92,7.27,D
21.74162,83.84051,331.78,0.54,0.42,2026-09-07,0801,N20,nominal,2.0NRT,298.09,5.62,D
21.74616,83.84521,338.03,0.54,0.42,2026-09-07,0801,N20,nominal,2.0NRT,298.98,12.97,D
21.7539,83.84416,340.58,0.54,0.42,2026-09-07,0801,N20,nominal,2.0NRT,298.58,9.39,D
21.76231,83.8483,334.62,0.54,0.42,2026-09-07,0801,N20,nominal,2.0NRT,297.63,5.14,D
21.75552,83.84646,333.55,0.54,0.42,2026-09-07,0801,N20,nominal,2.0NRT,297.77,5.67,D
21.80068,83.89312,336.54,0.54,0.42,2026-09-07,0801,N20,nominal,2.0NRT,297.41,6.46,D
22.35682,82.30369,342.43,0.46,0.39,2026-09-07,0758,N20,nominal,2.0NRT,299.76,6.37,D
22.3604,82.30314,331.8,0.46,0.39,2026-09-07,0758,N20,nominal,2.0NRT,297.96,6.37,D
27.91547,67.57617,333.22,0.35,0.57,2026-09-07,0801,N20,nominal,2.0NRT,302.36,2.05,D
28.35803,67.92278,331.87,0.33,0.55,2026-09-07,0801,N20,nominal,2.0NRT,301.65,2.37,D
28.46146,67.8708,348.47,0.33,0.55,2026-09-07,0801,N20,nominal,2.0NRT,303.88,2.57,D
28.46639,67.86936,336.35,0.33,0.55,2026-09-07,0801,N20,nominal,2.0NRT,303.19,2.57,D
28.4836,67.8989,333.13,0.33,0.55,2026-09-07,0801,N20,nominal,2.0NRT,302.88,1.1,D
28.48717,67.75492,342.39,0.33,0.55,2026-09-07,0801,N20,nominal,2.0NRT,303.34,2.92,D
29.29025,70.98552,331.43,0.41,0.45,2026-09-07,0801,N20,low,2.0NRT,306.31,5.03,D
31.93335,74.71996,332.96,0.4,0.37,2026-09-07,0801,N20,nominal,2.0NRT,300.15,3.03,D
32.65147,73.67501,331.37,0.42,0.38,2026-09-07,0801,N20,nominal,2.0NRT,303.96,2.23,D
35.71199,66.87357,352.74,0.51,0.5,2026-09-07,0803,N20,nominal,2.0NRT,304.78,18.5,D
37.48974,66.0332,340.66,0.52,0.5,2026-09-07,0803,N20,low,2.0NRT,311.84,3.29,D
37.48594,66.03259,342.65,0.52,0.5,2026-09-07,0803,N20,nominal,2.0NRT,312.29,3.48,D
37.49035,66.03099,339.02,0.52,0.5,2026-09-07,0803,N20,nominal,2.0NRT,311.47,3.48,D
38.05038,67.2664,349.18,0.43,0.46,2026-09-07,0803,N20,nominal,2.0NRT,321.06,20.34,D
37.02895,62.41886,342.15,0.41,0.61,2026-09-07,0803,N20,low,2.0NRT,317.06,9.99,D
37.03427,62.41665,342.84,0.41,0.61,2026-09-07,0803,N20,low,2.0NRT,315.97,8.6,D
37.11462,62.36304,343.42,0.41,0.61,2026-09-07,0803,N20,low,2.0NRT,316.11,5.47,D
37.12112,62.3652,342.3,0.41,0.61,2026-09-07,0803,N20,low,2.0NRT,317.23,11.95,D
37.11993,62.36076,347.69,0.41,0.61,2026-09-07,0803,N20,nominal,2.0NRT,317.31,5.47,D
37.12042,62.3632,367,0.41,0.61,2026-09-07,0803,N20,high,2.0NRT,318.1,12.13,D
37.43348,59.88015,334.15,0.55,0.68,2026-09-07,0805,N20,nominal,2.0NRT,308.33,2.84,D
37.43198,59.87888,333.76,0.55,0.68,2026-09-07,0805,N20,nominal,2.0NRT,308.51,3.41,D
37.94061,60.4083,339.29,0.5,0.66,2026-09-07,0805,N20,low,2.0NRT,311.29,4.06,D
39.1691,63.25547,332.19,0.33,0.55,2026-09-07,0805,N20,low,2.0NRT,307.1,1.42,D
24.50573,56.60833,345.98,0.47,0.39,2026-09-07,0941,N20,nominal,2.0NRT,308.56,16.99,D
25.30655,56.37473,333.82,0.46,0.39,2026-09-07,0941,N20,nominal,2.0NRT,302.93,2.64,D
27.1594,56.10445,335.85,0.47,0.4,2026-09-07,0941,N20,nominal,2.0NRT,305.56,8.19,D
27.15879,56.09971,339.25,0.47,0.4,2026-09-07,0941,N20,nominal,2.0NRT,305.57,8.19,D
27.16788,56.05479,347.16,0.47,0.4,2026-09-07,0941,N20,nominal,2.0NRT,306.75,10.47,D
34.50991,63.87305,333.32,0.53,0.67,2026-09-07,0943,N20,low,2.0NRT,307.16,4.96,D
37.11755,62.36647,353.46,0.45,0.63,2026-09-07,0945,N20,nominal,2.0NRT,317.71,10.3,D
37.11702,62.36569,367,0.45,0.63,2026-09-07,0945,N20,high,2.0NRT,318.66,17.37,D
37.13022,61.36437,356.03,0.39,0.6,2026-09-07,0945,N20,low,2.0NRT,307.77,9.41,D
37.13574,61.36395,367,0.39,0.6,2026-09-07,0945,N20,high,2.0NRT,305.86,9.41,D
36.85705,54.27446,330.98,0.5,0.41,2026-09-07,0945,N20,nominal,2.0NRT,300.68,2.9,D
36.94563,54.89082,333.15,0.53,0.42,2026-09-07,0945,N20,low,2.0NRT,303.18,6.06,D
36.94351,54.62909,333.93,0.52,0.41,2026-09-07,0945,N20,nominal,2.0NRT,302.8,4.65,D
36.9426,54.62713,331.88,0.52,0.41,2026-09-07,0945,N20,low,2.0NRT,302.36,3.48,D
36.99013,54.39776,337.89,0.5,0.41,2026-09-07,0945,N20,nominal,2.0NRT,305.47,2.73,D
38.64816,54.28484,339.42,0.52,0.41,2026-09-07,0945,N20,nominal,2.0NRT,308.7,5.96,D
38.67868,54.31607,338.72,0.52,0.42,2026-09-07,0945,N20,nominal,2.0NRT,307.35,2.5,D
18.32164,55.10532,349.45,0.39,0.36,2026-09-07,0941,N20,nominal,2.0NRT,314.59,9.56,D
18.55999,55.86964,335.9,0.4,0.37,2026-09-07,0941,N20,low,2.0NRT,309.38,2.06,D
19.26857,56.17419,341.52,0.41,0.37,2026-09-07,0941,N20,nominal,2.0NRT,311.49,4.17,D
20.21266,55.71081,342.16,0.4,0.37,2026-09-07,0941,N20,low,2.0NRT,315.51,1.83,D
20.22381,55.74023,342.29,0.4,0.37,2026-09-07,0941,N20,low,2.0NRT,315.53,1.08,D
20.37555,55.93658,340.53,0.41,0.37,2026-09-07,0941,N20,low,2.0NRT,311.8,0.83,D
20.38836,55.66319,344.51,0.4,0.37,2026-09-07,0941,N20,nominal,2.0NRT,314.25,3.19,D
20.38617,55.64796,341.74,0.4,0.37,2026-09-07,0941,N20,nominal,2.0NRT,310.24,0.97,D
21.3092,57.74673,341.94,0.49,0.4,2026-09-07,0941,N20,low,2.0NRT,314.07,4.43,D
21.33261,57.72421,341.47,0.49,0.4,2026-09-07,0941,N20,low,2.0NRT,314.5,1.63,D
21.46246,56.96808,344.29,0.45,0.39,2026-09-07,0941,N20,low,2.0NRT,316.14,1.23,D
21.83477,56.68261,342.56,0.44,0.39,2026-09-07,0943,N20,low,2.0NRT,316.68,2.39,D
21.93699,57.07568,341.26,0.46,0.39,2026-09-07,0943,N20,low,2.0NRT,314.18,4.12,D
22.32781,56.48865,341.1,0.44,0.38,2026-09-07,0943,N20,low,2.0NRT,312.94,1.78,D
22.40176,56.98811,340.13,0.46,0.39,2026-09-07,0943,N20,low,2.0NRT,311.53,3.98,D
22.34549,56.43392,341.61,0.44,0.38,2026-09-07,0943,N20,low,2.0NRT,311.7,1.21,D
22.44258,56.69946,348.63,0.45,0.39,2026-09-07,0943,N20,nominal,2.0NRT,313.58,15.21,D
22.67042,56.25192,342.91,0.43,0.38,2026-09-07,0943,N20,low,2.0NRT,313.98,0.33,D
22.8797,55.92745,345.68,0.42,0.38,2026-09-07,0943,N20,nominal,2.0NRT,315.07,17.51,D
38.05644,67.25937,311.54,0.68,0.74,2026-09-07,2023,N20,nominal,2.0NRT,285.94,8.72,N
38.04959,67.25867,367,0.68,0.74,2026-09-07,2023,N20,high,2.0NRT,286.18,8.72,N
35.96797,68.68448,303.44,0.55,0.68,2026-09-07,2025,N20,nominal,2.0NRT,290.08,1.28,N
33.29603,71.18324,307.94,0.37,0.58,2026-09-07,2025,N20,nominal,2.0NRT,291.55,0.85,N
32.88921,71.61584,306.87,0.35,0.57,2026-09-07,2025,N20,nominal,2.0NRT,293.46,1.15,N
32.65657,70.47077,313.66,0.41,0.6,2026-09-07,2025,N20,nominal,2.0NRT,291.93,1.36,N
32.30166,74.31912,305.91,0.48,0.48,2026-09-07,2025,N20,nominal,2.0NRT,294.64,0.78,N
32.30257,74.31789,305.37,0.48,0.48,2026-09-07,2025,N20,nominal,2.0NRT,294.07,1.36,N
32.28981,70.73565,306.36,0.39,0.59,2026-09-07,2025,N20,nominal,2.0NRT,293.04,1.62,N
32.28885,70.73661,306.27,0.39,0.59,2026-09-07,2025,N20,nominal,2.0NRT,293.16,1.64,N
31.61542,74.37488,310.51,0.47,0.47,2026-09-07,2025,N20,nominal,2.0NRT,294.29,0.99,N
31.3681,76.355,309.79,0.54,0.42,2026-09-07,2025,N20,nominal,2.0NRT,293.52,2.15,N
29.22729,88.34702,298.87,0.49,0.48,2026-09-07,2025,N20,nominal,2.0NRT,279.74,1.08,N
29.22673,88.3504,302.23,0.49,0.49,2026-09-07,2025,N20,nominal,2.0NRT,281.74,1.78,N
31.25988,74.14248,313.18,0.48,0.48,2026-09-07,2025,N20,nominal,2.0NRT,289.84,1.85,N
31.26055,74.14101,299.12,0.48,0.48,2026-09-07,2025,N20,nominal,2.0NRT,286.97,1.05,N
27.32047,95.26386,306.29,0.69,0.74,2026-09-07,2025,N20,nominal,2.0NRT,284.68,0.99,N
26.77256,94.50258,302.32,0.64,0.72,2026-09-07,2025,N20,nominal,2.0NRT,285.2,0.97,N
29.91073,74.9476,340.01,0.41,0.45,2026-09-07,2025,N20,nominal,2.0NRT,294.89,5.88,N
29.4769,76.8572,306.33,0.49,0.4,2026-09-07,2025,N20,nominal,2.0NRT,295.55,0.79,N
28.85133,77.14966,308.04,0.47,0.39,2026-09-07,2025,N20,nominal,2.0NRT,294.52,1.43,N
28.77723,76.9485,305.39,0.48,0.4,2026-09-07,2025,N20,nominal,2.0NRT,294.4,0.77,N
28.6644,77.5774,312.09,0.45,0.39,2026-09-07,2025,N20,nominal,2.0NRT,295.27,1.02,N
28.7105,76.8577,310.6,0.48,0.4,2026-09-07,2025,N20,nominal,2.0NRT,294.2,1.98,N
28.37247,77.22369,320.3,0.46,0.39,2026-09-07,2025,N20,nominal,2.0NRT,294.95,2.01,N
28.34616,77.22871,313.07,0.46,0.39,2026-09-07,2025,N20,nominal,2.0NRT,294.52,1.12,N
28.42753,69.69756,308.41,0.41,0.61,2026-09-07,2027,N20,nominal,2.0NRT,294.54,0.91,N
28.03977,69.66682,323.43,0.41,0.6,2026-09-07,2027,N20,nominal,2.0NRT,295.26,2.92,N
28.04112,69.66916,314.7,0.41,0.6,2026-09-07,2027,N20,nominal,2.0NRT,295.78,2.3,N
26.64215,79.47706,308.84,0.39,0.36,2026-09-07,2027,N20,nominal,2.0NRT,292.77,1.46,N
26.87715,73.51378,306.26,0.46,0.47,2026-09-07,2027,N20,nominal,2.0NRT,294.48,1.52,N
23.77872,86.20898,301.38,0.46,0.47,2026-09-07,2027,N20,nominal,2.0NRT,282.34,3.14,N
24.52834,81.17003,308.96,0.4,0.37,2026-09-07,2027,N20,nominal,2.0NRT,292.49,1.76,N
23.70962,85.40145,297.48,0.42,0.45,2026-09-07,2027,N20,nominal,2.0NRT,284.78,1.55,N
24.15984,82.56591,315.07,0.44,0.39,2026-09-07,2027,N20,nominal,2.0NRT,287.61,1.7,N
24.19896,80.79641,305.22,0.39,0.36,2026-09-07,2027,N20,nominal,2.0NRT,293.15,0.76,N
24.0516,80.61429,304.66,0.39,0.36,2026-09-07,2027,N20,nominal,2.0NRT,292.99,0.62,N
25.39148,68.5767,305.28,0.45,0.63,2026-09-07,2027,N20,nominal,2.0NRT,294.4,0.99,N
25.39113,68.58118,307.97,0.45,0.63,2026-09-07,2027,N20,nominal,2.0NRT,294.96,1.05,N
24.76596,74.6056,309.94,0.56,0.43,2026-09-07,2027,N20,nominal,2.0NRT,293.78,1.52,N
24.76294,74.60492,305.48,0.56,0.43,2026-09-07,2027,N20,nominal,2.0NRT,292.81,1.84,N
25.3911,68.58174,308.86,0.45,0.63,2026-09-07,2027,N20,nominal,2.0NRT,294.98,1.67,N
24.66297,74.63495,307.19,0.56,0.43,2026-09-07,2027,N20,nominal,2.0NRT,294.5,1.58,N
23.98966,79.39109,308.04,0.38,0.36,2026-09-07,2027,N20,nominal,2.0NRT,293.45,0.8,N
24.66357,74.63328,305.48,0.56,0.43,2026-09-07,2027,N20,nominal,2.0NRT,294.48,1.55,N
23.1686,82.34158,308.78,0.45,0.39,2026-09-07,2027,N20,nominal,2.0NRT,287.81,2.01,N
23.16829,82.34321,311.17,0.45,0.39,2026-09-07,2027,N20,nominal,2.0NRT,288.37,2.26,N
23.16477,82.34253,304.13,0.45,0.39,2026-09-07,2027,N20,nominal,2.0NRT,287.64,1.69,N
22.31361,84.76813,305.62,0.4,0.45,2026-09-07,2027,N20,nominal,2.0NRT,286.84,0.85,N
22.21425,84.86874,324.74,0.41,0.45,2026-09-07,2027,N20,nominal,2.0NRT,289.64,3.96,N
22.2135,84.87266,303.76,0.41,0.45,2026-09-07,2027,N20,nominal,2.0NRT,289.73,1.58,N
22.21273,84.87658,309.56,0.41,0.45,2026-09-07,2027,N20,nominal,2.0NRT,289.83,1.58,N
22.20781,84.55033,305.49,0.4,0.44,2026-09-07,2027,N20,nominal,2.0NRT,289.83,1.63,N
21.93153,85.2181,303.26,0.44,0.46,2026-09-07,2027,N20,nominal,2.0NRT,288.45,1.34,N
21.9307,85.22234,305.95,0.44,0.46,2026-09-07,2027,N20,nominal,2.0NRT,288.97,2.1,N
21.92651,85.22144,307.8,0.44,0.46,2026-09-07,2027,N20,nominal,2.0NRT,288.97,2.05,N
22.33119,82.6066,315.97,0.47,0.4,2026-09-07,2027,N20,nominal,2.0NRT,289.73,1.81,N
22.32363,82.58646,307.53,0.47,0.39,2026-09-07,2027,N20,nominal,2.0NRT,289.19,1.05,N
22.32366,82.54478,306.96,0.46,0.39,2026-09-07,2027,N20,nominal,2.0NRT,290.37,1.3,N
22.32047,82.56259,316.36,0.47,0.39,2026-09-07,2027,N20,nominal,2.0NRT,290.56,2.14,N
22.31967,82.56704,308.56,0.47,0.39,2026-09-07,2027,N20,nominal,2.0NRT,290.19,1.52,N
22.35971,82.3016,333.6,0.45,0.39,2026-09-07,2027,N20,nominal,2.0NRT,291.44,4.89,N
22.35616,82.30089,318.38,0.45,0.39,2026-09-07,2027,N20,nominal,2.0NRT,290.27,2.5,N
22.31531,82.52923,306.89,0.46,0.39,2026-09-07,2027,N20,nominal,2.0NRT,289.65,0.78,N
22.31451,82.53368,304.07,0.46,0.39,2026-09-07,2027,N20,nominal,2.0NRT,288.94,0.78,N
22.31173,82.5285,306.3,0.46,0.39,2026-09-07,2027,N20,nominal,2.0NRT,289.15,0.78,N
22.03932,83.72992,312.22,0.54,0.42,2026-09-07,2027,N20,nominal,2.0NRT,290.26,2.24,N
22.04157,83.7285,311.99,0.54,0.42,2026-09-07,2027,N20,nominal,2.0NRT,289.94,1.8,N
22.04062,83.73363,307.49,0.54,0.42,2026-09-07,2027,N20,nominal,2.0NRT,289.88,1.8,N
22.01773,83.74997,309.01,0.54,0.42,2026-09-07,2027,N20,nominal,2.0NRT,289.48,1.57,N
22.01677,83.75517,308.33,0.54,0.42,2026-09-07,2027,N20,nominal,2.0NRT,289.82,1.68,N
22.09414,83.12456,304.78,0.5,0.41,2026-09-07,2027,N20,nominal,2.0NRT,288.62,0.71,N
21.966,83.77103,311.82,0.54,0.42,2026-09-07,2027,N20,nominal,2.0NRT,289.48,1.42,N
22.04022,83.35356,305.13,0.51,0.41,2026-09-07,2027,N20,nominal,2.0NRT,285.75,2.62,N
21.98401,83.23322,308.43,0.51,0.41,2026-09-07,2027,N20,nominal,2.0NRT,283.98,1.47,N
21.92599,83.33717,314.47,0.51,0.41,2026-09-07,2027,N20,nominal,2.0NRT,289.11,1.95,N
21.92325,83.35185,316.26,0.51,0.41,2026-09-07,2027,N20,nominal,2.0NRT,288.86,3.05,N
21.92042,83.34616,316.28,0.51,0.41,2026-09-07,2027,N20,nominal,2.0NRT,287.63,3.68,N
21.9195,83.35107,318.16,0.51,0.41,2026-09-07,2027,N20,nominal,2.0NRT,289.17,3.05,N
21.87755,83.55391,308.02,0.53,0.42,2026-09-07,2027,N20,nominal,2.0NRT,289.15,2.48,N
21.80168,83.89066,321.82,0.55,0.43,2026-09-07,2027,N20,nominal,2.0NRT,290.34,4.38,N
21.87657,83.4964,301.59,0.52,0.42,2026-09-07,2027,N20,nominal,2.0NRT,284.08,0.64,N
21.77238,84.02225,305.69,0.56,0.43,2026-09-07,2027,N20,nominal,2.0NRT,290.4,2.6,N
21.76458,84.02055,313.73,0.56,0.43,2026-09-07,2027,N20,nominal,2.0NRT,291.6,4.11,N
21.80145,83.88892,306.9,0.55,0.43,2026-09-07,2027,N20,nominal,2.0NRT,290.24,1.57,N
21.80048,83.89414,308.96,0.55,0.43,2026-09-07,2027,N20,nominal,2.0NRT,289.67,1.57,N
21.773,84.02078,305.85,0.56,0.43,2026-09-07,2027,N20,nominal,2.0NRT,290.33,1.75,N
21.7691,84.01991,308.55,0.56,0.43,2026-09-07,2027,N20,nominal,2.0NRT,290.88,2.25,N
21.7652,84.01907,314.52,0.56,0.43,2026-09-07,2027,N20,nominal,2.0NRT,291.15,2.25,N
22.00687,82.67179,307.18,0.48,0.4,2026-09-07,2027,N20,nominal,2.0NRT,289.37,1.6,N
22.00406,82.66653,306.63,0.48,0.4,2026-09-07,2027,N20,nominal,2.0NRT,289.1,1.6,N
21.7564,84.02274,311.19,0.56,0.43,2026-09-07,2027,N20,nominal,2.0NRT,290.89,3.07,N
21.74881,83.97661,305.69,0.56,0.43,2026-09-07,2027,N20,nominal,2.0NRT,290.23,1.94,N
21.76477,83.8483,326.08,0.55,0.43,2026-09-07,2027,N20,nominal,2.0NRT,291.1,4.25,N
21.76091,83.84745,305.86,0.55,0.43,2026-09-07,2027,N20,nominal,2.0NRT,289.81,2.02,N
21.75803,83.84136,321.18,0.55,0.43,2026-09-07,2027,N20,nominal,2.0NRT,290.18,3.89,N
21.75705,83.84661,312.94,0.55,0.43,2026-09-07,2027,N20,nominal,2.0NRT,290.65,2.02,N
21.75417,83.84051,315.8,0.55,0.43,2026-09-07,2027,N20,nominal,2.0NRT,290.18,4.38,N
21.75032,83.83964,331.05,0.55,0.43,2026-09-07,2027,N20,nominal,2.0NRT,290.3,4.38,N
21.74932,83.84492,327.62,0.55,0.43,2026-09-07,2027,N20,nominal,2.0NRT,291.58,8.83,N
21.74547,83.84406,322.29,0.55,0.43,2026-09-07,2027,N20,nominal,2.0NRT,291,3.05,N
21.74646,83.83878,305.91,0.55,0.43,2026-09-07,2027,N20,nominal,2.0NRT,289.78,3.13,N
21.74161,83.84318,326.19,0.55,0.43,2026-09-07,2027,N20,nominal,2.0NRT,291.12,3.05,N
21.68,84.03977,314.18,0.57,0.43,2026-09-07,2027,N20,nominal,2.0NRT,291,3.39,N
21.73061,82.2152,308.64,0.46,0.39,2026-09-07,2027,N20,nominal,2.0NRT,291.63,1.06,N
21.67473,82.0799,311.07,0.45,0.39,2026-09-07,2027,N20,nominal,2.0NRT,292.07,1.08,N
21.07948,85.0331,308.27,0.44,0.46,2026-09-07,2027,N20,nominal,2.0NRT,290.18,2.51,N
21.07866,85.03729,307.4,0.44,0.46,2026-09-07,2027,N20,nominal,2.0NRT,290.61,2.05,N
21.07784,85.04143,305.96,0.44,0.46,2026-09-07,2027,N20,nominal,2.0NRT,289.95,2.05,N
21.62273,81.79314,302.38,0.44,0.38,2026-09-07,2027,N20,nominal,2.0NRT,284.21,0.67,N
21.57575,82.02109,307.84,0.45,0.39,2026-09-07,2027,N20,nominal,2.0NRT,291.6,1.33,N
20.97845,85.1702,319.22,0.45,0.47,2026-09-07,2027,N20,nominal,2.0NRT,290.11,4.4,N
20.98084,85.13518,315.61,0.45,0.47,2026-09-07,2027,N20,nominal,2.0NRT,290.29,4.2,N
20.97339,85.17346,318.73,0.45,0.47,2026-09-07,2027,N20,nominal,2.0NRT,289.91,4.56,N
20.96915,85.17249,339.26,0.45,0.47,2026-09-07,2027,N20,nominal,2.0NRT,290.56,3.68,N
20.97661,85.13421,306.9,0.45,0.47,2026-09-07,2027,N20,nominal,2.0NRT,290.16,2.96,N
20.96832,85.17673,310.23,0.45,0.47,2026-09-07,2027,N20,nominal,2.0NRT,289.61,3.68,N
20.96581,85.18961,310.61,0.45,0.47,2026-09-07,2027,N20,nominal,2.0NRT,289.71,2.61,N
20.96907,85.15025,330.75,0.45,0.47,2026-09-07,2027,N20,nominal,2.0NRT,289.44,5.39,N
20.96241,85.18433,324.25,0.45,0.47,2026-09-07,2027,N20,nominal,2.0NRT,289.94,6.6,N
20.96824,85.15453,313.56,0.45,0.47,2026-09-07,2027,N20,nominal,2.0NRT,289.58,4.9,N
20.96575,85.16727,317.22,0.45,0.47,2026-09-07,2027,N20,nominal,2.0NRT,289.94,4.91,N
20.96492,85.17151,315.56,0.45,0.47,2026-09-07,2027,N20,nominal,2.0NRT,289.94,3.68,N
20.96157,85.18867,317.94,0.45,0.47,2026-09-07,2027,N20,nominal,2.0NRT,290.13,2.61,N
20.9568,85.01089,309.16,0.44,0.46,2026-09-07,2027,N20,nominal,2.0NRT,290.07,3.12,N
23.10501,70.18776,304.13,0.33,0.55,2026-09-07,2027,N20,nominal,2.0NRT,293.3,1.43,N
21.79281,80.01548,312.13,0.39,0.36,2026-09-07,2027,N20,nominal,2.0NRT,285.72,1.1,N
21.48899,81.76856,307.9,0.44,0.38,2026-09-07,2027,N20,nominal,2.0NRT,291.29,1.86,N
20.88852,84.9805,312.4,0.44,0.46,2026-09-07,2027,N20,nominal,2.0NRT,289.94,2.14,N
20.88771,84.98469,308.5,0.44,0.46,2026-09-07,2027,N20,nominal,2.0NRT,290.37,2.14,N
20.87267,84.99441,319.12,0.44,0.46,2026-09-07,2027,N20,nominal,2.0NRT,289.76,1.85,N
20.87185,84.99863,307.43,0.44,0.46,2026-09-07,2027,N20,nominal,2.0NRT,289.9,1.85,N
20.86933,84.98911,307.09,0.44,0.46,2026-09-07,2027,N20,nominal,2.0NRT,290.3,2.47,N
20.86512,84.98824,332.59,0.44,0.46,2026-09-07,2027,N20,nominal,2.0NRT,290.71,2.47,N
20.86428,84.99252,314.88,0.44,0.46,2026-09-07,2027,N20,nominal,2.0NRT,290.58,5.35,N
20.80785,85.25658,310.03,0.46,0.47,2026-09-07,2027,N20,nominal,2.0NRT,288.02,1.67,N
20.79505,85.2536,330.76,0.46,0.47,2026-09-07,2027,N20,nominal,2.0NRT,289.08,6.13,N
20.7899,85.25706,304.55,0.46,0.47,2026-09-07,2027,N20,nominal,2.0NRT,289.78,1.64,N
20.78902,85.26144,309.41,0.46,0.47,2026-09-07,2027,N20,nominal,2.0NRT,289.78,2.77,N
20.78815,85.2658,310.85,0.46,0.47,2026-09-07,2027,N20,nominal,2.0NRT,290.11,2.77,N
20.78562,85.25613,305.2,0.46,0.47,2026-09-07,2027,N20,nominal,2.0NRT,289.6,1.64,N
20.76065,85.29149,306.26,0.46,0.47,2026-09-07,2027,N20,nominal,2.0NRT,289.47,2.13,N
20.75979,85.29578,315.43,0.46,0.47,2026-09-07,2027,N20,nominal,2.0NRT,289.9,2.13,N
20.76273,85.2932,312.94,0.46,0.47,2026-09-07,2027,N20,nominal,2.0NRT,289.61,2.08,N
20.7619,85.29752,309.41,0.46,0.47,2026-09-07,2027,N20,nominal,2.0NRT,289.76,2.08,N
21.39025,81.64609,306.73,0.44,0.38,2026-09-07,2027,N20,nominal,2.0NRT,290.01,0.75,N
21.37673,81.68217,312.9,0.44,0.38,2026-09-07,2027,N20,nominal,2.0NRT,292.23,1.76,N
21.37398,81.6773,307.61,0.44,0.38,2026-09-07,2027,N20,nominal,2.0NRT,292.08,1.09,N
21.37251,81.68565,306.9,0.44,0.38,2026-09-07,2027,N20,nominal,2.0NRT,292.27,1.03,N
21.34257,81.67107,308.55,0.44,0.38,2026-09-07,2027,N20,nominal,2.0NRT,291.83,1.01,N
21.29867,81.60771,313.35,0.44,0.38,2026-09-07,2027,N20,nominal,2.0NRT,291.96,1.24,N
21.24493,81.77022,306.18,0.44,0.39,2026-09-07,2027,N20,nominal,2.0NRT,291.62,0.92,N
21.19728,81.41787,324.49,0.43,0.38,2026-09-07,2027,N20,nominal,2.0NRT,291.87,2.88,N
21.19525,81.40897,305.94,0.43,0.38,2026-09-07,2027,N20,nominal,2.0NRT,291.28,0.87,N
21.19382,81.41719,306.12,0.43,0.38,2026-09-07,2027,N20,nominal,2.0NRT,291.56,1.7,N
21.19464,81.39192,326.6,0.43,0.38,2026-09-07,2027,N20,nominal,2.0NRT,292.61,3.2,N
21.18772,81.39056,316.42,0.43,0.38,2026-09-07,2027,N20,nominal,2.0NRT,293.08,2.68,N
21.18152,81.38511,317.98,0.43,0.38,2026-09-07,2027,N20,nominal,2.0NRT,293.36,3.65,N
21.18921,81.19809,306.31,0.42,0.38,2026-09-07,2027,N20,nominal,2.0NRT,291.59,0.64,N
21.23597,79.62972,308.2,0.39,0.36,2026-09-07,2027,N20,nominal,2.0NRT,285.92,0.72,N
21.23266,79.62911,305.46,0.39,0.36,2026-09-07,2027,N20,nominal,2.0NRT,285.85,0.72,N
21.33572,78.96597,307.71,0.38,0.36,2026-09-07,2027,N20,nominal,2.0NRT,291,0.66,N
21.33513,78.96964,304.83,0.38,0.36,2026-09-07,2027,N20,nominal,2.0NRT,290.99,0.66,N
21.24923,79.21099,305.47,0.38,0.36,2026-09-07,2027,N20,nominal,2.0NRT,284.42,0.9,N
20.69721,78.6387,308.79,0.38,0.36,2026-09-07,2027,N20,nominal,2.0NRT,293.01,1.46,N
20.65921,78.49281,306.47,0.38,0.36,2026-09-07,2027,N20,nominal,2.0NRT,292.83,0.83,N
19.92994,79.11945,306.36,0.39,0.36,2026-09-07,2027,N20,nominal,2.0NRT,292.98,0.63,N
19.92064,79.114,307.79,0.39,0.36,2026-09-07,2027,N20,nominal,2.0NRT,293.45,0.86,N
19.81956,79.33749,308.58,0.39,0.36,2026-09-07,2027,N20,nominal,2.0NRT,293.32,1.07,N
19.78885,79.0649,309.92,0.39,0.36,2026-09-07,2029,N20,nominal,2.0NRT,294.24,0.9,N
19.10256,82.16969,308.64,0.49,0.4,2026-09-07,2029,N20,nominal,2.0NRT,292.92,1.88,N
19.09889,82.16894,319.8,0.49,0.4,2026-09-07,2029,N20,nominal,2.0NRT,291.75,1.88,N
19.09522,82.1682,304.92,0.49,0.4,2026-09-07,2029,N20,nominal,2.0NRT,293.08,1.04,N
18.72112,79.53823,314.62,0.4,0.37,2026-09-07,2029,N20,nominal,2.0NRT,295.24,1.67,N
18.71778,79.53763,310.08,0.4,0.37,2026-09-07,2029,N20,nominal,2.0NRT,294.86,0.92,N
18.71382,79.54076,308.85,0.4,0.37,2026-09-07,2029,N20,nominal,2.0NRT,294.41,0.92,N
17.9696,83.15144,307.1,0.38,0.44,2026-09-07,2029,N20,nominal,2.0NRT,292.74,2.32,N
19.57364,71.36234,311.37,0.5,0.49,2026-09-07,2029,N20,nominal,2.0NRT,292.93,5.33,N
19.53072,71.29751,310.51,0.51,0.49,2026-09-07,2029,N20,nominal,2.0NRT,292.73,3.62,N
17.69325,83.2424,306.96,0.39,0.44,2026-09-07,2029,N20,nominal,2.0NRT,293.09,1.24,N
17.62192,83.19389,307.61,0.39,0.44,2026-09-07,2029,N20,nominal,2.0NRT,293.55,0.95,N
17.61194,83.20317,325.07,0.39,0.44,2026-09-07,2029,N20,nominal,2.0NRT,293.55,1.26,N
17.60795,83.20236,309.9,0.39,0.44,2026-09-07,2029,N20,nominal,2.0NRT,293.05,1.26,N
17.60396,83.20155,308.14,0.39,0.44,2026-09-07,2029,N20,nominal,2.0NRT,292.52,1.02,N
17.98198,80.82828,308.8,0.44,0.38,2026-09-07,2029,N20,nominal,2.0NRT,294.47,1.88,N
19.36922,71.35462,313.02,0.5,0.49,2026-09-07,2029,N20,nominal,2.0NRT,292.8,3.8,N
17.95813,80.79538,321.13,0.44,0.38,2026-09-07,2029,N20,nominal,2.0NRT,294.38,2.53,N
17.46345,80.65253,306.56,0.44,0.38,2026-09-07,2029,N20,nominal,2.0NRT,290.81,1.59,N
15.64072,79.25414,320.24,0.41,0.37,2026-09-07,2029,N20,nominal,2.0NRT,291.74,5.14,N
14.44538,80.06449,307.65,0.45,0.39,2026-09-07,2029,N20,nominal,2.0NRT,291.9,4.06,N
13.0258,77.4978,312.32,0.39,0.36,2026-09-07,2032,N20,nominal,2.0NRT,290.67,0.9,N
13.02523,77.50134,304.22,0.39,0.36,2026-09-07,2032,N20,nominal,2.0NRT,290.34,0.9,N
12.96717,77.33203,310.14,0.39,0.36,2026-09-07,2032,N20,nominal,2.0NRT,292.07,1.57,N
12.74784,77.61866,306.35,0.39,0.36,2026-09-07,2032,N20,nominal,2.0NRT,291.59,0.99,N
12.59471,76.87408,301,0.38,0.36,2026-09-07,2032,N20,nominal,2.0NRT,290.07,0.39,N
12.09703,76.79622,319.43,0.38,0.36,2026-09-07,2032,N20,nominal,2.0NRT,291.84,1.29,N
11.81775,77.91743,306.22,0.4,0.37,2026-09-07,2032,N20,nominal,2.0NRT,294.88,1.53,N
11.81546,77.91698,307.12,0.4,0.37,2026-09-07,2032,N20,nominal,2.0NRT,295.19,1.36,N
11.81153,77.92004,324.44,0.4,0.37,2026-09-07,2032,N20,nominal,2.0NRT,295.13,1.84,N
11.81094,77.92367,310.79,0.4,0.37,2026-09-07,2032,N20,nominal,2.0NRT,296.23,1.84,N
11.18451,79.09956,311.47,0.44,0.38,2026-09-07,2032,N20,nominal,2.0NRT,294.82,0.95,N
11.1834,79.10074,315.07,0.44,0.38,2026-09-07,2032,N20,nominal,2.0NRT,295.85,1.75,N
11.20418,77.90585,326.42,0.4,0.37,2026-09-07,2032,N20,nominal,2.0NRT,293.71,2.13,N
11.20358,77.90948,305.8,0.4,0.37,2026-09-07,2032,N20,nominal,2.0NRT,293.63,1.66,N
11.0414,77.58978,306.72,0.39,0.37,2026-09-07,2032,N20,nominal,2.0NRT,293.93,0.66,N
10.83034,78.82838,319.89,0.43,0.38,2026-09-07,2032,N20,nominal,2.0NRT,295.01,1.77,N
10.92274,77.06081,307.83,0.39,0.36,2026-09-07,2032,N20,nominal,2.0NRT,293.84,0.83,N
10.61625,77.42105,309.06,0.39,0.36,2026-09-07,2032,N20,nominal,2.0NRT,294.82,0.84,N
10.27329,77.25101,313.02,0.39,0.36,2026-09-07,2032,N20,nominal,2.0NRT,292.12,1.07,N
9.97781,76.37621,306.47,0.38,0.36,2026-09-07,2032,N20,nominal,2.0NRT,294.32,1.54,N
9.00589,77.40939,310.99,0.4,0.37,2026-09-07,2032,N20,nominal,2.0NRT,295.48,2.45,N
8.12421,80.8063,308.96,0.39,0.44,2026-09-07,2032,N20,nominal,2.0NRT,292.27,0.78,N
8.11959,80.80917,352.27,0.39,0.44,2026-09-07,2032,N20,nominal,2.0NRT,294.32,5.33,N
8.11899,80.81271,323.88,0.39,0.44,2026-09-07,2032,N20,nominal,2.0NRT,293.07,5.33,N
8.1202,80.80563,312.88,0.39,0.44,2026-09-07,2032,N20,nominal,2.0NRT,292.28,5.28,N
8.1168,80.80137,327.84,0.39,0.44,2026-09-07,2032,N20,nominal,2.0NRT,292.41,5.28,N
8.11619,80.80492,367,0.39,0.44,2026-09-07,2032,N20,high,2.0NRT,294.6,5.28,N
8.11558,80.80847,344.92,0.39,0.44,2026-09-07,2032,N20,nominal,2.0NRT,293.47,5.33,N
6.87729,81.51546,305.43,0.46,0.47,2026-09-07,2032,N20,nominal,2.0NRT,283.23,0.96,N
6.23195,81.12806,308.85,0.44,0.46,2026-09-07,2032,N20,nominal,2.0NRT,291.97,1.44,N
39.01245,88.21041,297.91,0.47,0.4,2026-09-07,2023,N20,nominal,2.0NRT,286.07,0.42,N
36.47888,59.74596,300.37,0.41,0.37,2026-09-07,2205,N20,nominal,2.0NRT,289.64,1.12,N
36.54929,59.30295,298.78,0.4,0.37,2026-09-07,2205,N20,nominal,2.0NRT,285.89,0.39,N
36.38957,59.64954,302.79,0.4,0.37,2026-09-07,2205,N20,nominal,2.0NRT,287.28,0.33,N
36.27305,59.64918,309.31,0.41,0.37,2026-09-07,2205,N20,nominal,2.0NRT,290.74,0.75,N
36.2372,59.73283,302.83,0.41,0.37,2026-09-07,2205,N20,nominal,2.0NRT,289.44,0.88,N
36.26204,59.55302,319.81,0.4,0.37,2026-09-07,2205,N20,nominal,2.0NRT,289.86,1.86,N
36.94454,54.8885,317.85,0.43,0.38,2026-09-07,2205,N20,nominal,2.0NRT,291.01,2.55,N
36.34423,58.67751,316.33,0.39,0.36,2026-09-07,2205,N20,nominal,2.0NRT,292.59,2.05,N
33.29739,71.18462,301.71,0.58,0.69,2026-09-07,2205,N20,nominal,2.0NRT,289.05,0.57,N
36.24369,57.37945,307.54,0.38,0.36,2026-09-07,2205,N20,nominal,2.0NRT,294.36,0.71,N
36.29789,54.78556,314.12,0.42,0.38,2026-09-07,2205,N20,nominal,2.0NRT,292.2,1.36,N
35.35406,60.21455,300.63,0.43,0.38,2026-09-07,2205,N20,nominal,2.0NRT,288.73,0.96,N
35.36737,59.30613,307.05,0.4,0.37,2026-09-07,2205,N20,nominal,2.0NRT,289.26,0.96,N
35.31803,59.48679,304.49,0.41,0.37,2026-09-07,2205,N20,nominal,2.0NRT,290.73,0.79,N
32.65755,70.47182,305.96,0.55,0.68,2026-09-07,2205,N20,nominal,2.0NRT,290.25,1.02,N
32.65737,70.47527,308.01,0.55,0.68,2026-09-07,2205,N20,nominal,2.0NRT,290.38,1.3,N
33.92386,59.00845,301.35,0.41,0.37,2026-09-07,2205,N20,nominal,2.0NRT,288.98,1.58,N
33.75495,59.14643,316.21,0.41,0.37,2026-09-07,2205,N20,nominal,2.0NRT,288.09,1.43,N
32.92365,60.23481,301.25,0.46,0.39,2026-09-07,2205,N20,nominal,2.0NRT,290.51,0.84,N
32.63513,59.75822,299.09,0.44,0.39,2026-09-07,2205,N20,nominal,2.0NRT,287.79,0.74,N
33.04239,56.84617,316.02,0.38,0.36,2026-09-07,2208,N20,nominal,2.0NRT,296.68,1.38,N
33.04174,56.85024,315.46,0.38,0.36,2026-09-07,2208,N20,nominal,2.0NRT,297.78,1.38,N
32.33566,54.086,304.93,0.41,0.37,2026-09-07,2208,N20,nominal,2.0NRT,293.19,0.9,N
31.94288,54.04469,321.07,0.41,0.37,2026-09-07,2208,N20,nominal,2.0NRT,296,2.66,N
31.92744,54.05513,324.91,0.41,0.37,2026-09-07,2208,N20,nominal,2.0NRT,298.82,2.78,N
31.86911,54.44403,306.66,0.4,0.37,2026-09-07,2208,N20,nominal,2.0NRT,294.81,1.15,N
31.70446,55.44807,311.22,0.39,0.36,2026-09-07,2208,N20,nominal,2.0NRT,299.66,1.91,N
31.84907,54.28516,317.25,0.41,0.37,2026-09-07,2208,N20,nominal,2.0NRT,296.75,1.44,N
31.62163,54.72624,311.66,0.4,0.37,2026-09-07,2208,N20,nominal,2.0NRT,297.28,1.3,N
28.03864,69.66952,304.49,0.64,0.72,2026-09-07,2208,N20,nominal,2.0NRT,293.19,1.45,N
30.75502,56.65437,310.48,0.39,0.36,2026-09-07,2208,N20,nominal,2.0NRT,295.89,1.55,N
30.75437,56.65835,314.88,0.39,0.36,2026-09-07,2208,N20,nominal,2.0NRT,295.2,1.55,N
30.66531,56.61935,316.5,0.39,0.36,2026-09-07,2208,N20,nominal,2.0NRT,290.32,1.63,N
30.73447,55.38708,307.3,0.39,0.36,2026-09-07,2208,N20,nominal,2.0NRT,292.72,0.61,N
30.49927,56.81942,314.66,0.39,0.36,2026-09-07,2208,N20,nominal,2.0NRT,295.22,2.19,N
30.49202,56.82196,308.2,0.39,0.36,2026-09-07,2208,N20,nominal,2.0NRT,295.26,1.13,N
30.37056,57.12102,300.55,0.39,0.36,2026-09-07,2208,N20,nominal,2.0NRT,289.65,0.4,N
30.36942,56.129,312.4,0.38,0.36,2026-09-07,2208,N20,nominal,2.0NRT,292.97,1.19,N
30.23528,56.91034,321.46,0.39,0.36,2026-09-07,2208,N20,nominal,2.0NRT,295.4,1.66,N
30.21035,56.79288,306.72,0.39,0.36,2026-09-07,2208,N20,nominal,2.0NRT,294.85,1.36,N
29.47841,60.80727,302.97,0.55,0.43,2026-09-07,2208,N20,nominal,2.0NRT,290.71,1.14,N
30.32329,55.97218,314.71,0.38,0.36,2026-09-07,2208,N20,nominal,2.0NRT,292.44,0.81,N
30.21593,55.98274,303.75,0.38,0.36,2026-09-07,2208,N20,nominal,2.0NRT,292.04,0.74,N
29.92677,56.73304,322.42,0.39,0.36,2026-09-07,2208,N20,nominal,2.0NRT,294.37,2.32,N
30.083,55.39904,331.54,0.38,0.36,2026-09-07,2208,N20,nominal,2.0NRT,295.44,7.33,N
29.99175,55.85181,310.88,0.38,0.36,2026-09-07,2208,N20,nominal,2.0NRT,290.92,0.76,N
29.99113,55.85573,302.46,0.38,0.36,2026-09-07,2208,N20,nominal,2.0NRT,288.64,0.76,N
29.98492,55.848,299.1,0.38,0.36,2026-09-07,2208,N20,nominal,2.0NRT,288.43,0.57,N
29.9843,55.85193,301.67,0.38,0.36,2026-09-07,2208,N20,nominal,2.0NRT,288.44,0.9,N
29.99546,55.19541,302.85,0.39,0.36,2026-09-07,2208,N20,nominal,2.0NRT,288.39,1.21,N
29.70118,55.5319,311.19,0.38,0.36,2026-09-07,2208,N20,nominal,2.0NRT,291.17,1.38,N
29.51308,55.79753,306.85,0.38,0.36,2026-09-07,2208,N20,nominal,2.0NRT,290.81,0.88,N
39.85357,66.2004,299.69,0.43,0.46,2026-09-07,2203,N20,nominal,2.0NRT,289.1,0.73,N
39.84712,63.1714,327.77,0.47,0.4,2026-09-07,2203,N20,nominal,2.0NRT,286.66,2.4,N
38.39519,69.11158,305.37,0.33,0.55,2026-09-07,2203,N20,nominal,2.0NRT,289.53,0.79,N
38.32632,68.98437,301.12,0.32,0.55,2026-09-07,2203,N20,nominal,2.0NRT,290.88,0.92,N
39.18592,65.31204,299.32,0.4,0.44,2026-09-07,2203,N20,nominal,2.0NRT,288.94,0.54,N
39.18687,65.28806,305.96,0.4,0.44,2026-09-07,2203,N20,nominal,2.0NRT,292.05,1.66,N
39.18196,65.3106,303.46,0.4,0.44,2026-09-07,2203,N20,nominal,2.0NRT,287.21,0.54,N
39.5513,62.89219,297.42,0.47,0.4,2026-09-07,2203,N20,nominal,2.0NRT,286.36,0.33,N
38.68431,65.98962,299.84,0.45,0.47,2026-09-07,2203,N20,nominal,2.0NRT,289.37,0.72,N
38.67862,65.95542,297.51,0.44,0.46,2026-09-07,2203,N20,nominal,2.0NRT,287.02,0.94,N
39.30658,62.97387,306.61,0.48,0.4,2026-09-07,2203,N20,nominal,2.0NRT,288.73,1.23,N
39.27288,63.12444,296.27,0.48,0.4,2026-09-07,2203,N20,nominal,2.0NRT,285.89,0.38,N
28.6304,59.13633,314.09,0.47,0.4,2026-09-07,2208,N20,nominal,2.0NRT,295.95,2.66,N
39.27688,63.08513,303.65,0.48,0.4,2026-09-07,2203,N20,nominal,2.0NRT,286.83,0.56,N
39.25176,63.21091,307.25,0.49,0.4,2026-09-07,2203,N20,nominal,2.0NRT,286.91,1.58,N
39.25066,63.2164,297.86,0.49,0.4,2026-09-07,2203,N20,nominal,2.0NRT,286.93,0.56,N
39.17826,63.57458,297.36,0.5,0.41,2026-09-07,2203,N20,nominal,2.0NRT,286.47,0.45,N
39.25224,63.1701,296.51,0.48,0.4,2026-09-07,2203,N20,nominal,2.0NRT,284.97,1.03,N
39.20366,63.2774,300.4,0.49,0.4,2026-09-07,2203,N20,nominal,2.0NRT,286.07,0.46,N
39.1806,63.35276,300.23,0.49,0.41,2026-09-07,2203,N20,nominal,2.0NRT,286.16,1.27,N
39.15911,63.47011,300.35,0.5,0.41,2026-09-07,2203,N20,nominal,2.0NRT,287.53,0.89,N
39.17897,63.35093,302.01,0.49,0.41,2026-09-07,2203,N20,nominal,2.0NRT,286.51,0.9,N
39.19779,63.1976,298.35,0.49,0.4,2026-09-07,2203,N20,nominal,2.0NRT,286.69,0.89,N
39.19561,63.20861,299.8,0.49,0.4,2026-09-07,2203,N20,nominal,2.0NRT,286.9,0.68,N
39.17301,63.28365,297.1,0.49,0.4,2026-09-07,2203,N20,nominal,2.0NRT,286.7,0.94,N
39.17159,63.27135,309.14,0.49,0.4,2026-09-07,2203,N20,nominal,2.0NRT,287.53,0.85,N
39.13128,63.47287,296.52,0.5,0.41,2026-09-07,2203,N20,nominal,2.0NRT,286.29,0.4,N
39.17128,63.25354,303.92,0.49,0.4,2026-09-07,2203,N20,nominal,2.0NRT,287.08,1.13,N
39.16766,63.25233,306.44,0.49,0.4,2026-09-07,2203,N20,nominal,2.0NRT,286.63,1.13,N
39.16655,63.25787,304.23,0.49,0.4,2026-09-07,2203,N20,nominal,2.0NRT,286.38,1.13,N
39.16545,63.26341,297.58,0.49,0.4,2026-09-07,2203,N20,nominal,2.0NRT,286,0.5,N
39.13052,63.41848,310.19,0.5,0.41,2026-09-07,2203,N20,nominal,2.0NRT,287.11,1.45,N
39.13006,63.30499,299.48,0.49,0.41,2026-09-07,2203,N20,nominal,2.0NRT,286.34,0.67,N
39.11605,63.336,316.78,0.49,0.41,2026-09-07,2203,N20,nominal,2.0NRT,288.39,2.37,N
38.55096,65.94873,300.92,0.45,0.47,2026-09-07,2203,N20,nominal,2.0NRT,289.97,0.98,N
29.15201,55.36781,312.19,0.38,0.36,2026-09-07,2208,N20,nominal,2.0NRT,293.75,1.47,N
39.01752,63.70348,298.44,0.51,0.41,2026-09-07,2203,N20,nominal,2.0NRT,286.53,0.48,N
29.13683,55.35667,309.86,0.38,0.36,2026-09-07,2208,N20,nominal,2.0NRT,298.08,1.41,N
38.95537,63.75545,299.47,0.52,0.41,2026-09-07,2203,N20,nominal,2.0NRT,286.89,0.86,N
29.13316,55.38008,310.77,0.38,0.36,2026-09-07,2208,N20,nominal,2.0NRT,295.89,2.25,N
38.9858,63.58663,305.18,0.51,0.41,2026-09-07,2203,N20,nominal,2.0NRT,287.09,0.89,N
29.20276,54.4833,308.57,0.39,0.36,2026-09-07,2208,N20,nominal,2.0NRT,292.33,1.24,N
38.96352,63.6961,297.53,0.52,0.41,2026-09-07,2203,N20,nominal,2.0NRT,286.06,0.37,N
38.97242,63.59439,297.66,0.51,0.41,2026-09-07,2203,N20,nominal,2.0NRT,286.81,0.63,N
29.17257,54.61567,317.58,0.39,0.36,2026-09-07,2208,N20,nominal,2.0NRT,295.5,2.17,N
38.91737,63.80511,300.25,0.52,0.42,2026-09-07,2203,N20,nominal,2.0NRT,286.12,0.98,N
38.97475,63.46733,306.19,0.5,0.41,2026-09-07,2203,N20,nominal,2.0NRT,289.1,1.44,N
38.45435,65.80465,304.04,0.44,0.46,2026-09-07,2203,N20,nominal,2.0NRT,289.02,1.31,N
38.66648,64.7755,300.43,0.39,0.44,2026-09-07,2203,N20,nominal,2.0NRT,286.22,0.28,N
38.83271,63.81429,300.89,0.52,0.42,2026-09-07,2203,N20,nominal,2.0NRT,285.71,1.07,N
38.05315,67.26569,300.34,0.54,0.5,2026-09-07,2203,N20,nominal,2.0NRT,285.94,0.78,N
38.60571,64.75709,302.56,0.39,0.44,2026-09-07,2203,N20,nominal,2.0NRT,288.52,0.66,N
38.65136,63.9803,298.37,0.54,0.42,2026-09-07,2203,N20,nominal,2.0NRT,286.21,0.89,N
38.20783,64.73885,300.22,0.4,0.44,2026-09-07,2203,N20,nominal,2.0NRT,285.79,0.39,N
38.11845,64.74088,296.32,0.4,0.44,2026-09-07,2203,N20,nominal,2.0NRT,286.11,0.19,N
26.98334,63.91481,310.79,0.62,0.54,2026-09-07,2208,N20,nominal,2.0NRT,290.56,1.32,N
38.12891,64.67381,298.11,0.39,0.44,2026-09-07,2203,N20,nominal,2.0NRT,287.12,0.54,N
38.12028,64.71318,303.41,0.4,0.44,2026-09-07,2203,N20,nominal,2.0NRT,286.07,0.6,N
38.11969,64.71098,303.19,0.4,0.44,2026-09-07,2203,N20,nominal,2.0NRT,286.43,0.57,N
38.05687,64.88464,318.31,0.41,0.45,2026-09-07,2203,N20,nominal,2.0NRT,287.5,1.89,N
38.05299,64.90258,312.07,0.41,0.45,2026-09-07,2203,N20,nominal,2.0NRT,287.66,0.93,N
38.04902,64.90119,297.44,0.41,0.45,2026-09-07,2203,N20,nominal,2.0NRT,285.69,0.93,N
27.23017,60.49057,311.11,0.38,0.44,2026-09-07,2208,N20,nominal,2.0NRT,299.19,0.9,N
37.97038,65.04435,297.59,0.41,0.45,2026-09-07,2203,N20,nominal,2.0NRT,286.2,0.44,N
37.87442,65.25278,299.09,0.43,0.46,2026-09-07,2205,N20,nominal,2.0NRT,288.2,0.4,N
37.88579,65.14126,300.11,0.42,0.45,2026-09-07,2205,N20,nominal,2.0NRT,286.45,0.34,N
37.88888,65.08754,298.3,0.42,0.45,2026-09-07,2205,N20,nominal,2.0NRT,286.25,0.47,N
37.83001,65.17672,305.18,0.42,0.45,2026-09-07,2205,N20,nominal,2.0NRT,286.36,1.08,N
37.75859,65.21421,295.59,0.43,0.46,2026-09-07,2205,N20,nominal,2.0NRT,285,0.35,N
37.7177,65.24036,299.54,0.43,0.46,2026-09-07,2205,N20,nominal,2.0NRT,284.29,0.34,N
37.6642,65.28267,300.23,0.43,0.46,2026-09-07,2205,N20,nominal,2.0NRT,286.14,0.47,N
37.66283,65.28516,299.95,0.43,0.46,2026-09-07,2205,N20,nominal,2.0NRT,285.99,0.69,N
37.96194,62.66528,299.82,0.49,0.4,2026-09-07,2205,N20,nominal,2.0NRT,289.05,0.76,N
37.98841,61.88103,303.41,0.45,0.39,2026-09-07,2205,N20,nominal,2.0NRT,288.83,1.31,N
37.98394,61.885,310.21,0.45,0.39,2026-09-07,2205,N20,nominal,2.0NRT,288.69,1.4,N
26.65097,59.44484,313.58,0.52,0.41,2026-09-07,2208,N20,nominal,2.0NRT,297.94,1.26,N
37.79787,62.54875,324.09,0.48,0.4,2026-09-07,2205,N20,nominal,2.0NRT,289.02,2.21,N
37.90531,61.98438,296.77,0.46,0.39,2026-09-07,2205,N20,nominal,2.0NRT,286.32,0.36,N
37.78921,62.53466,308.42,0.48,0.4,2026-09-07,2205,N20,nominal,2.0NRT,287.05,1.22,N
37.78814,62.54002,309.14,0.48,0.4,2026-09-07,2205,N20,nominal,2.0NRT,287.51,1.34,N
37.78896,62.53881,321.31,0.48,0.4,2026-09-07,2205,N20,nominal,2.0NRT,288.67,2.62,N
27.1671,56.09777,315.91,0.39,0.36,2026-09-07,2208,N20,nominal,2.0NRT,300.07,2.53,N
37.88884,62.02084,298.54,0.46,0.39,2026-09-07,2205,N20,nominal,2.0NRT,288.11,0.76,N
37.78386,62.52583,299.94,0.48,0.4,2026-09-07,2205,N20,nominal,2.0NRT,286.79,0.71,N
37.82736,61.99119,297.65,0.46,0.39,2026-09-07,2205,N20,nominal,2.0NRT,287.55,0.49,N
37.77618,62.10039,302.63,0.46,0.39,2026-09-07,2205,N20,nominal,2.0NRT,288.12,0.47,N
27.16313,56.10101,318.44,0.39,0.36,2026-09-07,2208,N20,nominal,2.0NRT,299.92,2.53,N
37.77862,62.03041,298.83,0.46,0.39,2026-09-07,2205,N20,nominal,2.0NRT,287.33,0.4,N
27.15982,56.10032,343.58,0.39,0.36,2026-09-07,2208,N20,nominal,2.0NRT,301.17,12.69,N
37.77724,62.02769,303.56,0.46,0.39,2026-09-07,2205,N20,nominal,2.0NRT,287.92,0.67,N
27.15768,56.05135,309.97,0.39,0.36,2026-09-07,2208,N20,nominal,2.0NRT,299.76,2.09,N
27.14395,56.11324,316.04,0.39,0.36,2026-09-07,2208,N20,nominal,2.0NRT,299.9,4.21,N
37.7459,62.1326,306.54,0.47,0.39,2026-09-07,2205,N20,nominal,2.0NRT,287.19,0.69,N
37.74265,62.07148,296.66,0.46,0.39,2026-09-07,2205,N20,nominal,2.0NRT,286.31,0.49,N
37.72705,62.09398,320.05,0.46,0.39,2026-09-07,2205,N20,nominal,2.0NRT,289.55,2.91,N
37.75109,61.85275,304.22,0.45,0.39,2026-09-07,2205,N20,nominal,2.0NRT,287.23,0.77,N
37.74601,61.84052,305.43,0.45,0.39,2026-09-07,2205,N20,nominal,2.0NRT,288.71,0.88,N
37.66935,62.23572,313.53,0.47,0.4,2026-09-07,2205,N20,nominal,2.0NRT,287.72,1.48,N
37.6612,62.23874,311.35,0.47,0.4,2026-09-07,2205,N20,nominal,2.0NRT,288.3,1.27,N
37.6566,62.24286,304.63,0.47,0.4,2026-09-07,2205,N20,nominal,2.0NRT,286.35,1.27,N
37.79662,61.49785,303.52,0.44,0.38,2026-09-07,2205,N20,nominal,2.0NRT,289.07,0.69,N
37.63782,62.20388,311.6,0.47,0.4,2026-09-07,2205,N20,nominal,2.0NRT,287.23,1.33,N
37.64002,62.20838,304.16,0.47,0.4,2026-09-07,2205,N20,nominal,2.0NRT,286.57,1.66,N
37.62832,62.21029,300.94,0.47,0.4,2026-09-07,2205,N20,nominal,2.0NRT,288.49,0.87,N
37.62732,62.21552,301.18,0.47,0.4,2026-09-07,2205,N20,nominal,2.0NRT,287.89,0.87,N
37.62468,62.1705,309.1,0.47,0.4,2026-09-07,2205,N20,nominal,2.0NRT,290.46,1.62,N
37.62559,62.12678,301.14,0.47,0.4,2026-09-07,2205,N20,nominal,2.0NRT,287.94,1.08,N
37.61903,62.14124,324.76,0.47,0.4,2026-09-07,2205,N20,nominal,2.0NRT,290.55,2.6,N
37.62003,62.13605,307.93,0.47,0.4,2026-09-07,2205,N20,nominal,2.0NRT,289.61,1.87,N
37.65642,61.90797,309.98,0.46,0.39,2026-09-07,2205,N20,nominal,2.0NRT,289.39,1.27,N
38.25632,58.39263,307.12,0.38,0.36,2026-09-07,2205,N20,nominal,2.0NRT,295.39,1.41,N
37.62801,61.95866,299.52,0.46,0.39,2026-09-07,2205,N20,nominal,2.0NRT,287.78,0.53,N
37.6322,61.72443,298.98,0.45,0.39,2026-09-07,2205,N20,nominal,2.0NRT,287.63,0.42,N
37.61099,61.6058,328.33,0.45,0.39,2026-09-07,2205,N20,nominal,2.0NRT,293.37,4.01,N
37.61312,61.57499,316.77,0.45,0.39,2026-09-07,2205,N20,nominal,2.0NRT,293.42,2.39,N
38.22104,57.98888,307.59,0.38,0.36,2026-09-07,2205,N20,nominal,2.0NRT,294.28,0.73,N
38.19681,58.10004,308.64,0.38,0.36,2026-09-07,2205,N20,nominal,2.0NRT,293.41,0.54,N
38.15006,58.39478,306.94,0.38,0.36,2026-09-07,2205,N20,nominal,2.0NRT,293.35,0.88,N
37.59758,61.55987,302.64,0.45,0.39,2026-09-07,2205,N20,nominal,2.0NRT,286.9,0.73,N
38.26233,57.65588,306.57,0.39,0.36,2026-09-07,2205,N20,nominal,2.0NRT,294.77,0.95,N
38.26167,57.66024,311.02,0.39,0.36,2026-09-07,2205,N20,nominal,2.0NRT,296.84,0.95,N
37.58968,61.56275,304,0.45,0.39,2026-09-07,2205,N20,nominal,2.0NRT,286.99,0.74,N
37.59275,61.52709,321.94,0.45,0.39,2026-09-07,2205,N20,nominal,2.0NRT,291.4,2.78,N
38.19448,58.04985,318.85,0.38,0.36,2026-09-07,2205,N20,nominal,2.0NRT,293.01,1.16,N
38.25048,57.66657,309.45,0.39,0.36,2026-09-07,2205,N20,nominal,2.0NRT,295.11,1.14,N
35.97022,68.68393,299.06,0.36,0.57,2026-09-07,2205,N20,nominal,2.0NRT,288.71,0.59,N
38.19031,57.96764,306.96,0.38,0.36,2026-09-07,2205,N20,nominal,2.0NRT,293.73,0.65,N
37.48137,62.01035,303.83,0.46,0.39,2026-09-07,2205,N20,nominal,2.0NRT,288.46,1.04,N
37.42208,62.31251,315.73,0.48,0.4,2026-09-07,2205,N20,nominal,2.0NRT,288.19,2.68,N
37.48382,61.97847,304.02,0.46,0.39,2026-09-07,2205,N20,nominal,2.0NRT,287.94,0.74,N
38.18105,57.98336,316.68,0.38,0.36,2026-09-07,2205,N20,nominal,2.0NRT,293.81,1.14,N
37.49799,61.8478,326.47,0.46,0.39,2026-09-07,2205,N20,nominal,2.0NRT,287.5,2.75,N
38.6482,54.28252,304.49,0.46,0.39,2026-09-07,2205,N20,nominal,2.0NRT,287.32,1.52,N
37.72762,60.3698,299.62,0.41,0.37,2026-09-07,2205,N20,nominal,2.0NRT,288.34,0.6,N
38.02801,58.17646,309.29,0.38,0.36,2026-09-07,2205,N20,nominal,2.0NRT,294.6,0.78,N
37.94855,58.58541,306.13,0.39,0.36,2026-09-07,2205,N20,nominal,2.0NRT,292.91,0.31,N
26.95822,55.54392,314.48,0.39,0.36,2026-09-07,2208,N20,nominal,2.0NRT,301.14,1.29,N
37.94223,58.56123,309.86,0.39,0.36,2026-09-07,2205,N20,nominal,2.0NRT,293.49,0.88,N
37.94153,58.56556,310.11,0.39,0.36,2026-09-07,2205,N20,nominal,2.0NRT,294.24,0.88,N
37.62312,60.4387,306.93,0.41,0.37,2026-09-07,2205,N20,nominal,2.0NRT,288.52,0.8,N
37.63353,60.34043,318.63,0.41,0.37,2026-09-07,2205,N20,nominal,2.0NRT,291.3,1.69,N
37.51133,61.01739,298.86,0.43,0.38,2026-09-07,2205,N20,nominal,2.0NRT,287.95,0.7,N
37.50272,61.02495,301.27,0.43,0.38,2026-09-07,2205,N20,nominal,2.0NRT,287.16,0.91,N
37.51804,60.56904,298.3,0.42,0.37,2026-09-07,2205,N20,nominal,2.0NRT,287.23,0.36,N
37.34803,61.36504,311.34,0.44,0.39,2026-09-07,2205,N20,nominal,2.0NRT,290.27,1.41,N
37.48814,60.46109,304.89,0.41,0.37,2026-09-07,2205,N20,nominal,2.0NRT,289.96,0.63,N
37.08609,62.55031,308.38,0.5,0.41,2026-09-07,2205,N20,nominal,2.0NRT,286.94,0.94,N
37.11978,62.36053,308.66,0.49,0.4,2026-09-07,2205,N20,nominal,2.0NRT,289.92,3.28,N
37.11873,62.36586,317.35,0.49,0.4,2026-09-07,2205,N20,nominal,2.0NRT,289.72,3.28,N
37.82738,58.38502,314.48,0.38,0.36,2026-09-07,2205,N20,nominal,2.0NRT,291.23,1.11,N
37.11512,62.36474,312.16,0.49,0.4,2026-09-07,2205,N20,nominal,2.0NRT,289.84,2.34,N
37.32853,61.09828,315.3,0.43,0.38,2026-09-07,2205,N20,nominal,2.0NRT,288.79,1.13,N
37.03645,62.41807,301.75,0.49,0.4,2026-09-07,2205,N20,nominal,2.0NRT,290.45,2.13,N
37.03283,62.41694,355.77,0.49,0.4,2026-09-07,2205,N20,nominal,2.0NRT,294.69,7.39,N
37.03176,62.42234,315.08,0.49,0.4,2026-09-07,2205,N20,nominal,2.0NRT,291,7.39,N
37.35627,60.46461,301.76,0.42,0.37,2026-09-07,2205,N20,nominal,2.0NRT,290.72,0.72,N
37.22473,60.88956,299.63,0.43,0.38,2026-09-07,2205,N20,nominal,2.0NRT,289.1,0.65,N
37.22677,60.88884,298.78,0.43,0.38,2026-09-07,2205,N20,nominal,2.0NRT,288.58,0.63,N
37.18057,60.86554,301.56,0.43,0.38,2026-09-07,2205,N20,nominal,2.0NRT,287.86,0.55,N
37.45362,57.68639,307.61,0.38,0.36,2026-09-07,2205,N20,nominal,2.0NRT,291.34,1.27,N
37.47212,57.25473,298.29,0.39,0.36,2026-09-07,2205,N20,nominal,2.0NRT,288.28,0.39,N
37.34194,58.04769,310.19,0.38,0.36,2026-09-07,2205,N20,nominal,2.0NRT,291.23,1.23,N
36.47594,61.62518,303.88,0.46,0.39,2026-09-07,2205,N20,nominal,2.0NRT,290.14,2.76,N
36.44004,61.21775,305.98,0.45,0.39,2026-09-07,2205,N20,nominal,2.0NRT,291.07,1.05,N
25.97506,56.06834,320.38,0.4,0.37,2026-09-07,2208,N20,nominal,2.0NRT,303.66,1.75,N
25.9744,56.07225,314.97,0.4,0.37,2026-09-07,2208,N20,nominal,2.0NRT,303.69,0.99,N
25.90432,54.53249,320.95,0.38,0.36,2026-09-07,2208,N20,nominal,2.0NRT,302.21,0.35,N
25.55971,55.98303,312.96,0.4,0.37,2026-09-07,2208,N20,nominal,2.0NRT,301.37,1.61,N
25.30994,56.37491,312.37,0.41,0.37,2026-09-07,2210,N20,nominal,2.0NRT,300.36,0.52,N
25.15756,55.24086,313.52,0.39,0.36,2026-09-07,2210,N20,nominal,2.0NRT,302.71,0.68,N
25.06141,55.12054,317.81,0.39,0.36,2026-09-07,2210,N20,nominal,2.0NRT,301.59,1.88,N
24.50874,56.61073,313.45,0.42,0.38,2026-09-07,2210,N20,nominal,2.0NRT,302.93,3.41,N
24.50603,56.60593,332.44,0.42,0.38,2026-09-07,2210,N20,nominal,2.0NRT,303.95,4.58,N
24.47303,56.63301,317.21,0.42,0.38,2026-09-07,2210,N20,nominal,2.0NRT,301.56,1.35,N
24.45507,56.55297,319.34,0.42,0.38,2026-09-07,2210,N20,nominal,2.0NRT,302.54,2.1,N
24.76108,54.68186,312.96,0.38,0.36,2026-09-07,2210,N20,nominal,2.0NRT,302.89,1.01,N
24.32029,54.45736,310.42,0.38,0.36,2026-09-07,2210,N20,nominal,2.0NRT,290.83,1.67,N
23.36753,56.28394,320.44,0.42,0.38,2026-09-07,2210,N20,nominal,2.0NRT,300.26,4.57,N
22.65514,59.41637,312.62,0.4,0.44,2026-09-07,2210,N20,nominal,2.0NRT,300.65,0.86,N
22.87258,55.61544,313.71,0.4,0.37,2026-09-07,2210,N20,nominal,2.0NRT,291.74,3.08,N
22.40751,56.98807,327.23,0.46,0.39,2026-09-07,2210,N20,nominal,2.0NRT,297.78,2.46,N
22.32804,56.48956,335.35,0.44,0.38,2026-09-07,2210,N20,nominal,2.0NRT,298.33,4.98,N
22.2929,56.52564,307.93,0.44,0.38,2026-09-07,2210,N20,nominal,2.0NRT,297.06,0.4,N
22.60625,54.06743,315.63,0.38,0.36,2026-09-07,2210,N20,nominal,2.0NRT,302.05,2.59,N
22.52343,54.05223,314.13,0.38,0.36,2026-09-07,2210,N20,nominal,2.0NRT,300.38,0.95,N
21.93658,57.0723,339.75,0.47,0.39,2026-09-07,2210,N20,nominal,2.0NRT,297.55,5.87,N
21.89025,56.84626,329.88,0.46,0.39,2026-09-07,2210,N20,nominal,2.0NRT,297.62,2.6,N
21.83605,56.68028,324.41,0.45,0.39,2026-09-07,2210,N20,nominal,2.0NRT,297.81,2,N
21.33611,57.72397,310.33,0.51,0.41,2026-09-07,2210,N20,nominal,2.0NRT,296.1,1.29,N
21.32117,57.72088,321.03,0.51,0.41,2026-09-07,2210,N20,nominal,2.0NRT,296.48,2.02,N
21.313,57.7443,342.88,0.51,0.41,2026-09-07,2210,N20,nominal,2.0NRT,297.23,5.31,N
21.30315,57.79793,316.19,0.51,0.41,2026-09-07,2210,N20,nominal,2.0NRT,296.09,1.44,N
21.30801,57.70813,315.33,0.51,0.41,2026-09-07,2210,N20,nominal,2.0NRT,296.39,1.52,N
21.29755,57.68087,315.16,0.51,0.41,2026-09-07,2210,N20,nominal,2.0NRT,296.09,1.33,N
21.41069,55.74417,327.8,0.42,0.38,2026-09-07,2210,N20,nominal,2.0NRT,299.73,2.81,N
20.9884,56.77337,306.67,0.46,0.39,2026-09-07,2210,N20,nominal,2.0NRT,296.31,0.54,N
20.56011,56.42214,309.29,0.45,0.39,2026-09-07,2210,N20,nominal,2.0NRT,296.63,0.59,N
20.37708,55.93309,330.27,0.43,0.38,2026-09-07,2210,N20,nominal,2.0NRT,298.45,3.37,N
20.37556,55.93482,331.79,0.43,0.38,2026-09-07,2210,N20,nominal,2.0NRT,298.67,4.88,N
20.38973,55.66433,327.17,0.42,0.38,2026-09-07,2210,N20,nominal,2.0NRT,298.32,2.05,N
20.3856,55.64695,330.07,0.42,0.38,2026-09-07,2210,N20,nominal,2.0NRT,297.96,3.12,N
20.21205,55.71,327.97,0.43,0.38,2026-09-07,2210,N20,nominal,2.0NRT,297.33,1.47,N
19.26793,56.17379,309.33,0.46,0.39,2026-09-07,2210,N20,nominal,2.0NRT,295.95,0.61,N
18.69338,55.50364,321.25,0.44,0.38,2026-09-07,2210,N20,nominal,2.0NRT,292.96,1.22,N
18.6892,55.50706,334.31,0.44,0.38,2026-09-07,2210,N20,nominal,2.0NRT,292.5,4.33,N
18.55711,55.87178,311.68,0.45,0.39,2026-09-07,2210,N20,nominal,2.0NRT,295.38,1.12,N
18.32462,55.10652,314.03,0.42,0.38,2026-09-07,2210,N20,nominal,2.0NRT,296.62,1.08,N
18.32118,55.10588,323.66,0.42,0.38,2026-09-07,2210,N20,nominal,2.0NRT,297.05,2.47,N
18.01376,54.57248,351.09,0.41,0.37,2026-09-07,2210,N20,nominal,2.0NRT,302.39,16.56,N
23.73518,99.60892,332.36,0.33,0.55,2026-09-08,0559,N20,nominal,2.0NRT,287.26,4.1,D
26.57726,101.66771,325.76,0.43,0.46,2026-09-08,0601,N20,low,2.0NRT,295.78,4.18,D
27.87317,96.85173,325.47,0.4,0.6,2026-09-08,0601,N20,nominal,2.0NRT,291.61,2.94,D
28.49709,97.02654,330.8,0.38,0.58,2026-09-08,0601,N20,nominal,2.0NRT,290.63,3.67,D
8.38215,99.99302,327.22,0.67,0.73,2026-09-08,0735,N20,nominal,2.0NRT,280.69,1.86,D
6.35666,81.14708,345.74,0.48,0.48,2026-09-08,0735,N20,nominal,2.0NRT,299.72,187.3,D
6.34604,81.00114,342.44,0.49,0.49,2026-09-08,0735,N20,nominal,2.0NRT,297.81,5.01,D
6.51881,80.95667,337.15,0.49,0.49,2026-09-08,0735,N20,nominal,2.0NRT,296.63,3.4,D
6.55276,80.74667,334.24,0.51,0.49,2026-09-08,0735,N20,nominal,2.0NRT,293.28,2.44,D
22.92616,70.10849,334.08,0.5,0.66,2026-09-08,0922,N20,nominal,2.0NRT,295.67,5.74,D
6.54982,80.74464,333.66,0.51,0.49,2026-09-08,0735,N20,nominal,2.0NRT,293.17,2.5,D
6.71838,81.54984,337.7,0.45,0.47,2026-09-08,0735,N20,nominal,2.0NRT,301.59,4.83,D
23.33532,70.11651,332.32,0.51,0.66,2026-09-08,0922,N20,nominal,2.0NRT,295.3,2.4,D
6.60871,80.81926,334.25,0.5,0.49,2026-09-08,0735,N20,nominal,2.0NRT,295.01,3.83,D
23.05026,58.2039,342.88,0.38,0.36,2026-09-08,0922,N20,low,2.0NRT,316.7,6.37,D
6.73965,81.54644,339.42,0.45,0.47,2026-09-08,0735,N20,nominal,2.0NRT,302.79,5.06,D
6.76386,81.58728,339,0.44,0.46,2026-09-08,0735,N20,nominal,2.0NRT,304.48,5.87,D
23.48295,58.28258,342.97,0.38,0.36,2026-09-08,0922,N20,low,2.0NRT,317.89,6.13,D
6.72345,81.28949,334.22,0.47,0.47,2026-09-08,0735,N20,nominal,2.0NRT,293.15,5.22,D
25.02053,68.23731,339.64,0.4,0.6,2026-09-08,0922,N20,nominal,2.0NRT,300.46,7.29,D
6.72777,81.28873,332.58,0.47,0.47,2026-09-08,0735,N20,nominal,2.0NRT,293.92,6,D
25.0202,68.2333,347.81,0.4,0.6,2026-09-08,0922,N20,nominal,2.0NRT,302.45,8.07,D
6.82341,81.58176,343.6,0.44,0.46,2026-09-08,0735,N20,nominal,2.0NRT,302.41,9.82,D
24.50414,56.6083,342.2,0.39,0.36,2026-09-08,0922,N20,low,2.0NRT,312.86,12.06,D
7.01137,81.53565,339.27,0.44,0.46,2026-09-08,0735,N20,nominal,2.0NRT,299.34,3.33,D
7.01104,81.53624,336.06,0.44,0.46,2026-09-08,0735,N20,nominal,2.0NRT,297.93,1.59,D
24.50352,56.60445,339.62,0.39,0.36,2026-09-08,0922,N20,low,2.0NRT,312.28,10.72,D
7.0415,81.51042,342.22,0.44,0.46,2026-09-08,0735,N20,nominal,2.0NRT,297.64,5.61,D
24.51007,54.01764,344.82,0.48,0.4,2026-09-08,0924,N20,nominal,2.0NRT,303.86,12.75,D
7.10687,81.66868,341.48,0.43,0.46,2026-09-08,0735,N20,nominal,2.0NRT,299.44,7.46,D
26.02428,62.98607,342.57,0.39,0.44,2026-09-08,0924,N20,low,2.0NRT,312.92,3.94,D
7.07652,81.35234,337.93,0.46,0.47,2026-09-08,0735,N20,nominal,2.0NRT,297.89,4.69,D
26.61127,68.16167,337.89,0.41,0.61,2026-09-08,0924,N20,nominal,2.0NRT,303.37,5.04,D
7.1187,81.58305,333.97,0.44,0.46,2026-09-08,0735,N20,nominal,2.0NRT,297.9,3.39,D
7.0966,81.44798,331.98,0.45,0.47,2026-09-08,0735,N20,nominal,2.0NRT,299.17,3.97,D
25.30735,56.37376,339.35,0.39,0.37,2026-09-08,0924,N20,nominal,2.0NRT,306.29,5.38,D
7.18325,81.80889,337.79,0.42,0.45,2026-09-08,0737,N20,nominal,2.0NRT,300.96,3.03,D
7.27185,81.58931,344.45,0.44,0.46,2026-09-08,0737,N20,nominal,2.0NRT,301.49,11.22,D
7.27119,81.58541,342.07,0.44,0.46,2026-09-08,0737,N20,nominal,2.0NRT,301.29,9.86,D
7.42457,81.74989,334.54,0.42,0.45,2026-09-08,0737,N20,nominal,2.0NRT,302.43,5.18,D
7.42852,81.67089,346.17,0.43,0.46,2026-09-08,0737,N20,nominal,2.0NRT,298.52,5.97,D
7.34592,81.17445,340.66,0.46,0.47,2026-09-08,0737,N20,nominal,2.0NRT,296.39,3.72,D
7.53111,81.66176,343.59,0.43,0.46,2026-09-08,0737,N20,nominal,2.0NRT,301.58,4.92,D
7.6088,80.93652,354.16,0.48,0.48,2026-09-08,0737,N20,nominal,2.0NRT,302.62,11.78,D
7.73565,81.14854,335.31,0.46,0.47,2026-09-08,0737,N20,nominal,2.0NRT,300.01,2.42,D
7.70786,80.6929,351.79,0.49,0.49,2026-09-08,0737,N20,nominal,2.0NRT,296.15,11.8,D
7.70699,80.68771,340.61,0.49,0.49,2026-09-08,0737,N20,nominal,2.0NRT,296.73,11.8,D
7.73289,80.65153,341.41,0.5,0.49,2026-09-08,0737,N20,nominal,2.0NRT,297.52,7.74,D
7.73177,80.65292,349.37,0.49,0.49,2026-09-08,0737,N20,nominal,2.0NRT,297.46,9.78,D
7.92198,81.04644,330.02,0.46,0.47,2026-09-08,0737,N20,nominal,2.0NRT,298.72,3.53,D
28.15856,67.75652,353.2,0.4,0.6,2026-09-08,0924,N20,nominal,2.0NRT,304.32,5.32,D
7.93922,81.04351,340.87,0.46,0.47,2026-09-08,0737,N20,nominal,2.0NRT,299.3,6.42,D
7.89,80.67628,341.8,0.49,0.49,2026-09-08,0737,N20,nominal,2.0NRT,294.26,4.49,D
7.88438,80.37183,338.49,0.51,0.5,2026-09-08,0737,N20,nominal,2.0NRT,294.19,3.85,D
7.9238,80.55187,340.22,0.5,0.49,2026-09-08,0737,N20,nominal,2.0NRT,295.26,8.45,D
7.92678,80.55286,344.59,0.5,0.49,2026-09-08,0737,N20,nominal,2.0NRT,294.57,6.41,D
8.00238,80.90965,332.74,0.47,0.48,2026-09-08,0737,N20,nominal,2.0NRT,296.74,2.61,D
7.86646,80.1012,339.95,0.54,0.51,2026-09-08,0737,N20,nominal,2.0NRT,294.77,6.36,D
7.90831,80.06915,340.29,0.54,0.51,2026-09-08,0737,N20,nominal,2.0NRT,294.67,4.99,D
8.10287,81.10928,330.36,0.45,0.47,2026-09-08,0737,N20,nominal,2.0NRT,297.91,2.68,D
8.10714,81.10855,349.75,0.45,0.47,2026-09-08,0737,N20,nominal,2.0NRT,298.69,7.24,D
8.05875,80.65758,333.46,0.49,0.48,2026-09-08,0737,N20,nominal,2.0NRT,299.1,10.54,D
8.05765,80.65393,330.12,0.49,0.48,2026-09-08,0737,N20,nominal,2.0NRT,299.78,11.47,D
8.14632,81.13957,333.53,0.45,0.47,2026-09-08,0737,N20,nominal,2.0NRT,298.36,4.61,D
8.14562,81.13553,332.65,0.45,0.47,2026-09-08,0737,N20,nominal,2.0NRT,299.68,4.61,D
7.97705,80.05865,340.27,0.54,0.51,2026-09-08,0737,N20,nominal,2.0NRT,295.58,5.26,D
7.98544,80.05232,331.15,0.54,0.51,2026-09-08,0737,N20,nominal,2.0NRT,295.44,3.23,D
8.12032,80.80741,342.89,0.48,0.48,2026-09-08,0737,N20,nominal,2.0NRT,300.18,10.58,D
8.1174,80.79037,346.21,0.48,0.48,2026-09-08,0737,N20,nominal,2.0NRT,297.57,8.41,D
8.055,80.37353,340.31,0.51,0.49,2026-09-08,0737,N20,nominal,2.0NRT,296.41,3.86,D
8.05422,80.36894,331.37,0.51,0.49,2026-09-08,0737,N20,nominal,2.0NRT,297.98,4.29,D
8.1603,80.54237,338.64,0.49,0.49,2026-09-08,0737,N20,nominal,2.0NRT,296.63,4.14,D
8.23229,80.69667,332.77,0.48,0.48,2026-09-08,0737,N20,nominal,2.0NRT,300.41,3.22,D
8.23667,80.69592,330.85,0.48,0.48,2026-09-08,0737,N20,nominal,2.0NRT,299.57,3.95,D
8.29269,80.76121,353.08,0.48,0.48,2026-09-08,0737,N20,nominal,2.0NRT,296.99,13.37,D
8.29372,80.76266,341.67,0.48,0.48,2026-09-08,0737,N20,nominal,2.0NRT,295.04,8.98,D
8.34427,81.0282,339.46,0.46,0.47,2026-09-08,0737,N20,nominal,2.0NRT,296.8,3.42,D
8.277,80.61475,332.3,0.49,0.48,2026-09-08,0737,N20,nominal,2.0NRT,294.25,1.44,D
8.26261,80.45314,340.54,0.5,0.49,2026-09-08,0737,N20,nominal,2.0NRT,296.64,5.51,D
8.26707,80.45238,341.56,0.5,0.49,2026-09-08,0737,N20,nominal,2.0NRT,296.57,4.02,D
8.30643,80.62753,332.28,0.49,0.48,2026-09-08,0737,N20,nominal,2.0NRT,296.29,2.86,D
8.35413,80.69508,354.34,0.48,0.48,2026-09-08,0737,N20,nominal,2.0NRT,299.93,14.81,D
8.35488,80.61924,331.01,0.49,0.48,2026-09-08,0737,N20,nominal,2.0NRT,297.27,2.83,D
8.38526,80.77312,347.17,0.47,0.48,2026-09-08,0737,N20,nominal,2.0NRT,297.73,7.65,D
8.29632,80.21759,335.62,0.52,0.5,2026-09-08,0737,N20,nominal,2.0NRT,298,5.63,D
8.46655,81.10783,331.48,0.45,0.47,2026-09-08,0737,N20,nominal,2.0NRT,300.07,3.8,D
8.41098,80.3919,330.55,0.5,0.49,2026-09-08,0737,N20,nominal,2.0NRT,297.06,4.87,D
8.44324,80.50112,334.73,0.49,0.49,2026-09-08,0737,N20,nominal,2.0NRT,297.84,5.49,D
8.49777,80.79809,342.84,0.47,0.48,2026-09-08,0737,N20,nominal,2.0NRT,300.02,9.79,D
8.44767,80.50034,345.8,0.49,0.49,2026-09-08,0737,N20,nominal,2.0NRT,298.34,12.27,D
8.49218,80.5252,337.91,0.49,0.49,2026-09-08,0737,N20,nominal,2.0NRT,298.44,6.25,D
8.56945,80.76466,336.35,0.47,0.48,2026-09-08,0737,N20,nominal,2.0NRT,297.97,6.16,D
8.56585,80.50348,350.02,0.49,0.49,2026-09-08,0737,N20,nominal,2.0NRT,299.48,15.1,D
8.54715,80.39236,331.32,0.5,0.49,2026-09-08,0737,N20,nominal,2.0NRT,299.48,6.87,D
8.56953,80.49831,337.26,0.49,0.49,2026-09-08,0737,N20,nominal,2.0NRT,297.61,7.31,D
8.5688,80.49392,338.28,0.49,0.49,2026-09-08,0737,N20,nominal,2.0NRT,298.38,7.31,D
8.56518,80.5048,343.26,0.49,0.49,2026-09-08,0737,N20,nominal,2.0NRT,300.12,13.79,D
8.56806,80.49526,345.81,0.49,0.49,2026-09-08,0737,N20,nominal,2.0NRT,299.09,18.41,D
8.59643,80.3158,340.46,0.5,0.49,2026-09-08,0737,N20,nominal,2.0NRT,297.17,7.03,D
8.72228,80.9482,336.79,0.46,0.47,2026-09-08,0737,N20,nominal,2.0NRT,297.12,3.91,D
8.72356,80.76185,335.31,0.47,0.48,2026-09-08,0737,N20,nominal,2.0NRT,298.65,3.22,D
8.7249,80.51064,331.07,0.49,0.48,2026-09-08,0737,N20,nominal,2.0NRT,298.58,3.44,D
8.82682,80.52552,337.96,0.48,0.48,2026-09-08,0737,N20,nominal,2.0NRT,296.45,5.49,D
8.82607,80.52117,341.01,0.48,0.48,2026-09-08,0737,N20,nominal,2.0NRT,298.13,8.48,D
8.94585,80.34813,336.93,0.5,0.49,2026-09-08,0737,N20,nominal,2.0NRT,292.95,8.06,D
9.14695,80.57041,330.69,0.47,0.48,2026-09-08,0737,N20,nominal,2.0NRT,297.9,3.59,D
9.13936,80.50114,330.25,0.48,0.48,2026-09-08,0737,N20,nominal,2.0NRT,292.58,4.26,D
8.86435,78.08271,353.82,0.35,0.57,2026-09-08,0737,N20,nominal,2.0NRT,305.22,5.25,D
8.95272,77.88122,335.13,0.36,0.58,2026-09-08,0737,N20,nominal,2.0NRT,304.15,1.94,D
9.41611,80.42868,331.29,0.48,0.48,2026-09-08,0737,N20,nominal,2.0NRT,299.19,1.75,D
9.41538,80.42436,331.98,0.48,0.48,2026-09-08,0737,N20,nominal,2.0NRT,300.03,2.64,D
9.4256,80.43145,331.1,0.48,0.48,2026-09-08,0737,N20,nominal,2.0NRT,300.08,1.86,D
9.4307,80.43498,349.99,0.48,0.48,2026-09-08,0737,N20,nominal,2.0NRT,300.93,16.94,D
9.43108,80.43597,352.37,0.48,0.48,2026-09-08,0737,N20,nominal,2.0NRT,301.33,13.28,D
8.92974,77.49213,336.9,0.39,0.59,2026-09-08,0737,N20,nominal,2.0NRT,299.62,1.76,D
9.31444,78.7288,334.21,0.63,0.54,2026-09-08,0737,N20,nominal,2.0NRT,301.12,3.44,D
9.28846,78.58205,352.93,0.32,0.55,2026-09-08,0737,N20,nominal,2.0NRT,300.55,5.52,D
9.31936,78.7279,343.73,0.63,0.54,2026-09-08,0737,N20,nominal,2.0NRT,301.61,3.44,D
9.34099,78.82201,337.07,0.62,0.54,2026-09-08,0737,N20,nominal,2.0NRT,300.39,3.36,D
9.1404,77.53792,338.53,0.38,0.59,2026-09-08,0737,N20,nominal,2.0NRT,301.57,1.78,D
9.1378,77.53764,339.12,0.38,0.59,2026-09-08,0737,N20,nominal,2.0NRT,302.41,1.37,D
9.46437,78.80776,330.42,0.62,0.54,2026-09-08,0737,N20,nominal,2.0NRT,298.47,4.15,D
9.29947,77.67791,330.82,0.37,0.58,2026-09-08,0737,N20,nominal,2.0NRT,300.73,2.44,D
9.53154,78.64579,355.24,0.63,0.54,2026-09-08,0737,N20,nominal,2.0NRT,303,24.88,D
9.53244,78.64364,345.48,0.63,0.54,2026-09-08,0737,N20,nominal,2.0NRT,303.95,26.28,D
9.46298,77.59248,356.47,0.37,0.58,2026-09-08,0737,N20,nominal,2.0NRT,302.33,5.8,D
9.4671,77.59164,367,0.37,0.58,2026-09-08,0737,N20,high,2.0NRT,302.52,6.33,D
9.52581,77.79107,367,0.36,0.57,2026-09-08,0737,N20,high,2.0NRT,303.86,7.19,D
9.75761,78.38082,332.27,0.33,0.55,2026-09-08,0737,N20,low,2.0NRT,305.11,1.85,D
10.01626,79.18711,332.54,0.57,0.52,2026-09-08,0737,N20,nominal,2.0NRT,301.07,2.15,D
9.77142,77.74419,338.38,0.36,0.57,2026-09-08,0737,N20,nominal,2.0NRT,299.05,4.42,D
9.93584,78.25494,337.36,0.33,0.55,2026-09-08,0737,N20,nominal,2.0NRT,303.72,3.5,D
9.8512,77.64872,337.86,0.36,0.58,2026-09-08,0737,N20,nominal,2.0NRT,301.41,3.49,D
10.16361,79.21571,333.43,0.56,0.52,2026-09-08,0737,N20,nominal,2.0NRT,298.81,2.41,D
9.94897,77.83247,367,0.35,0.57,2026-09-08,0737,N20,high,2.0NRT,302.37,7.77,D
9.95038,77.8317,367,0.35,0.57,2026-09-08,0737,N20,high,2.0NRT,302.14,8.22,D
10.16759,78.79363,341,0.6,0.53,2026-09-08,0737,N20,nominal,2.0NRT,300.08,6.27,D
10.33086,79.31501,330.33,0.55,0.51,2026-09-08,0737,N20,low,2.0NRT,301.21,3.01,D
10.40139,79.38857,330.58,0.54,0.51,2026-09-08,0737,N20,low,2.0NRT,302.55,2.75,D
10.42067,79.25273,342.26,0.55,0.51,2026-09-08,0737,N20,nominal,2.0NRT,301,20.97,D
10.4262,79.25689,338.69,0.55,0.51,2026-09-08,0737,N20,nominal,2.0NRT,302.91,106.24,D
10.41998,79.25983,343.33,0.55,0.51,2026-09-08,0737,N20,nominal,2.0NRT,298.72,14.54,D
10.42373,79.25402,348.52,0.55,0.51,2026-09-08,0737,N20,nominal,2.0NRT,307.26,51.8,D
10.63521,79.72103,339.15,0.51,0.49,2026-09-08,0737,N20,nominal,2.0NRT,302.01,4.21,D
10.63439,79.71644,337.99,0.51,0.49,2026-09-08,0737,N20,nominal,2.0NRT,304.58,4.21,D
10.26741,77.25986,332.87,0.38,0.59,2026-09-08,0737,N20,nominal,2.0NRT,302.06,3.61,D
10.80398,78.93729,335.88,0.57,0.52,2026-09-08,0737,N20,low,2.0NRT,306.18,3.44,D
10.80485,78.93539,335.98,0.57,0.52,2026-09-08,0737,N20,low,2.0NRT,306.59,2.29,D
10.74739,78.56797,331.26,0.61,0.53,2026-09-08,0737,N20,low,2.0NRT,305.01,1.41,D
10.87606,79.16769,335.93,0.55,0.51,2026-09-08,0737,N20,nominal,2.0NRT,303.2,2.8,D
11.01908,79.83974,334.91,0.49,0.49,2026-09-08,0737,N20,nominal,2.0NRT,303.9,5.89,D
11.03551,79.73526,333.04,0.5,0.49,2026-09-08,0737,N20,nominal,2.0NRT,302.85,4.81,D
10.91535,78.45361,330.82,0.62,0.54,2026-09-08,0737,N20,low,2.0NRT,303.79,1.56,D
11.17832,79.84326,343.88,0.49,0.49,2026-09-08,0737,N20,nominal,2.0NRT,303.77,15.83,D
11.17724,79.84092,346.86,0.49,0.49,2026-09-08,0737,N20,nominal,2.0NRT,303.51,16.38,D
11.16917,79.591,334.12,0.51,0.49,2026-09-08,0737,N20,nominal,2.0NRT,300.74,5.19,D
11.16835,79.58639,341.1,0.51,0.49,2026-09-08,0737,N20,nominal,2.0NRT,301.93,6.55,D
10.94746,78.17036,337.04,0.32,0.55,2026-09-08,0737,N20,nominal,2.0NRT,304.57,2.11,D
10.96945,78.0653,350.49,0.33,0.55,2026-09-08,0737,N20,nominal,2.0NRT,305.17,3.07,D
11.37994,79.63191,336.79,0.5,0.49,2026-09-08,0737,N20,nominal,2.0NRT,305.13,10.93,D
10.92811,77.06596,330.52,0.38,0.59,2026-09-08,0737,N20,low,2.0NRT,301.28,0.59,D
11.44468,79.55418,336.51,0.51,0.49,2026-09-08,0737,N20,nominal,2.0NRT,301.08,3.23,D
11.44695,79.55542,335.41,0.51,0.49,2026-09-08,0737,N20,nominal,2.0NRT,301.37,6.92,D
11.11892,77.18589,330.45,0.37,0.58,2026-09-08,0737,N20,nominal,2.0NRT,300.09,1.43,D
11.2279,77.15961,336.15,0.37,0.58,2026-09-08,0737,N20,nominal,2.0NRT,300.41,2.17,D
11.22657,77.15887,339.14,0.37,0.58,2026-09-08,0737,N20,nominal,2.0NRT,300.59,1.82,D
11.36853,77.68331,348.3,0.34,0.56,2026-09-08,0737,N20,nominal,2.0NRT,305.64,4.31,D
12.08317,79.02713,330.76,0.54,0.51,2026-09-08,0737,N20,low,2.0NRT,302.97,2.54,D
12.30269,78.41156,330.4,0.59,0.53,2026-09-08,0737,N20,low,2.0NRT,303.13,6.17,D
12.097,77.06121,342.82,0.36,0.58,2026-09-08,0737,N20,nominal,2.0NRT,309.05,8.86,D
12.75017,79.99485,332.77,0.45,0.47,2026-09-08,0737,N20,nominal,2.0NRT,302.14,2.22,D
12.72328,79.6708,330.54,0.47,0.48,2026-09-08,0737,N20,low,2.0NRT,301.42,3.54,D
12.80382,79.89982,336.69,0.46,0.47,2026-09-08,0737,N20,nominal,2.0NRT,299.57,3.47,D
12.83612,79.94167,331.02,0.45,0.47,2026-09-08,0737,N20,low,2.0NRT,305.45,7.02,D
12.84465,79.94014,330.65,0.45,0.47,2026-09-08,0737,N20,low,2.0NRT,304.71,4.62,D
12.87861,79.90833,335.9,0.45,0.47,2026-09-08,0737,N20,nominal,2.0NRT,302.38,7.05,D
13.16077,78.74465,332.49,0.54,0.51,2026-09-08,0737,N20,nominal,2.0NRT,300.55,3.35,D
13.84408,79.97645,330.11,0.43,0.46,2026-09-08,0737,N20,low,2.0NRT,301.7,2.9,D
13.84826,79.97568,334.38,0.43,0.46,2026-09-08,0737,N20,nominal,2.0NRT,301.25,2.9,D
14.88231,79.78946,341.48,0.43,0.46,2026-09-08,0739,N20,nominal,2.0NRT,297.32,4.94,D
15.1602,78.27892,330.6,0.53,0.5,2026-09-08,0739,N20,nominal,2.0NRT,296.53,8.58,D
15.18101,76.66863,337.79,0.34,0.56,2026-09-08,0739,N20,nominal,2.0NRT,294.13,2.66,D
15.22604,76.76457,333.7,0.33,0.56,2026-09-08,0739,N20,nominal,2.0NRT,294.67,5.15,D
16.39561,78.35156,340.22,0.5,0.49,2026-09-08,0739,N20,nominal,2.0NRT,289.74,3.02,D
17.42646,82.72792,338.08,0.42,0.38,2026-09-08,0739,N20,nominal,2.0NRT,297.94,4.04,D
17.60495,83.20261,334.29,0.41,0.37,2026-09-08,0739,N20,low,2.0NRT,300.65,4.36,D
17.60893,83.20582,339.56,0.41,0.37,2026-09-08,0739,N20,nominal,2.0NRT,301.43,4.36,D
19.43899,96.04627,326.7,0.5,0.66,2026-09-08,0739,N20,nominal,2.0NRT,280.38,3.18,D
17.73318,78.93163,334.18,0.43,0.46,2026-09-08,0739,N20,nominal,2.0NRT,294.09,2.64,D
17.62962,77.91116,332.2,0.51,0.49,2026-09-08,0739,N20,nominal,2.0NRT,296.32,5.42,D
19.09773,82.16775,335.87,0.43,0.38,2026-09-08,0739,N20,low,2.0NRT,300.91,9.23,D
20.79765,85.3863,336.48,0.39,0.37,2026-09-08,0739,N20,nominal,2.0NRT,286.43,3.88,D
20.78967,85.26066,334.69,0.39,0.36,2026-09-08,0739,N20,nominal,2.0NRT,282.29,5.06,D
20.86174,84.9887,335.67,0.39,0.36,2026-09-08,0739,N20,nominal,2.0NRT,288.06,2.64,D
20.86505,84.98814,332.84,0.39,0.36,2026-09-08,0739,N20,nominal,2.0NRT,292.18,6.29,D
21.34945,81.66482,336.39,0.42,0.38,2026-09-08,0739,N20,nominal,2.0NRT,298.29,5.75,D
21.924,85.22245,332.47,0.4,0.37,2026-09-08,0739,N20,nominal,2.0NRT,298.89,4.98,D
21.76666,84.02632,330.12,0.38,0.36,2026-09-08,0739,N20,nominal,2.0NRT,291.47,2.69,D
21.49219,81.76202,332.12,0.42,0.38,2026-09-08,0739,N20,low,2.0NRT,296.78,1.92,D
22.37795,87.27967,338.84,0.47,0.4,2026-09-08,0739,N20,nominal,2.0NRT,285.46,7.41,D
21.98455,83.23235,333.5,0.39,0.36,2026-09-08,0739,N20,nominal,2.0NRT,300.03,4.75,D
22.57296,85.89826,340.39,0.42,0.37,2026-09-08,0739,N20,nominal,2.0NRT,299.52,4.99,D
22.35765,82.30426,343.13,0.4,0.37,2026-09-08,0739,N20,nominal,2.0NRT,303.15,7.11,D
23.67498,86.08513,331.2,0.43,0.38,2026-09-08,0741,N20,nominal,2.0NRT,296.88,2.63,D
23.68195,86.08404,330.28,0.43,0.38,2026-09-08,0741,N20,nominal,2.0NRT,293.56,5.04,D
23.16684,82.34259,335.99,0.39,0.36,2026-09-08,0741,N20,nominal,2.0NRT,298.83,4.42,D
14.48923,100.03403,336.43,0.48,0.64,2026-09-08,0557,N20,nominal,2.0NRT,282.48,4.07,D
14.68572,100.64864,329.12,0.43,0.62,2026-09-08,0557,N20,nominal,2.0NRT,284.13,5.78,D
14.71553,100.49127,329.44,0.44,0.62,2026-09-08,0557,N20,nominal,2.0NRT,285.14,2.03,D
14.7728,100.06927,328.35,0.47,0.64,2026-09-08,0557,N20,nominal,2.0NRT,284.91,3.4,D
14.99247,100.58419,337.72,0.43,0.62,2026-09-08,0557,N20,nominal,2.0NRT,288.47,4.77,D
15.1865,100.58486,332.74,0.42,0.61,2026-09-08,0557,N20,nominal,2.0NRT,284.84,3.78,D
15.30322,100.48343,338.34,0.43,0.62,2026-09-08,0557,N20,nominal,2.0NRT,287.51,4.22,D
15.74858,100.33823,331.65,0.43,0.62,2026-09-08,0557,N20,nominal,2.0NRT,287.72,3.78,D
15.76056,100.20869,330.89,0.44,0.62,2026-09-08,0557,N20,nominal,2.0NRT,286.28,4.19,D
15.77278,100.2393,334.48,0.44,0.62,2026-09-08,0557,N20,nominal,2.0NRT,286.28,4.56,D
16.17151,100.28317,328.37,0.43,0.62,2026-09-08,0557,N20,nominal,2.0NRT,287.02,2.68,D
28.09879,95.47135,331.48,0.56,0.69,2026-09-08,0741,N20,nominal,2.0NRT,288.83,6.44,D
29.6466,91.28764,326.38,0.33,0.55,2026-09-08,0741,N20,low,2.0NRT,297.6,4.43,D
28.6588,77.57416,331.49,0.51,0.41,2026-09-08,0744,N20,nominal,2.0NRT,299.83,4.53,D
28.65915,77.57201,330.62,0.51,0.41,2026-09-08,0744,N20,nominal,2.0NRT,300.45,5.54,D
26.6117,68.16407,331.55,0.67,0.74,2026-09-08,0744,N20,nominal,2.0NRT,297.68,5.67,D
29.9256,77.28622,332.66,0.51,0.41,2026-09-08,0744,N20,nominal,2.0NRT,298.54,3.04,D
29.90877,74.95169,331.63,0.45,0.47,2026-09-08,0744,N20,low,2.0NRT,303.04,4.43,D
29.90781,74.94718,340.86,0.45,0.47,2026-09-08,0744,N20,nominal,2.0NRT,300.6,4.43,D
30.3268,71.97569,355.33,0.33,0.55,2026-09-08,0744,N20,nominal,2.0NRT,299.19,7.23,D
30.32605,71.9724,333.05,0.33,0.55,2026-09-08,0744,N20,nominal,2.0NRT,299.83,5.86,D
31.97073,72.31622,335.44,0.57,0.52,2026-09-08,0744,N20,nominal,2.0NRT,297.84,4.8,D
31.97194,72.31485,330.96,0.57,0.52,2026-09-08,0744,N20,nominal,2.0NRT,297.47,3.94,D
37.30812,78.87954,339.71,0.39,0.36,2026-09-08,0746,N20,nominal,2.0NRT,300.53,3.84,D
37.33651,78.97105,346.3,0.39,0.36,2026-09-08,0746,N20,nominal,2.0NRT,303.72,2.44,D
37.33583,78.96674,338.79,0.39,0.36,2026-09-08,0746,N20,nominal,2.0NRT,305.76,2.44,D
38.38893,77.44344,341.53,0.4,0.37,2026-09-08,0746,N20,nominal,2.0NRT,306.91,5.73,D
39.52021,76.851,342.55,0.4,0.37,2026-09-08,0746,N20,nominal,2.0NRT,298.2,4.32,D
39.51941,76.84639,343.54,0.4,0.37,2026-09-08,0746,N20,nominal,2.0NRT,298.55,11.78,D
39.52432,76.85465,340.3,0.4,0.37,2026-09-08,0746,N20,nominal,2.0NRT,296.28,4.32,D
39.52353,76.85004,345.9,0.4,0.37,2026-09-08,0746,N20,nominal,2.0NRT,298.86,4.32,D
38.04939,67.26809,367,0.38,0.59,2026-09-08,0746,N20,high,2.0NRT,315.47,12.39,D
38.0483,67.26399,347.06,0.38,0.59,2026-09-08,0746,N20,nominal,2.0NRT,317.23,9.4,D
37.11576,62.36293,342.47,0.73,0.76,2026-09-08,0746,N20,nominal,2.0NRT,307.25,3.95,D
27.15785,56.10339,340.27,0.39,0.36,2026-09-08,0924,N20,nominal,2.0NRT,310.2,8.74,D
27.16116,56.10272,349.51,0.39,0.36,2026-09-08,0924,N20,nominal,2.0NRT,311.69,8.74,D
27.4803,57.52755,340.62,0.39,0.36,2026-09-08,0924,N20,low,2.0NRT,312.36,5.04,D
29.17066,54.61655,345.68,0.41,0.37,2026-09-08,0924,N20,low,2.0NRT,319.48,6.32,D
37.03225,62.42134,346.3,0.49,0.49,2026-09-08,0926,N20,nominal,2.0NRT,315.76,11.73,D
37.02997,62.41911,343.54,0.49,0.49,2026-09-08,0926,N20,low,2.0NRT,316.75,13.91,D
37.12003,62.363,342.96,0.49,0.48,2026-09-08,0926,N20,low,2.0NRT,317.41,12.27,D
37.0524,60.17087,339.71,0.56,0.43,2026-09-08,0926,N20,nominal,2.0NRT,306.25,5.22,D
37.05635,60.17026,338.63,0.56,0.43,2026-09-08,0926,N20,nominal,2.0NRT,306.4,5.22,D
37.7325,64.12026,337.17,0.62,0.54,2026-09-08,0926,N20,nominal,2.0NRT,306.24,3.43,D
37.73747,64.11974,356.36,0.62,0.54,2026-09-08,0926,N20,nominal,2.0NRT,315.27,16.34,D
37.51415,59.38396,339.37,0.52,0.42,2026-09-08,0926,N20,nominal,2.0NRT,306.1,9.01,D
37.59061,59.91773,347.24,0.55,0.43,2026-09-08,0926,N20,nominal,2.0NRT,305.73,11.02,D
37.8723,60.25473,335.41,0.39,0.44,2026-09-08,0926,N20,low,2.0NRT,306.73,3.54,D
39.8483,63.17323,336.27,0.58,0.52,2026-09-08,0928,N20,nominal,2.0NRT,298.48,2.36,D
27.49995,101.37821,295.47,0.32,0.55,2026-09-08,1826,N20,nominal,2.0NRT,284.71,0.35,N
26.57668,101.66237,316.38,0.6,0.53,2026-09-08,1828,N20,nominal,2.0NRT,284.66,4.59,N
26.57604,101.66903,296.6,0.6,0.53,2026-09-08,1828,N20,nominal,2.0NRT,283.63,4.59,N
26.57056,101.67463,298.36,0.6,0.53,2026-09-08,1828,N20,nominal,2.0NRT,284.07,3.46,N
25.38167,99.29913,298.56,0.41,0.61,2026-09-08,1828,N20,nominal,2.0NRT,285.3,0.51,N
22.63119,100.73538,300.92,0.62,0.54,2026-09-08,1828,N20,nominal,2.0NRT,287.75,2.41,N
12.67359,101.19445,337.61,0.43,0.46,2026-09-08,1832,N20,nominal,2.0NRT,266.92,4.53,N
12.67412,101.19051,300.94,0.43,0.46,2026-09-08,1832,N20,nominal,2.0NRT,265.74,1.71,N
6.66318,101.0039,308.34,0.55,0.43,2026-09-08,1832,N20,nominal,2.0NRT,290.07,1.05,N
6.48466,101.14841,301.44,0.54,0.42,2026-09-08,1832,N20,nominal,2.0NRT,282.85,1.16,N
33.29721,71.17942,302.58,0.71,0.75,2026-09-08,2006,N20,nominal,2.0NRT,290.73,0.7,N
29.63154,77.24386,306.6,0.57,0.52,2026-09-08,2008,N20,nominal,2.0NRT,293.04,1.57,N
25.03734,87.38728,305.89,0.44,0.38,2026-09-08,2008,N20,nominal,2.0NRT,282.68,0.76,N
24.92361,84.15542,315.48,0.38,0.36,2026-09-08,2008,N20,nominal,2.0NRT,284.27,1.78,N
23.66479,87.15403,313.07,0.44,0.39,2026-09-08,2008,N20,nominal,2.0NRT,279.32,1.29,N
23.80456,86.33068,298.63,0.41,0.37,2026-09-08,2008,N20,nominal,2.0NRT,279.33,1.06,N
23.77458,86.36201,312.81,0.41,0.37,2026-09-08,2008,N20,nominal,2.0NRT,283.3,2.65,N
23.77389,86.366,301.38,0.41,0.37,2026-09-08,2008,N20,nominal,2.0NRT,281.9,1.57,N
23.77972,86.21004,332.23,0.41,0.37,2026-09-08,2008,N20,nominal,2.0NRT,287.92,4.26,N
23.77633,86.20937,304.62,0.41,0.37,2026-09-08,2008,N20,nominal,2.0NRT,286.23,1.44,N
23.77162,86.19611,305.83,0.41,0.37,2026-09-08,2008,N20,nominal,2.0NRT,286.43,1.03,N
23.55852,87.24055,329.15,0.45,0.39,2026-09-08,2008,N20,nominal,2.0NRT,282.3,4.05,N
23.56004,87.23193,314.22,0.45,0.39,2026-09-08,2008,N20,nominal,2.0NRT,282.57,1.67,N
23.68445,86.39489,295.21,0.42,0.37,2026-09-08,2008,N20,nominal,2.0NRT,279.19,1.1,N
23.67763,86.39355,300.64,0.42,0.37,2026-09-08,2008,N20,nominal,2.0NRT,282.29,1.38,N
23.67694,86.39756,298.25,0.42,0.37,2026-09-08,2008,N20,nominal,2.0NRT,281.62,0.94,N
23.67624,86.4016,299.17,0.42,0.37,2026-09-08,2008,N20,nominal,2.0NRT,282.04,0.94,N
23.8053,85.53831,301.78,0.4,0.37,2026-09-08,2008,N20,nominal,2.0NRT,289.46,0.96,N
23.48239,87.35986,301.59,0.45,0.39,2026-09-08,2008,N20,nominal,2.0NRT,281.83,1.23,N
23.78941,85.55109,299.57,0.4,0.37,2026-09-08,2008,N20,nominal,2.0NRT,287.62,0.82,N
23.6965,86.07959,313.63,0.41,0.37,2026-09-08,2008,N20,nominal,2.0NRT,287.74,1.05,N
23.68368,86.09333,313.97,0.41,0.37,2026-09-08,2008,N20,nominal,2.0NRT,287.88,1.59,N
23.68167,86.08475,306.58,0.41,0.37,2026-09-08,2008,N20,nominal,2.0NRT,288.33,1.33,N
23.68031,86.09264,310.59,0.41,0.37,2026-09-08,2008,N20,nominal,2.0NRT,287.58,2.12,N
23.6783,86.08407,312.69,0.41,0.37,2026-09-08,2008,N20,nominal,2.0NRT,288.52,1.33,N
23.67019,86.09061,307.53,0.41,0.37,2026-09-08,2008,N20,nominal,2.0NRT,287.71,1.24,N
23.66904,86.09098,309.7,0.41,0.37,2026-09-08,2008,N20,nominal,2.0NRT,288.68,1.69,N
23.68449,85.36116,301.27,0.39,0.36,2026-09-08,2008,N20,nominal,2.0NRT,288.6,0.89,N
23.73927,85.00942,304.26,0.39,0.36,2026-09-08,2008,N20,nominal,2.0NRT,288.62,1.26,N
23.71885,85.00939,309.48,0.39,0.36,2026-09-08,2010,N20,nominal,2.0NRT,287.85,1.3,N
23.66994,84.9961,304.14,0.39,0.36,2026-09-08,2010,N20,nominal,2.0NRT,289.02,1.62,N
24.76466,74.60454,305.12,0.37,0.58,2026-09-08,2010,N20,nominal,2.0NRT,291.58,1.05,N
24.66136,74.63292,303.18,0.36,0.58,2026-09-08,2010,N20,nominal,2.0NRT,292.19,1.46,N
23.16793,82.34064,303.45,0.4,0.37,2026-09-08,2010,N20,nominal,2.0NRT,268.48,0.76,N
23.16735,82.34455,299.26,0.4,0.37,2026-09-08,2010,N20,nominal,2.0NRT,269.34,0.76,N
23.16513,82.33613,299.78,0.4,0.37,2026-09-08,2010,N20,nominal,2.0NRT,265,0.41,N
23.16456,82.34003,305.45,0.4,0.37,2026-09-08,2010,N20,nominal,2.0NRT,267.81,0.76,N
22.21299,84.86617,310.66,0.39,0.36,2026-09-08,2010,N20,nominal,2.0NRT,283.95,1.82,N
22.21029,84.86179,303.09,0.39,0.36,2026-09-08,2010,N20,nominal,2.0NRT,284.7,1.32,N
22.3306,82.605,315.24,0.39,0.37,2026-09-08,2010,N20,nominal,2.0NRT,282.69,1.91,N
22.32287,82.58804,309.51,0.4,0.37,2026-09-08,2010,N20,nominal,2.0NRT,279.82,1.07,N
22.35846,82.30285,320.05,0.4,0.37,2026-09-08,2010,N20,nominal,2.0NRT,273.84,2.29,N
22.32247,82.54494,295.52,0.4,0.37,2026-09-08,2010,N20,nominal,2.0NRT,270.08,0.38,N
22.31961,82.56403,303.78,0.4,0.37,2026-09-08,2010,N20,nominal,2.0NRT,269.13,0.54,N
22.31904,82.56783,298.41,0.4,0.37,2026-09-08,2010,N20,nominal,2.0NRT,271.07,0.54,N
22.31684,82.55962,298.45,0.4,0.37,2026-09-08,2010,N20,nominal,2.0NRT,269.52,0.55,N
22.0398,83.35128,297.42,0.39,0.36,2026-09-08,2010,N20,nominal,2.0NRT,265.89,0.49,N
21.92429,83.35045,310.94,0.39,0.36,2026-09-08,2010,N20,nominal,2.0NRT,278.51,1.56,N
21.92099,83.34985,323.22,0.39,0.36,2026-09-08,2010,N20,nominal,2.0NRT,281.33,1.62,N
21.92041,83.35355,307.03,0.39,0.36,2026-09-08,2010,N20,nominal,2.0NRT,280.53,1.62,N
21.87877,83.55486,303.39,0.38,0.36,2026-09-08,2010,N20,nominal,2.0NRT,276.02,0.76,N
22.00491,82.67097,303.36,0.39,0.36,2026-09-08,2010,N20,nominal,2.0NRT,271.26,1.16,N
21.76467,83.84873,311.56,0.38,0.36,2026-09-08,2010,N20,nominal,2.0NRT,275.64,1.3,N
21.76138,83.84814,307.35,0.38,0.36,2026-09-08,2010,N20,nominal,2.0NRT,275.36,1.13,N
21.75868,83.84386,301.99,0.38,0.36,2026-09-08,2010,N20,nominal,2.0NRT,275.4,1.13,N
21.75538,83.84325,318.48,0.38,0.36,2026-09-08,2010,N20,nominal,2.0NRT,274.6,1.24,N
21.75209,83.84266,297.53,0.38,0.36,2026-09-08,2010,N20,nominal,2.0NRT,272.22,1.24,N
21.74834,83.84244,335.56,0.38,0.36,2026-09-08,2010,N20,nominal,2.0NRT,270.63,3.24,N
21.74505,83.84184,307.07,0.38,0.36,2026-09-08,2010,N20,nominal,2.0NRT,270.06,3.24,N
21.74176,83.84124,300.66,0.38,0.36,2026-09-08,2010,N20,nominal,2.0NRT,269.72,1.19,N
21.68255,84.04268,299.34,0.38,0.36,2026-09-08,2010,N20,nominal,2.0NRT,274.02,0.54,N
21.67985,84.03839,306.27,0.38,0.36,2026-09-08,2010,N20,nominal,2.0NRT,271.47,0.6,N
21.67267,84.04087,298.16,0.38,0.36,2026-09-08,2010,N20,nominal,2.0NRT,275.63,0.44,N
21.73041,82.21562,298.77,0.4,0.37,2026-09-08,2010,N20,nominal,2.0NRT,277.94,0.35,N
21.67297,82.07998,305.47,0.4,0.37,2026-09-08,2010,N20,nominal,2.0NRT,287.93,0.69,N
20.97263,86.00419,296.7,0.43,0.38,2026-09-08,2010,N20,nominal,2.0NRT,269.81,0.69,N
20.9698,86.02042,297.32,0.43,0.38,2026-09-08,2010,N20,nominal,2.0NRT,272.2,0.5,N
20.96484,86.04884,299.02,0.43,0.38,2026-09-08,2010,N20,nominal,2.0NRT,276,0.66,N
20.96777,86.01161,313.83,0.43,0.38,2026-09-08,2010,N20,nominal,2.0NRT,272.21,1.82,N
20.96503,86.00687,307.22,0.43,0.38,2026-09-08,2010,N20,nominal,2.0NRT,272.75,1.58,N
20.95103,86.04613,306.89,0.43,0.38,2026-09-08,2010,N20,nominal,2.0NRT,271.69,0.63,N
21.08109,85.03587,297.14,0.4,0.37,2026-09-08,2010,N20,nominal,2.0NRT,271.3,0.78,N
21.07711,85.03904,299,0.4,0.37,2026-09-08,2010,N20,nominal,2.0NRT,271.88,1.76,N
21.07584,85.04662,295.58,0.4,0.37,2026-09-08,2010,N20,nominal,2.0NRT,269.85,0.83,N
21.56038,81.7552,305,0.41,0.37,2026-09-08,2010,N20,nominal,2.0NRT,286.1,0.64,N
20.97726,85.17011,310.14,0.4,0.37,2026-09-08,2010,N20,nominal,2.0NRT,273.98,0.8,N
20.97662,85.17394,297.49,0.4,0.37,2026-09-08,2010,N20,nominal,2.0NRT,272.51,0.8,N
20.97964,85.13502,301.67,0.4,0.37,2026-09-08,2010,N20,nominal,2.0NRT,271.52,1.33,N
20.97263,85.17712,298.89,0.4,0.37,2026-09-08,2010,N20,nominal,2.0NRT,272.6,1.21,N
20.96991,85.17265,322.79,0.4,0.37,2026-09-08,2010,N20,nominal,2.0NRT,276.18,2.74,N
20.96927,85.17648,313.08,0.4,0.37,2026-09-08,2010,N20,nominal,2.0NRT,275.3,1.21,N
20.96398,85.18736,323.58,0.4,0.37,2026-09-08,2010,N20,nominal,2.0NRT,275.41,2.05,N
20.96974,85.15288,319.68,0.4,0.37,2026-09-08,2010,N20,nominal,2.0NRT,278.68,2.62,N
20.96718,85.16818,302.47,0.4,0.37,2026-09-08,2010,N20,nominal,2.0NRT,276.44,1.04,N
20.96462,85.1835,307.45,0.4,0.37,2026-09-08,2010,N20,nominal,2.0NRT,275.53,2.05,N
20.96383,85.16753,309.99,0.4,0.37,2026-09-08,2010,N20,nominal,2.0NRT,277.56,1.04,N
20.96319,85.17136,310.75,0.4,0.37,2026-09-08,2010,N20,nominal,2.0NRT,276.72,1.04,N
21.48824,81.76783,307,0.41,0.37,2026-09-08,2010,N20,nominal,2.0NRT,287.59,0.84,N
20.8662,84.99608,298.96,0.4,0.37,2026-09-08,2010,N20,nominal,2.0NRT,272.69,1.64,N
20.86412,84.98782,311.09,0.4,0.37,2026-09-08,2010,N20,nominal,2.0NRT,271.7,1.13,N
20.80846,85.25784,306.9,0.41,0.37,2026-09-08,2010,N20,nominal,2.0NRT,275.55,1.04,N
20.80509,85.25718,307.49,0.41,0.37,2026-09-08,2010,N20,nominal,2.0NRT,274.92,1.04,N
20.7977,85.25974,302.54,0.41,0.37,2026-09-08,2010,N20,nominal,2.0NRT,274.06,1.06,N
20.79498,85.25523,329.52,0.41,0.37,2026-09-08,2010,N20,nominal,2.0NRT,275.54,2.25,N
20.79564,85.25138,305.58,0.41,0.37,2026-09-08,2010,N20,nominal,2.0NRT,273.58,2.46,N
20.79096,85.25847,299.66,0.41,0.37,2026-09-08,2010,N20,nominal,2.0NRT,274.73,2.25,N
20.78693,85.2617,314.81,0.41,0.37,2026-09-08,2010,N20,nominal,2.0NRT,275.03,1.15,N
20.78628,85.26556,300.79,0.41,0.37,2026-09-08,2010,N20,nominal,2.0NRT,274.07,1.15,N
20.78421,85.25719,302.3,0.41,0.37,2026-09-08,2010,N20,nominal,2.0NRT,274.55,1.29,N
20.7608,85.29257,296.4,0.41,0.37,2026-09-08,2010,N20,nominal,2.0NRT,270.87,0.43,N
20.76014,85.29642,306.47,0.41,0.37,2026-09-08,2010,N20,nominal,2.0NRT,271.26,1.25,N
21.18682,81.38802,299.66,0.42,0.37,2026-09-08,2010,N20,nominal,2.0NRT,272.29,0.88,N
21.17996,81.38689,300.91,0.42,0.37,2026-09-08,2010,N20,nominal,2.0NRT,270.78,1.7,N
21.33642,78.96896,320.39,0.54,0.42,2026-09-08,2010,N20,nominal,2.0NRT,290.76,3.29,N
21.25031,79.2098,308.71,0.52,0.42,2026-09-08,2010,N20,nominal,2.0NRT,291.66,1.27,N
21.24456,79.22421,309.79,0.52,0.41,2026-09-08,2010,N20,nominal,2.0NRT,291.66,2.17,N
21.83345,72.65038,314.23,0.45,0.63,2026-09-08,2010,N20,nominal,2.0NRT,290.82,1.46,N
21.8341,72.64875,313.92,0.45,0.63,2026-09-08,2010,N20,nominal,2.0NRT,290.71,1.56,N
20.69721,78.63435,313.44,0.55,0.43,2026-09-08,2010,N20,nominal,2.0NRT,291.11,2.24,N
19.96512,79.33562,310.64,0.5,0.41,2026-09-08,2010,N20,nominal,2.0NRT,282.09,1.12,N
19.92167,79.1118,304.22,0.51,0.41,2026-09-08,2010,N20,nominal,2.0NRT,285.09,0.75,N
19.10387,82.16415,314.83,0.39,0.36,2026-09-08,2010,N20,nominal,2.0NRT,284.16,0.71,N
19.10331,82.16782,309.92,0.39,0.36,2026-09-08,2010,N20,nominal,2.0NRT,285.67,1.44,N
19.09999,82.16727,318.82,0.39,0.36,2026-09-08,2010,N20,nominal,2.0NRT,284.34,1.27,N
19.09667,82.1667,302.7,0.39,0.36,2026-09-08,2010,N20,nominal,2.0NRT,283.88,1.27,N
19.09279,82.16982,302.02,0.39,0.36,2026-09-08,2010,N20,nominal,2.0NRT,284.31,0.5,N
18.54178,83.34262,305.31,0.39,0.36,2026-09-08,2010,N20,nominal,2.0NRT,285.37,0.75,N
18.72217,79.53808,307.87,0.47,0.4,2026-09-08,2010,N20,nominal,2.0NRT,290.3,1.23,N
18.71854,79.5375,309.46,0.47,0.4,2026-09-08,2010,N20,nominal,2.0NRT,290.28,1.23,N
17.62334,83.19441,298.11,0.39,0.36,2026-09-08,2010,N20,nominal,2.0NRT,273.46,0.41,N
17.6117,83.20351,310,0.39,0.36,2026-09-08,2010,N20,nominal,2.0NRT,271.54,0.66,N
17.6084,83.20293,299.37,0.39,0.36,2026-09-08,2010,N20,nominal,2.0NRT,271.82,0.66,N
17.60461,83.20285,298.35,0.39,0.36,2026-09-08,2010,N20,nominal,2.0NRT,271.1,0.83,N
17.95742,80.78911,310.6,0.41,0.37,2026-09-08,2010,N20,nominal,2.0NRT,293.95,1.46,N
17.95685,80.79299,309.43,0.41,0.37,2026-09-08,2010,N20,nominal,2.0NRT,293.77,1.46,N
17.95627,80.79686,314.13,0.41,0.37,2026-09-08,2010,N20,nominal,2.0NRT,294,2.2,N
18.69419,73.03756,303.46,0.39,0.59,2026-09-08,2010,N20,nominal,2.0NRT,290.9,1.35,N
18.70609,72.87003,306.87,0.4,0.6,2026-09-08,2010,N20,nominal,2.0NRT,290.83,2.65,N
17.46311,80.65279,315.81,0.41,0.37,2026-09-08,2010,N20,nominal,2.0NRT,292.11,1.91,N
16.8707,80.02052,308.39,0.43,0.38,2026-09-08,2010,N20,nominal,2.0NRT,292.92,2.42,N
17.14211,77.18411,305.74,0.4,0.44,2026-09-08,2010,N20,nominal,2.0NRT,288.59,1.05,N
17.13901,77.17599,307.6,0.4,0.44,2026-09-08,2010,N20,nominal,2.0NRT,289.04,1.45,N
17.06564,76.97866,306.96,0.41,0.45,2026-09-08,2012,N20,nominal,2.0NRT,288.14,1.1,N
15.30919,76.2511,302.1,0.44,0.46,2026-09-08,2012,N20,nominal,2.0NRT,288.26,0.56,N
15.22534,76.75986,305.51,0.4,0.45,2026-09-08,2012,N20,nominal,2.0NRT,289.79,0.8,N
15.22484,76.76362,311.23,0.4,0.45,2026-09-08,2012,N20,nominal,2.0NRT,290.36,1.41,N
15.18449,76.66625,305.53,0.41,0.45,2026-09-08,2012,N20,nominal,2.0NRT,288.45,0.7,N
15.18346,76.64287,306.98,0.41,0.45,2026-09-08,2012,N20,nominal,2.0NRT,290.63,1.02,N
15.17884,76.67707,315.93,0.41,0.45,2026-09-08,2012,N20,nominal,2.0NRT,285.51,0.87,N
15.1778,76.65374,319.44,0.41,0.45,2026-09-08,2012,N20,nominal,2.0NRT,291.02,3.01,N
15.17729,76.65754,319.56,0.41,0.45,2026-09-08,2012,N20,nominal,2.0NRT,291.39,3.3,N
15.17472,76.67653,302.55,0.41,0.45,2026-09-08,2012,N20,nominal,2.0NRT,286.93,0.87,N
15.17266,76.69178,307.8,0.41,0.45,2026-09-08,2012,N20,nominal,2.0NRT,289.97,1.28,N
13.71046,79.61947,308.81,0.42,0.38,2026-09-08,2012,N20,nominal,2.0NRT,294.03,3.52,N
13.44663,80.09742,304.01,0.4,0.37,2026-09-08,2012,N20,nominal,2.0NRT,285.76,0.57,N
13.39299,80.10088,307.33,0.4,0.37,2026-09-08,2012,N20,nominal,2.0NRT,291.23,1.63,N
13.49294,78.53581,309.71,0.46,0.39,2026-09-08,2012,N20,nominal,2.0NRT,292.43,3.01,N
12.69391,76.40387,302.13,0.39,0.44,2026-09-08,2012,N20,nominal,2.0NRT,288.6,0.38,N
12.29816,79.09348,315.74,0.43,0.38,2026-09-08,2012,N20,nominal,2.0NRT,292.92,0.8,N
11.26849,80.0023,327.55,0.4,0.37,2026-09-08,2012,N20,nominal,2.0NRT,291.66,2.29,N
11.18397,79.10142,308.84,0.42,0.38,2026-09-08,2012,N20,nominal,2.0NRT,295.67,0.75,N
11.17587,79.0892,311.36,0.42,0.38,2026-09-08,2012,N20,nominal,2.0NRT,296.37,1.18,N
10.93019,77.06474,304.11,0.51,0.41,2026-09-08,2012,N20,nominal,2.0NRT,291.26,0.77,N
10.93062,77.0621,309.18,0.51,0.41,2026-09-08,2012,N20,nominal,2.0NRT,291.59,0.69,N
10.39337,79.30788,325.49,0.41,0.37,2026-09-08,2014,N20,nominal,2.0NRT,294.98,3.02,N
10.61581,77.41911,307.17,0.49,0.4,2026-09-08,2014,N20,nominal,2.0NRT,293.19,0.74,N
10.44144,77.51208,304.24,0.48,0.4,2026-09-08,2014,N20,nominal,2.0NRT,292.54,0.4,N
10.44217,77.50991,304.78,0.48,0.4,2026-09-08,2014,N20,nominal,2.0NRT,291.39,0.98,N
10.26525,77.25865,314.25,0.49,0.41,2026-09-08,2014,N20,nominal,2.0NRT,291.16,1.94,N
10.26284,77.26017,313.43,0.49,0.4,2026-09-08,2014,N20,nominal,2.0NRT,291.21,1.97,N
9.93341,78.31886,311.34,0.44,0.38,2026-09-08,2014,N20,nominal,2.0NRT,295.43,0.74,N
9.56958,80.35764,305.04,0.39,0.36,2026-09-08,2014,N20,nominal,2.0NRT,288.8,0.65,N
8.35772,80.993,306.59,0.39,0.36,2026-09-08,2014,N20,nominal,2.0NRT,294,0.62,N
8.30149,80.29867,308.97,0.38,0.36,2026-09-08,2014,N20,nominal,2.0NRT,293.65,0.67,N
8.17091,80.86354,316.91,0.39,0.36,2026-09-08,2014,N20,nominal,2.0NRT,294.74,1.08,N
8.10904,79.9649,321.1,0.39,0.36,2026-09-08,2014,N20,nominal,2.0NRT,294.74,2.92,N
8.1095,79.87567,330.72,0.39,0.36,2026-09-08,2014,N20,nominal,2.0NRT,295.58,4.11,N
7.87107,80.20533,306.32,0.38,0.36,2026-09-08,2014,N20,nominal,2.0NRT,293.31,0.3,N
7.05171,81.33614,297.71,0.39,0.36,2026-09-08,2014,N20,nominal,2.0NRT,279.51,0.11,N
6.99002,81.512,305.49,0.4,0.37,2026-09-08,2014,N20,nominal,2.0NRT,289.97,0.38,N
6.79994,81.54757,307.83,0.4,0.37,2026-09-08,2014,N20,nominal,2.0NRT,289.96,1.15,N
6.60147,81.19919,331.99,0.39,0.36,2026-09-08,2014,N20,nominal,2.0NRT,292.35,4.47,N
38.92319,88.3271,299.12,0.38,0.36,2026-09-08,2004,N20,nominal,2.0NRT,287.71,0.95,N
32.33398,54.08773,304.15,0.45,0.47,2026-09-08,2148,N20,nominal,2.0NRT,293.88,1.13,N
31.92897,54.05452,308.69,0.45,0.47,2026-09-08,2148,N20,nominal,2.0NRT,296.69,1.89,N
31.92709,54.05252,309.35,0.45,0.47,2026-09-08,2148,N20,nominal,2.0NRT,296.48,1.55,N
31.85065,54.28546,314.17,0.44,0.46,2026-09-08,2148,N20,nominal,2.0NRT,296.93,2.08,N
28.42371,69.70055,312.61,0.33,0.55,2026-09-08,2148,N20,nominal,2.0NRT,296.28,1.47,N
30.75459,56.6592,307.42,0.48,0.4,2026-09-08,2148,N20,nominal,2.0NRT,293.33,2.08,N
28.42466,69.70048,316.27,0.33,0.55,2026-09-08,2148,N20,nominal,2.0NRT,296.38,1.68,N
30.15528,60.73337,308.6,0.38,0.36,2026-09-08,2148,N20,nominal,2.0NRT,297.86,1.4,N
30.66602,56.61842,310.79,0.48,0.4,2026-09-08,2148,N20,nominal,2.0NRT,290.51,1.46,N
30.6664,56.62137,308.24,0.48,0.4,2026-09-08,2148,N20,nominal,2.0NRT,291.5,1.42,N
30.37129,56.12677,302.71,0.51,0.41,2026-09-08,2148,N20,nominal,2.0NRT,290.19,0.64,N
30.38064,55.86172,304.22,0.52,0.42,2026-09-08,2148,N20,nominal,2.0NRT,293.39,0.83,N
30.32469,56.22579,302.3,0.5,0.41,2026-09-08,2148,N20,nominal,2.0NRT,290.98,0.75,N
30.23496,56.90862,322.84,0.46,0.39,2026-09-08,2148,N20,nominal,2.0NRT,296.22,2.75,N
30.32467,55.97361,309.7,0.51,0.41,2026-09-08,2148,N20,nominal,2.0NRT,293,1.29,N
29.47578,60.80714,312.01,0.39,0.36,2026-09-08,2150,N20,nominal,2.0NRT,292.17,1.01,N
29.92621,56.73209,309.3,0.47,0.4,2026-09-08,2150,N20,nominal,2.0NRT,290.14,2.47,N
30.08105,55.40065,305.2,0.55,0.42,2026-09-08,2150,N20,nominal,2.0NRT,289.59,1.56,N
30.07848,55.3887,299.62,0.55,0.42,2026-09-08,2150,N20,nominal,2.0NRT,288.39,2.34,N
29.98931,55.85432,331.64,0.52,0.41,2026-09-08,2150,N20,nominal,2.0NRT,292.8,13.29,N
29.98994,55.84921,298.67,0.52,0.41,2026-09-08,2150,N20,nominal,2.0NRT,287.77,0.45,N
29.99736,55.19539,300.46,0.56,0.43,2026-09-08,2150,N20,nominal,2.0NRT,289.03,1.42,N
29.9895,55.19419,298.79,0.56,0.43,2026-09-08,2150,N20,nominal,2.0NRT,288.75,1.09,N
26.25705,74.09361,302.25,0.68,0.74,2026-09-08,2150,N20,nominal,2.0NRT,291.98,1.01,N
39.85405,66.19848,307.51,0.42,0.38,2026-09-08,2146,N20,nominal,2.0NRT,290.99,1.4,N
39.55107,66.82962,300.16,0.44,0.38,2026-09-08,2146,N20,nominal,2.0NRT,289.68,0.65,N
39.20317,66.84045,301.34,0.44,0.39,2026-09-08,2146,N20,nominal,2.0NRT,290.6,0.93,N
39.18709,65.28946,305.38,0.4,0.37,2026-09-08,2146,N20,nominal,2.0NRT,293.17,1.26,N
39.18303,65.3124,309.72,0.4,0.37,2026-09-08,2146,N20,nominal,2.0NRT,288.87,0.82,N
38.39655,69.1114,304.76,0.57,0.43,2026-09-08,2146,N20,nominal,2.0NRT,291.87,0.7,N
39.30385,62.97371,302.85,0.38,0.36,2026-09-08,2146,N20,nominal,2.0NRT,280.84,0.96,N
39.27324,63.12627,302.12,0.38,0.36,2026-09-08,2146,N20,nominal,2.0NRT,288.23,0.58,N
39.2496,63.21176,299.22,0.38,0.36,2026-09-08,2146,N20,nominal,2.0NRT,281.06,0.39,N
39.24928,63.17046,315.6,0.38,0.36,2026-09-08,2146,N20,nominal,2.0NRT,289.1,1.27,N
39.17776,63.57764,302.7,0.38,0.36,2026-09-08,2146,N20,nominal,2.0NRT,288.48,0.57,N
39.20507,63.27799,310.74,0.38,0.36,2026-09-08,2146,N20,nominal,2.0NRT,289.21,0.88,N
39.20528,63.25515,301.52,0.38,0.36,2026-09-08,2146,N20,nominal,2.0NRT,288.18,0.57,N
39.13654,63.62172,304.58,0.38,0.36,2026-09-08,2146,N20,nominal,2.0NRT,289.08,0.56,N
39.15797,63.46705,302.64,0.38,0.36,2026-09-08,2146,N20,nominal,2.0NRT,289.09,0.73,N
39.17353,63.28349,302.35,0.38,0.36,2026-09-08,2146,N20,nominal,2.0NRT,285.34,0.37,N
39.17284,63.28788,302.24,0.38,0.36,2026-09-08,2146,N20,nominal,2.0NRT,287.27,0.69,N
39.17165,63.27384,310.8,0.38,0.36,2026-09-08,2146,N20,nominal,2.0NRT,282.03,0.8,N
39.16788,63.25456,328.26,0.38,0.36,2026-09-08,2146,N20,nominal,2.0NRT,290.71,3.09,N
39.16719,63.25895,309.61,0.38,0.36,2026-09-08,2146,N20,nominal,2.0NRT,289.23,1.28,N
39.13296,63.47419,303.86,0.38,0.36,2026-09-08,2146,N20,nominal,2.0NRT,289.63,0.68,N
39.1634,63.26084,305.91,0.38,0.36,2026-09-08,2146,N20,nominal,2.0NRT,288.8,0.98,N
38.70967,65.89578,339.6,0.42,0.38,2026-09-08,2146,N20,nominal,2.0NRT,290.13,6.51,N
38.68557,65.98897,300.95,0.42,0.38,2026-09-08,2146,N20,nominal,2.0NRT,289.85,0.85,N
39.12888,63.30671,310.89,0.38,0.36,2026-09-08,2146,N20,nominal,2.0NRT,287.34,1.61,N
39.11745,63.33574,318.46,0.38,0.36,2026-09-08,2146,N20,nominal,2.0NRT,279.22,1.66,N
39.10698,63.40158,309.55,0.38,0.36,2026-09-08,2146,N20,nominal,2.0NRT,287.89,1.01,N
38.94329,64.13335,300.51,0.39,0.36,2026-09-08,2146,N20,nominal,2.0NRT,289.12,0.53,N
38.98834,63.58694,306.75,0.38,0.36,2026-09-08,2146,N20,nominal,2.0NRT,288.99,0.85,N
38.96405,63.69482,308.44,0.39,0.36,2026-09-08,2146,N20,nominal,2.0NRT,285.05,0.62,N
38.95406,63.75627,304.54,0.39,0.36,2026-09-08,2146,N20,nominal,2.0NRT,289.46,0.6,N
38.97383,63.59224,305.87,0.38,0.36,2026-09-08,2146,N20,nominal,2.0NRT,289.93,0.88,N
38.55102,65.94613,304.66,0.42,0.38,2026-09-08,2146,N20,nominal,2.0NRT,291.28,0.9,N
38.97324,63.46867,311.3,0.38,0.36,2026-09-08,2146,N20,nominal,2.0NRT,290.07,0.94,N
38.91855,63.80636,303.98,0.39,0.36,2026-09-08,2146,N20,nominal,2.0NRT,288.38,0.62,N
38.91088,63.79055,304.16,0.39,0.36,2026-09-08,2146,N20,nominal,2.0NRT,287.9,0.78,N
38.83797,63.81893,311.43,0.39,0.36,2026-09-08,2146,N20,nominal,2.0NRT,289.52,1.22,N
38.83541,63.81366,304.17,0.39,0.36,2026-09-08,2146,N20,nominal,2.0NRT,290.02,0.65,N
38.7846,63.91467,306.35,0.39,0.36,2026-09-08,2146,N20,nominal,2.0NRT,288.42,0.63,N
38.65362,63.98208,299.3,0.39,0.36,2026-09-08,2146,N20,nominal,2.0NRT,288.63,0.35,N
38.04971,67.26671,325.28,0.48,0.4,2026-09-08,2146,N20,nominal,2.0NRT,289.86,4.33,N
38.05077,67.26133,316.08,0.48,0.4,2026-09-08,2146,N20,nominal,2.0NRT,287.01,3.4,N
38.3156,65.38612,334.66,0.41,0.37,2026-09-08,2146,N20,nominal,2.0NRT,291.9,2.5,N
38.40353,64.4126,304.43,0.39,0.36,2026-09-08,2146,N20,nominal,2.0NRT,288.03,0.68,N
38.28536,64.38235,305.06,0.39,0.36,2026-09-08,2146,N20,nominal,2.0NRT,289.34,0.66,N
38.2067,64.73901,305.4,0.4,0.37,2026-09-08,2146,N20,nominal,2.0NRT,288.2,0.88,N
38.24835,64.43721,303.54,0.39,0.37,2026-09-08,2146,N20,nominal,2.0NRT,289.37,0.51,N
29.51507,55.79825,304.93,0.51,0.41,2026-09-08,2150,N20,nominal,2.0NRT,289.96,0.9,N
38.16389,64.59289,307.81,0.4,0.37,2026-09-08,2146,N20,nominal,2.0NRT,289.89,0.7,N
38.12101,64.74053,301.75,0.4,0.37,2026-09-08,2146,N20,nominal,2.0NRT,288.8,0.62,N
38.12857,64.67682,303.24,0.4,0.37,2026-09-08,2146,N20,nominal,2.0NRT,290.72,0.83,N
38.11904,64.71175,309.26,0.4,0.37,2026-09-08,2146,N20,nominal,2.0NRT,289.96,0.94,N
38.05687,64.88796,304.43,0.4,0.37,2026-09-08,2146,N20,nominal,2.0NRT,289.9,0.52,N
38.05115,64.90059,305.09,0.4,0.37,2026-09-08,2146,N20,nominal,2.0NRT,289.5,1.26,N
37.96836,65.04646,301.6,0.41,0.37,2026-09-08,2146,N20,nominal,2.0NRT,288.44,0.49,N
37.96474,65.00721,304.95,0.41,0.37,2026-09-08,2146,N20,nominal,2.0NRT,288.92,0.84,N
37.83169,65.17788,301.71,0.41,0.37,2026-09-08,2146,N20,nominal,2.0NRT,289.31,0.45,N
37.76505,65.43095,300.41,0.42,0.37,2026-09-08,2146,N20,nominal,2.0NRT,289.74,0.5,N
37.80488,65.18958,303.29,0.41,0.37,2026-09-08,2146,N20,nominal,2.0NRT,289.3,0.56,N
37.72947,65.50915,301.34,0.42,0.38,2026-09-08,2146,N20,nominal,2.0NRT,289.23,0.67,N
37.51752,66.41244,303.74,0.45,0.39,2026-09-08,2146,N20,nominal,2.0NRT,293.64,0.95,N
38.3188,61.51107,314.22,0.39,0.37,2026-09-08,2146,N20,nominal,2.0NRT,292.18,1.51,N
37.66408,65.28364,299.59,0.41,0.37,2026-09-08,2146,N20,nominal,2.0NRT,288.88,0.63,N
37.96107,62.66288,300.7,0.38,0.36,2026-09-08,2146,N20,nominal,2.0NRT,289.52,0.7,N
37.9604,62.66721,309.33,0.38,0.36,2026-09-08,2146,N20,nominal,2.0NRT,291.08,1,N
37.99162,61.88248,317.61,0.39,0.36,2026-09-08,2146,N20,nominal,2.0NRT,291.79,1.31,N
37.98436,61.88528,328.81,0.39,0.36,2026-09-08,2146,N20,nominal,2.0NRT,292.72,2.46,N
37.90472,61.98588,302.39,0.39,0.36,2026-09-08,2146,N20,nominal,2.0NRT,289.81,0.49,N
37.88563,62.02201,301.9,0.39,0.36,2026-09-08,2146,N20,nominal,2.0NRT,289.94,0.7,N
37.79798,62.54957,334.88,0.38,0.36,2026-09-08,2146,N20,nominal,2.0NRT,292.45,4.08,N
37.78949,62.5385,328.18,0.38,0.36,2026-09-08,2146,N20,nominal,2.0NRT,290.99,1.61,N
29.37333,55.57607,297.58,0.52,0.42,2026-09-08,2150,N20,nominal,2.0NRT,285.22,0.54,N
37.78621,62.5377,314.87,0.38,0.36,2026-09-08,2146,N20,nominal,2.0NRT,287.99,1.61,N
37.78427,62.52825,306.7,0.38,0.36,2026-09-08,2146,N20,nominal,2.0NRT,288.69,0.55,N
37.82904,61.99235,299.61,0.39,0.36,2026-09-08,2146,N20,nominal,2.0NRT,289.48,0.33,N
37.77831,62.10197,308.55,0.39,0.36,2026-09-08,2146,N20,nominal,2.0NRT,290.87,0.87,N
37.84573,61.60587,304.2,0.39,0.36,2026-09-08,2146,N20,nominal,2.0NRT,292.35,0.56,N
37.77569,62.02922,302.92,0.39,0.36,2026-09-08,2146,N20,nominal,2.0NRT,289.39,1.13,N
38.25784,58.39071,303.06,0.49,0.4,2026-09-08,2146,N20,nominal,2.0NRT,288.51,1.17,N
37.74672,62.13036,315.76,0.39,0.36,2026-09-08,2146,N20,nominal,2.0NRT,289,0.87,N
37.74147,62.07507,312.69,0.39,0.36,2026-09-08,2146,N20,nominal,2.0NRT,289.16,0.81,N
37.72832,62.09443,321.32,0.39,0.36,2026-09-08,2146,N20,nominal,2.0NRT,291.64,1.93,N
37.75049,61.85604,308.87,0.39,0.36,2026-09-08,2146,N20,nominal,2.0NRT,292.49,0.71,N
37.74585,61.84375,307.93,0.39,0.36,2026-09-08,2146,N20,nominal,2.0NRT,291.92,0.94,N
29.15231,55.36616,305.62,0.53,0.42,2026-09-08,2150,N20,nominal,2.0NRT,292.08,1.15,N
37.79421,61.49579,312.47,0.39,0.36,2026-09-08,2146,N20,nominal,2.0NRT,292.28,1.12,N
28.63633,59.09786,308.88,0.39,0.36,2026-09-08,2150,N20,nominal,2.0NRT,294.73,0.77,N
37.6726,62.23607,301.66,0.39,0.36,2026-09-08,2146,N20,nominal,2.0NRT,289.48,1.17,N
37.66932,62.23527,314.72,0.39,0.36,2026-09-08,2146,N20,nominal,2.0NRT,290.01,1.17,N
37.66208,62.23801,312.32,0.39,0.36,2026-09-08,2146,N20,nominal,2.0NRT,290.07,1.06,N
28.20781,61.30259,305.36,0.39,0.36,2026-09-08,2150,N20,nominal,2.0NRT,292.7,0.6,N
37.66142,62.24232,309.36,0.39,0.36,2026-09-08,2146,N20,nominal,2.0NRT,290.92,0.98,N
37.65814,62.24153,308.62,0.39,0.36,2026-09-08,2146,N20,nominal,2.0NRT,290.16,0.94,N
37.63979,62.20568,322.65,0.39,0.36,2026-09-08,2146,N20,nominal,2.0NRT,291.9,1.62,N
37.62861,62.21194,308.8,0.39,0.36,2026-09-08,2146,N20,nominal,2.0NRT,291.27,1.06,N
37.62795,62.21627,303.11,0.39,0.36,2026-09-08,2146,N20,nominal,2.0NRT,290.74,0.62,N
37.62799,62.17142,310.51,0.39,0.36,2026-09-08,2146,N20,nominal,2.0NRT,290.98,0.85,N
37.62471,62.17062,315.29,0.39,0.36,2026-09-08,2146,N20,nominal,2.0NRT,292.21,0.85,N
37.65757,61.90858,304.2,0.39,0.36,2026-09-08,2146,N20,nominal,2.0NRT,290.89,0.32,N
37.62474,62.12574,311.28,0.39,0.36,2026-09-08,2146,N20,nominal,2.0NRT,290.97,1.01,N
37.61947,62.13794,339.98,0.39,0.36,2026-09-08,2146,N20,nominal,2.0NRT,295,3.87,N
28.69533,54.40076,302.75,0.4,0.44,2026-09-08,2150,N20,nominal,2.0NRT,292.63,0.88,N
37.65427,61.90779,318.69,0.39,0.36,2026-09-08,2146,N20,nominal,2.0NRT,293.25,1.25,N
37.62995,61.95611,304.31,0.39,0.36,2026-09-08,2146,N20,nominal,2.0NRT,291.26,0.75,N
37.63113,61.72363,309.22,0.39,0.36,2026-09-08,2146,N20,nominal,2.0NRT,292.07,0.84,N
37.61765,61.60712,312.92,0.39,0.36,2026-09-08,2146,N20,nominal,2.0NRT,292.6,1.01,N
37.61103,61.60557,337.7,0.39,0.36,2026-09-08,2146,N20,nominal,2.0NRT,296.55,3.37,N
37.61557,61.57483,310.78,0.39,0.36,2026-09-08,2146,N20,nominal,2.0NRT,293.15,1.09,N
37.61226,61.57405,304.14,0.39,0.36,2026-09-08,2146,N20,nominal,2.0NRT,292.02,1.09,N
27.22727,60.48892,317.14,0.39,0.36,2026-09-08,2150,N20,nominal,2.0NRT,299.63,1.73,N
37.55886,61.93215,303.55,0.39,0.36,2026-09-08,2146,N20,nominal,2.0NRT,291.96,0.58,N
37.59765,61.557,313.4,0.39,0.36,2026-09-08,2146,N20,nominal,2.0NRT,292.69,1.27,N
37.597,61.5614,307.1,0.39,0.36,2026-09-08,2146,N20,nominal,2.0NRT,292.71,0.59,N
37.5949,61.52908,318.15,0.39,0.36,2026-09-08,2146,N20,nominal,2.0NRT,293.08,1.96,N
37.59038,61.55984,310.31,0.39,0.36,2026-09-08,2146,N20,nominal,2.0NRT,292.37,1,N
37.59159,61.52831,320.3,0.39,0.36,2026-09-08,2146,N20,nominal,2.0NRT,293.59,1.96,N
37.58707,61.55907,305.7,0.39,0.36,2026-09-08,2146,N20,nominal,2.0NRT,291.98,1,N
37.50281,61.98779,302.29,0.39,0.36,2026-09-08,2146,N20,nominal,2.0NRT,291.64,0.33,N
37.4824,62.00983,307.99,0.39,0.36,2026-09-08,2146,N20,nominal,2.0NRT,292.17,0.56,N
37.48372,61.97873,306.72,0.39,0.36,2026-09-08,2146,N20,nominal,2.0NRT,292.77,0.63,N
37.47911,62.00904,301.94,0.39,0.36,2026-09-08,2146,N20,nominal,2.0NRT,291.72,0.56,N
37.49682,61.84699,339.97,0.39,0.36,2026-09-08,2146,N20,nominal,2.0NRT,293.72,3.76,N
37.94379,58.56281,303.11,0.48,0.4,2026-09-08,2146,N20,nominal,2.0NRT,287.14,0.9,N
37.4262,62.30951,311.67,0.38,0.36,2026-09-08,2146,N20,nominal,2.0NRT,287.7,0.57,N
27.42225,56.49848,310.81,0.45,0.39,2026-09-08,2150,N20,nominal,2.0NRT,299.75,1.04,N
37.42292,62.30872,325.9,0.38,0.36,2026-09-08,2146,N20,nominal,2.0NRT,288.15,1.5,N
27.42164,56.50304,315.71,0.45,0.39,2026-09-08,2150,N20,nominal,2.0NRT,299.91,1.04,N
37.40586,62.30903,304.92,0.38,0.36,2026-09-08,2146,N20,nominal,2.0NRT,288.55,0.61,N
37.39469,62.31523,303.66,0.38,0.36,2026-09-08,2146,N20,nominal,2.0NRT,290.46,0.69,N
37.62292,60.44076,302.79,0.41,0.37,2026-09-08,2146,N20,nominal,2.0NRT,290.83,0.67,N
37.62328,60.43872,305.83,0.41,0.37,2026-09-08,2146,N20,nominal,2.0NRT,290.78,0.67,N
37.6334,60.34052,306.75,0.41,0.37,2026-09-08,2146,N20,nominal,2.0NRT,290.66,1.01,N
37.43073,61.6305,303.31,0.39,0.36,2026-09-08,2146,N20,nominal,2.0NRT,292.02,0.37,N
27.30391,56.30211,319.22,0.46,0.39,2026-09-08,2150,N20,nominal,2.0NRT,299.9,2.29,N
37.51064,61.0141,313.11,0.4,0.37,2026-09-08,2146,N20,nominal,2.0NRT,292.37,1.64,N
37.50537,61.02678,311.18,0.4,0.37,2026-09-08,2146,N20,nominal,2.0NRT,292.75,0.72,N
37.50203,61.02602,304.05,0.4,0.37,2026-09-08,2146,N20,nominal,2.0NRT,291.52,0.72,N
37.82747,58.38501,305.15,0.48,0.4,2026-09-08,2146,N20,nominal,2.0NRT,286.31,1.16,N
37.48743,60.4587,303.85,0.41,0.37,2026-09-08,2146,N20,nominal,2.0NRT,290.86,0.56,N
37.34764,61.36359,314.48,0.39,0.36,2026-09-08,2146,N20,nominal,2.0NRT,292.99,1.02,N
37.32832,61.09438,317.36,0.4,0.37,2026-09-08,2146,N20,nominal,2.0NRT,291.78,1.8,N
37.11837,62.36084,328.75,0.38,0.36,2026-09-08,2146,N20,nominal,2.0NRT,291.87,4.37,N
37.1177,62.36512,310.46,0.38,0.36,2026-09-08,2146,N20,nominal,2.0NRT,292.78,4.37,N
37.11442,62.36432,310.21,0.38,0.36,2026-09-08,2146,N20,nominal,2.0NRT,292.35,1.42,N
37.0349,62.41592,346.5,0.38,0.36,2026-09-08,2146,N20,nominal,2.0NRT,295.97,7.52,N
37.03423,62.42019,304.45,0.38,0.36,2026-09-08,2146,N20,nominal,2.0NRT,292.56,2.17,N
37.03095,62.41939,322.75,0.38,0.36,2026-09-08,2146,N20,nominal,2.0NRT,292.93,2.03,N
37.03162,62.41512,304.62,0.38,0.36,2026-09-08,2146,N20,nominal,2.0NRT,291.67,1.08,N
37.27419,60.63638,329.24,0.4,0.37,2026-09-08,2146,N20,nominal,2.0NRT,291.34,2.41,N
37.22692,60.88774,301.45,0.4,0.37,2026-09-08,2146,N20,nominal,2.0NRT,290.8,0.27,N
36.52747,61.66339,312.29,0.39,0.36,2026-09-08,2146,N20,nominal,2.0NRT,291.92,0.55,N
36.47175,61.76109,303.01,0.39,0.36,2026-09-08,2146,N20,nominal,2.0NRT,291.51,0.43,N
36.46785,61.7867,306.35,0.39,0.36,2026-09-08,2146,N20,nominal,2.0NRT,291.69,0.59,N
36.46907,61.73393,302.93,0.39,0.36,2026-09-08,2146,N20,nominal,2.0NRT,291.26,0.41,N
27.17288,56.05308,311.98,0.47,0.4,2026-09-08,2150,N20,nominal,2.0NRT,300.99,3.29,N
36.3933,61.78387,305.05,0.39,0.36,2026-09-08,2146,N20,nominal,2.0NRT,291.92,0.34,N
27.16742,56.09561,312.58,0.47,0.4,2026-09-08,2150,N20,nominal,2.0NRT,301.53,1.64,N
36.36964,61.78275,301.37,0.39,0.36,2026-09-08,2146,N20,nominal,2.0NRT,291.34,0.31,N
27.16925,56.05248,346.71,0.47,0.4,2026-09-08,2150,N20,nominal,2.0NRT,301.79,3.29,N
36.44076,61.21762,305.67,0.39,0.36,2026-09-08,2146,N20,nominal,2.0NRT,292.59,0.66,N
27.16319,56.09972,327.12,0.47,0.4,2026-09-08,2150,N20,nominal,2.0NRT,301.5,3.54,N
36.47691,59.74268,299.64,0.42,0.38,2026-09-08,2146,N20,nominal,2.0NRT,288.99,0.48,N
27.17225,56.05576,328.88,0.47,0.4,2026-09-08,2150,N20,nominal,2.0NRT,301.16,3.07,N
35.9096,62.96371,308.89,0.39,0.36,2026-09-08,2146,N20,nominal,2.0NRT,291.88,1.02,N
27.16925,56.05043,329.07,0.47,0.4,2026-09-08,2150,N20,nominal,2.0NRT,301.18,2.34,N
35.88783,62.97152,301.97,0.39,0.36,2026-09-08,2146,N20,nominal,2.0NRT,290.33,0.53,N
27.16231,56.10231,334.23,0.47,0.4,2026-09-08,2150,N20,nominal,2.0NRT,302.13,3.13,N
36.27303,59.64808,303.72,0.42,0.38,2026-09-08,2146,N20,nominal,2.0NRT,290.48,0.38,N
27.16294,56.0976,319.88,0.47,0.4,2026-09-08,2150,N20,nominal,2.0NRT,301.56,2.79,N
36.34542,58.67503,323.24,0.45,0.39,2026-09-08,2146,N20,nominal,2.0NRT,292.51,3.05,N
36.34302,58.67806,322.41,0.45,0.39,2026-09-08,2146,N20,nominal,2.0NRT,291.24,2.83,N
27.15869,56.10171,330.98,0.47,0.4,2026-09-08,2150,N20,nominal,2.0NRT,300.7,3.13,N
33.80192,72.09927,305.29,0.34,0.56,2026-09-08,2146,N20,nominal,2.0NRT,292.8,0.84,N
27.16184,56.07812,314.66,0.47,0.4,2026-09-08,2150,N20,nominal,2.0NRT,300.83,1.46,N
33.40773,71.93846,305.69,0.34,0.56,2026-09-08,2148,N20,nominal,2.0NRT,293.55,0.71,N
27.14657,56.10928,313.5,0.47,0.4,2026-09-08,2150,N20,nominal,2.0NRT,299.95,1.65,N
33.2957,71.18346,304.11,0.62,0.54,2026-09-08,2148,N20,nominal,2.0NRT,292.98,1.07,N
35.36902,59.30737,304.27,0.42,0.38,2026-09-08,2148,N20,nominal,2.0NRT,290.34,0.9,N
32.88803,71.61674,311.05,0.34,0.56,2026-09-08,2148,N20,nominal,2.0NRT,294.72,1.72,N
32.38068,72.13797,308.67,0.37,0.58,2026-09-08,2148,N20,nominal,2.0NRT,295.53,2.19,N
32.65426,70.47233,311.32,0.59,0.53,2026-09-08,2148,N20,nominal,2.0NRT,295.49,2.8,N
33.75509,59.14609,298,0.42,0.37,2026-09-08,2148,N20,nominal,2.0NRT,278.88,1.06,N
25.05065,67.49188,309.68,0.57,0.52,2026-09-08,2150,N20,nominal,2.0NRT,294.27,2.79,N
26.95962,55.54147,315.38,0.49,0.41,2026-09-08,2150,N20,nominal,2.0NRT,302.05,1.8,N
25.9103,57.07056,331.34,0.42,0.38,2026-09-08,2150,N20,nominal,2.0NRT,301.15,5.14,N
25.90971,57.07472,326.17,0.42,0.38,2026-09-08,2150,N20,nominal,2.0NRT,303.58,6.22,N
25.37083,60.39933,308.27,0.39,0.36,2026-09-08,2150,N20,nominal,2.0NRT,296.48,1.52,N
25.97352,56.0692,320.86,0.46,0.39,2026-09-08,2150,N20,nominal,2.0NRT,303.88,2.79,N
25.96635,56.068,318.84,0.46,0.39,2026-09-08,2150,N20,nominal,2.0NRT,303.51,2.16,N
25.55478,56.22711,314.19,0.45,0.39,2026-09-08,2150,N20,nominal,2.0NRT,301.06,0.67,N
25.57234,55.98716,316.03,0.46,0.39,2026-09-08,2150,N20,nominal,2.0NRT,302.15,1.39,N
25.30782,56.37281,326.38,0.44,0.38,2026-09-08,2150,N20,nominal,2.0NRT,301.72,2.15,N
25.06404,55.11839,316.1,0.49,0.41,2026-09-08,2150,N20,nominal,2.0NRT,302.38,1.87,N
24.50708,56.60577,333.44,0.42,0.38,2026-09-08,2150,N20,nominal,2.0NRT,304.08,6.88,N
24.50363,56.60518,317.31,0.42,0.38,2026-09-08,2150,N20,nominal,2.0NRT,304.33,2.29,N
24.473,56.63125,316.66,0.42,0.38,2026-09-08,2150,N20,nominal,2.0NRT,301.47,1.04,N
24.45598,56.55184,321.48,0.42,0.38,2026-09-08,2150,N20,nominal,2.0NRT,302.79,1.88,N
24.51188,54.01681,339.07,0.56,0.43,2026-09-08,2150,N20,nominal,2.0NRT,303.93,13.03,N
24.51236,54.01507,332,0.56,0.43,2026-09-08,2150,N20,nominal,2.0NRT,303.4,8.92,N
24.51167,54.02054,324.81,0.55,0.43,2026-09-08,2150,N20,nominal,2.0NRT,303.31,6.6,N
24.32328,54.46688,315.54,0.52,0.42,2026-09-08,2150,N20,nominal,2.0NRT,303.32,1.69,N
23.55408,58.20183,319.01,0.39,0.36,2026-09-08,2150,N20,nominal,2.0NRT,303.6,1.22,N
23.48375,58.28194,321.56,0.39,0.36,2026-09-08,2150,N20,nominal,2.0NRT,305.06,1.79,N
23.36817,56.28191,319.4,0.43,0.38,2026-09-08,2150,N20,nominal,2.0NRT,301.13,1.02,N
22.65682,59.417,332.6,0.39,0.36,2026-09-08,2150,N20,nominal,2.0NRT,302.72,2.54,N
23.19006,55.45499,323.06,0.46,0.39,2026-09-08,2150,N20,nominal,2.0NRT,300.4,2.76,N
23.31576,54.17635,310.93,0.53,0.42,2026-09-08,2150,N20,nominal,2.0NRT,300.83,2.29,N
23.31193,54.17578,342.16,0.53,0.42,2026-09-08,2150,N20,nominal,2.0NRT,302.7,15.29,N
23.31128,54.18093,309.94,0.53,0.42,2026-09-08,2150,N20,nominal,2.0NRT,299.57,3.08,N
23.31366,54.17528,334.97,0.53,0.42,2026-09-08,2150,N20,nominal,2.0NRT,302.85,9.86,N
23.31298,54.18043,328.59,0.53,0.42,2026-09-08,2150,N20,nominal,2.0NRT,300.77,9.86,N
22.87993,55.92557,332.81,0.43,0.38,2026-09-08,2150,N20,nominal,2.0NRT,300.32,3.92,N
22.87597,55.61655,323.83,0.45,0.39,2026-09-08,2150,N20,nominal,2.0NRT,298.78,1.06,N
22.87303,55.61165,311.73,0.45,0.39,2026-09-08,2150,N20,nominal,2.0NRT,298.33,1.05,N
22.87242,55.61598,313.21,0.45,0.39,2026-09-08,2150,N20,nominal,2.0NRT,298.34,0.86,N
22.78334,55.81616,318.83,0.44,0.38,2026-09-08,2150,N20,nominal,2.0NRT,299.41,1.35,N
22.67415,56.25018,317.48,0.42,0.38,2026-09-08,2150,N20,nominal,2.0NRT,300.16,1.31,N
22.40591,56.9892,333.06,0.4,0.37,2026-09-08,2150,N20,nominal,2.0NRT,299.49,2.76,N
22.3283,56.48859,331.54,0.41,0.37,2026-09-08,2153,N20,nominal,2.0NRT,299.63,3.6,N
22.52369,54.05233,309.73,0.52,0.42,2026-09-08,2153,N20,nominal,2.0NRT,299.49,1.15,N
21.93865,57.07298,332.45,0.4,0.37,2026-09-08,2153,N20,nominal,2.0NRT,296.88,5.88,N
21.93631,57.07293,330.6,0.4,0.37,2026-09-08,2153,N20,nominal,2.0NRT,296.46,5.82,N
21.89126,56.84518,329.32,0.4,0.37,2026-09-08,2153,N20,nominal,2.0NRT,299.3,9.02,N
21.83448,56.68239,326.8,0.4,0.37,2026-09-08,2153,N20,nominal,2.0NRT,297.39,4.05,N
21.83506,56.6785,309,0.4,0.37,2026-09-08,2153,N20,nominal,2.0NRT,296.4,3.33,N
21.70452,56.47295,324.03,0.41,0.37,2026-09-08,2153,N20,nominal,2.0NRT,297.76,3.08,N
21.66434,56.41088,322.25,0.41,0.37,2026-09-08,2153,N20,nominal,2.0NRT,298.82,1.53,N
21.33405,57.72327,320.27,0.39,0.36,2026-09-08,2153,N20,nominal,2.0NRT,296.76,1.79,N
21.32084,57.72094,328.73,0.39,0.36,2026-09-08,2153,N20,nominal,2.0NRT,297.37,1.84,N
21.31411,57.7425,330.19,0.39,0.36,2026-09-08,2153,N20,nominal,2.0NRT,296.74,2.63,N
21.31354,57.7462,330.31,0.39,0.36,2026-09-08,2153,N20,nominal,2.0NRT,297.25,3.11,N
21.30554,57.79783,316.66,0.39,0.36,2026-09-08,2153,N20,nominal,2.0NRT,296.63,1.17,N
21.30604,57.707,323.08,0.39,0.36,2026-09-08,2153,N20,nominal,2.0NRT,296.65,1.73,N
21.29666,57.67928,317.54,0.39,0.36,2026-09-08,2153,N20,nominal,2.0NRT,296.07,0.79,N
21.29702,57.09814,313.42,0.39,0.36,2026-09-08,2153,N20,nominal,2.0NRT,298.33,1.18,N
21.41076,55.74282,326.81,0.43,0.38,2026-09-08,2153,N20,nominal,2.0NRT,299.86,3.02,N
20.98697,56.77235,310.87,0.4,0.37,2026-09-08,2153,N20,nominal,2.0NRT,296.72,0.82,N
20.66405,56.40642,311.41,0.4,0.37,2026-09-08,2153,N20,nominal,2.0NRT,296.87,0.89,N
20.66348,56.41027,311.05,0.4,0.37,2026-09-08,2153,N20,nominal,2.0NRT,297.09,0.89,N
20.56031,56.42139,314.39,0.4,0.37,2026-09-08,2153,N20,nominal,2.0NRT,297.14,0.79,N
20.38792,55.66351,329.12,0.42,0.38,2026-09-08,2153,N20,nominal,2.0NRT,298.74,2.42,N
20.38682,55.64679,326.24,0.42,0.38,2026-09-08,2153,N20,nominal,2.0NRT,297.73,2.79,N
20.21287,55.71004,329.3,0.42,0.38,2026-09-08,2153,N20,nominal,2.0NRT,297.81,2.4,N
18.55873,55.87194,307.86,0.4,0.37,2026-09-08,2153,N20,nominal,2.0NRT,296.06,0.87,N
18.32402,55.10574,341.43,0.43,0.38,2026-09-08,2153,N20,nominal,2.0NRT,298.08,5.46,N
18.32181,55.10613,332.5,0.43,0.38,2026-09-08,2153,N20,nominal,2.0NRT,297.41,4.51,N
18.01335,54.57223,339.84,0.44,0.39,2026-09-08,2153,N20,nominal,2.0NRT,301.98,19.84,N
38.68361,54.3165,307.14,0.64,0.72,2026-09-08,2326,N20,nominal,2.0NRT,279.28,1.77,N
6.25766,80.82039,348.04,0.54,0.68,2026-09-09,0718,N20,nominal,2.0NRT,292.2,8.1,D
6.40731,80.88206,367,0.53,0.67,2026-09-09,0718,N20,high,2.0NRT,295.49,10.82,D
6.40646,80.87724,341.58,0.53,0.67,2026-09-09,0718,N20,nominal,2.0NRT,294.51,10.82,D
6.40311,80.85821,350.24,0.54,0.68,2026-09-09,0718,N20,nominal,2.0NRT,293.84,7.01,D
6.40925,80.85707,347.01,0.54,0.68,2026-09-09,0718,N20,nominal,2.0NRT,294.94,8.65,D
6.40698,80.88037,367,0.53,0.67,2026-09-09,0718,N20,high,2.0NRT,296.38,22.97,D
6.40876,80.85545,353.73,0.54,0.68,2026-09-09,0718,N20,nominal,2.0NRT,294.65,16.17,D
6.54533,81.09163,352.6,0.51,0.66,2026-09-09,0718,N20,nominal,2.0NRT,294.73,7.85,D
6.54689,81.09278,343.12,0.51,0.66,2026-09-09,0718,N20,nominal,2.0NRT,293.94,9.24,D
6.78637,81.54925,333.56,0.47,0.64,2026-09-09,0718,N20,nominal,2.0NRT,296.74,1.98,D
7.26683,81.59518,340.79,0.46,0.64,2026-09-09,0718,N20,nominal,2.0NRT,296.76,7.16,D
7.26709,81.59582,332.43,0.46,0.64,2026-09-09,0718,N20,nominal,2.0NRT,296.56,6.55,D
7.50876,81.67915,335.73,0.45,0.63,2026-09-09,0718,N20,nominal,2.0NRT,297.3,2.24,D
7.50964,81.67747,336.58,0.45,0.63,2026-09-09,0718,N20,nominal,2.0NRT,297.91,2.79,D
7.56203,81.01264,332.52,0.5,0.66,2026-09-09,0718,N20,nominal,2.0NRT,296.57,7.54,D
7.62148,80.81846,338.75,0.51,0.66,2026-09-09,0718,N20,nominal,2.0NRT,296.17,6.56,D
7.8766,80.66164,340.54,0.52,0.67,2026-09-09,0718,N20,nominal,2.0NRT,296.65,6.24,D
7.8778,80.66205,332.7,0.52,0.67,2026-09-09,0718,N20,nominal,2.0NRT,296.2,5.81,D
8.02484,81.09058,354.55,0.48,0.65,2026-09-09,0718,N20,nominal,2.0NRT,295.99,10.26,D
7.93659,80.57079,330.47,0.53,0.67,2026-09-09,0718,N20,nominal,2.0NRT,293.19,3.1,D
7.91474,80.42248,334.26,0.54,0.68,2026-09-09,0718,N20,nominal,2.0NRT,294.02,3.04,D
7.99127,80.21549,367,0.56,0.69,2026-09-09,0718,N20,high,2.0NRT,296.62,20.11,D
7.99645,80.21812,347.38,0.56,0.68,2026-09-09,0718,N20,nominal,2.0NRT,295.19,15.13,D
7.99551,80.2132,354.69,0.56,0.69,2026-09-09,0718,N20,nominal,2.0NRT,297.51,19.27,D
7.98077,79.96403,333.9,0.58,0.7,2026-09-09,0718,N20,nominal,2.0NRT,292.33,3.8,D
8.22428,81.004,337.08,0.49,0.65,2026-09-09,0718,N20,nominal,2.0NRT,296.11,4.42,D
8.10297,80.20322,330.99,0.56,0.68,2026-09-09,0718,N20,nominal,2.0NRT,292.43,3.74,D
8.29783,81.01825,337.6,0.48,0.65,2026-09-09,0718,N20,nominal,2.0NRT,296.51,5.76,D
8.29703,81.01394,351.7,0.48,0.65,2026-09-09,0718,N20,nominal,2.0NRT,296.96,5.76,D
8.30293,81.01286,335.78,0.48,0.65,2026-09-09,0718,N20,nominal,2.0NRT,295.18,5.76,D
8.24684,80.60915,331.93,0.52,0.67,2026-09-09,0718,N20,nominal,2.0NRT,297.52,1.6,D
8.39257,81.078,341.77,0.48,0.64,2026-09-09,0718,N20,nominal,2.0NRT,299.17,7.89,D
8.46777,81.12524,336.36,0.47,0.64,2026-09-09,0718,N20,nominal,2.0NRT,297.4,5.32,D
8.43444,80.59531,334.44,0.51,0.66,2026-09-09,0718,N20,nominal,2.0NRT,296.48,2.41,D
8.48557,80.83636,338.41,0.49,0.65,2026-09-09,0718,N20,nominal,2.0NRT,296.07,6.68,D
8.48475,80.83198,336.72,0.49,0.65,2026-09-09,0718,N20,nominal,2.0NRT,296.93,6.31,D
8.3832,80.28786,330.93,0.54,0.68,2026-09-09,0718,N20,nominal,2.0NRT,296.36,4.84,D
8.4866,80.80882,338.91,0.5,0.66,2026-09-09,0718,N20,nominal,2.0NRT,297.1,4.03,D
8.55998,80.84073,333.55,0.49,0.65,2026-09-09,0718,N20,nominal,2.0NRT,298.33,4.01,D
8.47007,80.34573,335.4,0.53,0.67,2026-09-09,0718,N20,nominal,2.0NRT,294.41,3.69,D
8.4692,80.34097,339.78,0.54,0.67,2026-09-09,0718,N20,nominal,2.0NRT,295.64,4.99,D
8.47836,80.48889,330.96,0.52,0.67,2026-09-09,0718,N20,nominal,2.0NRT,296.27,2.56,D
8.55794,80.84336,334.24,0.49,0.65,2026-09-09,0718,N20,nominal,2.0NRT,297.83,2.01,D
8.46977,80.34409,348.01,0.53,0.67,2026-09-09,0718,N20,nominal,2.0NRT,294.78,8.41,D
8.5149,80.54947,335.68,0.52,0.67,2026-09-09,0718,N20,nominal,2.0NRT,296.89,3.93,D
8.51482,80.51584,333.86,0.52,0.67,2026-09-09,0718,N20,nominal,2.0NRT,296.82,2.32,D
8.60979,80.69187,333.05,0.5,0.66,2026-09-09,0718,N20,nominal,2.0NRT,296.99,3.15,D
8.60836,80.65037,330.14,0.51,0.66,2026-09-09,0718,N20,nominal,2.0NRT,296.49,3.18,D
8.61232,80.69281,331.71,0.5,0.66,2026-09-09,0718,N20,nominal,2.0NRT,296.72,4.08,D
8.60819,80.37434,336.07,0.53,0.67,2026-09-09,0718,N20,nominal,2.0NRT,294.75,3.42,D
8.78611,80.81313,343.59,0.49,0.65,2026-09-09,0718,N20,nominal,2.0NRT,296.72,4.32,D
8.81703,80.84771,333.9,0.49,0.65,2026-09-09,0718,N20,nominal,2.0NRT,296.41,4.42,D
8.82774,80.87248,333.39,0.48,0.65,2026-09-09,0718,N20,nominal,2.0NRT,295.62,5.74,D
8.82694,80.86818,341.43,0.49,0.65,2026-09-09,0718,N20,nominal,2.0NRT,296.57,5.74,D
8.92328,80.87338,333.45,0.48,0.65,2026-09-09,0718,N20,nominal,2.0NRT,297.28,3.44,D
8.93315,80.89368,367,0.48,0.65,2026-09-09,0718,N20,high,2.0NRT,297.98,17.8,D
8.93235,80.88938,338.58,0.48,0.65,2026-09-09,0718,N20,nominal,2.0NRT,298.07,12.03,D
8.9854,80.72702,336.92,0.49,0.65,2026-09-09,0718,N20,nominal,2.0NRT,296.79,6.74,D
9.09846,80.28683,332.77,0.53,0.67,2026-09-09,0718,N20,nominal,2.0NRT,296.03,4.57,D
9.47193,78.64805,330.47,0.67,0.74,2026-09-09,0720,N20,nominal,2.0NRT,293.78,3.7,D
14.40254,100.34415,336.9,0.4,0.6,2026-09-09,0720,N20,nominal,2.0NRT,283.61,4.55,D
14.39431,100.08032,332.47,0.39,0.59,2026-09-09,0720,N20,nominal,2.0NRT,289.13,1.93,D
15.01665,100.43539,342.41,0.42,0.61,2026-09-09,0720,N20,nominal,2.0NRT,277.11,6.25,D
17.32554,80.95416,326.41,0.33,0.55,2026-09-09,0720,N20,nominal,2.0NRT,283.61,1.91,D
22.37596,87.27834,330.26,0.39,0.37,2026-09-09,0722,N20,nominal,2.0NRT,290.61,4.77,D
23.55772,87.24059,334.66,0.39,0.36,2026-09-09,0722,N20,nominal,2.0NRT,294.07,3.12,D
24.87994,97.06812,330.79,0.33,0.55,2026-09-09,0722,N20,nominal,2.0NRT,289.2,1.74,D
23.66389,87.15851,335.58,0.39,0.36,2026-09-09,0722,N20,nominal,2.0NRT,296.65,3.13,D
23.66329,87.15471,339.78,0.39,0.36,2026-09-09,0722,N20,nominal,2.0NRT,298.1,3.13,D
23.71214,86.45125,334.91,0.4,0.37,2026-09-09,0722,N20,nominal,2.0NRT,293.46,4.66,D
23.69552,86.07839,332.85,0.41,0.37,2026-09-09,0722,N20,nominal,2.0NRT,288.71,4.86,D
25.17406,97.27593,351.73,0.34,0.56,2026-09-09,0722,N20,nominal,2.0NRT,291.17,5.49,D
27.87007,96.91795,332.8,0.35,0.57,2026-09-09,0724,N20,nominal,2.0NRT,291.81,2.58,D
27.8131,96.25957,331.39,0.32,0.54,2026-09-09,0724,N20,nominal,2.0NRT,292.33,1.89,D
27.79294,95.92587,331.25,0.61,0.53,2026-09-09,0724,N20,nominal,2.0NRT,290.81,2.87,D
28.01411,96.66708,343.3,0.34,0.56,2026-09-09,0724,N20,nominal,2.0NRT,289.66,16.74,D
28.01386,96.66398,347.14,0.34,0.56,2026-09-09,0724,N20,nominal,2.0NRT,293.99,26.78,D
27.01406,87.4416,345.56,0.38,0.36,2026-09-09,0724,N20,nominal,2.0NRT,302.78,15.12,D
5.51157,95.82899,331.41,0.47,0.4,2026-09-09,0716,N20,nominal,2.0NRT,290.87,3.6,D
7.88699,100.07731,341.73,0.63,0.54,2026-09-09,0718,N20,nominal,2.0NRT,289.09,10.75,D
7.8876,100.07558,330.06,0.63,0.54,2026-09-09,0718,N20,nominal,2.0NRT,288.68,9.59,D
8.18344,99.65415,339.36,0.59,0.53,2026-09-09,0718,N20,nominal,2.0NRT,290.19,8.09,D
31.36939,72.37938,343.79,0.55,0.68,2026-09-09,0726,N20,nominal,2.0NRT,296.35,5.28,D
31.36776,72.37775,351.82,0.55,0.68,2026-09-09,0726,N20,nominal,2.0NRT,296.63,8.62,D
36.7701,81.79086,338.75,0.42,0.38,2026-09-09,0726,N20,low,2.0NRT,310.86,6.67,D
38.04998,67.26586,367,0.68,0.74,2026-09-09,0729,N20,high,2.0NRT,314.12,14.84,D
38.04744,67.26855,345.77,0.68,0.74,2026-09-09,0729,N20,nominal,2.0NRT,311.11,7.15,D
11.887,79.09763,330.92,0.71,0.75,2026-09-09,0900,N20,nominal,2.0NRT,286.32,5.58,D
21.09483,72.71045,333.02,0.35,0.56,2026-09-09,0902,N20,nominal,2.0NRT,294.12,4.33,D
21.10433,72.64874,367,0.34,0.56,2026-09-09,0902,N20,high,2.0NRT,296.65,5.53,D
21.10399,72.64542,347.36,0.34,0.56,2026-09-09,0902,N20,nominal,2.0NRT,296.82,5.53,D
21.10332,72.63878,344.58,0.34,0.56,2026-09-09,0902,N20,nominal,2.0NRT,295.76,6.15,D
21.10297,72.63546,337.29,0.34,0.56,2026-09-09,0902,N20,nominal,2.0NRT,296.31,5.69,D
19.26793,56.17549,338.34,0.56,0.51,2026-09-09,0902,N20,low,2.0NRT,310.51,0.82,D
30.08148,55.40012,349.09,0.39,0.44,2026-09-09,0905,N20,nominal,2.0NRT,323.33,7.57,D
20.2117,55.71231,337.9,0.57,0.52,2026-09-09,0905,N20,low,2.0NRT,309.78,0.93,D
20.37534,55.93769,339.87,0.55,0.51,2026-09-09,0905,N20,low,2.0NRT,309.88,0.9,D
20.37322,55.93562,338.18,0.55,0.51,2026-09-09,0905,N20,low,2.0NRT,310.21,0.9,D
22.92891,70.10848,342.86,0.5,0.49,2026-09-09,0905,N20,nominal,2.0NRT,299.5,9.89,D
23.25118,69.74844,337.69,0.48,0.48,2026-09-09,0905,N20,nominal,2.0NRT,300.28,5.35,D
21.83537,56.68143,344.76,0.46,0.47,2026-09-09,0905,N20,nominal,2.0NRT,311.48,1.52,D
21.8882,56.84777,340.38,0.45,0.47,2026-09-09,0905,N20,low,2.0NRT,310.92,1.29,D
21.93704,57.07442,348.88,0.44,0.46,2026-09-09,0905,N20,nominal,2.0NRT,311.37,4.32,D
22.40619,56.99094,343.43,0.43,0.46,2026-09-09,0905,N20,nominal,2.0NRT,310.45,4.44,D
22.32692,56.49036,348.43,0.47,0.47,2026-09-09,0905,N20,nominal,2.0NRT,311.66,5.51,D
24.71299,68.05643,338.92,0.39,0.44,2026-09-09,0905,N20,nominal,2.0NRT,300.25,1.84,D
22.87674,55.92553,351.97,0.49,0.49,2026-09-09,0905,N20,nominal,2.0NRT,311.49,2.45,D
22.87324,55.61689,346.46,0.51,0.5,2026-09-09,0905,N20,nominal,2.0NRT,312.91,4.33,D
23.18868,55.46096,345.39,0.52,0.5,2026-09-09,0905,N20,nominal,2.0NRT,312.95,2.49,D
25.29209,68.32009,343.72,0.41,0.45,2026-09-09,0905,N20,nominal,2.0NRT,304.47,5.3,D
25.38952,68.58382,332.47,0.43,0.46,2026-09-09,0905,N20,low,2.0NRT,303.21,2.85,D
24.50432,56.61031,339.48,0.42,0.45,2026-09-09,0905,N20,low,2.0NRT,309.78,7.74,D
24.50353,56.60625,341.87,0.42,0.45,2026-09-09,0905,N20,nominal,2.0NRT,309.74,7.74,D
25.30864,56.37209,335.49,0.42,0.45,2026-09-09,0905,N20,low,2.0NRT,306.92,1.49,D
27.89353,67.58424,342.38,0.4,0.45,2026-09-09,0905,N20,nominal,2.0NRT,309.43,8.72,D
27.89672,67.57547,337.69,0.4,0.44,2026-09-09,0905,N20,low,2.0NRT,309.93,6.27,D
28.06698,67.69209,342.28,0.41,0.45,2026-09-09,0905,N20,nominal,2.0NRT,310.84,9.49,D
28.27541,67.94695,339.87,0.43,0.46,2026-09-09,0905,N20,nominal,2.0NRT,309.66,4.79,D
28.37875,67.83237,336.88,0.42,0.45,2026-09-09,0905,N20,low,2.0NRT,308.22,4.97,D
28.47629,67.86028,349.1,0.43,0.46,2026-09-09,0905,N20,nominal,2.0NRT,309.85,10.28,D
28.48048,67.85971,346.02,0.43,0.46,2026-09-09,0905,N20,nominal,2.0NRT,309.74,8.67,D
27.15829,56.10288,340.49,0.4,0.44,2026-09-09,0905,N20,nominal,2.0NRT,308.46,9.82,D
27.16978,56.05436,346.47,0.4,0.44,2026-09-09,0905,N20,nominal,2.0NRT,307.47,10.9,D
30.32203,69.84264,346.36,0.59,0.53,2026-09-09,0907,N20,nominal,2.0NRT,313.96,19.69,D
31.37105,72.43456,331.72,0.43,0.62,2026-09-09,0907,N20,nominal,2.0NRT,298.57,1.45,D
6.36165,80.77634,326.4,0.78,0.78,2026-09-09,0858,N20,nominal,2.0NRT,289.62,4.25,D
8.49407,80.38361,330.87,0.78,0.78,2026-09-09,0858,N20,nominal,2.0NRT,288.92,6.25,D
8.57372,77.98917,331.16,0.54,0.68,2026-09-09,0858,N20,nominal,2.0NRT,296.92,3.84,D
10.26048,77.25365,354.28,0.51,0.66,2026-09-09,0900,N20,nominal,2.0NRT,292.57,13.54,D
10.2598,77.24826,338.31,0.51,0.66,2026-09-09,0900,N20,nominal,2.0NRT,290.79,12.19,D
10.26125,77.2512,343.81,0.51,0.66,2026-09-09,0900,N20,nominal,2.0NRT,291.15,8.37,D
33.75406,59.14781,334.07,0.39,0.36,2026-09-09,0905,N20,low,2.0NRT,308.44,1.64,D
37.03031,62.4196,349.34,0.44,0.38,2026-09-09,0907,N20,nominal,2.0NRT,313.6,7.87,D
37.03382,62.41893,347.6,0.44,0.38,2026-09-09,0907,N20,nominal,2.0NRT,311.42,7.87,D
37.11723,62.36509,343.38,0.44,0.38,2026-09-09,0907,N20,nominal,2.0NRT,312.18,10.31,D
36.94468,60.79848,337.35,0.4,0.37,2026-09-09,0907,N20,nominal,2.0NRT,306.66,2.83,D
37.42387,62.31189,334.53,0.44,0.38,2026-09-09,0907,N20,nominal,2.0NRT,302.32,2.84,D
37.4985,61.8495,331.58,0.43,0.38,2026-09-09,0907,N20,low,2.0NRT,304.94,2.97,D
37.61876,62.14182,335.82,0.44,0.38,2026-09-09,0907,N20,low,2.0NRT,306.7,3.16,D
37.62597,62.17074,335.97,0.44,0.38,2026-09-09,0907,N20,low,2.0NRT,307.16,2.03,D
37.6704,62.23825,331.66,0.44,0.38,2026-09-09,0907,N20,low,2.0NRT,306.3,2.85,D
37.59314,61.52941,341.04,0.42,0.38,2026-09-09,0907,N20,nominal,2.0NRT,310.1,3.43,D
37.6106,61.60832,343.08,0.42,0.38,2026-09-09,0907,N20,nominal,2.0NRT,308.48,3.37,D
37.68787,61.80502,337.22,0.43,0.38,2026-09-09,0907,N20,nominal,2.0NRT,305.94,2.92,D
37.7867,62.53811,339.74,0.45,0.39,2026-09-09,0907,N20,low,2.0NRT,309.97,5.92,D
37.98336,61.8866,334.03,0.43,0.38,2026-09-09,0907,N20,low,2.0NRT,306.81,2.48,D
37.94197,58.56392,330.97,0.38,0.36,2026-09-09,0907,N20,low,2.0NRT,301.22,2.11,D
38.67966,54.31524,332.9,0.47,0.4,2026-09-09,0907,N20,nominal,2.0NRT,296.74,2.46,D
6.66057,101.0039,298.08,0.38,0.59,2026-09-09,1813,N20,nominal,2.0NRT,272.51,0.4,N
11.47639,77.5037,303.98,0.33,0.55,2026-09-09,1953,N20,nominal,2.0NRT,274.72,0.7,N
10.61573,77.41871,309.43,0.33,0.55,2026-09-09,1953,N20,nominal,2.0NRT,290.56,0.53,N
8.57282,80.41718,305.43,0.39,0.44,2026-09-09,1953,N20,nominal,2.0NRT,290.4,1.07,N
8.51106,80.40747,317.75,0.39,0.44,2026-09-09,1953,N20,nominal,2.0NRT,291.89,2.45,N
8.06615,80.76699,308.41,0.54,0.42,2026-09-09,1953,N20,nominal,2.0NRT,289.81,1.07,N
8.06482,80.76936,313.91,0.54,0.42,2026-09-09,1953,N20,nominal,2.0NRT,290.37,1.95,N
7.68663,80.70251,299.71,0.54,0.42,2026-09-09,1953,N20,nominal,2.0NRT,272.65,0.86,N
6.72082,81.14211,298.08,0.5,0.41,2026-09-09,1955,N20,nominal,2.0NRT,267.29,0.41,N
6.6048,81.16798,300.12,0.5,0.41,2026-09-09,1955,N20,nominal,2.0NRT,272.94,0.43,N
6.64141,80.86723,331.33,0.52,0.41,2026-09-09,1955,N20,nominal,2.0NRT,283.27,5.02,N
6.64141,80.86963,329.45,0.52,0.41,2026-09-09,1955,N20,nominal,2.0NRT,285.85,3.42,N
6.33054,81.00788,307.47,0.5,0.41,2026-09-09,1955,N20,nominal,2.0NRT,292.61,1.09,N
29.47817,76.84901,307.31,0.58,0.7,2026-09-09,1947,N20,nominal,2.0NRT,293.18,2.2,N
25.53918,100.57816,297.79,0.43,0.62,2026-09-09,1949,N20,nominal,2.0NRT,285.31,0.72,N
25.38144,99.30714,300.99,0.36,0.57,2026-09-09,1949,N20,nominal,2.0NRT,285.77,0.98,N
25.38068,99.31042,297.66,0.36,0.57,2026-09-09,1949,N20,nominal,2.0NRT,286.85,0.92,N
25.38073,99.30723,297.27,0.36,0.57,2026-09-09,1949,N20,nominal,2.0NRT,286.35,0.87,N
25.37999,99.31051,300.57,0.36,0.57,2026-09-09,1949,N20,nominal,2.0NRT,286.82,0.87,N
28.37615,77.22385,305.49,0.54,0.68,2026-09-09,1949,N20,nominal,2.0NRT,291.2,0.96,N
25.07337,99.28434,302.24,0.36,0.58,2026-09-09,1949,N20,nominal,2.0NRT,287.09,0.65,N
24.91837,99.0972,300.48,0.36,0.57,2026-09-09,1949,N20,nominal,2.0NRT,287.73,1.38,N
24.62439,98.75157,304.32,0.34,0.56,2026-09-09,1949,N20,nominal,2.0NRT,287.14,0.7,N
24.6265,98.75384,302.43,0.34,0.56,2026-09-09,1949,N20,nominal,2.0NRT,287.83,0.64,N
24.61345,98.74042,302.9,0.34,0.56,2026-09-09,1949,N20,nominal,2.0NRT,287.2,0.52,N
23.99023,79.39095,301.69,0.36,0.57,2026-09-09,1949,N20,nominal,2.0NRT,283.37,0.3,N
20.99685,86.01331,303.62,0.42,0.38,2026-09-09,1949,N20,nominal,2.0NRT,280.32,0.96,N
20.96932,86.00875,300.72,0.42,0.38,2026-09-09,1949,N20,nominal,2.0NRT,277.75,1.45,N
20.96874,86.01279,315.07,0.42,0.38,2026-09-09,1949,N20,nominal,2.0NRT,279.98,1.45,N
20.96356,86.04891,305.05,0.42,0.38,2026-09-09,1949,N20,nominal,2.0NRT,280.9,0.96,N
21.37871,81.67982,311.13,0.47,0.48,2026-09-09,1949,N20,nominal,2.0NRT,286.67,1.83,N
21.37868,81.6424,304.14,0.48,0.48,2026-09-09,1949,N20,nominal,2.0NRT,285.05,1.57,N
21.33862,78.9693,299.34,0.35,0.57,2026-09-09,1951,N20,nominal,2.0NRT,266.67,0.51,N
21.24455,79.22285,301.52,0.34,0.56,2026-09-09,1951,N20,nominal,2.0NRT,274.31,0.6,N
21.24932,79.21028,297.66,0.34,0.56,2026-09-09,1951,N20,nominal,2.0NRT,275.05,0.2,N
21.24792,79.22346,297.36,0.34,0.56,2026-09-09,1951,N20,nominal,2.0NRT,274.15,0.17,N
19.93735,73.71233,297.17,0.75,0.77,2026-09-09,1951,N20,nominal,2.0NRT,278.14,1.53,N
17.60981,83.20297,303.16,0.52,0.41,2026-09-09,1951,N20,nominal,2.0NRT,272.4,1.45,N
17.49954,78.72286,313.78,0.33,0.55,2026-09-09,1951,N20,nominal,2.0NRT,286.31,0.85,N
15.22659,76.76077,300.97,0.42,0.61,2026-09-09,1951,N20,nominal,2.0NRT,279.93,0.86,N
15.18477,76.67609,310.65,0.42,0.61,2026-09-09,1951,N20,nominal,2.0NRT,285.1,1.82,N
15.17955,76.67152,308.25,0.42,0.61,2026-09-09,1951,N20,nominal,2.0NRT,284.81,2.83,N
15.17564,76.65512,307.47,0.42,0.61,2026-09-09,1951,N20,nominal,2.0NRT,279.4,2.56,N
15.13567,76.70631,298.6,0.42,0.61,2026-09-09,1951,N20,nominal,2.0NRT,277.9,0.76,N
15.07439,76.86469,298.28,0.41,0.6,2026-09-09,1951,N20,nominal,2.0NRT,278.14,0.77,N
13.71126,79.61852,305.38,0.51,0.49,2026-09-09,1953,N20,nominal,2.0NRT,288.29,3.27,N
13.0127,77.39949,303.21,0.35,0.57,2026-09-09,1953,N20,nominal,2.0NRT,287.76,0.43,N
12.62486,79.78773,304.61,0.48,0.48,2026-09-09,1953,N20,nominal,2.0NRT,285.68,1.16,N
12.62527,79.79002,304.85,0.48,0.48,2026-09-09,1953,N20,nominal,2.0NRT,285.74,2.05,N
12.80645,77.43263,305.04,0.35,0.57,2026-09-09,1953,N20,nominal,2.0NRT,288.73,0.43,N
12.74513,77.61879,310.22,0.34,0.56,2026-09-09,1953,N20,nominal,2.0NRT,289.35,0.85,N
39.85486,66.19839,306.62,0.4,0.37,2026-09-09,2125,N20,nominal,2.0NRT,291.13,0.97,N
39.1784,68.61208,301.04,0.39,0.36,2026-09-09,2127,N20,nominal,2.0NRT,282.71,0.96,N
39.50409,66.15265,329.38,0.4,0.37,2026-09-09,2127,N20,nominal,2.0NRT,291.25,3.37,N
39.18187,65.31423,312.25,0.42,0.38,2026-09-09,2127,N20,nominal,2.0NRT,290.25,0.72,N
39.40894,62.84583,306.5,0.52,0.41,2026-09-09,2127,N20,nominal,2.0NRT,290.18,0.81,N
39.28613,63.76379,307.1,0.47,0.4,2026-09-09,2127,N20,nominal,2.0NRT,290.91,4.04,N
39.28315,63.75759,321.05,0.47,0.4,2026-09-09,2127,N20,nominal,2.0NRT,290.22,5.53,N
39.28249,63.76305,322.85,0.47,0.4,2026-09-09,2127,N20,nominal,2.0NRT,295.02,4.04,N
39.2486,63.95041,327.48,0.46,0.39,2026-09-09,2127,N20,nominal,2.0NRT,294.68,3.46,N
39.24926,63.94504,304.49,0.46,0.39,2026-09-09,2127,N20,nominal,2.0NRT,289.92,3.46,N
39.30593,62.97226,303.89,0.51,0.41,2026-09-09,2127,N20,nominal,2.0NRT,290.33,0.85,N
39.3055,62.97693,303.05,0.51,0.41,2026-09-09,2127,N20,nominal,2.0NRT,290.21,1.15,N
39.28229,63.04456,298.98,0.5,0.41,2026-09-09,2127,N20,nominal,2.0NRT,288.8,0.33,N
39.25152,63.21063,304.56,0.5,0.41,2026-09-09,2127,N20,nominal,2.0NRT,290.36,1.79,N
39.25249,63.16956,302.03,0.5,0.41,2026-09-09,2127,N20,nominal,2.0NRT,288.95,0.44,N
39.20288,63.23642,301.74,0.49,0.41,2026-09-09,2127,N20,nominal,2.0NRT,289.98,0.64,N
39.20004,63.19481,305.92,0.5,0.41,2026-09-09,2127,N20,nominal,2.0NRT,289.78,0.86,N
39.195,63.20559,303.02,0.5,0.41,2026-09-09,2127,N20,nominal,2.0NRT,288.69,0.69,N
30.73589,55.3835,312.13,0.35,0.57,2026-09-09,2129,N20,nominal,2.0NRT,291.99,0.81,N
39.1747,63.28352,300.01,0.49,0.4,2026-09-09,2127,N20,nominal,2.0NRT,288.57,1,N
30.73546,55.38459,314.58,0.35,0.57,2026-09-09,2129,N20,nominal,2.0NRT,292.66,0.78,N
39.17405,63.28922,299.74,0.49,0.4,2026-09-09,2127,N20,nominal,2.0NRT,289.02,0.45,N
39.13571,63.61969,300.6,0.48,0.4,2026-09-09,2127,N20,nominal,2.0NRT,289.21,0.44,N
30.15634,60.73397,307.25,0.51,0.41,2026-09-09,2129,N20,nominal,2.0NRT,296.4,0.98,N
39.17815,63.21992,299.87,0.5,0.41,2026-09-09,2127,N20,nominal,2.0NRT,288.83,0.49,N
39.17229,63.2714,309.38,0.49,0.4,2026-09-09,2127,N20,nominal,2.0NRT,289.93,1.07,N
39.17053,63.25356,313.15,0.49,0.41,2026-09-09,2127,N20,nominal,2.0NRT,291.04,1.42,N
39.16616,63.25854,304.42,0.49,0.41,2026-09-09,2127,N20,nominal,2.0NRT,289.83,1.42,N
39.15533,63.32043,300.45,0.49,0.4,2026-09-09,2127,N20,nominal,2.0NRT,290.37,0.5,N
30.36945,56.1256,304.06,0.63,0.54,2026-09-09,2129,N20,nominal,2.0NRT,290.6,1.71,N
39.16936,63.25247,308.85,0.49,0.41,2026-09-09,2127,N20,nominal,2.0NRT,290.77,1.36,N
30.39315,55.77352,301.57,0.33,0.55,2026-09-09,2129,N20,nominal,2.0NRT,290.19,0.5,N
39.16867,63.25817,302.45,0.49,0.41,2026-09-09,2127,N20,nominal,2.0NRT,290.56,1.07,N
39.16429,63.26315,307.34,0.49,0.4,2026-09-09,2127,N20,nominal,2.0NRT,290.38,1.07,N
38.32566,68.98779,310.58,0.39,0.36,2026-09-09,2127,N20,nominal,2.0NRT,294.25,0.97,N
30.38095,55.86164,311.82,0.32,0.55,2026-09-09,2129,N20,nominal,2.0NRT,292.44,1.01,N
39.12859,63.30854,304.68,0.49,0.4,2026-09-09,2127,N20,nominal,2.0NRT,289.38,0.77,N
30.36859,56.12632,303.96,0.62,0.54,2026-09-09,2129,N20,nominal,2.0NRT,290.35,1.35,N
39.11786,63.33539,312.01,0.49,0.4,2026-09-09,2127,N20,nominal,2.0NRT,289.76,1.29,N
30.38955,55.77443,303.29,0.33,0.55,2026-09-09,2129,N20,nominal,2.0NRT,291.65,0.25,N
39.06696,63.38311,300.38,0.49,0.4,2026-09-09,2127,N20,nominal,2.0NRT,289.47,0.4,N
30.38185,55.86291,310.02,0.32,0.55,2026-09-09,2129,N20,nominal,2.0NRT,292.27,0.59,N
39.01831,63.70167,299.92,0.47,0.4,2026-09-09,2127,N20,nominal,2.0NRT,288.96,0.42,N
28.42579,69.70051,316.87,0.53,0.42,2026-09-09,2129,N20,nominal,2.0NRT,297.27,2.96,N
38.94224,64.13323,301,0.45,0.39,2026-09-09,2127,N20,nominal,2.0NRT,290.41,0.92,N
38.6861,65.98739,314.87,0.4,0.37,2026-09-09,2127,N20,nominal,2.0NRT,290.11,1.33,N
38.6873,65.95456,305.86,0.4,0.37,2026-09-09,2127,N20,nominal,2.0NRT,290.25,1.48,N
38.68059,65.95302,301.41,0.4,0.37,2026-09-09,2127,N20,nominal,2.0NRT,289.82,0.8,N
38.95597,63.75501,302.32,0.47,0.4,2026-09-09,2127,N20,nominal,2.0NRT,289.09,0.78,N
30.2334,56.90933,311.31,0.56,0.51,2026-09-09,2129,N20,nominal,2.0NRT,293.3,3.98,N
38.96878,63.61836,300.34,0.47,0.4,2026-09-09,2127,N20,nominal,2.0NRT,288.92,0.42,N
30.21989,55.97989,301.86,0.64,0.54,2026-09-09,2129,N20,nominal,2.0NRT,290.53,1.51,N
38.97556,63.4674,308.29,0.48,0.4,2026-09-09,2127,N20,nominal,2.0NRT,291.24,1.35,N
38.91622,63.80771,304.05,0.47,0.39,2026-09-09,2127,N20,nominal,2.0NRT,289.32,0.92,N
38.91093,63.79013,305.05,0.47,0.4,2026-09-09,2127,N20,nominal,2.0NRT,288.63,0.75,N
38.55846,65.95111,303.87,0.4,0.37,2026-09-09,2127,N20,nominal,2.0NRT,291.21,0.64,N
27.28864,73.83974,307.58,0.32,0.55,2026-09-09,2129,N20,nominal,2.0NRT,296.63,0.95,N
38.66883,64.77667,302.81,0.43,0.38,2026-09-09,2127,N20,nominal,2.0NRT,290.45,0.54,N
38.45694,65.80219,301.78,0.4,0.37,2026-09-09,2127,N20,nominal,2.0NRT,289.45,0.55,N
38.65374,63.97964,301.26,0.46,0.39,2026-09-09,2127,N20,nominal,2.0NRT,289.26,0.72,N
38.05098,67.26276,328.59,0.38,0.36,2026-09-09,2127,N20,nominal,2.0NRT,292.67,6.4,N
38.40181,64.41276,300.31,0.44,0.38,2026-09-09,2127,N20,nominal,2.0NRT,288.69,0.44,N
38.11861,64.70955,300.49,0.43,0.38,2026-09-09,2127,N20,nominal,2.0NRT,289.42,0.36,N
38.12032,64.71303,299.28,0.43,0.38,2026-09-09,2127,N20,nominal,2.0NRT,289.2,0.68,N
37.96497,65.00734,306.46,0.42,0.38,2026-09-09,2127,N20,nominal,2.0NRT,289.72,0.76,N
38.683,54.30886,297.59,0.47,0.64,2026-09-09,2127,N20,nominal,2.0NRT,285.11,1,N
38.6828,54.3144,310.93,0.47,0.64,2026-09-09,2127,N20,nominal,2.0NRT,285.55,1,N
38.67999,54.30939,303.75,0.47,0.64,2026-09-09,2127,N20,nominal,2.0NRT,284.89,1.88,N
38.67975,54.31493,304.35,0.47,0.64,2026-09-09,2127,N20,nominal,2.0NRT,285.58,1.82,N
37.67439,65.26258,303.8,0.41,0.37,2026-09-09,2127,N20,nominal,2.0NRT,289.18,1.06,N
30.08278,55.39838,304.1,0.34,0.56,2026-09-09,2129,N20,nominal,2.0NRT,290.06,1.02,N
30.0782,55.39054,303.44,0.34,0.56,2026-09-09,2129,N20,nominal,2.0NRT,289.1,1.07,N
37.66441,65.28415,306.43,0.41,0.37,2026-09-09,2127,N20,nominal,2.0NRT,289.72,0.68,N
29.94958,56.73338,300.38,0.57,0.52,2026-09-09,2129,N20,nominal,2.0NRT,288.26,0.99,N
38.25463,58.38961,298.43,0.56,0.52,2026-09-09,2127,N20,nominal,2.0NRT,287.26,0.66,N
37.79737,62.5523,320.88,0.51,0.41,2026-09-09,2127,N20,nominal,2.0NRT,292.97,3.27,N
37.78736,62.53861,315.46,0.51,0.41,2026-09-09,2127,N20,nominal,2.0NRT,291.33,3.15,N
38.18098,57.98067,297.29,0.59,0.53,2026-09-09,2127,N20,nominal,2.0NRT,285.87,0.59,N
37.77637,62.09951,301.03,0.54,0.42,2026-09-09,2127,N20,nominal,2.0NRT,289.29,0.83,N
37.77617,62.03098,298.43,0.54,0.42,2026-09-09,2127,N20,nominal,2.0NRT,288.22,0.77,N
37.7453,62.13112,304.3,0.53,0.42,2026-09-09,2127,N20,nominal,2.0NRT,289.57,0.96,N
29.99305,55.85315,324.3,0.32,0.55,2026-09-09,2129,N20,nominal,2.0NRT,287.13,2.23,N
29.99279,55.85624,330.97,0.32,0.55,2026-09-09,2129,N20,nominal,2.0NRT,288.38,2.23,N
37.74365,62.07508,299.16,0.54,0.42,2026-09-09,2127,N20,nominal,2.0NRT,287.77,0.56,N
37.75169,61.85643,297.99,0.55,0.43,2026-09-09,2127,N20,nominal,2.0NRT,285.63,0.71,N
29.47766,60.80727,307.55,0.5,0.41,2026-09-09,2129,N20,nominal,2.0NRT,292.13,1.09,N
37.72619,62.09059,299.28,0.54,0.42,2026-09-09,2127,N20,nominal,2.0NRT,287.96,0.66,N
29.98802,55.85244,308.77,0.32,0.55,2026-09-09,2129,N20,nominal,2.0NRT,287.02,1.85,N
29.98777,55.85551,317.13,0.32,0.55,2026-09-09,2129,N20,nominal,2.0NRT,288.34,1.85,N
37.72552,62.09668,299.46,0.53,0.42,2026-09-09,2127,N20,nominal,2.0NRT,288.92,0.66,N
37.67121,62.23442,309.49,0.53,0.42,2026-09-09,2127,N20,nominal,2.0NRT,289.11,1.12,N
37.6629,62.23902,308.03,0.53,0.42,2026-09-09,2127,N20,nominal,2.0NRT,289.21,1.14,N
37.65842,62.2443,302.33,0.53,0.42,2026-09-09,2127,N20,nominal,2.0NRT,288.68,1.14,N
37.67298,62.23449,305.11,0.53,0.42,2026-09-09,2127,N20,nominal,2.0NRT,288.56,1.53,N
29.999,55.19396,298.65,0.35,0.57,2026-09-09,2129,N20,nominal,2.0NRT,287.15,0.79,N
37.66081,62.2384,307.48,0.53,0.42,2026-09-09,2127,N20,nominal,2.0NRT,289.73,1.14,N
37.6563,62.24368,300.55,0.53,0.42,2026-09-09,2127,N20,nominal,2.0NRT,288.65,0.69,N
37.63739,62.20374,302.06,0.53,0.42,2026-09-09,2127,N20,nominal,2.0NRT,289.29,0.87,N
37.62837,62.21435,305.66,0.53,0.42,2026-09-09,2127,N20,nominal,2.0NRT,290.54,1.12,N
37.65506,61.90296,300.34,0.55,0.42,2026-09-09,2127,N20,nominal,2.0NRT,288.62,0.57,N
37.6254,62.17109,314.85,0.53,0.42,2026-09-09,2127,N20,nominal,2.0NRT,291.42,1.96,N
29.70175,55.5295,312.7,0.33,0.56,2026-09-09,2129,N20,nominal,2.0NRT,288.96,0.88,N
37.62693,62.12225,299.04,0.53,0.42,2026-09-09,2127,N20,nominal,2.0NRT,287.91,0.36,N
37.62107,62.13966,317.35,0.53,0.42,2026-09-09,2127,N20,nominal,2.0NRT,291.81,2.63,N
37.94254,58.56279,300.96,0.54,0.51,2026-09-09,2127,N20,nominal,2.0NRT,287.13,0.74,N
37.61596,61.60783,303.54,0.56,0.43,2026-09-09,2127,N20,nominal,2.0NRT,288.44,1.04,N
37.61548,61.57519,306.75,0.56,0.43,2026-09-09,2127,N20,nominal,2.0NRT,291.26,1.67,N
37.61201,61.60716,315.9,0.56,0.43,2026-09-09,2127,N20,nominal,2.0NRT,290.91,3.04,N
29.5128,55.79643,314.27,0.32,0.55,2026-09-09,2129,N20,nominal,2.0NRT,289.67,0.92,N
37.59707,61.55897,310.02,0.57,0.43,2026-09-09,2127,N20,nominal,2.0NRT,290.45,1.09,N
37.59258,61.52549,309.08,0.57,0.43,2026-09-09,2127,N20,nominal,2.0NRT,290.71,1.88,N
37.48085,62.00935,301.63,0.54,0.42,2026-09-09,2127,N20,nominal,2.0NRT,290.17,0.89,N
26.26084,74.09544,313.45,0.35,0.57,2026-09-09,2129,N20,nominal,2.0NRT,295.11,1.05,N
37.48327,61.97763,302.68,0.54,0.42,2026-09-09,2127,N20,nominal,2.0NRT,290.42,0.78,N
37.47983,62.00804,301.16,0.54,0.42,2026-09-09,2127,N20,nominal,2.0NRT,289.88,0.99,N
37.42586,62.3089,320.18,0.52,0.41,2026-09-09,2127,N20,nominal,2.0NRT,288.83,2.75,N
29.1519,55.36501,304.34,0.34,0.56,2026-09-09,2129,N20,nominal,2.0NRT,291.69,0.69,N
37.5136,61.0168,301.49,0.4,0.44,2026-09-09,2127,N20,nominal,2.0NRT,289.75,0.28,N
37.50454,61.02452,309,0.4,0.44,2026-09-09,2127,N20,nominal,2.0NRT,290.55,1.15,N
37.35073,61.36192,305.67,0.38,0.43,2026-09-09,2127,N20,nominal,2.0NRT,289.47,0.87,N
37.32831,61.096,309.93,0.39,0.44,2026-09-09,2127,N20,nominal,2.0NRT,288.19,1.61,N
28.2048,61.3045,306.33,0.46,0.39,2026-09-09,2129,N20,nominal,2.0NRT,295.05,1.09,N
36.70251,65.95914,305.44,0.39,0.36,2026-09-09,2127,N20,nominal,2.0NRT,292.48,1.23,N
25.78568,73.69735,315.84,0.34,0.56,2026-09-09,2129,N20,nominal,2.0NRT,293.61,1.03,N
37.11994,62.35844,308.07,0.51,0.41,2026-09-09,2127,N20,nominal,2.0NRT,289.73,3.01,N
37.11929,62.36423,315.49,0.51,0.41,2026-09-09,2127,N20,nominal,2.0NRT,291.9,3.01,N
37.11551,62.36355,305.22,0.51,0.41,2026-09-09,2127,N20,nominal,2.0NRT,290.52,3.01,N
37.11978,62.36441,325.7,0.51,0.41,2026-09-09,2127,N20,nominal,2.0NRT,292.09,3.45,N
24.93298,74.63309,306.17,0.4,0.6,2026-09-09,2129,N20,nominal,2.0NRT,293.06,0.87,N
37.12046,62.35865,300.57,0.51,0.41,2026-09-09,2127,N20,nominal,2.0NRT,289.33,4.43,N
24.66161,74.63222,306.03,0.41,0.61,2026-09-09,2129,N20,nominal,2.0NRT,293.89,1.63,N
37.116,62.36374,307.16,0.51,0.41,2026-09-09,2127,N20,nominal,2.0NRT,290.78,3.45,N
27.23015,60.48732,314.03,0.49,0.4,2026-09-09,2129,N20,nominal,2.0NRT,299.63,1.71,N
37.03321,62.41327,315.51,0.51,0.41,2026-09-09,2127,N20,nominal,2.0NRT,290.25,1.85,N
37.03255,62.41898,302.74,0.51,0.41,2026-09-09,2127,N20,nominal,2.0NRT,291.44,1.48,N
25.95873,68.37125,308.73,0.5,0.41,2026-09-09,2129,N20,nominal,2.0NRT,296.26,0.95,N
37.45362,57.68646,297.7,0.6,0.53,2026-09-09,2127,N20,nominal,2.0NRT,286.46,0.95,N
25.95721,68.36967,308.17,0.5,0.41,2026-09-09,2129,N20,nominal,2.0NRT,296.24,0.98,N
35.97097,68.68433,302.06,0.4,0.37,2026-09-09,2127,N20,nominal,2.0NRT,291.78,0.58,N
36.99517,56.23135,297.19,0.36,0.57,2026-09-09,2127,N20,nominal,2.0NRT,287.13,0.37,N
36.49573,61.80628,303.36,0.53,0.42,2026-09-09,2127,N20,nominal,2.0NRT,289.15,0.63,N
24.82284,73.09332,306.89,0.33,0.55,2026-09-09,2129,N20,nominal,2.0NRT,294.65,0.87,N
36.46365,60.84886,311.47,0.4,0.44,2026-09-09,2127,N20,nominal,2.0NRT,289.46,1.01,N
27.42391,56.49785,310.28,0.55,0.51,2026-09-09,2129,N20,nominal,2.0NRT,299.31,0.79,N
35.90895,62.96456,302.4,0.47,0.4,2026-09-09,2127,N20,nominal,2.0NRT,289.68,0.8,N
36.29914,54.78341,298.14,0.43,0.62,2026-09-09,2127,N20,nominal,2.0NRT,287.3,0.44,N
32.88894,71.61413,308.93,0.56,0.43,2026-09-09,2127,N20,nominal,2.0NRT,296.27,2.99,N
32.57493,72.5623,307.53,0.42,0.45,2026-09-09,2127,N20,nominal,2.0NRT,295.23,2.69,N
32.37976,72.13672,308.69,0.4,0.44,2026-09-09,2127,N20,nominal,2.0NRT,296.71,2.2,N
31.25961,76.92348,300.76,0.4,0.6,2026-09-09,2127,N20,nominal,2.0NRT,288.95,0.72,N
24.69181,73.00176,308.93,0.32,0.55,2026-09-09,2129,N20,nominal,2.0NRT,294.32,1.14,N
31.25256,76.9285,299.83,0.4,0.6,2026-09-09,2127,N20,nominal,2.0NRT,289,0.34,N
31.25094,76.9282,300.32,0.4,0.6,2026-09-09,2127,N20,nominal,2.0NRT,288.96,0.87,N
32.65487,70.47169,314.99,0.5,0.41,2026-09-09,2127,N20,nominal,2.0NRT,297.34,1.87,N
33.62763,59.16934,296.08,0.45,0.47,2026-09-09,2127,N20,nominal,2.0NRT,274.44,2.1,N
33.04488,56.84562,325.15,0.6,0.53,2026-09-09,2129,N20,nominal,2.0NRT,294.87,8.03,N
33.04285,56.84473,328.11,0.6,0.53,2026-09-09,2129,N20,nominal,2.0NRT,295.07,7.37,N
24.69116,73.00336,306.71,0.32,0.55,2026-09-09,2129,N20,nominal,2.0NRT,294.84,1.05,N
28.375,77.22592,306.16,0.48,0.65,2026-09-09,2129,N20,nominal,2.0NRT,291.7,1.28,N
31.85289,54.28227,311.37,0.42,0.61,2026-09-09,2129,N20,nominal,2.0NRT,292.47,0.95,N
31.85259,54.28668,303.45,0.42,0.61,2026-09-09,2129,N20,nominal,2.0NRT,293.23,0.95,N
31.62255,54.72149,306.27,0.39,0.59,2026-09-09,2129,N20,nominal,2.0NRT,292.55,0.66,N
31.62198,54.72361,307.8,0.39,0.59,2026-09-09,2129,N20,nominal,2.0NRT,294.6,0.81,N
27.66761,76.12939,303.85,0.43,0.62,2026-09-09,2129,N20,nominal,2.0NRT,293.73,1.52,N
25.3894,68.5838,315.81,0.52,0.41,2026-09-09,2129,N20,nominal,2.0NRT,296.19,2.11,N
27.1721,56.05198,313.95,0.58,0.52,2026-09-09,2129,N20,nominal,2.0NRT,299.52,1.53,N
27.16295,56.09809,316.81,0.58,0.52,2026-09-09,2129,N20,nominal,2.0NRT,299.29,2.01,N
27.1624,56.10394,309.81,0.57,0.52,2026-09-09,2129,N20,nominal,2.0NRT,298.81,2.01,N
27.17274,56.05206,313.42,0.58,0.52,2026-09-09,2129,N20,nominal,2.0NRT,299.35,1.36,N
27.16792,56.05144,312.63,0.58,0.52,2026-09-09,2129,N20,nominal,2.0NRT,299.69,1.44,N
27.16327,56.09806,314.79,0.57,0.52,2026-09-09,2129,N20,nominal,2.0NRT,299.78,2.84,N
27.16268,56.1039,312.74,0.57,0.52,2026-09-09,2129,N20,nominal,2.0NRT,299.07,0.93,N
25.15882,67.70341,309.86,0.48,0.4,2026-09-09,2131,N20,nominal,2.0NRT,296.71,1.13,N
25.05377,67.49573,310.2,0.47,0.39,2026-09-09,2131,N20,nominal,2.0NRT,297.46,1.26,N
25.05103,67.49039,307.76,0.47,0.39,2026-09-09,2131,N20,nominal,2.0NRT,295.87,1.13,N
25.05019,67.49493,310.91,0.47,0.39,2026-09-09,2131,N20,nominal,2.0NRT,297.07,1.26,N
25.15779,66.78284,314.67,0.44,0.38,2026-09-09,2131,N20,nominal,2.0NRT,297.64,2.15,N
25.15982,66.78565,310.76,0.44,0.38,2026-09-09,2131,N20,nominal,2.0NRT,297.31,2.57,N
25.13802,66.90982,308.65,0.44,0.38,2026-09-09,2131,N20,nominal,2.0NRT,297.05,2.1,N
25.97361,56.06998,318.1,0.56,0.51,2026-09-09,2131,N20,nominal,2.0NRT,303.22,7.82,N
25.90565,54.53061,312.8,0.35,0.57,2026-09-09,2131,N20,nominal,2.0NRT,300.1,0.31,N
25.57073,55.98579,311.98,0.56,0.51,2026-09-09,2131,N20,nominal,2.0NRT,301.91,1.72,N
25.56031,55.9851,314.31,0.56,0.51,2026-09-09,2131,N20,nominal,2.0NRT,303.07,1.43,N
22.26427,75.13316,304.21,0.5,0.66,2026-09-09,2131,N20,nominal,2.0NRT,289.93,0.98,N
25.31059,56.37148,318.65,0.53,0.5,2026-09-09,2131,N20,nominal,2.0NRT,301.39,1.87,N
22.92588,69.82298,306.27,0.45,0.47,2026-09-09,2131,N20,nominal,2.0NRT,294.35,0.97,N
22.93342,69.69579,315.65,0.44,0.46,2026-09-09,2131,N20,nominal,2.0NRT,293.92,1.34,N
22.93258,69.69999,306.61,0.44,0.46,2026-09-09,2131,N20,nominal,2.0NRT,293.92,1.34,N
24.50848,56.60721,322.58,0.5,0.49,2026-09-09,2131,N20,nominal,2.0NRT,301.95,2,N
24.50453,56.60169,312.86,0.5,0.49,2026-09-09,2131,N20,nominal,2.0NRT,302.78,2,N
24.50399,56.60661,317.95,0.5,0.49,2026-09-09,2131,N20,nominal,2.0NRT,301.74,2,N
24.45522,56.55041,312.41,0.5,0.49,2026-09-09,2131,N20,nominal,2.0NRT,301.69,1.58,N
24.45811,56.55045,312.32,0.5,0.49,2026-09-09,2131,N20,nominal,2.0NRT,301.74,1.54,N
22.33153,69.74809,305.56,0.45,0.47,2026-09-09,2131,N20,nominal,2.0NRT,294.37,1.91,N
22.41794,69.03831,307.91,0.41,0.45,2026-09-09,2131,N20,nominal,2.0NRT,293.17,2.54,N
21.86034,71.68641,309.26,0.61,0.54,2026-09-09,2131,N20,nominal,2.0NRT,291.18,1.48,N
24.32326,54.46815,319.96,0.34,0.56,2026-09-09,2131,N20,nominal,2.0NRT,306.21,1.81,N
23.91318,57.13814,310.38,0.45,0.47,2026-09-09,2131,N20,nominal,2.0NRT,298.68,0.81,N
21.10844,72.64442,346.9,0.37,0.58,2026-09-09,2131,N20,nominal,2.0NRT,292.37,4.87,N
21.11067,72.63412,307.26,0.36,0.58,2026-09-09,2131,N20,nominal,2.0NRT,292.4,3.42,N
21.10993,72.63754,307.33,0.36,0.58,2026-09-09,2131,N20,nominal,2.0NRT,292.33,4.92,N
21.10769,72.64785,315.59,0.37,0.58,2026-09-09,2131,N20,nominal,2.0NRT,293.12,4.87,N
21.10473,72.63625,335.79,0.36,0.58,2026-09-09,2131,N20,nominal,2.0NRT,292.5,5.36,N
23.55564,58.19856,312.84,0.39,0.44,2026-09-09,2131,N20,nominal,2.0NRT,300.93,0.81,N
20.90852,71.45917,306.78,0.62,0.54,2026-09-09,2131,N20,nominal,2.0NRT,291.93,1.48,N
23.19534,55.4539,322.3,0.57,0.52,2026-09-09,2131,N20,nominal,2.0NRT,298.59,3.01,N
23.19477,55.45945,309.95,0.57,0.52,2026-09-09,2131,N20,nominal,2.0NRT,299.6,3.01,N
23.31704,54.17125,312.44,0.34,0.56,2026-09-09,2131,N20,nominal,2.0NRT,300.13,1.97,N
23.31672,54.17464,311.07,0.34,0.56,2026-09-09,2131,N20,nominal,2.0NRT,300.75,2.09,N
23.31153,54.17403,367,0.34,0.56,2026-09-09,2131,N20,high,2.0NRT,300.03,6.91,N
23.31121,54.17743,334.08,0.34,0.56,2026-09-09,2131,N20,nominal,2.0NRT,300.87,6.91,N
23.19429,55.45756,327.44,0.56,0.52,2026-09-09,2131,N20,nominal,2.0NRT,299.88,2.75,N
23.18953,55.45695,311.76,0.56,0.52,2026-09-09,2131,N20,nominal,2.0NRT,299.41,2.75,N
23.31528,54.17373,367,0.34,0.56,2026-09-09,2131,N20,high,2.0NRT,301.33,8.43,N
23.31494,54.17712,352.49,0.34,0.56,2026-09-09,2131,N20,nominal,2.0NRT,301.41,8.43,N
23.30976,54.17652,322.18,0.34,0.56,2026-09-09,2131,N20,nominal,2.0NRT,299.1,0.99,N
23.3101,54.17314,309.76,0.34,0.56,2026-09-09,2131,N20,nominal,2.0NRT,298.12,0.99,N
23.27853,54.22696,309.8,0.34,0.56,2026-09-09,2131,N20,nominal,2.0NRT,298.6,0.69,N
22.65744,59.41523,312.21,0.49,0.4,2026-09-09,2131,N20,nominal,2.0NRT,301.78,1.35,N
22.88139,55.92257,330.74,0.52,0.5,2026-09-09,2131,N20,nominal,2.0NRT,297.55,4.31,N
22.87265,55.61308,325.32,0.55,0.51,2026-09-09,2131,N20,nominal,2.0NRT,297.23,3.2,N
22.78192,55.81365,310.69,0.53,0.5,2026-09-09,2131,N20,nominal,2.0NRT,297.29,1.85,N
22.67408,56.24694,311.52,0.5,0.49,2026-09-09,2131,N20,nominal,2.0NRT,297.71,0.88,N
22.67154,56.24903,309.29,0.5,0.49,2026-09-09,2131,N20,nominal,2.0NRT,297,1.15,N
22.40659,56.98983,331.55,0.44,0.46,2026-09-09,2131,N20,nominal,2.0NRT,297.41,2,N
22.33057,56.48737,339.08,0.47,0.48,2026-09-09,2131,N20,nominal,2.0NRT,296.18,7.55,N
22.29475,56.52747,309.29,0.47,0.48,2026-09-09,2131,N20,nominal,2.0NRT,297.37,0.75,N
22.52571,54.04995,311.61,0.34,0.56,2026-09-09,2131,N20,nominal,2.0NRT,298.73,1.15,N
21.9373,57.07299,341.53,0.43,0.46,2026-09-09,2131,N20,nominal,2.0NRT,297.38,5.7,N
21.89098,56.847,338.68,0.45,0.47,2026-09-09,2131,N20,nominal,2.0NRT,297.68,4.64,N
21.83442,56.6779,314.83,0.46,0.47,2026-09-09,2131,N20,nominal,2.0NRT,296.36,1.28,N
21.83389,56.68231,312.61,0.45,0.47,2026-09-09,2131,N20,nominal,2.0NRT,296.89,1.33,N
18.55977,74.38993,296.02,0.53,0.67,2026-09-09,2131,N20,nominal,2.0NRT,279.21,0.42,N
21.66476,56.41216,326.47,0.47,0.48,2026-09-09,2131,N20,nominal,2.0NRT,297.83,3.36,N
18.85809,72.92795,314.02,0.42,0.61,2026-09-09,2131,N20,nominal,2.0NRT,270.03,1.22,N
21.46015,56.96593,313.73,0.43,0.46,2026-09-09,2131,N20,nominal,2.0NRT,296.66,0.89,N
21.45593,56.96532,314.09,0.43,0.46,2026-09-09,2131,N20,nominal,2.0NRT,296.63,1.22,N
21.33387,57.72358,322.79,0.39,0.44,2026-09-09,2131,N20,nominal,2.0NRT,297.06,1.68,N
21.32183,57.72179,317.1,0.39,0.44,2026-09-09,2131,N20,nominal,2.0NRT,296.87,1.69,N
21.31505,57.74366,326.88,0.39,0.44,2026-09-09,2131,N20,nominal,2.0NRT,297.06,2.32,N
21.30419,57.79879,323.13,0.38,0.44,2026-09-09,2131,N20,nominal,2.0NRT,297.38,1.11,N
21.31104,57.74307,312.78,0.39,0.44,2026-09-09,2131,N20,nominal,2.0NRT,296.58,1.6,N
21.31058,57.7468,319.9,0.39,0.44,2026-09-09,2131,N20,nominal,2.0NRT,297.29,1.68,N
21.30233,57.79922,308.3,0.38,0.43,2026-09-09,2131,N20,nominal,2.0NRT,296.88,0.41,N
21.30636,57.70501,322.17,0.39,0.44,2026-09-09,2131,N20,nominal,2.0NRT,296.78,1.15,N
21.29719,57.68077,316.8,0.39,0.44,2026-09-09,2131,N20,nominal,2.0NRT,296.31,1.06,N
20.38916,55.65942,317.99,0.51,0.49,2026-09-09,2131,N20,nominal,2.0NRT,297.03,2.03,N
20.38629,55.64415,310.95,0.51,0.49,2026-09-09,2131,N20,nominal,2.0NRT,297.18,2.44,N
20.38733,55.6628,324.33,0.51,0.49,2026-09-09,2131,N20,nominal,2.0NRT,297.01,2.81,N
20.38456,55.64754,321.65,0.51,0.49,2026-09-09,2131,N20,nominal,2.0NRT,297,2.16,N
20.21483,55.71103,314.99,0.5,0.49,2026-09-09,2131,N20,nominal,2.0NRT,296.82,1.22,N
19.27031,56.173,318.8,0.45,0.47,2026-09-09,2133,N20,nominal,2.0NRT,296.14,1.09,N
18.3249,55.10578,338.74,0.52,0.5,2026-09-09,2133,N20,nominal,2.0NRT,297.19,6.06,N
18.17798,55.24695,307.27,0.5,0.49,2026-09-09,2133,N20,nominal,2.0NRT,296.9,0.72,N
18.01671,54.56941,338.19,0.55,0.51,2026-09-09,2133,N20,nominal,2.0NRT,297.18,10.41,N
18.01608,54.57465,311.76,0.55,0.51,2026-09-09,2133,N20,nominal,2.0NRT,297.81,10.41,N
12.98642,74.85329,326.26,0.74,0.76,2026-09-09,2133,N20,nominal,2.0NRT,287.46,4.91,N
12.98743,74.85194,323.57,0.74,0.76,2026-09-09,2133,N20,nominal,2.0NRT,287.71,5.75,N
38.68216,54.31433,326.63,0.37,0.58,2026-09-09,2307,N20,nominal,2.0NRT,285.87,2.18,N
38.65105,54.28337,319.67,0.36,0.58,2026-09-09,2307,N20,nominal,2.0NRT,285.12,1.16,N
38.64599,54.28117,305.43,0.36,0.58,2026-09-09,2307,N20,nominal,2.0NRT,285.04,0.67,N
32.33457,54.08416,300.09,0.52,0.67,2026-09-09,2309,N20,nominal,2.0NRT,289.42,0.92,N
31.85198,54.28646,303.01,0.55,0.68,2026-09-09,2309,N20,nominal,2.0NRT,291.3,1.03,N
31.62429,54.72528,305.9,0.59,0.7,2026-09-09,2309,N20,nominal,2.0NRT,291.97,1.56,N
31.62252,54.72244,305.61,0.59,0.7,2026-09-09,2309,N20,nominal,2.0NRT,290.4,1.91,N
30.7353,55.38451,301.73,0.68,0.74,2026-09-09,2309,N20,nominal,2.0NRT,289.81,0.68,N
30.37278,56.12803,297.11,0.77,0.77,2026-09-09,2309,N20,nominal,2.0NRT,286.35,0.91,N
29.993,55.85573,303.08,0.76,0.77,2026-09-09,2309,N20,nominal,2.0NRT,285.64,1.61,N
30.08055,55.39589,299.26,0.71,0.75,2026-09-09,2309,N20,nominal,2.0NRT,287.81,2.92,N
5.55065,100.41839,331.32,0.46,0.39,2026-09-10,0659,N20,nominal,2.0NRT,297.32,3.47,D
14.2152,100.32407,344.41,0.39,0.44,2026-09-10,0659,N20,nominal,2.0NRT,282.01,8.84,D
18.15776,96.4773,335.03,0.42,0.38,2026-09-10,0701,N20,nominal,2.0NRT,294.36,5.06,D
26.92147,93.17307,329.62,0.39,0.36,2026-09-10,0703,N20,nominal,2.0NRT,296.46,2.09,D
28.27603,95.6991,327.3,0.48,0.4,2026-09-10,0703,N20,low,2.0NRT,301.48,3.43,D
29.5408,90.96055,327.13,0.39,0.36,2026-09-10,0703,N20,low,2.0NRT,300.44,3.68,D
29.55017,90.99902,334.62,0.39,0.36,2026-09-10,0703,N20,nominal,2.0NRT,296.64,2.6,D
29.54956,90.99511,335.08,0.39,0.36,2026-09-10,0703,N20,nominal,2.0NRT,296.26,2.52,D
29.5459,90.97163,326.72,0.39,0.36,2026-09-10,0703,N20,low,2.0NRT,299.32,3.7,D
29.55405,91.00228,328.32,0.38,0.36,2026-09-10,0703,N20,nominal,2.0NRT,297.99,2.6,D
29.55344,90.99837,334.77,0.39,0.36,2026-09-10,0703,N20,nominal,2.0NRT,297.82,2.6,D
29.55283,90.99445,328.21,0.39,0.36,2026-09-10,0703,N20,nominal,2.0NRT,298.11,2.52,D
29.55783,90.99806,339.48,0.38,0.36,2026-09-10,0703,N20,nominal,2.0NRT,301.39,2.68,D
29.55661,90.99023,326.82,0.39,0.36,2026-09-10,0703,N20,nominal,2.0NRT,296.15,3.28,D
29.23514,88.87904,333.35,0.43,0.38,2026-09-10,0703,N20,nominal,2.0NRT,297.26,3.07,D
29.27784,88.90055,333.91,0.42,0.38,2026-09-10,0703,N20,nominal,2.0NRT,296.33,2.4,D
14.33404,76.23808,337.78,0.47,0.48,2026-09-10,0841,N20,nominal,2.0NRT,299.04,4.97,D
14.72555,75.63626,331.57,0.44,0.46,2026-09-10,0841,N20,nominal,2.0NRT,295.04,2.03,D
14.72512,75.63232,336.8,0.44,0.46,2026-09-10,0841,N20,nominal,2.0NRT,297.36,3.62,D
15.20596,75.79608,338.88,0.45,0.47,2026-09-10,0841,N20,nominal,2.0NRT,304.43,4.8,D
16.8078,74.64398,334.11,0.4,0.44,2026-09-10,0841,N20,nominal,2.0NRT,300.79,1.81,D
18.4602,78.97506,329.33,0.4,0.6,2026-09-10,0843,N20,nominal,2.0NRT,288.37,2.77,D
21.1036,72.64632,343.04,0.52,0.42,2026-09-10,0843,N20,nominal,2.0NRT,304.24,25.24,D
21.10231,72.63628,338.06,0.52,0.42,2026-09-10,0843,N20,nominal,2.0NRT,303.09,36.95,D
21.10742,72.64577,336.19,0.52,0.42,2026-09-10,0843,N20,nominal,2.0NRT,302.54,7.74,D
21.16922,72.64999,332.16,0.52,0.42,2026-09-10,0843,N20,nominal,2.0NRT,298.2,2.23,D
18.01078,54.57625,348.84,0.76,0.77,2026-09-10,0843,N20,nominal,2.0NRT,300.69,7.59,D
18.00914,54.56931,335.59,0.77,0.77,2026-09-10,0843,N20,nominal,2.0NRT,300.4,7.59,D
18.32365,55.10511,338.88,0.7,0.75,2026-09-10,0843,N20,nominal,2.0NRT,302.2,2,D
22.80522,71.07373,337.05,0.46,0.39,2026-09-10,0843,N20,nominal,2.0NRT,303.58,4.52,D
22.81121,71.06378,341.39,0.46,0.39,2026-09-10,0843,N20,nominal,2.0NRT,303.23,3.53,D
22.79973,70.89507,332.33,0.45,0.39,2026-09-10,0843,N20,low,2.0NRT,305.46,2.55,D
22.9271,70.10993,334.08,0.42,0.38,2026-09-10,0843,N20,nominal,2.0NRT,302.93,5.37,D
22.92653,70.10585,335.81,0.42,0.38,2026-09-10,0843,N20,low,2.0NRT,309.08,5.37,D
22.93326,69.70196,337.36,0.41,0.37,2026-09-10,0843,N20,nominal,2.0NRT,305.4,3.3,D
22.9327,69.698,337.35,0.41,0.37,2026-09-10,0843,N20,nominal,2.0NRT,305.31,2.86,D
23.02738,69.00545,342.36,0.39,0.37,2026-09-10,0843,N20,nominal,2.0NRT,299.98,3.39,D
35.85519,62.97087,347.78,0.39,0.36,2026-09-10,0848,N20,nominal,2.0NRT,316.03,9.07,D
23.07964,69.34841,334.04,0.4,0.37,2026-09-10,0843,N20,nominal,2.0NRT,302.33,2.63,D
23.083,69.34785,335.99,0.4,0.37,2026-09-10,0843,N20,nominal,2.0NRT,303.44,2.63,D
23.22842,69.8389,340.07,0.42,0.37,2026-09-10,0843,N20,nominal,2.0NRT,308.94,6.05,D
23.22786,69.83487,348.48,0.42,0.37,2026-09-10,0843,N20,nominal,2.0NRT,310.33,6.05,D
36.34855,59.54531,337.78,0.49,0.4,2026-09-10,0848,N20,low,2.0NRT,309.13,5.94,D
23.23128,69.83433,344.66,0.42,0.37,2026-09-10,0843,N20,nominal,2.0NRT,309.89,8.75,D
37.11895,62.36309,344.26,0.39,0.37,2026-09-10,0848,N20,low,2.0NRT,314.53,12.74,D
20.99873,56.53214,339.93,0.49,0.65,2026-09-10,0843,N20,nominal,2.0NRT,305.24,2.45,D
38.05178,67.26601,346.05,0.45,0.39,2026-09-10,0848,N20,nominal,2.0NRT,320.66,17.21,D
21.30357,57.80041,339.75,0.4,0.6,2026-09-10,0843,N20,nominal,2.0NRT,308.81,1.03,D
37.12867,60.63837,333.84,0.43,0.38,2026-09-10,0848,N20,nominal,2.0NRT,304.48,2.72,D
21.30946,57.74689,341.06,0.41,0.6,2026-09-10,0843,N20,nominal,2.0NRT,308.35,3.36,D
37.42446,62.3098,332.63,0.39,0.36,2026-09-10,0848,N20,nominal,2.0NRT,302.37,2.17,D
21.33321,57.72489,340.67,0.41,0.6,2026-09-10,0843,N20,nominal,2.0NRT,308.71,1.67,D
37.24126,61.15081,332.89,0.42,0.38,2026-09-10,0848,N20,nominal,2.0NRT,301.31,2.93,D
23.79187,71.8854,330.07,0.51,0.41,2026-09-10,0843,N20,low,2.0NRT,302.84,2.4,D
37.49718,61.85035,334.22,0.4,0.37,2026-09-10,0848,N20,low,2.0NRT,306.1,2.04,D
37.49643,61.84589,336.37,0.4,0.37,2026-09-10,0848,N20,nominal,2.0NRT,306.73,2.04,D
21.83318,56.68344,341.96,0.46,0.64,2026-09-10,0843,N20,nominal,2.0NRT,308.58,0.78,D
37.49753,61.77082,333.45,0.4,0.37,2026-09-10,0848,N20,low,2.0NRT,305.51,2.92,D
21.83318,56.68113,340.02,0.46,0.64,2026-09-10,0843,N20,nominal,2.0NRT,308.97,0.86,D
37.62745,62.17241,331.74,0.39,0.37,2026-09-10,0848,N20,low,2.0NRT,306.17,1.96,D
21.93573,57.0761,352.32,0.44,0.62,2026-09-10,0843,N20,nominal,2.0NRT,308.38,4.23,D
37.63659,62.20677,333.92,0.39,0.36,2026-09-10,0848,N20,nominal,2.0NRT,305.88,1.83,D
21.8899,56.84922,341.22,0.45,0.63,2026-09-10,0843,N20,nominal,2.0NRT,308.05,0.78,D
37.30296,60.12842,334.43,0.45,0.39,2026-09-10,0848,N20,nominal,2.0NRT,297.35,3.19,D
24.68862,73.0032,330.72,0.4,0.44,2026-09-10,0843,N20,low,2.0NRT,304.92,3.53,D
37.36178,60.40604,334.65,0.44,0.38,2026-09-10,0848,N20,nominal,2.0NRT,301.44,2.1,D
24.32848,69.73611,339.88,0.42,0.38,2026-09-10,0843,N20,nominal,2.0NRT,306.92,7.31,D
37.58506,61.56005,335.33,0.41,0.37,2026-09-10,0848,N20,low,2.0NRT,309.68,1.8,D
24.90682,73.67176,339.17,0.44,0.46,2026-09-10,0843,N20,nominal,2.0NRT,298.32,5.84,D
37.65465,61.90714,334.87,0.4,0.37,2026-09-10,0848,N20,nominal,2.0NRT,307.68,1.71,D
22.40715,56.9919,336.71,0.43,0.62,2026-09-10,0843,N20,low,2.0NRT,308.74,3.9,D
37.59508,61.55733,336.63,0.41,0.37,2026-09-10,0848,N20,low,2.0NRT,310.62,3.05,D
22.32442,56.49338,340.07,0.47,0.64,2026-09-10,0845,N20,nominal,2.0NRT,309.35,4.25,D
37.59376,61.52927,342.6,0.41,0.37,2026-09-10,0848,N20,nominal,2.0NRT,310.06,3.01,D
22.3301,56.49171,344.69,0.47,0.64,2026-09-10,0845,N20,nominal,2.0NRT,310.09,4.25,D
37.61029,61.60521,337.28,0.4,0.37,2026-09-10,0848,N20,low,2.0NRT,308.82,2.38,D
37.61233,61.57629,337.38,0.41,0.37,2026-09-10,0848,N20,low,2.0NRT,309.08,2.17,D
22.32372,56.49015,352.46,0.47,0.64,2026-09-10,0845,N20,nominal,2.0NRT,309.45,8.93,D
37.72779,62.09616,337.6,0.4,0.37,2026-09-10,0850,N20,nominal,2.0NRT,308.79,3.86,D
22.43891,56.70226,342.4,0.45,0.63,2026-09-10,0845,N20,nominal,2.0NRT,310.66,13.55,D
37.54722,60.48232,335.54,0.43,0.38,2026-09-10,0850,N20,nominal,2.0NRT,303.04,3.08,D
24.6378,67.70178,340.02,0.38,0.36,2026-09-10,0845,N20,nominal,2.0NRT,307.29,4.38,D
24.94953,67.6068,342.24,0.38,0.36,2026-09-10,0845,N20,nominal,2.0NRT,311.4,3.42,D
25.2685,69.10244,334.83,0.41,0.37,2026-09-10,0845,N20,nominal,2.0NRT,306.47,2.79,D
25.05169,67.49538,339.79,0.38,0.36,2026-09-10,0845,N20,low,2.0NRT,313.1,2.77,D
22.87908,55.92739,367,0.49,0.65,2026-09-10,0845,N20,high,2.0NRT,314.85,5.77,D
22.87451,55.61512,344.19,0.51,0.66,2026-09-10,0845,N20,low,2.0NRT,314.59,1.31,D
22.5217,54.05607,343.94,0.65,0.73,2026-09-10,0845,N20,nominal,2.0NRT,310.35,6.09,D
22.5249,54.04874,344.64,0.65,0.73,2026-09-10,0845,N20,nominal,2.0NRT,310.45,3.99,D
23.19141,55.45921,356.17,0.52,0.67,2026-09-10,0845,N20,nominal,2.0NRT,311.91,4.18,D
23.19214,55.45607,346.71,0.52,0.67,2026-09-10,0845,N20,nominal,2.0NRT,312.04,4.06,D
26.07046,71.25757,341.24,0.51,0.41,2026-09-10,0845,N20,low,2.0NRT,311.82,7.05,D
23.30952,54.18012,348.23,0.62,0.71,2026-09-10,0845,N20,nominal,2.0NRT,310.19,4.27,D
23.30927,54.17802,347.4,0.62,0.71,2026-09-10,0845,N20,nominal,2.0NRT,310.09,4.58,D
24.45798,56.55775,338.09,0.41,0.61,2026-09-10,0845,N20,nominal,2.0NRT,306.93,4.26,D
24.50499,56.61131,331.47,0.41,0.61,2026-09-10,0845,N20,low,2.0NRT,305.28,1.35,D
24.50409,56.60738,342.15,0.41,0.61,2026-09-10,0845,N20,nominal,2.0NRT,305.55,4.2,D
27.72977,71.66293,340.22,0.55,0.43,2026-09-10,0845,N20,low,2.0NRT,312.89,1.52,D
28.08613,67.65223,339.03,0.39,0.36,2026-09-10,0845,N20,low,2.0NRT,309.71,7.87,D
28.30565,67.81373,344.61,0.4,0.37,2026-09-10,0845,N20,nominal,2.0NRT,310.79,7.56,D
29.19349,71.26596,343.29,0.55,0.43,2026-09-10,0845,N20,nominal,2.0NRT,305.09,3.72,D
29.1974,71.2654,330.1,0.55,0.43,2026-09-10,0845,N20,nominal,2.0NRT,302.54,3.72,D
29.34097,70.9845,332.22,0.53,0.42,2026-09-10,0845,N20,low,2.0NRT,305.48,2.69,D
29.89778,77.03768,331.47,0.41,0.6,2026-09-10,0845,N20,nominal,2.0NRT,295.96,2.28,D
29.89682,72.95303,342.43,0.46,0.47,2026-09-10,0845,N20,nominal,2.0NRT,304.53,18.64,D
29.89635,72.94823,336.15,0.46,0.47,2026-09-10,0845,N20,nominal,2.0NRT,305.25,13.74,D
27.16782,56.05637,350.91,0.39,0.59,2026-09-10,0845,N20,nominal,2.0NRT,305.63,6.21,D
27.16695,56.0526,348.1,0.39,0.59,2026-09-10,0845,N20,nominal,2.0NRT,305.74,6.21,D
27.16423,56.05235,340.97,0.39,0.59,2026-09-10,0845,N20,nominal,2.0NRT,305.71,2.83,D
27.17042,56.05461,367,0.39,0.59,2026-09-10,0845,N20,high,2.0NRT,306.19,2.83,D
27.16953,56.05085,335.96,0.39,0.59,2026-09-10,0845,N20,nominal,2.0NRT,305.84,2.83,D
27.75873,57.06759,337.22,0.33,0.55,2026-09-10,0845,N20,low,2.0NRT,307.77,1.77,D
31.11552,74.6421,342.94,0.6,0.53,2026-09-10,0845,N20,nominal,2.0NRT,298.83,13.36,D
31.12585,74.64738,333.04,0.6,0.53,2026-09-10,0845,N20,nominal,2.0NRT,297.45,4.86,D
31.47265,74.99766,332.46,0.32,0.54,2026-09-10,0845,N20,nominal,2.0NRT,296.46,2.21,D
31.2351,72.17068,337.28,0.43,0.46,2026-09-10,0845,N20,nominal,2.0NRT,303.91,5.21,D
31.53306,72.39808,344.16,0.45,0.47,2026-09-10,0845,N20,nominal,2.0NRT,304.66,12.39,D
31.53543,72.39806,343.96,0.45,0.47,2026-09-10,0845,N20,nominal,2.0NRT,301.18,10.33,D
29.99103,55.85897,344.69,0.34,0.56,2026-09-10,0845,N20,nominal,2.0NRT,314.67,7.5,D
29.99029,55.85577,348.12,0.34,0.56,2026-09-10,0845,N20,nominal,2.0NRT,316.32,7.89,D
29.98834,55.8565,367,0.34,0.56,2026-09-10,0845,N20,high,2.0NRT,317.43,7.74,D
6.18637,81.12122,339.38,0.39,0.59,2026-09-10,0839,N20,nominal,2.0NRT,297.67,3.64,D
6.18714,81.00829,353.76,0.38,0.59,2026-09-10,0839,N20,nominal,2.0NRT,297.85,12,D
6.18665,81.00483,355.8,0.38,0.59,2026-09-10,0839,N20,nominal,2.0NRT,300.18,12.26,D
6.41714,80.88791,356.59,0.38,0.58,2026-09-10,0839,N20,nominal,2.0NRT,293.95,7.67,D
6.41482,80.89008,367,0.38,0.58,2026-09-10,0839,N20,high,2.0NRT,291.63,7.36,D
6.76339,81.38902,333.16,0.41,0.61,2026-09-10,0839,N20,nominal,2.0NRT,287.43,2.73,D
6.71729,80.93481,353.08,0.38,0.59,2026-09-10,0839,N20,nominal,2.0NRT,289.11,10.92,D
6.7178,80.93841,356.46,0.38,0.59,2026-09-10,0839,N20,low,2.0NRT,287.19,10.92,D
7.55149,80.98322,344.62,0.4,0.6,2026-09-10,0839,N20,nominal,2.0NRT,275.56,6.88,D
7.60253,80.98403,331.15,0.4,0.6,2026-09-10,0839,N20,nominal,2.0NRT,267.8,2.32,D
7.78351,80.40458,331.59,0.36,0.58,2026-09-10,0839,N20,nominal,2.0NRT,289.41,2.8,D
7.71075,79.86491,331.69,0.33,0.56,2026-09-10,0839,N20,nominal,2.0NRT,293.19,2.19,D
7.87725,79.9557,343.02,0.34,0.56,2026-09-10,0839,N20,nominal,2.0NRT,296.1,3.12,D
7.87936,79.95422,331.79,0.34,0.56,2026-09-10,0839,N20,nominal,2.0NRT,295.29,2.64,D
8.13481,80.59289,345.74,0.38,0.59,2026-09-10,0839,N20,nominal,2.0NRT,289.73,6.71,D
8.26673,80.13835,342.5,0.35,0.57,2026-09-10,0839,N20,nominal,2.0NRT,292.56,3.73,D
8.43527,81.078,331.22,0.41,0.61,2026-09-10,0839,N20,nominal,2.0NRT,291.47,3.87,D
8.40037,80.38184,367,0.37,0.58,2026-09-10,0839,N20,high,2.0NRT,293.21,5.11,D
8.41062,80.3771,345.37,0.37,0.58,2026-09-10,0839,N20,nominal,2.0NRT,297.49,8.44,D
8.48625,80.8263,337.35,0.4,0.6,2026-09-10,0839,N20,nominal,2.0NRT,297.01,3.44,D
8.48556,80.48867,331.44,0.38,0.59,2026-09-10,0839,N20,nominal,2.0NRT,298.44,7.9,D
8.44332,80.17745,354.89,0.36,0.57,2026-09-10,0839,N20,nominal,2.0NRT,298.84,8.13,D
8.49049,80.48458,367,0.38,0.59,2026-09-10,0839,N20,high,2.0NRT,297.15,7.9,D
8.49003,80.48119,354.89,0.38,0.59,2026-09-10,0839,N20,nominal,2.0NRT,300.23,14.03,D
8.44264,80.17577,350.51,0.36,0.57,2026-09-10,0839,N20,nominal,2.0NRT,300.23,7.51,D
8.48748,80.48348,367,0.38,0.59,2026-09-10,0839,N20,high,2.0NRT,299.43,17.84,D
8.48835,80.4903,341.33,0.38,0.59,2026-09-10,0839,N20,nominal,2.0NRT,297.56,3.69,D
8.48704,80.48007,341.53,0.38,0.59,2026-09-10,0839,N20,nominal,2.0NRT,299.33,10.98,D
8.5585,80.86448,335.79,0.4,0.6,2026-09-10,0839,N20,nominal,2.0NRT,297.75,3.02,D
8.4766,80.14832,345.48,0.36,0.57,2026-09-10,0839,N20,nominal,2.0NRT,298.47,3.77,D
8.56403,80.73402,367,0.39,0.6,2026-09-10,0839,N20,high,2.0NRT,299.12,8.11,D
8.51189,80.33518,334.46,0.37,0.58,2026-09-10,0839,N20,nominal,2.0NRT,294.79,2.66,D
8.59987,80.83672,367,0.4,0.6,2026-09-10,0839,N20,high,2.0NRT,295.33,9.52,D
8.5927,80.69775,344.58,0.39,0.59,2026-09-10,0839,N20,nominal,2.0NRT,294.35,3.18,D
8.65085,80.70855,356.32,0.39,0.6,2026-09-10,0839,N20,nominal,2.0NRT,298.82,15.58,D
8.70092,80.74999,339.96,0.4,0.6,2026-09-10,0839,N20,nominal,2.0NRT,297.04,2.58,D
8.66218,80.41547,339.59,0.38,0.58,2026-09-10,0839,N20,nominal,2.0NRT,297.42,3.39,D
8.80587,80.99761,333.87,0.41,0.61,2026-09-10,0839,N20,nominal,2.0NRT,296.96,4.58,D
8.83293,80.98672,367,0.41,0.61,2026-09-10,0839,N20,high,2.0NRT,290.47,15.89,D
8.83392,80.9943,334.87,0.41,0.61,2026-09-10,0839,N20,nominal,2.0NRT,293.17,14.4,D
8.83342,80.9905,353.81,0.41,0.61,2026-09-10,0839,N20,nominal,2.0NRT,292.3,15.89,D
8.81906,80.62601,355.72,0.39,0.59,2026-09-10,0839,N20,nominal,2.0NRT,296.6,5.04,D
8.81859,80.62242,341.77,0.39,0.59,2026-09-10,0839,N20,nominal,2.0NRT,296.7,5.04,D
8.82453,80.62531,367,0.39,0.59,2026-09-10,0839,N20,high,2.0NRT,297.95,7.99,D
8.82405,80.62175,344.2,0.39,0.59,2026-09-10,0839,N20,nominal,2.0NRT,298.06,7.99,D
8.8177,80.5332,334.66,0.38,0.59,2026-09-10,0839,N20,nominal,2.0NRT,297.43,1.69,D
8.82033,80.62571,367,0.39,0.59,2026-09-10,0839,N20,high,2.0NRT,298.28,8.77,D
8.81988,80.62212,353.83,0.39,0.59,2026-09-10,0839,N20,nominal,2.0NRT,298.46,8.77,D
8.82535,80.62143,331.93,0.39,0.59,2026-09-10,0839,N20,nominal,2.0NRT,297.41,8.77,D
8.81963,80.53264,334.04,0.38,0.59,2026-09-10,0839,N20,nominal,2.0NRT,296.55,1.49,D
8.93386,80.89822,332.55,0.41,0.61,2026-09-10,0839,N20,nominal,2.0NRT,296.86,2.45,D
8.92558,80.83493,335.59,0.4,0.6,2026-09-10,0839,N20,nominal,2.0NRT,298.67,4.57,D
8.86971,80.36816,347.88,0.38,0.58,2026-09-10,0839,N20,nominal,2.0NRT,298.89,6.66,D
8.95807,80.78231,331.34,0.4,0.6,2026-09-10,0839,N20,nominal,2.0NRT,295.46,1.2,D
8.9364,80.57901,332.32,0.39,0.59,2026-09-10,0839,N20,nominal,2.0NRT,298.1,1.93,D
8.95765,80.78121,331.02,0.4,0.6,2026-09-10,0839,N20,nominal,2.0NRT,295.16,2.62,D
8.93201,80.57817,336.21,0.39,0.59,2026-09-10,0839,N20,nominal,2.0NRT,299.24,3.87,D
8.61399,78.09605,333.34,0.52,0.5,2026-09-10,0839,N20,nominal,2.0NRT,301.73,5.7,D
8.60551,77.96375,330.43,0.51,0.49,2026-09-10,0839,N20,nominal,2.0NRT,295.45,1.71,D
8.94484,80.46224,342.33,0.38,0.59,2026-09-10,0839,N20,nominal,2.0NRT,297.39,4.58,D
8.68469,78.10103,332.46,0.52,0.5,2026-09-10,0839,N20,nominal,2.0NRT,300.08,5.45,D
10.10305,78.58281,332.84,0.59,0.53,2026-09-10,0839,N20,nominal,2.0NRT,274.92,3.91,D
18.01292,54.57703,342.23,0.46,0.64,2026-09-10,1024,N20,nominal,2.0NRT,302.11,5.26,D
18.01247,54.5726,338.63,0.46,0.64,2026-09-10,1024,N20,nominal,2.0NRT,302.94,4.84,D
18.32186,55.11025,336.82,0.51,0.66,2026-09-10,1024,N20,nominal,2.0NRT,301.88,2.5,D
18.32141,55.10538,337,0.51,0.66,2026-09-10,1024,N20,nominal,2.0NRT,302.65,2.7,D
20.22596,55.74242,336.36,0.59,0.7,2026-09-10,1026,N20,nominal,2.0NRT,302.24,1.97,D
20.99804,56.53683,336.01,0.67,0.74,2026-09-10,1026,N20,nominal,2.0NRT,302.9,2.06,D
21.46084,56.97337,336.91,0.73,0.76,2026-09-10,1026,N20,nominal,2.0NRT,304.96,6.24,D
21.93699,57.07952,335.19,0.74,0.76,2026-09-10,1026,N20,nominal,2.0NRT,303.66,2.66,D
21.93411,57.07822,336.56,0.75,0.77,2026-09-10,1026,N20,nominal,2.0NRT,303.41,3.44,D
22.32512,56.49233,342.44,0.69,0.74,2026-09-10,1026,N20,nominal,2.0NRT,306.79,4.15,D
22.87513,55.92465,339.13,0.64,0.72,2026-09-10,1026,N20,low,2.0NRT,309.93,3.49,D
22.8756,55.93098,356.43,0.64,0.72,2026-09-10,1026,N20,low,2.0NRT,309.41,6.64,D
22.87049,55.61809,340.7,0.61,0.71,2026-09-10,1026,N20,low,2.0NRT,311.38,2.69,D
27.16614,56.06043,336.31,0.72,0.75,2026-09-10,1026,N20,nominal,2.0NRT,299.65,2.84,D
6.64592,81.19267,313.84,0.33,0.56,2026-09-10,1936,N20,nominal,2.0NRT,279.34,0.9,N
6.6455,81.19569,302.65,0.33,0.56,2026-09-10,1936,N20,nominal,2.0NRT,279.93,0.9,N
6.60731,80.88913,313,0.35,0.57,2026-09-10,1936,N20,nominal,2.0NRT,292.3,0.89,N
39.86233,98.2522,316.87,0.38,0.36,2026-09-10,1925,N20,nominal,2.0NRT,285.48,1.16,N
39.84183,98.27446,295.28,0.38,0.36,2026-09-10,1925,N20,nominal,2.0NRT,282.92,0.49,N
39.84135,98.25588,297.77,0.38,0.36,2026-09-10,1925,N20,nominal,2.0NRT,282.97,0.54,N
39.81477,98.29213,298.64,0.38,0.36,2026-09-10,1925,N20,nominal,2.0NRT,286.8,0.81,N
39.81081,98.29569,300.63,0.38,0.36,2026-09-10,1925,N20,nominal,2.0NRT,285.61,0.81,N
39.81011,98.30012,302.27,0.38,0.36,2026-09-10,1925,N20,nominal,2.0NRT,286.63,1.09,N
39.78983,98.29935,313.94,0.38,0.36,2026-09-10,1925,N20,nominal,2.0NRT,285.69,1.9,N
39.79305,97.88545,304.83,0.39,0.36,2026-09-10,1925,N20,nominal,2.0NRT,285,1.08,N
39.79237,97.88988,299.78,0.39,0.36,2026-09-10,1925,N20,nominal,2.0NRT,284.38,1.44,N
38.85343,100.81422,296.96,0.42,0.38,2026-09-10,1925,N20,nominal,2.0NRT,283.8,0.73,N
27.60643,95.40037,309.12,0.39,0.36,2026-09-10,1930,N20,nominal,2.0NRT,293.04,1.59,N
27.39723,96.00844,305.61,0.39,0.37,2026-09-10,1930,N20,nominal,2.0NRT,292.47,0.93,N
27.47022,95.42136,312.12,0.39,0.36,2026-09-10,1930,N20,nominal,2.0NRT,294.39,1.53,N
27.37854,95.33508,333.1,0.39,0.36,2026-09-10,1930,N20,nominal,2.0NRT,293.98,3.06,N
27.32681,95.2766,311.4,0.39,0.36,2026-09-10,1930,N20,nominal,2.0NRT,293.85,1.43,N
37.34748,97.41022,300.46,0.38,0.36,2026-09-10,1928,N20,nominal,2.0NRT,280.27,0.76,N
36.441,101.60382,295.15,0.48,0.4,2026-09-10,1928,N20,nominal,2.0NRT,279.67,0.72,N
24.40896,97.77454,298.88,0.48,0.4,2026-09-10,1930,N20,nominal,2.0NRT,287.91,0.71,N
35.99279,94.82977,298.68,0.41,0.37,2026-09-10,1928,N20,nominal,2.0NRT,276.53,1.1,N
21.77904,97.14097,303.25,0.49,0.4,2026-09-10,1932,N20,nominal,2.0NRT,289.01,1.12,N
30.95041,97.36161,299.46,0.4,0.37,2026-09-10,1928,N20,nominal,2.0NRT,286.46,0.79,N
20.99956,86.01295,304.3,0.5,0.49,2026-09-10,1932,N20,nominal,2.0NRT,280.59,1.92,N
30.07015,96.97738,306.5,0.4,0.37,2026-09-10,1930,N20,nominal,2.0NRT,286.32,0.7,N
20.97146,86.01878,298.63,0.5,0.49,2026-09-10,1932,N20,nominal,2.0NRT,275.76,1.2,N
20.96752,86.01344,298.72,0.5,0.49,2026-09-10,1932,N20,nominal,2.0NRT,274.47,1.43,N
20.95017,86.0451,302.54,0.5,0.49,2026-09-10,1932,N20,nominal,2.0NRT,277.61,1.23,N
20.94963,86.04981,297.88,0.5,0.49,2026-09-10,1932,N20,nominal,2.0NRT,276.81,1.23,N
20.88994,84.97826,311.97,0.58,0.52,2026-09-10,1932,N20,nominal,2.0NRT,279.97,2.49,N
20.88932,84.9838,299.61,0.58,0.52,2026-09-10,1932,N20,nominal,2.0NRT,280.03,2.49,N
8.91763,80.78133,333.67,0.38,0.59,2026-09-10,1936,N20,nominal,2.0NRT,281.7,3.62,N
24.93557,74.63524,307.33,0.41,0.45,2026-09-10,2112,N20,nominal,2.0NRT,294.76,1.33,N
27.12568,59.07662,309.83,0.37,0.58,2026-09-10,2112,N20,nominal,2.0NRT,296.89,1.06,N
27.17481,56.04629,309.72,0.57,0.69,2026-09-10,2112,N20,nominal,2.0NRT,297.28,1.11,N
27.17445,56.05209,309.48,0.57,0.69,2026-09-10,2112,N20,nominal,2.0NRT,297.4,2.46,N
27.16839,56.04568,316.11,0.57,0.69,2026-09-10,2112,N20,nominal,2.0NRT,297.65,1.75,N
27.16513,56.09798,313.69,0.57,0.69,2026-09-10,2112,N20,nominal,2.0NRT,297.53,2.12,N
24.66282,74.63158,302.49,0.42,0.45,2026-09-10,2112,N20,nominal,2.0NRT,289.75,0.82,N
24.66202,74.63566,306.54,0.42,0.45,2026-09-10,2112,N20,nominal,2.0NRT,291.29,1.54,N
24.82164,73.0924,308.66,0.52,0.41,2026-09-10,2112,N20,nominal,2.0NRT,294.76,1.75,N
26.95703,55.53836,312.15,0.61,0.71,2026-09-10,2112,N20,nominal,2.0NRT,298.85,4.01,N
26.95835,55.54013,311.64,0.61,0.71,2026-09-10,2112,N20,nominal,2.0NRT,298.78,1.57,N
24.68977,73.00391,310.3,0.51,0.41,2026-09-10,2112,N20,nominal,2.0NRT,294.12,2.15,N
25.38819,68.5816,322.4,0.38,0.36,2026-09-10,2112,N20,nominal,2.0NRT,296.91,1.44,N
25.35771,68.60311,312.7,0.38,0.36,2026-09-10,2112,N20,nominal,2.0NRT,295.9,0.84,N
25.15571,67.7049,306.74,0.39,0.36,2026-09-10,2112,N20,nominal,2.0NRT,296.35,0.74,N
25.0522,67.49371,326.79,0.39,0.36,2026-09-10,2112,N20,nominal,2.0NRT,298.83,2.7,N
25.15767,66.78317,307.46,0.41,0.37,2026-09-10,2112,N20,nominal,2.0NRT,296.72,1.12,N
25.1394,66.90778,306.3,0.41,0.37,2026-09-10,2112,N20,nominal,2.0NRT,295.82,1.64,N
24.99273,66.93204,313.38,0.4,0.37,2026-09-10,2112,N20,nominal,2.0NRT,295.14,1.26,N
24.78321,67.35892,309.34,0.39,0.37,2026-09-10,2112,N20,nominal,2.0NRT,296.36,1.39,N
25.97714,56.06398,312.39,0.56,0.69,2026-09-10,2112,N20,nominal,2.0NRT,300.74,3.18,N
25.97079,56.06343,311.75,0.56,0.69,2026-09-10,2112,N20,nominal,2.0NRT,300.77,3.18,N
25.96835,56.06276,312.28,0.56,0.68,2026-09-10,2112,N20,nominal,2.0NRT,300.46,7.66,N
25.57372,55.98481,310.41,0.56,0.69,2026-09-10,2112,N20,nominal,2.0NRT,299.77,1.31,N
25.30879,56.3688,313.54,0.52,0.67,2026-09-10,2112,N20,nominal,2.0NRT,299.68,0.94,N
25.30985,56.37083,310.07,0.52,0.67,2026-09-10,2112,N20,nominal,2.0NRT,299.9,0.95,N
23.31567,70.48885,306.92,0.42,0.37,2026-09-10,2112,N20,nominal,2.0NRT,293.12,1.34,N
23.2559,70.26224,313.5,0.41,0.37,2026-09-10,2112,N20,nominal,2.0NRT,295.47,1.47,N
24.99146,55.62406,317.58,0.58,0.7,2026-09-10,2112,N20,nominal,2.0NRT,296.95,3,N
23.49709,68.57849,312.81,0.38,0.36,2026-09-10,2112,N20,nominal,2.0NRT,297.08,2.04,N
23.43117,68.71278,309.24,0.39,0.36,2026-09-10,2112,N20,nominal,2.0NRT,296.58,1.18,N
23.12122,70.08503,313.11,0.41,0.37,2026-09-10,2112,N20,nominal,2.0NRT,294.47,0.76,N
22.85861,71.53593,307.48,0.46,0.39,2026-09-10,2112,N20,nominal,2.0NRT,294.55,0.55,N
22.93254,69.69623,319.87,0.4,0.37,2026-09-10,2112,N20,nominal,2.0NRT,294.78,3.25,N
24.50662,56.60522,328.65,0.5,0.66,2026-09-10,2112,N20,nominal,2.0NRT,302.67,3.57,N
22.65458,70.98026,306.64,0.44,0.38,2026-09-10,2112,N20,nominal,2.0NRT,294.65,1.48,N
24.51111,54.00888,335.92,0.72,0.76,2026-09-10,2112,N20,nominal,2.0NRT,298.75,7.57,N
24.51065,54.01617,323.73,0.72,0.76,2026-09-10,2112,N20,nominal,2.0NRT,299,7.25,N
22.33988,69.85332,310.47,0.41,0.37,2026-09-10,2112,N20,nominal,2.0NRT,295.68,1.4,N
22.33722,69.86897,310.44,0.41,0.37,2026-09-10,2112,N20,nominal,2.0NRT,295.77,2.14,N
21.69623,72.53899,311.09,0.54,0.42,2026-09-10,2114,N20,nominal,2.0NRT,290.94,2.84,N
21.69855,72.53758,307.63,0.54,0.42,2026-09-10,2114,N20,nominal,2.0NRT,290.86,2.08,N
23.48756,58.27763,312.99,0.38,0.59,2026-09-10,2114,N20,nominal,2.0NRT,299.35,0.98,N
23.48552,58.27842,316.69,0.38,0.59,2026-09-10,2114,N20,nominal,2.0NRT,300.93,0.8,N
21.10826,72.64479,316.08,0.56,0.43,2026-09-10,2114,N20,nominal,2.0NRT,288.13,5.36,N
21.10438,72.64396,335.61,0.56,0.43,2026-09-10,2114,N20,nominal,2.0NRT,288.79,5.83,N
21.10245,72.6326,324.26,0.56,0.43,2026-09-10,2114,N20,nominal,2.0NRT,280.81,3.69,N
21.10147,72.63786,322.73,0.56,0.43,2026-09-10,2114,N20,nominal,2.0NRT,284.76,5.83,N
23.31306,54.17147,367,0.69,0.74,2026-09-10,2114,N20,high,2.0NRT,298.91,12.65,N
23.19684,55.45133,334.19,0.57,0.69,2026-09-10,2114,N20,nominal,2.0NRT,298.01,3.79,N
23.19642,55.457,317.04,0.57,0.69,2026-09-10,2114,N20,nominal,2.0NRT,299.22,4.5,N
23.19043,55.45069,309.61,0.57,0.69,2026-09-10,2114,N20,nominal,2.0NRT,298.13,2.63,N
23.19002,55.45636,313.14,0.57,0.69,2026-09-10,2114,N20,nominal,2.0NRT,299.28,3.74,N
23.31275,54.17027,367,0.69,0.74,2026-09-10,2114,N20,high,2.0NRT,298.49,8.57,N
23.31225,54.17719,315.01,0.69,0.74,2026-09-10,2114,N20,nominal,2.0NRT,297.31,8.57,N
23.19484,55.45462,333.91,0.57,0.69,2026-09-10,2114,N20,nominal,2.0NRT,299.63,5.12,N
20.90956,71.45985,300.13,0.49,0.4,2026-09-10,2114,N20,nominal,2.0NRT,269.35,0.64,N
22.87654,55.61072,322.25,0.55,0.68,2026-09-10,2114,N20,nominal,2.0NRT,297.76,2.78,N
22.87377,55.60983,316.75,0.55,0.68,2026-09-10,2114,N20,nominal,2.0NRT,297.91,2.31,N
20.86759,70.56311,307.89,0.44,0.39,2026-09-10,2114,N20,nominal,2.0NRT,294.24,1.17,N
22.6717,56.24454,307.42,0.5,0.66,2026-09-10,2114,N20,nominal,2.0NRT,295.71,1.36,N
20.73243,70.91508,314.11,0.46,0.39,2026-09-10,2114,N20,nominal,2.0NRT,292.62,1.96,N
20.35798,72.95138,307.87,0.4,0.44,2026-09-10,2114,N20,nominal,2.0NRT,288.66,1.33,N
22.44566,56.69657,304.83,0.47,0.64,2026-09-10,2114,N20,nominal,2.0NRT,290.47,2.83,N
22.40765,56.98696,326.12,0.45,0.63,2026-09-10,2114,N20,nominal,2.0NRT,295.64,7.19,N
19.9361,73.71054,317.94,0.45,0.47,2026-09-10,2114,N20,nominal,2.0NRT,272.58,2.16,N
19.93666,73.71227,315.76,0.45,0.47,2026-09-10,2114,N20,nominal,2.0NRT,271.93,1.81,N
22.52884,54.04724,330.55,0.69,0.74,2026-09-10,2114,N20,nominal,2.0NRT,297.65,5,N
22.32895,56.48506,313.51,0.48,0.65,2026-09-10,2114,N20,nominal,2.0NRT,295.92,1.68,N
22.32854,56.48978,309.37,0.48,0.65,2026-09-10,2114,N20,nominal,2.0NRT,296.67,1.69,N
21.9366,57.06944,304.49,0.44,0.62,2026-09-10,2114,N20,nominal,2.0NRT,288.44,4.06,N
21.89247,56.84344,314.84,0.45,0.63,2026-09-10,2114,N20,nominal,2.0NRT,295.04,5.69,N
21.8363,56.67924,321.13,0.46,0.64,2026-09-10,2114,N20,nominal,2.0NRT,295.72,4.19,N
21.8372,56.68075,311.42,0.46,0.64,2026-09-10,2114,N20,nominal,2.0NRT,295.5,4.07,N
21.70328,56.47044,308.71,0.47,0.64,2026-09-10,2114,N20,nominal,2.0NRT,295.02,1.96,N
19.57115,71.36426,316.55,0.5,0.41,2026-09-10,2114,N20,nominal,2.0NRT,292.55,3.93,N
21.46395,56.96563,333.87,0.44,0.62,2026-09-10,2114,N20,nominal,2.0NRT,291.3,8.6,N
21.33533,57.72032,310.66,0.39,0.59,2026-09-10,2114,N20,nominal,2.0NRT,287.54,4.57,N
21.30598,57.79649,319.86,0.38,0.59,2026-09-10,2114,N20,nominal,2.0NRT,294.38,5.55,N
21.30906,57.70557,313.23,0.39,0.59,2026-09-10,2114,N20,nominal,2.0NRT,294.19,4.83,N
21.30437,57.79641,318.65,0.38,0.59,2026-09-10,2114,N20,nominal,2.0NRT,294.34,4.98,N
21.30806,57.70563,316.06,0.39,0.59,2026-09-10,2114,N20,nominal,2.0NRT,294.2,6.05,N
18.69331,73.04116,308.79,0.43,0.46,2026-09-10,2114,N20,nominal,2.0NRT,288.84,1.57,N
18.68654,73.03146,312.02,0.43,0.46,2026-09-10,2114,N20,nominal,2.0NRT,289.99,1.44,N
20.39268,55.66132,313.24,0.52,0.67,2026-09-10,2114,N20,nominal,2.0NRT,296.52,1.67,N
20.38789,55.64551,315.81,0.52,0.67,2026-09-10,2114,N20,nominal,2.0NRT,296.51,1.62,N
20.21493,55.71083,309.78,0.51,0.66,2026-09-10,2114,N20,nominal,2.0NRT,296.94,0.66,N
20.21456,55.71043,311.43,0.51,0.66,2026-09-10,2114,N20,nominal,2.0NRT,296.95,1.21,N
19.27161,56.1728,312.1,0.46,0.64,2026-09-10,2114,N20,nominal,2.0NRT,297.16,0.75,N
18.56156,55.8657,308.47,0.48,0.64,2026-09-10,2114,N20,nominal,2.0NRT,294.48,1.03,N
15.30111,76.21935,301.99,0.4,0.6,2026-09-10,2114,N20,nominal,2.0NRT,284.63,1.21,N
15.30009,76.21957,301.61,0.4,0.6,2026-09-10,2114,N20,nominal,2.0NRT,284.87,0.87,N
18.32442,55.10056,330.52,0.53,0.67,2026-09-10,2114,N20,nominal,2.0NRT,293.38,3.38,N
15.57447,73.73875,311.35,0.54,0.51,2026-09-10,2114,N20,nominal,2.0NRT,283.4,2.7,N
15.57492,73.74188,315.31,0.54,0.51,2026-09-10,2114,N20,nominal,2.0NRT,283.63,2.12,N
18.03923,54.63824,304.74,0.57,0.69,2026-09-10,2114,N20,nominal,2.0NRT,293.19,0.6,N
18.01325,54.56931,348.91,0.57,0.69,2026-09-10,2114,N20,nominal,2.0NRT,296.37,9.46,N
18.01374,54.56383,306.53,0.57,0.69,2026-09-10,2114,N20,nominal,2.0NRT,292.39,9.46,N
18.01812,54.5674,339.48,0.57,0.69,2026-09-10,2114,N20,nominal,2.0NRT,293.36,6.58,N
18.01759,54.57287,304.4,0.57,0.69,2026-09-10,2114,N20,nominal,2.0NRT,293.36,6.58,N
18.01171,54.56676,315.52,0.57,0.69,2026-09-10,2114,N20,nominal,2.0NRT,292.93,3.1,N
39.64887,75.94065,304.15,0.43,0.38,2026-09-10,2108,N20,nominal,2.0NRT,286.88,0.68,N
39.6493,75.89955,297.64,0.42,0.38,2026-09-10,2108,N20,nominal,2.0NRT,286.82,0.83,N
39.52978,76.04633,300.57,0.43,0.38,2026-09-10,2108,N20,nominal,2.0NRT,286.94,0.76,N
38.65736,76.17223,309.48,0.44,0.39,2026-09-10,2108,N20,nominal,2.0NRT,286.41,1.64,N
39.85489,66.20034,306.81,0.4,0.45,2026-09-10,2108,N20,nominal,2.0NRT,292.29,0.88,N
39.17735,68.61243,296.91,0.47,0.4,2026-09-10,2108,N20,nominal,2.0NRT,282.99,0.81,N
37.20218,79.3007,297.44,0.43,0.46,2026-09-10,2108,N20,nominal,2.0NRT,286.52,0.76,N
37.14435,79.5006,296.5,0.44,0.46,2026-09-10,2108,N20,nominal,2.0NRT,286.31,1.16,N
39.18972,65.28732,305.59,0.44,0.46,2026-09-10,2108,N20,nominal,2.0NRT,293.56,1.35,N
39.18306,65.31236,308.26,0.44,0.46,2026-09-10,2108,N20,nominal,2.0NRT,291.41,1.24,N
39.16687,63.25916,306.15,0.57,0.52,2026-09-10,2108,N20,nominal,2.0NRT,287.7,1.02,N
38.68599,65.98775,302.84,0.4,0.44,2026-09-10,2108,N20,nominal,2.0NRT,290.4,0.36,N
38.68562,65.94984,298.54,0.4,0.45,2026-09-10,2108,N20,nominal,2.0NRT,288.41,0.84,N
38.68106,65.95384,300.74,0.4,0.45,2026-09-10,2108,N20,nominal,2.0NRT,288.83,0.84,N
38.55756,65.95129,302.83,0.4,0.44,2026-09-10,2108,N20,nominal,2.0NRT,290.98,0.92,N
38.54984,65.94537,307.17,0.4,0.44,2026-09-10,2108,N20,nominal,2.0NRT,290.35,0.85,N
38.27722,67.87285,305.75,0.49,0.4,2026-09-10,2108,N20,nominal,2.0NRT,287.93,0.99,N
38.45672,65.80435,305.99,0.41,0.45,2026-09-10,2108,N20,nominal,2.0NRT,286.36,1.14,N
38.16368,64.59502,302.2,0.47,0.48,2026-09-10,2108,N20,nominal,2.0NRT,290.98,0.61,N
37.96477,65.00584,304.61,0.44,0.46,2026-09-10,2108,N20,nominal,2.0NRT,292.05,0.69,N
37.79762,62.54851,309.19,0.6,0.53,2026-09-10,2108,N20,nominal,2.0NRT,289.17,2.13,N
37.78881,62.5336,307.3,0.6,0.53,2026-09-10,2108,N20,nominal,2.0NRT,288.97,2.41,N
37.72921,62.09291,299.86,0.63,0.54,2026-09-10,2108,N20,nominal,2.0NRT,283.14,1.2,N
37.66389,62.23737,299.63,0.62,0.54,2026-09-10,2108,N20,nominal,2.0NRT,288.5,1.39,N
37.67326,62.23821,300.04,0.62,0.54,2026-09-10,2108,N20,nominal,2.0NRT,287.77,0.5,N
37.66331,62.23704,300.55,0.62,0.54,2026-09-10,2108,N20,nominal,2.0NRT,288.8,0.94,N
37.65781,62.24357,298.67,0.62,0.54,2026-09-10,2108,N20,nominal,2.0NRT,288.58,1.13,N
37.6405,62.20565,302.22,0.62,0.54,2026-09-10,2108,N20,nominal,2.0NRT,288.71,0.64,N
37.65668,61.90505,304.43,0.32,0.55,2026-09-10,2108,N20,nominal,2.0NRT,283.22,0.46,N
37.62809,62.16823,302.15,0.63,0.54,2026-09-10,2108,N20,nominal,2.0NRT,288.99,0.94,N
37.62012,62.13835,300.21,0.63,0.54,2026-09-10,2108,N20,nominal,2.0NRT,287.68,1.31,N
37.60973,61.60258,295.08,0.34,0.56,2026-09-10,2108,N20,nominal,2.0NRT,274.26,0.37,N
37.61304,61.60453,300.15,0.34,0.56,2026-09-10,2108,N20,nominal,2.0NRT,274.23,0.75,N
37.59225,61.52818,295.29,0.34,0.56,2026-09-10,2108,N20,nominal,2.0NRT,275.95,0.68,N
37.585,61.55864,295.22,0.34,0.56,2026-09-10,2108,N20,nominal,2.0NRT,275.8,0.42,N
37.50584,61.73841,299.26,0.33,0.55,2026-09-10,2108,N20,nominal,2.0NRT,284.28,0.39,N
37.49897,61.84337,316.75,0.33,0.55,2026-09-10,2108,N20,nominal,2.0NRT,289.04,0.95,N
37.49873,61.84708,307.54,0.32,0.55,2026-09-10,2108,N20,nominal,2.0NRT,289.49,0.95,N
37.48509,61.97556,301,0.32,0.55,2026-09-10,2108,N20,nominal,2.0NRT,288.88,0.41,N
37.48289,62.0084,301.11,0.32,0.54,2026-09-10,2108,N20,nominal,2.0NRT,289.44,0.53,N
37.48587,61.97577,300.81,0.32,0.55,2026-09-10,2108,N20,nominal,2.0NRT,289.32,0.5,N
37.42612,62.30907,306.54,0.61,0.54,2026-09-10,2108,N20,nominal,2.0NRT,287.35,1.81,N
37.12127,62.35839,320.24,0.6,0.53,2026-09-10,2110,N20,nominal,2.0NRT,289.54,8.27,N
37.11948,62.35884,321.31,0.6,0.53,2026-09-10,2110,N20,nominal,2.0NRT,289.97,7.77,N
37.03645,62.41093,301.23,0.6,0.53,2026-09-10,2110,N20,nominal,2.0NRT,288.96,2.83,N
37.03106,62.41712,304.96,0.6,0.53,2026-09-10,2110,N20,nominal,2.0NRT,289.4,2.83,N
37.03357,62.41699,311.8,0.6,0.53,2026-09-10,2110,N20,nominal,2.0NRT,290.03,4.44,N
36.70117,65.96062,303.13,0.38,0.43,2026-09-10,2110,N20,nominal,2.0NRT,292.73,0.8,N
35.96912,68.68654,305.26,0.43,0.38,2026-09-10,2110,N20,nominal,2.0NRT,292.47,0.82,N
36.47742,61.61929,300.28,0.33,0.55,2026-09-10,2110,N20,nominal,2.0NRT,286.67,1.68,N
35.9095,62.96103,298.69,0.54,0.51,2026-09-10,2110,N20,nominal,2.0NRT,287.78,0.59,N
35.57661,59.98629,321.87,0.4,0.6,2026-09-10,2110,N20,nominal,2.0NRT,283.57,2.02,N
33.8296,72.83218,307.57,0.4,0.37,2026-09-10,2110,N20,nominal,2.0NRT,296.82,0.66,N
33.69024,72.7124,312.82,0.4,0.37,2026-09-10,2110,N20,nominal,2.0NRT,296.88,1.25,N
33.54551,71.54936,309.43,0.39,0.36,2026-09-10,2110,N20,nominal,2.0NRT,296.71,0.89,N
33.29702,71.18645,310.48,0.38,0.36,2026-09-10,2110,N20,nominal,2.0NRT,295.4,0.8,N
32.72194,72.92431,308.19,0.41,0.37,2026-09-10,2110,N20,nominal,2.0NRT,296.74,1.18,N
32.71659,72.77539,307.04,0.41,0.37,2026-09-10,2110,N20,nominal,2.0NRT,295.49,1.14,N
32.88937,71.61856,317.16,0.39,0.36,2026-09-10,2110,N20,nominal,2.0NRT,297.68,1.02,N
32.64547,72.97562,306.88,0.41,0.37,2026-09-10,2110,N20,nominal,2.0NRT,296.77,1.45,N
32.57692,72.56017,311.71,0.4,0.37,2026-09-10,2110,N20,nominal,2.0NRT,297.3,2.09,N
32.57618,72.56441,309.3,0.4,0.37,2026-09-10,2110,N20,nominal,2.0NRT,297.67,2.37,N
32.13215,74.17554,309.19,0.46,0.39,2026-09-10,2110,N20,nominal,2.0NRT,296.47,1.36,N
31.25996,76.92593,307.3,0.43,0.46,2026-09-10,2110,N20,nominal,2.0NRT,290.47,1.04,N
31.25094,76.92757,303.63,0.43,0.46,2026-09-10,2110,N20,nominal,2.0NRT,289.38,0.69,N
31.24872,76.9283,300.71,0.43,0.46,2026-09-10,2110,N20,nominal,2.0NRT,288.71,0.49,N
32.29168,70.73833,310.39,0.38,0.36,2026-09-10,2110,N20,nominal,2.0NRT,298.33,2.07,N
29.47522,76.85872,322.3,0.46,0.47,2026-09-10,2110,N20,nominal,2.0NRT,294.32,2.81,N
30.86346,66.51958,303.31,0.47,0.4,2026-09-10,2110,N20,nominal,2.0NRT,291.85,0.67,N
28.84376,77.13341,304.98,0.49,0.48,2026-09-10,2110,N20,nominal,2.0NRT,291.73,1.63,N
28.74389,76.93573,305.77,0.48,0.48,2026-09-10,2110,N20,nominal,2.0NRT,292.63,1.42,N
30.75392,56.65284,312.26,0.57,0.69,2026-09-10,2110,N20,nominal,2.0NRT,291.32,2.21,N
30.75855,56.65367,311.3,0.57,0.69,2026-09-10,2110,N20,nominal,2.0NRT,291.67,1.92,N
30.50219,56.81554,304.58,0.55,0.68,2026-09-10,2110,N20,nominal,2.0NRT,291.36,2.12,N
30.46156,55.97798,296.81,0.62,0.71,2026-09-10,2110,N20,nominal,2.0NRT,286.43,0.83,N
30.36863,56.12246,300.58,0.61,0.71,2026-09-10,2110,N20,nominal,2.0NRT,288.69,0.77,N
30.36971,56.12352,300.33,0.61,0.71,2026-09-10,2110,N20,nominal,2.0NRT,288.7,0.76,N
30.23755,56.90508,319.95,0.54,0.68,2026-09-10,2110,N20,nominal,2.0NRT,291.12,3.16,N
30.2207,56.98364,296.67,0.54,0.68,2026-09-10,2110,N20,nominal,2.0NRT,285.88,0.54,N
27.66877,76.13097,310.29,0.45,0.47,2026-09-10,2110,N20,nominal,2.0NRT,296.66,2.23,N
27.66927,76.13263,307.81,0.45,0.47,2026-09-10,2110,N20,nominal,2.0NRT,296.18,2.39,N
30.23376,56.90294,310.96,0.54,0.68,2026-09-10,2110,N20,nominal,2.0NRT,288.43,3.95,N
29.95229,56.73045,298.18,0.55,0.68,2026-09-10,2112,N20,nominal,2.0NRT,286.51,1.35,N
29.99134,55.85073,337.16,0.63,0.72,2026-09-10,2112,N20,nominal,2.0NRT,286.32,3.91,N
29.99162,55.84499,297.14,0.63,0.72,2026-09-10,2112,N20,nominal,2.0NRT,283.49,3.91,N
29.99106,55.85646,295.74,0.63,0.72,2026-09-10,2112,N20,nominal,2.0NRT,285.56,4.77,N
30.00011,55.1941,300.18,0.68,0.74,2026-09-10,2112,N20,nominal,2.0NRT,286.37,1.48,N
28.42441,69.69981,326.13,0.38,0.36,2026-09-10,2112,N20,nominal,2.0NRT,297.81,1.87,N
29.70099,55.53062,297.63,0.65,0.73,2026-09-10,2112,N20,nominal,2.0NRT,287.14,1.12,N
29.51312,55.7932,302.13,0.62,0.72,2026-09-10,2112,N20,nominal,2.0NRT,287.86,1.22,N
26.8789,73.51496,309.26,0.5,0.41,2026-09-10,2112,N20,nominal,2.0NRT,296.21,1.44,N
26.2573,74.09551,309.13,0.55,0.43,2026-09-10,2112,N20,nominal,2.0NRT,295.83,1.64,N
27.17264,67.17714,303.74,0.41,0.37,2026-09-10,2112,N20,nominal,2.0NRT,292.48,0.57,N
26.85052,67.84209,314.66,0.4,0.37,2026-09-10,2112,N20,nominal,2.0NRT,296.86,1.3,N
21.4647,56.96849,320.75,0.74,0.76,2026-09-10,2254,N20,nominal,2.0NRT,292.25,2.86,N
21.46522,56.96701,319.77,0.74,0.76,2026-09-10,2254,N20,nominal,2.0NRT,292.19,2.71,N
20.38918,55.65965,312.43,0.64,0.72,2026-09-10,2254,N20,nominal,2.0NRT,293.57,1.97,N
20.38559,55.64608,306.95,0.64,0.72,2026-09-10,2254,N20,nominal,2.0NRT,293.86,1.37,N
20.39119,55.65921,307.07,0.64,0.72,2026-09-10,2254,N20,nominal,2.0NRT,293.34,1.84,N
20.38754,55.64555,309.6,0.64,0.72,2026-09-10,2254,N20,nominal,2.0NRT,293.76,1.58,N
20.21412,55.71157,308.05,0.66,0.73,2026-09-10,2254,N20,nominal,2.0NRT,294.14,1.52,N
18.32569,55.10291,327.87,0.66,0.73,2026-09-10,2254,N20,nominal,2.0NRT,292.57,3.69,N
18.32202,55.10091,314.64,0.66,0.73,2026-09-10,2254,N20,nominal,2.0NRT,292.84,2.54,N
18.32061,55.10698,318.62,0.66,0.73,2026-09-10,2254,N20,nominal,2.0NRT,293.47,2.54,N
18.01675,54.57199,341.88,0.62,0.71,2026-09-10,2257,N20,nominal,2.0NRT,293.97,9.31,N
18.01708,54.57085,335.27,0.62,0.71,2026-09-10,2257,N20,nominal,2.0NRT,293.36,8.28,N
18.01578,54.57653,319.01,0.62,0.71,2026-09-10,2257,N20,nominal,2.0NRT,294.28,8.28,N
39.657,63.04278,306.01,0.55,0.68,2026-09-10,2248,N20,nominal,2.0NRT,287.68,1.13,N
39.65825,63.04282,314.18,0.55,0.68,2026-09-10,2248,N20,nominal,2.0NRT,288.18,1.63,N
38.79988,64.65265,300.12,0.7,0.75,2026-09-10,2248,N20,nominal,2.0NRT,288.37,0.88,N
38.79566,64.65831,300.39,0.7,0.75,2026-09-10,2248,N20,nominal,2.0NRT,288.35,1.53,N
38.60368,64.75954,299.32,0.71,0.75,2026-09-10,2248,N20,nominal,2.0NRT,288.52,0.78,N
37.79111,62.53733,297.39,0.58,0.7,2026-09-10,2250,N20,nominal,2.0NRT,285.44,1,N
37.79913,62.54815,298.12,0.58,0.7,2026-09-10,2250,N20,nominal,2.0NRT,285.22,1.07,N
37.78895,62.53605,299.2,0.58,0.7,2026-09-10,2250,N20,nominal,2.0NRT,285.79,0.79,N
37.61203,61.60741,297.99,0.53,0.67,2026-09-10,2250,N20,nominal,2.0NRT,285.69,0.78,N
37.42513,62.30954,300.63,0.58,0.7,2026-09-10,2250,N20,nominal,2.0NRT,283.02,1.58,N
37.61285,61.60372,296.65,0.53,0.67,2026-09-10,2250,N20,nominal,2.0NRT,285.31,1.04,N
38.25475,58.3891,306.57,0.35,0.56,2026-09-10,2250,N20,nominal,2.0NRT,288.05,0.6,N
37.12106,62.36187,309.94,0.6,0.7,2026-09-10,2250,N20,nominal,2.0NRT,285.73,7.46,N
37.03503,62.41507,298.77,0.6,0.71,2026-09-10,2250,N20,nominal,2.0NRT,285.48,3.07,N
37.03307,62.42146,301.53,0.6,0.71,2026-09-10,2250,N20,nominal,2.0NRT,286.37,3.16,N
37.03238,62.4193,309.46,0.61,0.71,2026-09-10,2250,N20,nominal,2.0NRT,286.34,4.34,N
37.94027,58.56311,300.41,0.36,0.57,2026-09-10,2250,N20,nominal,2.0NRT,286.36,1.27,N
37.45336,57.68669,298.34,0.33,0.56,2026-09-10,2250,N20,nominal,2.0NRT,286.56,0.35,N
36.4651,60.85047,301.7,0.52,0.67,2026-09-10,2250,N20,nominal,2.0NRT,287.43,1.57,N
36.29647,54.78561,300.94,0.5,0.49,2026-09-10,2250,N20,nominal,2.0NRT,287.93,0.89,N
36.32311,54.18571,295.66,0.46,0.47,2026-09-10,2250,N20,nominal,2.0NRT,285.17,0.48,N
33.6293,59.16782,298.81,0.5,0.66,2026-09-10,2250,N20,nominal,2.0NRT,286.34,0.64,N
33.0433,56.84799,304.81,0.39,0.59,2026-09-10,2250,N20,nominal,2.0NRT,293.81,0.83,N
32.33687,54.08503,305.17,0.56,0.51,2026-09-10,2252,N20,nominal,2.0NRT,289.62,0.87,N
32.00311,54.26104,310.53,0.58,0.52,2026-09-10,2252,N20,nominal,2.0NRT,291.32,2.09,N
31.43306,56.48933,301.18,0.4,0.6,2026-09-10,2252,N20,nominal,2.0NRT,288.48,0.34,N
31.94299,54.04348,317.58,0.57,0.52,2026-09-10,2252,N20,nominal,2.0NRT,293.54,2.35,N
31.85121,54.28697,307.05,0.59,0.53,2026-09-10,2252,N20,nominal,2.0NRT,294.82,1.38,N
31.62383,54.72739,304.42,0.63,0.54,2026-09-10,2252,N20,nominal,2.0NRT,291.26,1.41,N
30.7552,56.65231,301.33,0.43,0.62,2026-09-10,2252,N20,nominal,2.0NRT,290.2,0.96,N
30.75413,56.65653,310.31,0.43,0.62,2026-09-10,2252,N20,nominal,2.0NRT,291.81,0.96,N
30.66442,56.62073,299.63,0.43,0.62,2026-09-10,2252,N20,nominal,2.0NRT,288.3,0.85,N
30.73307,55.38603,305.21,0.36,0.58,2026-09-10,2252,N20,nominal,2.0NRT,290.19,0.6,N
30.23478,56.90564,307.09,0.46,0.63,2026-09-10,2252,N20,nominal,2.0NRT,288.65,2.09,N
30.36871,56.12765,308.36,0.41,0.6,2026-09-10,2252,N20,nominal,2.0NRT,289.46,1.5,N
30.38235,55.86433,301.09,0.39,0.6,2026-09-10,2252,N20,nominal,2.0NRT,288.7,0.8,N
29.99348,55.8555,296.73,0.4,0.6,2026-09-10,2252,N20,nominal,2.0NRT,285.11,0.84,N
29.98814,55.8538,367,0.4,0.6,2026-09-10,2252,N20,high,2.0NRT,287.27,9.61,N
30.08285,55.39779,332.59,0.38,0.58,2026-09-10,2252,N20,nominal,2.0NRT,289.68,4.32,N
29.99916,55.19497,301.52,0.37,0.58,2026-09-10,2252,N20,nominal,2.0NRT,285.1,0.89,N
29.99314,55.19693,297.1,0.37,0.58,2026-09-10,2252,N20,nominal,2.0NRT,286.43,0.6,N
29.70145,55.53045,303.7,0.39,0.59,2026-09-10,2252,N20,nominal,2.0NRT,287.37,1.1,N
29.45275,55.71225,296.31,0.41,0.6,2026-09-10,2252,N20,nominal,2.0NRT,285.68,0.67,N
29.15497,55.366,304.03,0.39,0.6,2026-09-10,2252,N20,nominal,2.0NRT,288.59,0.7,N
29.13941,55.37368,299.01,0.39,0.6,2026-09-10,2252,N20,nominal,2.0NRT,288.49,1.23,N
29.2028,54.4826,303.49,0.35,0.57,2026-09-10,2252,N20,nominal,2.0NRT,287.18,0.75,N
29.1715,54.61496,310.28,0.35,0.57,2026-09-10,2252,N20,nominal,2.0NRT,291.19,0.98,N
27.37741,57.2381,307.56,0.56,0.69,2026-09-10,2252,N20,nominal,2.0NRT,296.59,0.88,N
27.16913,56.09433,309.64,0.48,0.65,2026-09-10,2252,N20,nominal,2.0NRT,298.93,2.58,N
27.16699,56.05312,314.9,0.48,0.65,2026-09-10,2252,N20,nominal,2.0NRT,298.77,3.85,N
26.9568,55.54259,310.57,0.45,0.63,2026-09-10,2252,N20,nominal,2.0NRT,299.54,3.43,N
25.97349,56.06843,319.38,0.51,0.66,2026-09-10,2252,N20,nominal,2.0NRT,302.17,1.52,N
25.96757,56.06668,315.25,0.51,0.66,2026-09-10,2252,N20,nominal,2.0NRT,301.66,1.52,N
25.9717,56.06847,314.02,0.51,0.66,2026-09-10,2252,N20,nominal,2.0NRT,300.36,2.16,N
25.96578,56.06672,314.51,0.51,0.66,2026-09-10,2252,N20,nominal,2.0NRT,301.55,1.12,N
25.55939,55.98438,312.42,0.52,0.67,2026-09-10,2252,N20,nominal,2.0NRT,300.26,3.85,N
25.90393,54.53019,314.83,0.41,0.61,2026-09-10,2252,N20,nominal,2.0NRT,300.62,0.64,N
24.50925,56.60326,330.41,0.6,0.7,2026-09-10,2252,N20,nominal,2.0NRT,300.84,4.09,N
24.50779,56.60892,326.41,0.6,0.7,2026-09-10,2252,N20,nominal,2.0NRT,301.85,4.09,N
24.50669,56.60727,341.07,0.6,0.7,2026-09-10,2252,N20,nominal,2.0NRT,302.18,7.77,N
24.50812,56.60159,311.33,0.6,0.7,2026-09-10,2252,N20,nominal,2.0NRT,300.79,5.1,N
24.51003,54.0146,320.25,0.41,0.61,2026-09-10,2254,N20,nominal,2.0NRT,301.98,6.1,N
24.50909,54.01855,367,0.41,0.61,2026-09-10,2254,N20,high,2.0NRT,303.43,6.1,N
24.51033,54.01578,333.9,0.41,0.61,2026-09-10,2254,N20,nominal,2.0NRT,301.97,6.67,N
24.50941,54.01974,355.31,0.41,0.61,2026-09-10,2254,N20,nominal,2.0NRT,303.68,6.67,N
24.32811,54.4674,312.36,0.44,0.63,2026-09-10,2254,N20,nominal,2.0NRT,300.3,1.68,N
24.00244,55.43908,312.38,0.52,0.67,2026-09-10,2254,N20,nominal,2.0NRT,299,2.3,N
24.03513,54.3897,309.43,0.45,0.63,2026-09-10,2254,N20,nominal,2.0NRT,298.33,2.51,N
23.31228,54.17529,330.53,0.45,0.63,2026-09-10,2254,N20,nominal,2.0NRT,298.77,6.05,N
23.31129,54.17953,353.2,0.45,0.63,2026-09-10,2254,N20,nominal,2.0NRT,298.85,6.05,N
23.31328,54.17105,309.02,0.45,0.63,2026-09-10,2254,N20,nominal,2.0NRT,298.37,2.23,N
22.87786,55.92323,315.05,0.59,0.7,2026-09-10,2254,N20,nominal,2.0NRT,297.79,2.18,N
22.8778,55.61257,319.28,0.56,0.69,2026-09-10,2254,N20,nominal,2.0NRT,296.43,2.09,N
22.87165,55.61081,311.16,0.56,0.69,2026-09-10,2254,N20,nominal,2.0NRT,297.05,1.55,N
22.67389,56.24708,310.09,0.62,0.72,2026-09-10,2254,N20,nominal,2.0NRT,296.28,2.04,N
22.67381,56.24949,310.3,0.62,0.72,2026-09-10,2254,N20,nominal,2.0NRT,296.41,2.14,N
22.40649,56.98453,312.45,0.7,0.75,2026-09-10,2254,N20,nominal,2.0NRT,293.6,2.59,N
22.3274,56.48776,325.91,0.66,0.73,2026-09-10,2254,N20,nominal,2.0NRT,295.37,4.6,N
21.94128,57.06815,306.32,0.73,0.76,2026-09-10,2254,N20,nominal,2.0NRT,292.14,2.05,N
21.93954,57.07496,309.17,0.73,0.76,2026-09-10,2254,N20,nominal,2.0NRT,292.3,2.15,N
21.88836,56.84599,304.21,0.71,0.75,2026-09-10,2254,N20,nominal,2.0NRT,292.8,2.29,N
22.52592,54.05193,323.61,0.46,0.63,2026-09-10,2254,N20,nominal,2.0NRT,298.14,1.86,N
22.52693,54.04767,310.5,0.46,0.63,2026-09-10,2254,N20,nominal,2.0NRT,297.6,1.86,N
22.52605,54.0493,322.27,0.46,0.63,2026-09-10,2254,N20,nominal,2.0NRT,297.59,3.35,N
21.83633,56.67706,306.73,0.69,0.74,2026-09-10,2254,N20,nominal,2.0NRT,293.59,1.46,N
36.38395,95.11233,337.69,0.39,0.36,2026-09-11,0648,N20,low,2.0NRT,311.31,5.25,D
37.34849,95.8647,339.48,0.4,0.37,2026-09-11,0648,N20,low,2.0NRT,312.37,4.82,D
37.34788,95.8602,348.6,0.4,0.37,2026-09-11,0648,N20,nominal,2.0NRT,308.82,4.82,D
39.8132,98.29102,334.68,0.51,0.41,2026-09-11,0648,N20,nominal,2.0NRT,303.42,3.88,D
14.24607,100.10715,340.67,0.38,0.36,2026-09-11,0642,N20,nominal,2.0NRT,296.8,5.77,D
15.70887,100.35224,334.59,0.39,0.36,2026-09-11,0642,N20,nominal,2.0NRT,296.88,2.13,D
16.17528,99.72927,336.62,0.38,0.36,2026-09-11,0642,N20,nominal,2.0NRT,298.91,3.9,D
16.17474,99.72571,345.18,0.38,0.36,2026-09-11,0642,N20,nominal,2.0NRT,297.1,3.46,D
16.26027,100.1589,331.84,0.39,0.36,2026-09-11,0642,N20,nominal,2.0NRT,295.63,2.6,D
18.14049,101.26867,334.27,0.42,0.38,2026-09-11,0642,N20,nominal,2.0NRT,299.36,1.81,D
21.14713,98.80713,328.76,0.39,0.36,2026-09-11,0644,N20,nominal,2.0NRT,295.74,2.09,D
22.7138,98.13853,332.28,0.38,0.36,2026-09-11,0644,N20,nominal,2.0NRT,291.69,2.72,D
24.02839,97.86496,330.42,0.38,0.36,2026-09-11,0644,N20,low,2.0NRT,304.31,3.78,D
27.27851,95.99042,336.31,0.39,0.36,2026-09-11,0646,N20,nominal,2.0NRT,296.29,3.34,D
27.37772,95.33569,343.83,0.4,0.37,2026-09-11,0646,N20,nominal,2.0NRT,297.92,4.53,D
27.75623,96.04014,331.85,0.39,0.36,2026-09-11,0646,N20,nominal,2.0NRT,298.19,5.86,D
27.8035,96.14668,346.47,0.39,0.36,2026-09-11,0646,N20,nominal,2.0NRT,299.22,7.18,D
27.77445,95.87613,334.26,0.39,0.36,2026-09-11,0646,N20,nominal,2.0NRT,297.35,4.24,D
27.8469,96.03409,330.87,0.39,0.36,2026-09-11,0646,N20,nominal,2.0NRT,296.71,1.88,D
27.90476,96.27088,332.09,0.38,0.36,2026-09-11,0646,N20,nominal,2.0NRT,297.42,1.92,D
27.93696,96.21665,333.21,0.38,0.36,2026-09-11,0646,N20,nominal,2.0NRT,297.71,2.42,D
28.00809,96.65685,335.82,0.38,0.36,2026-09-11,0646,N20,nominal,2.0NRT,295.86,12.54,D
28.00937,96.62089,340.59,0.38,0.36,2026-09-11,0646,N20,nominal,2.0NRT,294.04,5.96,D
28.02064,96.65052,334.43,0.38,0.36,2026-09-11,0646,N20,nominal,2.0NRT,295.12,3.29,D
28.11945,95.83972,331.04,0.39,0.36,2026-09-11,0646,N20,nominal,2.0NRT,297.65,1.87,D
37.03113,62.41826,338.72,0.38,0.44,2026-09-11,0830,N20,nominal,2.0NRT,308.07,7.74,D
37.1193,62.36243,342.04,0.39,0.44,2026-09-11,0830,N20,nominal,2.0NRT,308.57,9.79,D
37.42377,62.3112,336.46,0.38,0.43,2026-09-11,0830,N20,nominal,2.0NRT,299.74,3.04,D
37.49707,61.84618,334.01,0.4,0.44,2026-09-11,0830,N20,nominal,2.0NRT,303.04,3.57,D
37.79698,62.55171,337.34,0.55,0.43,2026-09-11,0830,N20,nominal,2.0NRT,306.75,3.89,D
37.6088,61.60977,334.98,0.41,0.45,2026-09-11,0830,N20,nominal,2.0NRT,303.24,1.56,D
37.59817,61.55991,336.46,0.41,0.45,2026-09-11,0830,N20,low,2.0NRT,307.42,3.24,D
37.72787,62.096,337.08,0.39,0.44,2026-09-11,0830,N20,nominal,2.0NRT,305.43,2.78,D
38.10784,58.04716,330.09,0.61,0.53,2026-09-11,0830,N20,nominal,2.0NRT,297.47,2.98,D
39.72655,64.42715,333.03,0.43,0.38,2026-09-11,0830,N20,nominal,2.0NRT,300.31,2.6,D
38.64825,54.28439,347.19,0.46,0.64,2026-09-11,0830,N20,nominal,2.0NRT,309.5,3.57,D
17.16322,74.67691,342.34,0.39,0.36,2026-09-11,0824,N20,nominal,2.0NRT,301.53,6.49,D
18.21079,74.44075,335.24,0.39,0.36,2026-09-11,0824,N20,nominal,2.0NRT,304.37,4.27,D
18.31672,74.76848,337.27,0.39,0.36,2026-09-11,0824,N20,nominal,2.0NRT,304.47,7.75,D
18.57097,74.48993,338.24,0.39,0.36,2026-09-11,0824,N20,nominal,2.0NRT,300.13,5.37,D
18.65792,74.34396,331.72,0.39,0.36,2026-09-11,0824,N20,nominal,2.0NRT,300.06,1.64,D
6.1305,80.93784,333.55,0.54,0.42,2026-09-11,0820,N20,nominal,2.0NRT,299.42,4.78,D
18.78303,73.79827,331.94,0.38,0.36,2026-09-11,0824,N20,low,2.0NRT,302.55,3.06,D
18.6813,73.04362,333.27,0.39,0.36,2026-09-11,0824,N20,nominal,2.0NRT,298.54,3.45,D
6.23183,80.86432,331.8,0.54,0.42,2026-09-11,0820,N20,nominal,2.0NRT,300.94,5.27,D
18.68074,73.04,330.12,0.39,0.36,2026-09-11,0824,N20,nominal,2.0NRT,296.32,3.45,D
6.23641,80.86862,335.58,0.54,0.42,2026-09-11,0820,N20,nominal,2.0NRT,301.01,3.8,D
18.6862,73.03162,335.52,0.39,0.36,2026-09-11,0824,N20,nominal,2.0NRT,297.22,4.48,D
6.23569,80.86372,332.15,0.54,0.42,2026-09-11,0820,N20,nominal,2.0NRT,301.35,4.58,D
18.6912,73.04193,345.02,0.39,0.36,2026-09-11,0824,N20,nominal,2.0NRT,300.04,6.59,D
6.32704,80.99353,342.52,0.55,0.43,2026-09-11,0820,N20,nominal,2.0NRT,303.88,7.66,D
21.10437,72.64662,344.16,0.38,0.36,2026-09-11,0826,N20,nominal,2.0NRT,305.75,11.2,D
6.41972,80.88662,351.18,0.54,0.42,2026-09-11,0820,N20,nominal,2.0NRT,304.66,27.74,D
6.41901,80.88172,336.1,0.54,0.42,2026-09-11,0820,N20,nominal,2.0NRT,303.11,9.9,D
21.10267,72.6356,343.9,0.38,0.36,2026-09-11,0826,N20,nominal,2.0NRT,304.89,9.99,D
6.39797,80.7355,331.27,0.53,0.42,2026-09-11,0820,N20,nominal,2.0NRT,299.7,2.55,D
22.9278,70.1079,336.23,0.42,0.38,2026-09-11,0826,N20,low,2.0NRT,309.49,5.89,D
6.4236,80.88605,344.03,0.54,0.42,2026-09-11,0820,N20,nominal,2.0NRT,307.65,77.61,D
25.03105,68.66889,332.69,0.46,0.39,2026-09-11,0826,N20,nominal,2.0NRT,303.3,2.81,D
6.4229,80.88116,341.01,0.54,0.42,2026-09-11,0820,N20,nominal,2.0NRT,303.79,11.48,D
26.13553,68.94838,333.86,0.43,0.38,2026-09-11,0826,N20,low,2.0NRT,305.86,3.65,D
6.44707,80.99358,333.64,0.55,0.43,2026-09-11,0820,N20,nominal,2.0NRT,301,2.62,D
26.26415,67.98392,348.11,0.47,0.4,2026-09-11,0826,N20,low,2.0NRT,321.29,48.31,D
6.53673,80.94782,331.32,0.55,0.43,2026-09-11,0820,N20,low,2.0NRT,302.89,3.03,D
27.71907,75.52586,336.83,0.5,0.41,2026-09-11,0826,N20,nominal,2.0NRT,306.66,3.77,D
6.52189,80.78945,333.64,0.54,0.42,2026-09-11,0820,N20,nominal,2.0NRT,301.38,2.09,D
27.6377,68.38584,355.26,0.44,0.38,2026-09-11,0828,N20,nominal,2.0NRT,312.73,9.47,D
6.54946,80.87051,330.32,0.55,0.42,2026-09-11,0820,N20,nominal,2.0NRT,299.78,3.87,D
27.87812,68.97977,334.16,0.42,0.37,2026-09-11,0828,N20,nominal,2.0NRT,308.72,1.76,D
6.73306,81.53765,340.92,0.4,0.44,2026-09-11,0820,N20,nominal,2.0NRT,307.6,6.46,D
29.36491,69.86592,338.62,0.39,0.36,2026-09-11,0828,N20,low,2.0NRT,312.23,2.92,D
6.72686,81.49413,338.09,0.4,0.44,2026-09-11,0820,N20,low,2.0NRT,308.67,7.83,D
30.35007,73.52268,341.26,0.44,0.38,2026-09-11,0828,N20,nominal,2.0NRT,309.23,7.46,D
6.71555,81.32859,335.55,0.39,0.44,2026-09-11,0820,N20,nominal,2.0NRT,305.05,2.58,D
30.49961,73.92297,332.94,0.45,0.39,2026-09-11,0828,N20,nominal,2.0NRT,301.06,1.92,D
6.70256,81.20989,330.32,0.38,0.43,2026-09-11,0820,N20,low,2.0NRT,300.39,2.28,D
30.4108,71.7337,343.61,0.39,0.36,2026-09-11,0828,N20,nominal,2.0NRT,304.66,17.06,D
6.75656,81.55666,347,0.4,0.44,2026-09-11,0820,N20,nominal,2.0NRT,306.34,8.18,D
27.16592,56.0544,337.75,0.75,0.77,2026-09-11,0828,N20,nominal,2.0NRT,299.38,2.72,D
6.70654,81.20932,343.11,0.38,0.43,2026-09-11,0820,N20,nominal,2.0NRT,300.11,2.28,D
27.1641,56.05051,333.42,0.74,0.76,2026-09-11,0828,N20,nominal,2.0NRT,299.63,4,D
6.76064,81.55608,345.19,0.4,0.44,2026-09-11,0820,N20,nominal,2.0NRT,307.11,8.75,D
31.07001,74.55878,335.96,0.49,0.4,2026-09-11,0828,N20,nominal,2.0NRT,301.94,5.51,D
6.78726,81.56734,337.42,0.4,0.44,2026-09-11,0820,N20,nominal,2.0NRT,306.99,6.85,D
31.1114,74.65161,332.87,0.49,0.41,2026-09-11,0828,N20,nominal,2.0NRT,300.78,4.36,D
6.76052,81.38392,336.96,0.39,0.44,2026-09-11,0820,N20,nominal,2.0NRT,303.62,1.92,D
31.12321,74.68665,339.01,0.5,0.41,2026-09-11,0828,N20,nominal,2.0NRT,304.86,4.58,D
6.75637,81.35551,343.63,0.39,0.44,2026-09-11,0820,N20,nominal,2.0NRT,303.41,5.72,D
6.76506,81.38685,345.11,0.39,0.44,2026-09-11,0820,N20,nominal,2.0NRT,305.26,6.81,D
31.12192,74.64467,346.92,0.49,0.41,2026-09-11,0828,N20,nominal,2.0NRT,304.28,11.55,D
6.76455,81.38334,337.75,0.39,0.44,2026-09-11,0820,N20,nominal,2.0NRT,302.7,1.92,D
31.17735,74.33787,332.72,0.48,0.4,2026-09-11,0828,N20,nominal,2.0NRT,301.98,2.6,D
6.76908,81.38622,342.41,0.39,0.44,2026-09-11,0820,N20,nominal,2.0NRT,305.1,5.02,D
30.87133,70.64251,339.09,0.38,0.36,2026-09-11,0828,N20,low,2.0NRT,309.39,2.89,D
6.82326,80.87898,336.63,0.55,0.43,2026-09-11,0820,N20,nominal,2.0NRT,299.03,8.71,D
31.45932,74.57209,340.55,0.49,0.41,2026-09-11,0828,N20,nominal,2.0NRT,305.19,16.27,D
31.4567,74.51981,336.28,0.49,0.4,2026-09-11,0828,N20,nominal,2.0NRT,302.66,3.05,D
6.95232,81.35786,334.94,0.39,0.44,2026-09-11,0820,N20,low,2.0NRT,306.17,5.65,D
31.45689,74.56978,332.63,0.49,0.41,2026-09-11,0828,N20,nominal,2.0NRT,301.62,5.77,D
7.10966,81.58349,335.42,0.41,0.45,2026-09-11,0820,N20,nominal,2.0NRT,302.5,3.55,D
31.46121,74.57436,335,0.49,0.41,2026-09-11,0828,N20,nominal,2.0NRT,302.57,5.77,D
7.13112,81.24104,331.64,0.39,0.44,2026-09-11,0820,N20,nominal,2.0NRT,301.37,2.34,D
7.18915,81.56052,339.78,0.41,0.45,2026-09-11,0820,N20,nominal,2.0NRT,301.28,3.81,D
31.4606,74.56918,331.61,0.49,0.41,2026-09-11,0828,N20,low,2.0NRT,304.67,5.77,D
31.52515,72.23773,346.87,0.41,0.37,2026-09-11,0828,N20,nominal,2.0NRT,303.75,11.73,D
7.12708,81.0709,330.04,0.57,0.43,2026-09-11,0820,N20,low,2.0NRT,304.78,2.42,D
31.78217,72.25266,333.08,0.41,0.37,2026-09-11,0828,N20,nominal,2.0NRT,300.41,3.24,D
7.14048,81.07939,330.62,0.57,0.43,2026-09-11,0820,N20,low,2.0NRT,302.33,3.51,D
7.28826,81.79675,340.6,0.42,0.46,2026-09-11,0820,N20,nominal,2.0NRT,302.2,1.39,D
31.9128,72.4425,337.08,0.41,0.37,2026-09-11,0828,N20,nominal,2.0NRT,302.75,5.35,D
7.30146,81.83022,332.27,0.43,0.46,2026-09-11,0820,N20,low,2.0NRT,304,4.01,D
31.93706,72.33691,335.5,0.41,0.37,2026-09-11,0828,N20,nominal,2.0NRT,302.82,4.54,D
7.3154,81.68804,335.34,0.42,0.45,2026-09-11,0820,N20,nominal,2.0NRT,301.33,3.11,D
29.99009,55.86031,336.79,0.65,0.73,2026-09-11,0828,N20,low,2.0NRT,309.19,7.68,D
7.33972,81.30452,341.31,0.4,0.44,2026-09-11,0820,N20,nominal,2.0NRT,301.49,3.25,D
29.98813,55.85981,338.72,0.65,0.73,2026-09-11,0828,N20,nominal,2.0NRT,309.19,8.7,D
7.29162,80.90765,330.25,0.56,0.43,2026-09-11,0820,N20,low,2.0NRT,301.1,3.83,D
30.08027,55.40064,339.94,0.69,0.74,2026-09-11,0828,N20,low,2.0NRT,314.15,6.33,D
7.3711,81.32201,337.4,0.4,0.44,2026-09-11,0820,N20,nominal,2.0NRT,303.17,3.73,D
32.87057,66.80116,337.28,0.44,0.38,2026-09-11,0828,N20,nominal,2.0NRT,308.76,4.77,D
7.40421,81.23724,330.71,0.39,0.44,2026-09-11,0820,N20,low,2.0NRT,302.83,1.27,D
35.2286,58.61148,342.1,0.34,0.56,2026-09-11,0830,N20,nominal,2.0NRT,307.16,1.16,D
7.40536,81.23679,330.87,0.39,0.44,2026-09-11,0820,N20,low,2.0NRT,302.24,2.05,D
35.69905,59.87857,343.75,0.56,0.51,2026-09-11,0830,N20,nominal,2.0NRT,306.01,7.68,D
7.50461,81.64899,337.4,0.42,0.45,2026-09-11,0820,N20,nominal,2.0NRT,301.32,3.52,D
7.43202,81.02025,333.7,0.57,0.43,2026-09-11,0820,N20,nominal,2.0NRT,302.19,2.02,D
35.69646,59.87784,342.81,0.56,0.51,2026-09-11,0830,N20,nominal,2.0NRT,305.11,9.2,D
7.42394,80.96381,344.02,0.57,0.43,2026-09-11,0820,N20,nominal,2.0NRT,304.36,6.03,D
7.49911,81.37404,330.3,0.4,0.44,2026-09-11,0820,N20,low,2.0NRT,304.43,1.09,D
7.49758,81.22022,340.23,0.39,0.44,2026-09-11,0820,N20,nominal,2.0NRT,301.46,1.95,D
7.58861,80.85677,336.18,0.56,0.43,2026-09-11,0822,N20,nominal,2.0NRT,304.15,5.01,D
7.61874,80.84236,336.88,0.56,0.43,2026-09-11,0822,N20,nominal,2.0NRT,302.28,4.4,D
7.47538,79.81944,337.12,0.49,0.4,2026-09-11,0822,N20,nominal,2.0NRT,299.3,4.65,D
7.76165,81.6403,332.35,0.42,0.45,2026-09-11,0822,N20,low,2.0NRT,303.66,1.92,D
7.73673,81.23238,340.94,0.4,0.44,2026-09-11,0822,N20,nominal,2.0NRT,305.35,4.46,D
7.71311,80.83144,340.28,0.56,0.43,2026-09-11,0822,N20,nominal,2.0NRT,303.48,3.53,D
7.7557,81.04586,337.38,0.39,0.44,2026-09-11,0822,N20,nominal,2.0NRT,305.24,2.65,D
7.79396,81.22811,337.77,0.4,0.44,2026-09-11,0822,N20,nominal,2.0NRT,305.07,2.73,D
7.77925,80.6192,340.49,0.55,0.42,2026-09-11,0822,N20,nominal,2.0NRT,299.73,5.53,D
7.77855,80.61428,332.28,0.55,0.42,2026-09-11,0822,N20,nominal,2.0NRT,298.96,8,D
7.79094,80.61758,341.49,0.55,0.42,2026-09-11,0822,N20,nominal,2.0NRT,299.99,10.88,D
7.89517,81.12196,333.17,0.39,0.44,2026-09-11,0822,N20,nominal,2.0NRT,300.81,2.5,D
7.71097,79.84613,347.33,0.49,0.41,2026-09-11,0822,N20,nominal,2.0NRT,302.82,8.64,D
7.91956,81.20586,348.88,0.4,0.44,2026-09-11,0822,N20,nominal,2.0NRT,302.12,4.93,D
7.92362,81.20529,331.92,0.4,0.44,2026-09-11,0822,N20,nominal,2.0NRT,301.74,6.18,D
7.92715,81.20113,354.79,0.4,0.44,2026-09-11,0822,N20,nominal,2.0NRT,301.42,6.18,D
7.95536,81.19271,335.17,0.4,0.44,2026-09-11,0822,N20,nominal,2.0NRT,302.36,5.32,D
7.94814,81.05243,337.19,0.39,0.44,2026-09-11,0822,N20,nominal,2.0NRT,301.24,2.86,D
7.94764,81.04892,335.31,0.39,0.44,2026-09-11,0822,N20,nominal,2.0NRT,302.41,5.81,D
7.87957,80.26257,333.79,0.52,0.42,2026-09-11,0822,N20,nominal,2.0NRT,300.87,2.85,D
7.86274,80.01402,330.5,0.51,0.41,2026-09-11,0822,N20,low,2.0NRT,302.92,2.7,D
7.8665,80.01347,341.39,0.51,0.41,2026-09-11,0822,N20,nominal,2.0NRT,302.03,6.16,D
8.00771,80.95483,331.93,0.38,0.43,2026-09-11,0822,N20,nominal,2.0NRT,301.78,1.87,D
7.91648,80.22588,331.37,0.52,0.42,2026-09-11,0822,N20,nominal,2.0NRT,300.92,1.62,D
7.92078,80.20129,332.24,0.52,0.41,2026-09-11,0822,N20,low,2.0NRT,302.73,2.8,D
7.89394,80.01131,343.97,0.51,0.41,2026-09-11,0822,N20,nominal,2.0NRT,302.64,7.12,D
7.89382,79.98338,330.46,0.5,0.41,2026-09-11,0822,N20,low,2.0NRT,300.55,3.32,D
7.89693,79.97832,334.34,0.5,0.41,2026-09-11,0822,N20,nominal,2.0NRT,299.81,3.32,D
7.91734,80.04083,333.01,0.51,0.41,2026-09-11,0822,N20,nominal,2.0NRT,301.46,1.72,D
7.92504,80.06786,334.46,0.51,0.41,2026-09-11,0822,N20,nominal,2.0NRT,301.82,2.26,D
7.93571,80.06168,337.25,0.51,0.41,2026-09-11,0822,N20,nominal,2.0NRT,302.09,2.75,D
7.9537,80.10633,330.17,0.51,0.41,2026-09-11,0822,N20,low,2.0NRT,303.23,4.12,D
8.03017,80.58364,331.89,0.55,0.43,2026-09-11,0822,N20,nominal,2.0NRT,301.83,6.82,D
8.03407,80.58308,330.49,0.55,0.43,2026-09-11,0822,N20,nominal,2.0NRT,300.17,3.11,D
8.14658,81.34058,332.02,0.41,0.45,2026-09-11,0822,N20,nominal,2.0NRT,300.05,4.99,D
7.96591,80.05743,331.15,0.51,0.41,2026-09-11,0822,N20,low,2.0NRT,303.15,0.92,D
7.97169,80.07069,332.34,0.51,0.41,2026-09-11,0822,N20,nominal,2.0NRT,301.69,2.03,D
7.967,80.03849,333.79,0.51,0.41,2026-09-11,0822,N20,nominal,2.0NRT,302.67,3.07,D
7.96633,80.03391,338.07,0.51,0.41,2026-09-11,0822,N20,nominal,2.0NRT,303.54,3.07,D
7.96567,80.02934,338.81,0.51,0.41,2026-09-11,0822,N20,nominal,2.0NRT,305.09,5.33,D
7.96943,80.02879,333.91,0.51,0.41,2026-09-11,0822,N20,low,2.0NRT,305.45,3.39,D
8.04997,80.55556,330.34,0.55,0.42,2026-09-11,0822,N20,low,2.0NRT,301.69,4.09,D
7.99181,80.12924,342.15,0.52,0.41,2026-09-11,0822,N20,nominal,2.0NRT,302.27,7.66,D
8.08562,80.71841,331.15,0.56,0.43,2026-09-11,0822,N20,nominal,2.0NRT,300.12,4.41,D
7.98921,80.05872,345.95,0.51,0.41,2026-09-11,0822,N20,nominal,2.0NRT,301.23,5.71,D
7.98901,80.05547,331.4,0.51,0.41,2026-09-11,0822,N20,low,2.0NRT,302.35,4.68,D
8.08034,80.56838,332.37,0.55,0.43,2026-09-11,0822,N20,nominal,2.0NRT,301.49,5.42,D
8.13744,80.60603,338.97,0.55,0.43,2026-09-11,0822,N20,nominal,2.0NRT,301.53,9.11,D
8.08849,80.18369,337.42,0.52,0.42,2026-09-11,0822,N20,nominal,2.0NRT,304.38,6.03,D
8.15309,80.60385,338.61,0.55,0.43,2026-09-11,0822,N20,nominal,2.0NRT,300.87,7.49,D
8.2172,80.60261,337.89,0.55,0.43,2026-09-11,0822,N20,nominal,2.0NRT,302.34,3.88,D
8.23103,80.67226,341.44,0.56,0.43,2026-09-11,0822,N20,nominal,2.0NRT,302.5,7.16,D
8.15107,80.08145,338.2,0.51,0.41,2026-09-11,0822,N20,nominal,2.0NRT,301.73,4.69,D
8.15486,80.08092,332.76,0.51,0.41,2026-09-11,0822,N20,nominal,2.0NRT,301.78,3.06,D
8.23963,80.56393,349.47,0.55,0.43,2026-09-11,0822,N20,nominal,2.0NRT,304.18,8.17,D
8.24353,80.56336,335.38,0.55,0.43,2026-09-11,0822,N20,nominal,2.0NRT,302.44,8.17,D
8.22871,80.40498,332.51,0.54,0.42,2026-09-11,0822,N20,low,2.0NRT,303.24,5.52,D
8.36839,81.26411,334.51,0.41,0.45,2026-09-11,0822,N20,nominal,2.0NRT,298.91,2.88,D
8.36786,81.26044,332.69,0.41,0.45,2026-09-11,0822,N20,nominal,2.0NRT,299.69,5.18,D
8.37565,81.28562,334.15,0.41,0.45,2026-09-11,0822,N20,nominal,2.0NRT,298.12,2.74,D
8.21095,80.12072,331.42,0.52,0.41,2026-09-11,0822,N20,nominal,2.0NRT,301.01,2.63,D
8.20705,79.98877,331.85,0.51,0.41,2026-09-11,0822,N20,low,2.0NRT,302.06,3.37,D
8.20753,79.98931,332.39,0.51,0.41,2026-09-11,0822,N20,nominal,2.0NRT,302.3,3.47,D
8.35759,81.0389,336.28,0.39,0.44,2026-09-11,0822,N20,nominal,2.0NRT,301.91,4.72,D
8.25058,80.13014,340.87,0.52,0.41,2026-09-11,0822,N20,nominal,2.0NRT,303.33,6.3,D
8.36302,80.78542,337.39,0.57,0.43,2026-09-11,0822,N20,nominal,2.0NRT,302.09,5.7,D
8.34677,80.64206,339.1,0.56,0.43,2026-09-11,0822,N20,nominal,2.0NRT,302.79,6.59,D
8.35033,80.61077,336.16,0.56,0.43,2026-09-11,0822,N20,nominal,2.0NRT,298.48,4.31,D
8.31071,80.30568,354.98,0.53,0.42,2026-09-11,0822,N20,nominal,2.0NRT,304.03,20.79,D
8.31662,80.31953,337.01,0.53,0.42,2026-09-11,0822,N20,nominal,2.0NRT,302.46,3.82,D
8.31593,80.31472,330.04,0.53,0.42,2026-09-11,0822,N20,low,2.0NRT,301.87,3.82,D
8.29445,80.13818,335.61,0.52,0.42,2026-09-11,0822,N20,nominal,2.0NRT,302.81,4.97,D
8.33621,80.40096,338.28,0.54,0.42,2026-09-11,0822,N20,nominal,2.0NRT,302.68,5.8,D
8.43635,81.07172,332.76,0.4,0.44,2026-09-11,0822,N20,nominal,2.0NRT,295.36,3.65,D
8.40175,80.71722,334.28,0.56,0.43,2026-09-11,0822,N20,nominal,2.0NRT,301.1,7.99,D
8.33105,80.22948,333.91,0.53,0.42,2026-09-11,0822,N20,nominal,2.0NRT,301.29,3.21,D
8.38207,80.4444,347.6,0.54,0.42,2026-09-11,0822,N20,nominal,2.0NRT,301.46,12.38,D
8.34534,80.1936,331.77,0.52,0.42,2026-09-11,0822,N20,low,2.0NRT,302.99,3.44,D
8.37973,80.44721,338.88,0.54,0.42,2026-09-11,0822,N20,nominal,2.0NRT,302.71,7.71,D
8.34402,80.19106,336.2,0.52,0.42,2026-09-11,0822,N20,nominal,2.0NRT,304.1,5.98,D
8.36844,80.3097,332.82,0.53,0.42,2026-09-11,0822,N20,nominal,2.0NRT,301.55,7.31,D
8.42017,80.53746,351.89,0.55,0.43,2026-09-11,0822,N20,nominal,2.0NRT,302.31,6.64,D
8.50078,81.08434,334.15,0.4,0.44,2026-09-11,0822,N20,nominal,2.0NRT,300.61,3.88,D
8.42408,80.53691,344.32,0.55,0.43,2026-09-11,0822,N20,nominal,2.0NRT,301.41,6.64,D
8.42338,80.53194,337.71,0.55,0.43,2026-09-11,0822,N20,nominal,2.0NRT,303.07,6.64,D
8.37528,80.19151,332.74,0.53,0.42,2026-09-11,0822,N20,nominal,2.0NRT,302.53,4.22,D
8.47451,80.75187,342.36,0.57,0.43,2026-09-11,0822,N20,nominal,2.0NRT,303.67,7.25,D
8.45357,80.60419,338.9,0.56,0.43,2026-09-11,0822,N20,nominal,2.0NRT,301,6.69,D
8.43868,80.49937,333.04,0.55,0.43,2026-09-11,0822,N20,nominal,2.0NRT,301.85,3.08,D
8.42088,80.34667,338.38,0.54,0.42,2026-09-11,0822,N20,nominal,2.0NRT,302.54,8.24,D
8.49508,80.83979,342.42,0.38,0.43,2026-09-11,0822,N20,nominal,2.0NRT,299.12,3.98,D
8.45605,80.48178,334.06,0.55,0.42,2026-09-11,0822,N20,nominal,2.0NRT,301.59,3.57,D
8.45392,80.357,335.57,0.54,0.42,2026-09-11,0822,N20,nominal,2.0NRT,299.61,2.68,D
8.5226,80.77672,334.46,0.57,0.43,2026-09-11,0822,N20,nominal,2.0NRT,301.57,3.75,D
8.5552,80.87667,341.33,0.39,0.44,2026-09-11,0822,N20,nominal,2.0NRT,303.61,5.52,D
8.46852,80.25311,349.77,0.53,0.42,2026-09-11,0822,N20,nominal,2.0NRT,303.02,13.05,D
8.50827,80.39606,339.16,0.54,0.42,2026-09-11,0822,N20,nominal,2.0NRT,302.81,6.54,D
8.59157,80.93245,349.15,0.39,0.44,2026-09-11,0822,N20,nominal,2.0NRT,299.35,6.89,D
8.59917,80.89912,341.82,0.39,0.44,2026-09-11,0822,N20,nominal,2.0NRT,300.31,3.91,D
8.49135,80.13811,342.33,0.52,0.42,2026-09-11,0822,N20,nominal,2.0NRT,301.44,5.77,D
8.49068,80.13338,332.23,0.52,0.42,2026-09-11,0822,N20,nominal,2.0NRT,300.91,3.05,D
8.50824,80.17439,342.42,0.53,0.42,2026-09-11,0822,N20,nominal,2.0NRT,301.9,5.39,D
8.51274,80.17859,336.03,0.53,0.42,2026-09-11,0822,N20,nominal,2.0NRT,301.42,5.39,D
8.65871,81.05791,332.56,0.4,0.44,2026-09-11,0822,N20,nominal,2.0NRT,299.78,2.41,D
8.58697,80.41991,337.21,0.54,0.42,2026-09-11,0822,N20,nominal,2.0NRT,300.62,5.09,D
8.57027,80.27817,332,0.53,0.42,2026-09-11,0822,N20,nominal,2.0NRT,300.89,3.06,D
8.59619,80.42867,341.48,0.55,0.42,2026-09-11,0822,N20,nominal,2.0NRT,303.26,18.16,D
8.58837,80.42222,337.19,0.55,0.42,2026-09-11,0822,N20,nominal,2.0NRT,300.55,5.84,D
8.65457,80.87311,335.51,0.39,0.44,2026-09-11,0822,N20,nominal,2.0NRT,297.74,4.86,D
8.59752,80.43099,343.28,0.55,0.42,2026-09-11,0822,N20,nominal,2.0NRT,303.04,17.34,D
8.67392,80.92444,343.86,0.39,0.44,2026-09-11,0822,N20,nominal,2.0NRT,298.23,4.82,D
8.60119,80.40035,340.55,0.54,0.42,2026-09-11,0822,N20,nominal,2.0NRT,303.9,35.37,D
8.61613,80.47897,335.5,0.55,0.43,2026-09-11,0822,N20,nominal,2.0NRT,301.67,5.82,D
8.61934,80.47345,334.54,0.55,0.43,2026-09-11,0822,N20,nominal,2.0NRT,303.5,7.9,D
8.61837,80.43812,338.62,0.55,0.42,2026-09-11,0822,N20,nominal,2.0NRT,301.44,5.06,D
8.67128,80.72973,332.47,0.57,0.43,2026-09-11,0822,N20,nominal,2.0NRT,298.08,3.27,D
8.30284,77.63842,338.37,0.41,0.37,2026-09-11,0822,N20,low,2.0NRT,308.84,6.17,D
8.83684,80.99478,331.11,0.4,0.44,2026-09-11,0822,N20,nominal,2.0NRT,299.28,1.94,D
8.83785,80.85667,332.57,0.39,0.44,2026-09-11,0822,N20,nominal,2.0NRT,299.62,2.55,D
8.93228,80.87572,334.25,0.39,0.44,2026-09-11,0822,N20,nominal,2.0NRT,295.23,2.29,D
8.94335,80.83816,344.6,0.39,0.44,2026-09-11,0822,N20,nominal,2.0NRT,299.59,4.87,D
8.94034,80.81702,343.87,0.39,0.44,2026-09-11,0822,N20,nominal,2.0NRT,300.07,3.5,D
8.64338,78.09823,337.22,0.42,0.38,2026-09-11,0822,N20,nominal,2.0NRT,302.05,2.83,D
9.03728,80.65404,331.04,0.57,0.43,2026-09-11,0822,N20,nominal,2.0NRT,295.62,7.49,D
8.62534,77.66491,344.91,0.41,0.37,2026-09-11,0822,N20,nominal,2.0NRT,310.03,14.51,D
8.72997,77.52142,345.18,0.4,0.37,2026-09-11,0822,N20,nominal,2.0NRT,308,6.39,D
8.80927,77.32291,330.2,0.4,0.37,2026-09-11,0822,N20,low,2.0NRT,300.25,2.12,D
8.90008,77.67973,339.25,0.41,0.37,2026-09-11,0822,N20,nominal,2.0NRT,298.88,2.82,D
8.92013,77.62756,338.18,0.41,0.37,2026-09-11,0822,N20,nominal,2.0NRT,301.96,2.77,D
8.92237,77.4953,342.5,0.4,0.37,2026-09-11,0822,N20,nominal,2.0NRT,294.26,9.59,D
8.92022,77.48065,343.03,0.4,0.37,2026-09-11,0822,N20,nominal,2.0NRT,294.45,6.55,D
8.92575,77.49479,355.6,0.4,0.37,2026-09-11,0822,N20,nominal,2.0NRT,294.25,9.59,D
8.92306,77.47648,342.87,0.4,0.37,2026-09-11,0822,N20,nominal,2.0NRT,294.9,3.69,D
8.91389,77.34372,331.85,0.4,0.37,2026-09-11,0822,N20,nominal,2.0NRT,299.83,1.63,D
9.43021,80.46282,331.54,0.56,0.43,2026-09-11,0822,N20,nominal,2.0NRT,283.36,1.92,D
9.0654,77.35426,330.11,0.4,0.37,2026-09-11,0822,N20,nominal,2.0NRT,293.61,1.63,D
9.26976,77.5975,338.72,0.41,0.37,2026-09-11,0822,N20,nominal,2.0NRT,298.04,3.9,D
11.22632,77.5583,334.39,0.42,0.38,2026-09-11,0822,N20,nominal,2.0NRT,275.19,3.74,D
11.46995,79.20942,331.35,0.5,0.41,2026-09-11,0822,N20,nominal,2.0NRT,280.1,4.78,D
12.04517,79.07342,338.09,0.5,0.41,2026-09-11,0822,N20,nominal,2.0NRT,278.58,5.85,D
13.46379,77.75233,330.04,0.45,0.39,2026-09-11,0822,N20,nominal,2.0NRT,292.32,2.11,D
14.39878,77.29482,331.56,0.44,0.38,2026-09-11,0822,N20,nominal,2.0NRT,288.39,3.89,D
14.30183,75.63236,335.48,0.39,0.36,2026-09-11,0822,N20,nominal,2.0NRT,300.31,1.99,D
14.5907,77.63521,336.98,0.46,0.39,2026-09-11,0822,N20,nominal,2.0NRT,284.71,5.62,D
15.17167,76.66277,337.42,0.42,0.38,2026-09-11,0824,N20,nominal,2.0NRT,292.85,4.44,D
15.17801,76.65784,331.78,0.42,0.38,2026-09-11,0824,N20,nominal,2.0NRT,291.56,5.72,D
15.49205,75.49024,339.28,0.39,0.36,2026-09-11,0824,N20,nominal,2.0NRT,306.58,3.2,D
16.3158,77.81416,335.7,0.48,0.4,2026-09-11,0824,N20,nominal,2.0NRT,288.16,3.69,D
20.2258,55.74381,341.35,0.57,0.52,2026-09-11,1006,N20,low,2.0NRT,311.59,1.2,D
20.55584,56.42136,337.86,0.32,0.55,2026-09-11,1006,N20,low,2.0NRT,309.96,0.28,D
20.99909,56.53518,338.58,0.33,0.55,2026-09-11,1006,N20,low,2.0NRT,313.14,0.98,D
20.99876,56.53201,341.78,0.33,0.55,2026-09-11,1006,N20,low,2.0NRT,314.01,0.98,D
21.83412,56.68225,351.34,0.35,0.56,2026-09-11,1006,N20,nominal,2.0NRT,318.07,1.32,D
21.88736,56.84769,342.45,0.35,0.57,2026-09-11,1006,N20,low,2.0NRT,317.25,0.37,D
22.32643,56.49327,346.77,0.34,0.56,2026-09-11,1006,N20,low,2.0NRT,318.61,2.47,D
22.32611,56.48996,355.12,0.34,0.56,2026-09-11,1006,N20,nominal,2.0NRT,320.84,2.47,D
22.32449,56.47307,355.56,0.34,0.56,2026-09-11,1006,N20,nominal,2.0NRT,319.36,1.78,D
22.40537,56.98885,342.23,0.37,0.58,2026-09-11,1006,N20,low,2.0NRT,314.85,2.12,D
22.44152,56.70226,353.99,0.35,0.57,2026-09-11,1006,N20,nominal,2.0NRT,318.65,13.52,D
22.88017,55.93073,348.4,0.64,0.54,2026-09-11,1006,N20,low,2.0NRT,321.15,3.09,D
22.87997,55.92873,351.72,0.64,0.54,2026-09-11,1006,N20,nominal,2.0NRT,321.35,5.38,D
22.92352,55.80555,354.26,0.62,0.54,2026-09-11,1006,N20,nominal,2.0NRT,323.25,8.18,D
23.18927,55.46264,350.31,0.6,0.53,2026-09-11,1006,N20,nominal,2.0NRT,319.69,8.16,D
23.31152,54.17857,346.68,0.5,0.49,2026-09-11,1009,N20,low,2.0NRT,321.38,1.98,D
24.46654,56.61856,338.4,0.37,0.58,2026-09-11,1009,N20,nominal,2.0NRT,304.59,1.19,D
24.50327,56.60758,367,0.37,0.58,2026-09-11,1009,N20,high,2.0NRT,305.94,4.77,D
24.50359,56.61121,333.59,0.37,0.58,2026-09-11,1009,N20,nominal,2.0NRT,304.75,4.77,D
24.50804,54.01962,343.77,0.5,0.49,2026-09-11,1009,N20,nominal,2.0NRT,304.31,6.06,D
24.51005,54.02206,339.64,0.5,0.49,2026-09-11,1009,N20,nominal,2.0NRT,303.98,8.2,D
25.60137,54.42712,340.62,0.55,0.51,2026-09-11,1009,N20,nominal,2.0NRT,303.51,3.94,D
25.97239,56.07138,339.45,0.35,0.57,2026-09-11,1009,N20,low,2.0NRT,311.22,4.64,D
27.15784,56.10076,340.59,0.36,0.58,2026-09-11,1009,N20,nominal,2.0NRT,307.67,3.67,D
27.1646,56.05526,347.23,0.36,0.58,2026-09-11,1009,N20,nominal,2.0NRT,306.87,9.24,D
27.16888,56.05758,348.62,0.36,0.58,2026-09-11,1009,N20,nominal,2.0NRT,307.04,7.7,D
27.16858,56.05388,349.25,0.36,0.58,2026-09-11,1009,N20,nominal,2.0NRT,307.4,6.06,D
29.98561,55.85941,339.65,0.38,0.59,2026-09-11,1009,N20,low,2.0NRT,313.32,3.12,D
29.98777,55.8557,344.32,0.38,0.59,2026-09-11,1009,N20,low,2.0NRT,316.19,6.98,D
30.08156,55.39992,349.23,0.36,0.57,2026-09-11,1009,N20,low,2.0NRT,320.43,3.52,D
35.37964,54.15281,348.4,0.34,0.56,2026-09-11,1011,N20,nominal,2.0NRT,314.01,2.99,D
35.38146,54.15311,343.67,0.34,0.56,2026-09-11,1011,N20,nominal,2.0NRT,313.2,3.51,D
37.70438,60.41648,331.1,0.79,0.78,2026-09-11,1011,N20,nominal,2.0NRT,292.07,4.3,D
37.70577,60.41945,332.32,0.79,0.78,2026-09-11,1011,N20,nominal,2.0NRT,291.8,4.68,D
38.64532,54.28328,347.46,0.37,0.58,2026-09-11,1013,N20,nominal,2.0NRT,311.95,3.67,D
38.64793,54.28342,367,0.37,0.58,2026-09-11,1013,N20,high,2.0NRT,311.01,5.41,D
38.67667,54.31564,337.95,0.37,0.58,2026-09-11,1013,N20,low,2.0NRT,310.76,3.5,D
38.97949,56.60879,336.8,0.5,0.66,2026-09-11,1013,N20,nominal,2.0NRT,298.41,3.7,D
38.98011,56.60898,335.9,0.5,0.66,2026-09-11,1013,N20,nominal,2.0NRT,298.33,3.45,D
39.23404,56.33767,336.29,0.48,0.65,2026-09-11,1013,N20,nominal,2.0NRT,299.82,4.95,D
39.23382,56.33194,347.43,0.48,0.65,2026-09-11,1013,N20,nominal,2.0NRT,303.43,6.6,D
18.01183,54.57474,355.36,0.45,0.47,2026-09-11,1006,N20,nominal,2.0NRT,321.88,12.01,D
18.32348,55.10686,352.41,0.49,0.49,2026-09-11,1006,N20,nominal,2.0NRT,315.89,4.15,D
18.32194,55.10831,345.67,0.49,0.49,2026-09-11,1006,N20,nominal,2.0NRT,315.3,2.04,D
23.90098,99.68625,303.53,0.39,0.36,2026-09-11,1913,N20,nominal,2.0NRT,288.36,1.26,N
23.78175,86.38594,304.38,0.51,0.66,2026-09-11,1913,N20,nominal,2.0NRT,271.49,2.03,N
23.78137,86.39102,296.83,0.51,0.66,2026-09-11,1913,N20,nominal,2.0NRT,271.66,1.36,N
23.7819,86.38766,307.18,0.51,0.66,2026-09-11,1913,N20,nominal,2.0NRT,271.53,2.57,N
23.75488,86.41555,295.09,0.51,0.66,2026-09-11,1913,N20,nominal,2.0NRT,272.01,0.88,N
22.87345,86.0592,303.19,0.53,0.67,2026-09-11,1913,N20,nominal,2.0NRT,276.13,1.22,N
22.87461,86.0594,303.58,0.53,0.67,2026-09-11,1913,N20,nominal,2.0NRT,275.98,1.28,N
22.80042,86.20221,295.91,0.52,0.67,2026-09-11,1913,N20,nominal,2.0NRT,276.39,2.74,N
22.8,86.20722,298.77,0.52,0.67,2026-09-11,1913,N20,nominal,2.0NRT,276.29,2.45,N
22.79719,86.08814,295.53,0.53,0.67,2026-09-11,1913,N20,nominal,2.0NRT,274.69,2.18,N
22.78809,86.20117,302.68,0.52,0.67,2026-09-11,1913,N20,nominal,2.0NRT,275.72,2.16,N
22.38033,87.27713,295.91,0.44,0.62,2026-09-11,1913,N20,nominal,2.0NRT,261.86,0.61,N
22.36697,87.29714,297.1,0.43,0.62,2026-09-11,1913,N20,nominal,2.0NRT,267.8,0.92,N
21.93426,85.21941,296.99,0.59,0.7,2026-09-11,1915,N20,nominal,2.0NRT,281.97,1.17,N
21.92782,85.21847,299.06,0.59,0.7,2026-09-11,1915,N20,nominal,2.0NRT,281.78,1.17,N
21.07614,85.04111,302.19,0.59,0.7,2026-09-11,1915,N20,nominal,2.0NRT,282.06,1.69,N
20.97389,85.17368,299.03,0.57,0.69,2026-09-11,1915,N20,nominal,2.0NRT,278.64,1.95,N
20.96839,85.16176,296.42,0.58,0.69,2026-09-11,1915,N20,nominal,2.0NRT,274.98,1.69,N
20.96793,85.16741,300.86,0.58,0.69,2026-09-11,1915,N20,nominal,2.0NRT,276.76,1.41,N
20.96746,85.17311,299.46,0.57,0.69,2026-09-11,1915,N20,nominal,2.0NRT,276.84,1.41,N
20.96722,85.1612,295.82,0.58,0.69,2026-09-11,1915,N20,nominal,2.0NRT,272.29,0.98,N
20.96672,85.16684,297.23,0.57,0.69,2026-09-11,1915,N20,nominal,2.0NRT,274.64,0.98,N
20.96622,85.17254,297.66,0.57,0.69,2026-09-11,1915,N20,nominal,2.0NRT,276.08,2.27,N
20.96068,85.01225,297.96,0.59,0.7,2026-09-11,1915,N20,nominal,2.0NRT,281.05,1.33,N
20.79613,85.25026,299.56,0.57,0.69,2026-09-11,1915,N20,nominal,2.0NRT,284.38,1.9,N
20.78882,85.26039,304.27,0.56,0.69,2026-09-11,1915,N20,nominal,2.0NRT,285.08,2.23,N
8.87459,99.30975,306.34,0.54,0.42,2026-09-11,1917,N20,nominal,2.0NRT,287.76,0.99,N
39.86195,98.25463,306.88,0.5,0.41,2026-09-11,1908,N20,nominal,2.0NRT,286.46,1.87,N
39.84444,98.27493,328.24,0.5,0.41,2026-09-11,1908,N20,nominal,2.0NRT,283.33,2.91,N
39.82165,98.24116,297.55,0.5,0.41,2026-09-11,1908,N20,nominal,2.0NRT,284.66,0.94,N
39.81712,98.28148,301.44,0.5,0.41,2026-09-11,1908,N20,nominal,2.0NRT,286.77,1.42,N
39.82428,98.24032,296.64,0.5,0.41,2026-09-11,1908,N20,nominal,2.0NRT,284.33,0.9,N
39.81584,98.27988,298.7,0.5,0.41,2026-09-11,1908,N20,nominal,2.0NRT,284.99,1.24,N
39.81516,98.28563,307.12,0.5,0.41,2026-09-11,1908,N20,nominal,2.0NRT,286.56,1.24,N
39.8145,98.29136,304.3,0.49,0.41,2026-09-11,1908,N20,nominal,2.0NRT,288.66,2.12,N
39.80944,98.30209,311.9,0.49,0.41,2026-09-11,1908,N20,nominal,2.0NRT,286.51,1.61,N
39.79089,98.29855,313.21,0.49,0.41,2026-09-11,1908,N20,nominal,2.0NRT,285.77,2.42,N
39.79182,97.88658,298.02,0.51,0.41,2026-09-11,1908,N20,nominal,2.0NRT,284.78,1.71,N
39.79116,97.89252,295.33,0.51,0.41,2026-09-11,1908,N20,nominal,2.0NRT,283.81,0.87,N
27.6049,95.3988,309.25,0.49,0.4,2026-09-11,1910,N20,nominal,2.0NRT,291.16,1.69,N
27.40615,95.98642,305.92,0.46,0.39,2026-09-11,1910,N20,nominal,2.0NRT,291.36,1.31,N
27.47165,95.42069,304.54,0.49,0.4,2026-09-11,1910,N20,nominal,2.0NRT,291.38,0.81,N
27.46111,95.4742,305.6,0.49,0.4,2026-09-11,1910,N20,nominal,2.0NRT,291.61,0.81,N
27.37862,95.33253,315.04,0.49,0.4,2026-09-11,1913,N20,nominal,2.0NRT,291.94,1.55,N
27.37799,95.08943,305.46,0.5,0.41,2026-09-11,1913,N20,nominal,2.0NRT,291.67,2.84,N
27.3272,95.2767,311.94,0.49,0.41,2026-09-11,1913,N20,nominal,2.0NRT,291.97,2.52,N
25.54475,91.23597,302.21,0.53,0.5,2026-09-11,1913,N20,nominal,2.0NRT,282.93,1.41,N
22.93391,69.6952,315.86,0.45,0.39,2026-09-11,2053,N20,nominal,2.0NRT,291.97,1.14,N
22.93331,69.69962,309.86,0.45,0.39,2026-09-11,2053,N20,nominal,2.0NRT,292.33,1.81,N
22.57521,70.22987,307.43,0.43,0.38,2026-09-11,2053,N20,nominal,2.0NRT,288.32,0.71,N
22.339,69.85442,309.13,0.44,0.39,2026-09-11,2053,N20,nominal,2.0NRT,296.17,2.97,N
22.3372,69.86723,308.51,0.44,0.38,2026-09-11,2053,N20,nominal,2.0NRT,296.12,2.92,N
22.41814,69.03782,316.15,0.48,0.4,2026-09-11,2053,N20,nominal,2.0NRT,294.14,2.4,N
21.16621,72.67009,332.17,0.38,0.36,2026-09-11,2053,N20,nominal,2.0NRT,293.32,14.69,N
21.11045,72.63736,323.04,0.38,0.36,2026-09-11,2053,N20,nominal,2.0NRT,293.55,1.76,N
21.11103,72.63369,316.63,0.38,0.36,2026-09-11,2053,N20,nominal,2.0NRT,292.27,1.76,N
21.10928,72.6447,313.8,0.38,0.36,2026-09-11,2053,N20,nominal,2.0NRT,291.96,0.91,N
21.1087,72.64836,312.16,0.38,0.36,2026-09-11,2053,N20,nominal,2.0NRT,293.09,1.19,N
21.10599,72.6441,331.75,0.38,0.36,2026-09-11,2053,N20,nominal,2.0NRT,294.97,11.79,N
21.1054,72.64777,315.8,0.38,0.36,2026-09-11,2053,N20,nominal,2.0NRT,293.47,6.31,N
21.10386,72.63617,334.23,0.38,0.36,2026-09-11,2053,N20,nominal,2.0NRT,294.08,6.66,N
20.9097,71.46011,317.72,0.39,0.36,2026-09-11,2053,N20,nominal,2.0NRT,295.23,2.08,N
20.86944,70.56525,309.87,0.41,0.37,2026-09-11,2053,N20,nominal,2.0NRT,292.55,1.02,N
19.937,73.71086,299.87,0.4,0.37,2026-09-11,2053,N20,nominal,2.0NRT,276.07,0.72,N
21.31044,57.74256,308.55,0.79,0.78,2026-09-11,2053,N20,nominal,2.0NRT,293.95,2.76,N
21.31574,57.73866,311.47,0.79,0.78,2026-09-11,2053,N20,nominal,2.0NRT,293.88,2.26,N
21.3045,57.79155,308.01,0.78,0.78,2026-09-11,2053,N20,nominal,2.0NRT,293.88,1.64,N
19.37027,71.35313,332.32,0.39,0.36,2026-09-11,2053,N20,nominal,2.0NRT,295.06,3.55,N
19.34724,71.30406,311.14,0.39,0.36,2026-09-11,2053,N20,nominal,2.0NRT,295.42,2.21,N
18.69329,73.03996,321.17,0.39,0.36,2026-09-11,2055,N20,nominal,2.0NRT,294.65,2.52,N
16.64812,74.31348,299.06,0.45,0.39,2026-09-11,2055,N20,nominal,2.0NRT,275.33,0.96,N
15.66105,73.98785,304.1,0.44,0.39,2026-09-11,2055,N20,nominal,2.0NRT,289.28,0.6,N
15.18199,76.66712,305.41,0.42,0.45,2026-09-11,2055,N20,nominal,2.0NRT,282.55,1.16,N
15.18056,76.67479,306.08,0.42,0.45,2026-09-11,2055,N20,nominal,2.0NRT,285.94,2.07,N
15.65754,73.98719,302.11,0.44,0.39,2026-09-11,2055,N20,nominal,2.0NRT,287.8,0.32,N
15.18002,76.65479,302.5,0.42,0.45,2026-09-11,2055,N20,nominal,2.0NRT,281.89,0.45,N
15.17931,76.65862,303.6,0.42,0.45,2026-09-11,2055,N20,nominal,2.0NRT,282.93,1.03,N
15.17592,76.65396,299.35,0.42,0.45,2026-09-11,2055,N20,nominal,2.0NRT,277.59,0.45,N
15.17521,76.65779,306.89,0.42,0.45,2026-09-11,2055,N20,nominal,2.0NRT,281.67,1.03,N
11.18543,79.09863,297.04,0.36,0.57,2026-09-11,2055,N20,nominal,2.0NRT,273.77,0.48,N
11.46659,77.24576,304.43,0.53,0.5,2026-09-11,2055,N20,nominal,2.0NRT,290.18,0.82,N
9.33135,77.41924,299.3,0.59,0.53,2026-09-11,2057,N20,nominal,2.0NRT,277.02,0.65,N
6.87122,81.52904,301.27,0.62,0.72,2026-09-11,2057,N20,nominal,2.0NRT,283.36,1.44,N
6.87102,81.53215,306.57,0.62,0.72,2026-09-11,2057,N20,nominal,2.0NRT,283.29,1.46,N
6.72053,81.22852,305.92,0.6,0.7,2026-09-11,2057,N20,nominal,2.0NRT,287.36,0.76,N
6.71873,81.23077,308.85,0.6,0.7,2026-09-11,2057,N20,nominal,2.0NRT,287.32,1.06,N
39.64961,75.89626,301.34,0.4,0.37,2026-09-11,2049,N20,nominal,2.0NRT,286.55,0.9,N
39.53011,76.04536,297.72,0.4,0.37,2026-09-11,2049,N20,nominal,2.0NRT,283.16,0.53,N
39.85408,66.19755,304.6,0.36,0.57,2026-09-11,2049,N20,nominal,2.0NRT,290.92,0.73,N
39.18639,65.30899,301.04,0.4,0.6,2026-09-11,2049,N20,nominal,2.0NRT,288.63,0.86,N
39.13194,63.4139,296.67,0.5,0.66,2026-09-11,2049,N20,nominal,2.0NRT,285.8,0.5,N
38.97646,63.46368,299.41,0.5,0.66,2026-09-11,2049,N20,nominal,2.0NRT,288.7,0.62,N
38.94398,64.13017,300.53,0.46,0.63,2026-09-11,2049,N20,nominal,2.0NRT,287.82,0.68,N
38.68596,65.98429,352.92,0.36,0.57,2026-09-11,2049,N20,nominal,2.0NRT,288.52,4.59,N
38.68748,65.9869,336.97,0.36,0.57,2026-09-11,2049,N20,nominal,2.0NRT,289.2,4.26,N
38.68774,65.98264,319.27,0.36,0.57,2026-09-11,2049,N20,nominal,2.0NRT,286.48,3.2,N
38.67891,65.95216,299.69,0.36,0.58,2026-09-11,2049,N20,nominal,2.0NRT,288.04,0.5,N
38.3972,69.11337,301.19,0.49,0.48,2026-09-11,2049,N20,nominal,2.0NRT,290.48,0.58,N
38.55241,65.94537,308.15,0.36,0.57,2026-09-11,2049,N20,nominal,2.0NRT,289.59,0.62,N
38.48246,65.6246,300.44,0.38,0.58,2026-09-11,2049,N20,nominal,2.0NRT,290.22,1.09,N
38.45581,65.80083,316.22,0.37,0.58,2026-09-11,2049,N20,nominal,2.0NRT,289.89,1.12,N
38.05194,67.25941,337.74,0.61,0.53,2026-09-11,2049,N20,nominal,2.0NRT,289.02,8.53,N
38.05144,67.26614,324.58,0.61,0.53,2026-09-11,2049,N20,nominal,2.0NRT,289.8,8.53,N
37.82736,65.16939,299.87,0.39,0.6,2026-09-11,2049,N20,nominal,2.0NRT,289.73,0.55,N
37.79816,62.5433,297.3,0.55,0.68,2026-09-11,2049,N20,nominal,2.0NRT,286.87,1.58,N
37.78948,62.53714,298.34,0.55,0.68,2026-09-11,2049,N20,nominal,2.0NRT,287.48,1.33,N
37.72667,62.08815,297.37,0.58,0.7,2026-09-11,2049,N20,nominal,2.0NRT,286.89,0.81,N
37.60869,61.60196,303.44,0.62,0.71,2026-09-11,2049,N20,nominal,2.0NRT,288.16,1.51,N
37.59715,61.52215,297.53,0.62,0.72,2026-09-11,2049,N20,nominal,2.0NRT,286.99,0.62,N
37.6111,61.60385,302.94,0.62,0.71,2026-09-11,2049,N20,nominal,2.0NRT,287.86,1.28,N
37.59335,61.52385,300.36,0.62,0.72,2026-09-11,2049,N20,nominal,2.0NRT,287.52,0.88,N
37.49923,61.8439,304.8,0.6,0.7,2026-09-11,2049,N20,nominal,2.0NRT,288.85,1.84,N
37.50016,61.83979,305.62,0.6,0.7,2026-09-11,2049,N20,nominal,2.0NRT,288.38,1.37,N
37.42738,62.30494,301.73,0.56,0.69,2026-09-11,2049,N20,nominal,2.0NRT,286.84,0.73,N
37.1198,62.35772,323.66,0.56,0.69,2026-09-11,2049,N20,nominal,2.0NRT,288.59,8,N
37.11344,62.35733,303.75,0.56,0.69,2026-09-11,2049,N20,nominal,2.0NRT,288.58,1.59,N
37.03284,62.40859,308.91,0.55,0.68,2026-09-11,2049,N20,nominal,2.0NRT,287.45,4.19,N
37.03262,62.41492,302.7,0.55,0.68,2026-09-11,2049,N20,nominal,2.0NRT,288.88,4.24,N
36.46343,60.8409,297,0.67,0.74,2026-09-11,2049,N20,nominal,2.0NRT,286.5,1.92,N
33.7187,73.97783,311.54,0.4,0.37,2026-09-11,2049,N20,nominal,2.0NRT,289.76,0.92,N
33.71809,73.98216,300.64,0.4,0.37,2026-09-11,2049,N20,nominal,2.0NRT,289.33,0.92,N
33.9049,71.91542,305.14,0.47,0.4,2026-09-11,2049,N20,nominal,2.0NRT,292.48,0.65,N
33.68808,72.71377,304.79,0.44,0.38,2026-09-11,2049,N20,nominal,2.0NRT,291.6,1.26,N
33.27586,72.14529,307.35,0.46,0.39,2026-09-11,2049,N20,nominal,2.0NRT,292.52,1.08,N
33.29652,71.18395,304.62,0.5,0.41,2026-09-11,2049,N20,nominal,2.0NRT,291.15,1.25,N
32.72146,72.92407,305.24,0.42,0.38,2026-09-11,2051,N20,nominal,2.0NRT,293.09,0.92,N
32.74473,72.59341,303.53,0.43,0.38,2026-09-11,2051,N20,nominal,2.0NRT,290.65,0.52,N
32.74186,72.58815,316.01,0.43,0.38,2026-09-11,2051,N20,nominal,2.0NRT,291.41,1.94,N
32.71683,72.77529,304.28,0.43,0.38,2026-09-11,2051,N20,nominal,2.0NRT,291.62,1.35,N
32.57521,72.56344,313.27,0.43,0.38,2026-09-11,2051,N20,nominal,2.0NRT,294.37,3.83,N
31.68207,73.96127,308.19,0.39,0.36,2026-09-11,2051,N20,nominal,2.0NRT,297.36,0.55,N
31.64355,74.15228,309.07,0.39,0.36,2026-09-11,2051,N20,nominal,2.0NRT,297.8,0.85,N
30.26803,75.17167,307.25,0.38,0.36,2026-09-11,2051,N20,nominal,2.0NRT,294.53,0.66,N
29.12501,75.7784,307.76,0.39,0.36,2026-09-11,2051,N20,nominal,2.0NRT,290.34,1.23,N
28.42555,69.70058,314.47,0.52,0.41,2026-09-11,2051,N20,nominal,2.0NRT,298.16,2.86,N
28.05323,69.36874,311.36,0.54,0.42,2026-09-11,2051,N20,nominal,2.0NRT,298.59,0.95,N
28.05183,69.36759,316.41,0.53,0.42,2026-09-11,2051,N20,nominal,2.0NRT,298.15,1.37,N
23.80455,86.32753,303.91,0.58,0.7,2026-09-11,2051,N20,nominal,2.0NRT,266,2.82,N
23.79891,86.34988,297.23,0.59,0.7,2026-09-11,2051,N20,nominal,2.0NRT,269.01,0.47,N
23.76604,86.4002,299.15,0.59,0.7,2026-09-11,2051,N20,nominal,2.0NRT,273.13,2.53,N
23.80189,86.32696,301.33,0.58,0.7,2026-09-11,2051,N20,nominal,2.0NRT,269.27,0.67,N
23.79638,86.3494,297.22,0.59,0.7,2026-09-11,2051,N20,nominal,2.0NRT,269.96,0.79,N
23.77807,86.20757,308.06,0.57,0.69,2026-09-11,2051,N20,nominal,2.0NRT,280.26,3.66,N
23.70203,86.07295,302.67,0.57,0.69,2026-09-11,2051,N20,nominal,2.0NRT,283.94,1.86,N
23.65185,85.43389,299.13,0.52,0.67,2026-09-11,2051,N20,nominal,2.0NRT,278.57,1.58,N
22.57464,85.89746,296.65,0.59,0.7,2026-09-11,2051,N20,nominal,2.0NRT,269.7,1.34,N
25.38895,68.58416,305.45,0.55,0.43,2026-09-11,2053,N20,nominal,2.0NRT,286.02,1.49,N
24.69183,73.00259,309.22,0.38,0.36,2026-09-11,2053,N20,nominal,2.0NRT,292.93,1.47,N
25.05153,67.49267,310.14,0.42,0.45,2026-09-11,2053,N20,nominal,2.0NRT,295.9,0.95,N
24.9942,66.92996,309.56,0.45,0.47,2026-09-11,2053,N20,nominal,2.0NRT,294.95,1.16,N
24.99159,66.93194,312.98,0.45,0.47,2026-09-11,2053,N20,nominal,2.0NRT,294.84,1.32,N
20.97512,85.1733,298.11,0.57,0.69,2026-09-11,2053,N20,nominal,2.0NRT,281.39,2.89,N
20.96643,85.18212,308.12,0.57,0.69,2026-09-11,2053,N20,nominal,2.0NRT,281.06,3.25,N
20.96514,85.18756,309.27,0.57,0.69,2026-09-11,2053,N20,nominal,2.0NRT,280.8,3.25,N
20.76372,85.29626,296.46,0.59,0.7,2026-09-11,2053,N20,nominal,2.0NRT,277.93,1.19,N
20.78853,85.26534,302.1,0.59,0.7,2026-09-11,2053,N20,nominal,2.0NRT,280.86,2.05,N
23.31491,70.48664,309.88,0.43,0.38,2026-09-11,2053,N20,nominal,2.0NRT,296.26,1.67,N
23.30568,70.47658,308.01,0.43,0.38,2026-09-11,2053,N20,nominal,2.0NRT,296.81,1.64,N
23.49116,68.97488,307.79,0.5,0.41,2026-09-11,2053,N20,nominal,2.0NRT,293.32,1.04,N
39.18166,65.31227,303.69,0.42,0.61,2026-09-11,2229,N20,nominal,2.0NRT,287.9,0.72,N
19.27018,56.17579,320.32,0.36,0.58,2026-09-11,2235,N20,nominal,2.0NRT,293.24,2.49,N
39.62134,63.46507,296.77,0.33,0.55,2026-09-11,2229,N20,nominal,2.0NRT,285.9,0.61,N
39.24871,63.20895,299.4,0.33,0.55,2026-09-11,2229,N20,nominal,2.0NRT,286.16,0.36,N
18.32297,55.10599,342.48,0.32,0.55,2026-09-11,2235,N20,nominal,2.0NRT,296.07,1.88,N
39.17961,63.35022,302.31,0.33,0.56,2026-09-11,2229,N20,nominal,2.0NRT,285.92,0.47,N
18.32359,55.103,309.81,0.32,0.55,2026-09-11,2235,N20,nominal,2.0NRT,293.57,1.88,N
39.19842,63.19539,301.5,0.33,0.55,2026-09-11,2229,N20,nominal,2.0NRT,286.55,0.48,N
39.19558,63.20627,296.4,0.33,0.55,2026-09-11,2229,N20,nominal,2.0NRT,286.23,0.39,N
18.01222,54.5694,325.59,0.6,0.53,2026-09-11,2235,N20,nominal,2.0NRT,289.48,9.16,N
38.94253,64.13587,301.75,0.37,0.58,2026-09-11,2229,N20,nominal,2.0NRT,288.17,0.85,N
18.01108,54.575,326.34,0.6,0.53,2026-09-11,2235,N20,nominal,2.0NRT,294.29,9.16,N
39.12978,63.41554,295.3,0.34,0.56,2026-09-11,2229,N20,nominal,2.0NRT,284.3,0.62,N
39.16575,63.25832,299.28,0.33,0.55,2026-09-11,2229,N20,nominal,2.0NRT,285.88,0.54,N
39.16479,63.26198,302.87,0.33,0.55,2026-09-11,2229,N20,nominal,2.0NRT,286.75,0.54,N
38.45572,65.80519,306.31,0.47,0.64,2026-09-11,2229,N20,nominal,2.0NRT,289.2,0.97,N
38.4566,65.80405,306.12,0.47,0.64,2026-09-11,2229,N20,nominal,2.0NRT,289.02,0.98,N
39.12717,63.30795,298.74,0.33,0.56,2026-09-11,2229,N20,nominal,2.0NRT,286.19,0.53,N
38.48126,65.62883,300.08,0.46,0.63,2026-09-11,2229,N20,nominal,2.0NRT,289.35,0.68,N
39.06885,63.38597,298.81,0.34,0.56,2026-09-11,2229,N20,nominal,2.0NRT,286.43,0.37,N
38.97607,63.65461,296.26,0.35,0.57,2026-09-11,2229,N20,nominal,2.0NRT,286.08,0.24,N
38.66596,64.77539,300.74,0.41,0.61,2026-09-11,2229,N20,nominal,2.0NRT,287.81,0.26,N
38.97619,63.46724,304.01,0.34,0.56,2026-09-11,2229,N20,nominal,2.0NRT,287.56,0.68,N
38.97369,63.46614,300.99,0.34,0.56,2026-09-11,2229,N20,nominal,2.0NRT,287.27,0.7,N
38.60514,64.75866,299.88,0.41,0.61,2026-09-11,2229,N20,nominal,2.0NRT,289.26,0.83,N
38.83694,63.81692,298.16,0.36,0.57,2026-09-11,2229,N20,nominal,2.0NRT,286.47,0.39,N
38.65298,63.97803,297.66,0.37,0.58,2026-09-11,2229,N20,nominal,2.0NRT,286.66,0.51,N
38.12964,64.67474,298.64,0.42,0.61,2026-09-11,2229,N20,nominal,2.0NRT,288.53,0.39,N
37.96714,65.00633,299.2,0.44,0.62,2026-09-11,2229,N20,nominal,2.0NRT,287.1,0.44,N
37.96099,62.66503,299.36,0.33,0.55,2026-09-11,2229,N20,nominal,2.0NRT,288.94,0.53,N
37.79893,62.54893,312.92,0.33,0.55,2026-09-11,2229,N20,nominal,2.0NRT,286.97,1.64,N
37.79104,62.53778,310.35,0.33,0.55,2026-09-11,2229,N20,nominal,2.0NRT,287.56,0.89,N
37.78617,62.53582,303.7,0.33,0.55,2026-09-11,2229,N20,nominal,2.0NRT,287.73,0.57,N
39.51101,54.32833,311.67,0.4,0.37,2026-09-11,2229,N20,nominal,2.0NRT,289.2,0.98,N
37.72704,62.09684,303.44,0.63,0.54,2026-09-11,2229,N20,nominal,2.0NRT,288.29,1.14,N
37.67091,62.23557,306.4,0.32,0.55,2026-09-11,2229,N20,nominal,2.0NRT,287.12,0.78,N
37.65952,62.23865,306.53,0.32,0.55,2026-09-11,2229,N20,nominal,2.0NRT,288.11,0.85,N
37.65863,62.24213,301.53,0.32,0.55,2026-09-11,2229,N20,nominal,2.0NRT,286.99,0.84,N
37.63687,62.20278,303.61,0.32,0.55,2026-09-11,2229,N20,nominal,2.0NRT,287.19,0.71,N
37.62851,62.21468,299.73,0.32,0.55,2026-09-11,2229,N20,nominal,2.0NRT,288.04,0.57,N
37.62796,62.21482,299.98,0.32,0.55,2026-09-11,2229,N20,nominal,2.0NRT,288.07,0.56,N
37.62877,62.16925,308.81,0.32,0.54,2026-09-11,2229,N20,nominal,2.0NRT,287.21,1.05,N
37.62087,62.13756,301,0.64,0.54,2026-09-11,2229,N20,nominal,2.0NRT,288.83,1.34,N
37.6579,61.90583,297.59,0.62,0.54,2026-09-11,2229,N20,nominal,2.0NRT,286.9,0.36,N
37.61015,61.6059,309.14,0.6,0.53,2026-09-11,2229,N20,nominal,2.0NRT,289.4,2.98,N
37.42317,62.30792,308.77,0.33,0.55,2026-09-11,2229,N20,nominal,2.0NRT,286.23,1.13,N
37.42226,62.31147,301.99,0.33,0.55,2026-09-11,2229,N20,nominal,2.0NRT,287.6,1.03,N
37.40678,62.30917,300.96,0.33,0.55,2026-09-11,2229,N20,nominal,2.0NRT,287.2,0.51,N
37.59016,61.56269,298.07,0.59,0.53,2026-09-11,2229,N20,nominal,2.0NRT,287.85,0.96,N
37.5935,61.52876,307.38,0.59,0.53,2026-09-11,2229,N20,nominal,2.0NRT,288.45,2.6,N
37.58549,61.56087,301.18,0.59,0.53,2026-09-11,2229,N20,nominal,2.0NRT,288.36,2.42,N
37.39432,62.31592,297.89,0.33,0.55,2026-09-11,2229,N20,nominal,2.0NRT,287.75,0.26,N
37.4989,61.84385,307.82,0.62,0.54,2026-09-11,2229,N20,nominal,2.0NRT,289.44,1.6,N
37.4972,61.85057,305.46,0.62,0.54,2026-09-11,2229,N20,nominal,2.0NRT,289.49,1.6,N
37.5015,61.84487,299.63,0.62,0.54,2026-09-11,2229,N20,nominal,2.0NRT,288.94,0.82,N
37.4951,61.84973,306.42,0.62,0.54,2026-09-11,2229,N20,nominal,2.0NRT,289.48,1.37,N
38.25631,58.39288,302.08,0.39,0.44,2026-09-11,2229,N20,nominal,2.0NRT,291.77,1.47,N
38.21928,57.98835,302.1,0.57,0.43,2026-09-11,2229,N20,nominal,2.0NRT,287.63,1.29,N
38.19564,58.09932,299.54,0.38,0.43,2026-09-11,2229,N20,nominal,2.0NRT,288.09,0.61,N
38.25065,57.66615,301.6,0.55,0.43,2026-09-11,2229,N20,nominal,2.0NRT,290.59,1.23,N
38.17937,57.98126,300.89,0.57,0.43,2026-09-11,2229,N20,nominal,2.0NRT,287.47,1.41,N
37.63372,60.33992,295.02,0.51,0.49,2026-09-11,2229,N20,nominal,2.0NRT,284.46,1.29,N
37.12151,62.36495,324.48,0.34,0.56,2026-09-11,2229,N20,nominal,2.0NRT,288.35,2.36,N
37.11661,62.36296,322.88,0.34,0.56,2026-09-11,2229,N20,nominal,2.0NRT,288.51,2.36,N
37.11569,62.36658,305.87,0.34,0.56,2026-09-11,2229,N20,nominal,2.0NRT,287.86,2.36,N
37.35036,61.36241,302.09,0.59,0.53,2026-09-11,2229,N20,nominal,2.0NRT,288.27,1.8,N
37.03219,62.41719,320.6,0.34,0.56,2026-09-11,2229,N20,nominal,2.0NRT,289.65,3.14,N
37.94957,58.58569,301.16,0.41,0.45,2026-09-11,2229,N20,nominal,2.0NRT,288.36,0.3,N
37.03125,62.42085,303.73,0.34,0.56,2026-09-11,2229,N20,nominal,2.0NRT,289.34,3.14,N
38.02657,58.17534,306.01,0.39,0.44,2026-09-11,2229,N20,nominal,2.0NRT,289.8,0.99,N
37.94159,58.56345,312.1,0.41,0.45,2026-09-11,2229,N20,nominal,2.0NRT,290.36,1.55,N
38.68054,54.31694,328.27,0.41,0.37,2026-09-11,2229,N20,nominal,2.0NRT,292.64,3.09,N
38.64761,54.28166,329.23,0.41,0.37,2026-09-11,2229,N20,nominal,2.0NRT,292.19,5.33,N
37.21899,60.02455,300.14,0.5,0.49,2026-09-11,2229,N20,nominal,2.0NRT,289.31,0.63,N
37.45404,57.68482,301.58,0.57,0.43,2026-09-11,2229,N20,nominal,2.0NRT,288.05,1.14,N
37.45474,57.68504,300.23,0.57,0.43,2026-09-11,2229,N20,nominal,2.0NRT,287.6,1.64,N
36.4776,61.62408,309.13,0.32,0.54,2026-09-11,2229,N20,nominal,2.0NRT,289.35,5.34,N
37.29679,55.48207,305.51,0.46,0.39,2026-09-11,2231,N20,nominal,2.0NRT,290.84,1.2,N
36.99351,56.23045,303,0.5,0.41,2026-09-11,2231,N20,nominal,2.0NRT,287.1,1.06,N
36.33657,58.66627,304.91,0.45,0.47,2026-09-11,2231,N20,nominal,2.0NRT,288.39,0.81,N
36.94716,54.88711,323.07,0.44,0.39,2026-09-11,2231,N20,nominal,2.0NRT,290.97,2.75,N
35.37006,59.30382,299.52,0.51,0.49,2026-09-11,2231,N20,nominal,2.0NRT,286.78,1.04,N
36.29863,54.78507,301.08,0.45,0.39,2026-09-11,2231,N20,nominal,2.0NRT,286.87,1.04,N
36.32648,54.61811,298.56,0.44,0.38,2026-09-11,2231,N20,nominal,2.0NRT,287.92,0.38,N
36.32147,54.18875,295.59,0.43,0.38,2026-09-11,2231,N20,nominal,2.0NRT,284.28,0.33,N
32.92379,60.23139,303.2,0.33,0.55,2026-09-11,2231,N20,nominal,2.0NRT,289.11,0.84,N
32.636,59.75537,295.02,0.62,0.54,2026-09-11,2231,N20,nominal,2.0NRT,284.2,1.03,N
33.04319,56.85069,307.61,0.42,0.45,2026-09-11,2231,N20,nominal,2.0NRT,294.66,1.75,N
32.33521,54.08581,306.06,0.48,0.4,2026-09-11,2231,N20,nominal,2.0NRT,291.96,1.42,N
31.94105,54.04561,307.02,0.48,0.4,2026-09-11,2231,N20,nominal,2.0NRT,294.45,1.17,N
31.93842,54.03961,305.99,0.48,0.4,2026-09-11,2231,N20,nominal,2.0NRT,295.81,1.44,N
31.43342,56.49134,304.88,0.43,0.46,2026-09-11,2231,N20,nominal,2.0NRT,289.51,0.92,N
31.84877,54.28562,307.4,0.49,0.4,2026-09-11,2231,N20,nominal,2.0NRT,295.57,1.16,N
31.85048,54.28421,306.03,0.49,0.41,2026-09-11,2231,N20,nominal,2.0NRT,295.57,0.9,N
30.75324,56.65871,306.21,0.46,0.47,2026-09-11,2231,N20,nominal,2.0NRT,292.47,1.98,N
30.66455,56.62111,306.12,0.45,0.47,2026-09-11,2231,N20,nominal,2.0NRT,290.33,0.9,N
38.39952,69.11255,298.03,0.69,0.74,2026-09-11,2231,N20,nominal,2.0NRT,286.79,0.77,N
30.49887,56.81538,302.74,0.47,0.48,2026-09-11,2231,N20,nominal,2.0NRT,292.33,1.34,N
30.73508,55.3865,308.21,0.39,0.44,2026-09-11,2231,N20,nominal,2.0NRT,291.52,0.93,N
30.23521,56.90822,314.93,0.48,0.48,2026-09-11,2231,N20,nominal,2.0NRT,292.66,2.67,N
30.37177,56.12842,330.53,0.43,0.46,2026-09-11,2231,N20,nominal,2.0NRT,290.48,3.96,N
30.32497,56.22696,301,0.44,0.46,2026-09-11,2231,N20,nominal,2.0NRT,290.41,0.63,N
30.37956,55.86195,305.66,0.42,0.45,2026-09-11,2231,N20,nominal,2.0NRT,290.78,0.97,N
30.32207,55.9717,301.53,0.42,0.46,2026-09-11,2231,N20,nominal,2.0NRT,289.81,0.93,N
29.92875,56.73384,324.17,0.48,0.48,2026-09-11,2231,N20,nominal,2.0NRT,292.89,3.46,N
29.99031,55.85357,339.94,0.43,0.46,2026-09-11,2231,N20,nominal,2.0NRT,291.46,16.96,N
29.98935,55.85812,316.43,0.43,0.46,2026-09-11,2231,N20,nominal,2.0NRT,289.09,9.36,N
29.99213,55.85596,352.82,0.43,0.46,2026-09-11,2231,N20,nominal,2.0NRT,290.88,7.53,N
29.98804,55.85487,351.07,0.43,0.46,2026-09-11,2231,N20,nominal,2.0NRT,289.56,10.71,N
30.08126,55.39767,314.81,0.4,0.44,2026-09-11,2231,N20,nominal,2.0NRT,290.67,2.31,N
29.99954,55.19497,299.12,0.39,0.44,2026-09-11,2231,N20,nominal,2.0NRT,288.21,0.75,N
29.02239,58.77401,311.79,0.33,0.55,2026-09-11,2231,N20,nominal,2.0NRT,296.15,1.16,N
29.02249,58.77464,310.67,0.33,0.55,2026-09-11,2231,N20,nominal,2.0NRT,296.34,1.41,N
29.70317,55.52989,300.96,0.41,0.45,2026-09-11,2233,N20,nominal,2.0NRT,288.62,0.51,N
29.5121,55.79751,303.68,0.43,0.46,2026-09-11,2233,N20,nominal,2.0NRT,289.36,0.86,N
29.15318,55.36405,301.87,0.41,0.45,2026-09-11,2233,N20,nominal,2.0NRT,290.1,0.78,N
29.13847,55.37323,303.5,0.41,0.45,2026-09-11,2233,N20,nominal,2.0NRT,291.95,2.5,N
29.1327,55.38044,302.78,0.42,0.45,2026-09-11,2233,N20,nominal,2.0NRT,291.67,0.8,N
29.20147,54.48256,300.94,0.56,0.43,2026-09-11,2233,N20,nominal,2.0NRT,288.2,0.76,N
28.83421,55.06302,309.19,0.4,0.45,2026-09-11,2233,N20,nominal,2.0NRT,286.86,0.62,N
28.83382,55.06416,305.03,0.4,0.45,2026-09-11,2233,N20,nominal,2.0NRT,286.73,0.45,N
27.16581,56.09883,310.72,0.5,0.49,2026-09-11,2233,N20,nominal,2.0NRT,299.47,4.5,N
27.1697,56.05844,320.17,0.5,0.49,2026-09-11,2233,N20,nominal,2.0NRT,300.04,5.1,N
27.16141,56.09768,339.82,0.5,0.49,2026-09-11,2233,N20,nominal,2.0NRT,300.13,7.18,N
27.16037,56.10258,335.19,0.5,0.49,2026-09-11,2233,N20,nominal,2.0NRT,300.22,7.18,N
27.17074,56.05352,317.15,0.49,0.49,2026-09-11,2233,N20,nominal,2.0NRT,299.62,2.73,N
27.16635,56.05237,313.65,0.49,0.49,2026-09-11,2233,N20,nominal,2.0NRT,299.49,2.73,N
25.97367,56.06808,318.8,0.52,0.5,2026-09-11,2233,N20,nominal,2.0NRT,302.94,1.78,N
25.96917,56.06692,313.58,0.52,0.5,2026-09-11,2233,N20,nominal,2.0NRT,302.88,1.4,N
25.90385,54.53096,320.04,0.43,0.46,2026-09-11,2233,N20,nominal,2.0NRT,301.94,0.22,N
25.55902,55.97562,312.4,0.53,0.5,2026-09-11,2233,N20,nominal,2.0NRT,302.03,2.84,N
25.5571,55.98413,311.54,0.53,0.5,2026-09-11,2233,N20,nominal,2.0NRT,301.3,2.69,N
25.06413,55.12088,313.76,0.48,0.48,2026-09-11,2233,N20,nominal,2.0NRT,302.93,1.08,N
24.50713,56.60584,336.31,0.61,0.53,2026-09-11,2233,N20,nominal,2.0NRT,299.09,11.62,N
24.45428,56.55274,309.05,0.6,0.53,2026-09-11,2233,N20,nominal,2.0NRT,298.25,1.81,N
24.32797,54.47055,318.54,0.45,0.47,2026-09-11,2233,N20,nominal,2.0NRT,302.98,1.92,N
24.00198,55.44006,311.54,0.53,0.5,2026-09-11,2233,N20,nominal,2.0NRT,300.74,2.17,N
23.19335,55.45482,308.78,0.55,0.51,2026-09-11,2233,N20,nominal,2.0NRT,298.38,1.66,N
23.19225,55.46004,317.56,0.55,0.51,2026-09-11,2233,N20,nominal,2.0NRT,299.87,3.46,N
23.31578,54.18005,351.82,0.45,0.47,2026-09-11,2233,N20,nominal,2.0NRT,299.62,6.96,N
23.31154,54.17904,354.32,0.45,0.47,2026-09-11,2233,N20,nominal,2.0NRT,301.16,6.96,N
23.31243,54.17471,313.11,0.45,0.47,2026-09-11,2233,N20,nominal,2.0NRT,301.12,6.96,N
23.3135,54.1768,334,0.45,0.47,2026-09-11,2233,N20,nominal,2.0NRT,300.83,13.83,N
23.31265,54.18116,335.76,0.45,0.47,2026-09-11,2233,N20,nominal,2.0NRT,302.59,13.83,N
22.92517,55.80259,329.29,0.58,0.52,2026-09-11,2233,N20,nominal,2.0NRT,298.13,3.26,N
22.87889,55.92637,316.23,0.59,0.53,2026-09-11,2233,N20,nominal,2.0NRT,299.6,1.91,N
22.87458,55.61551,318.24,0.57,0.52,2026-09-11,2233,N20,nominal,2.0NRT,297.34,2.27,N
22.40732,56.98762,326.75,0.35,0.57,2026-09-11,2233,N20,nominal,2.0NRT,298.18,1.9,N
22.34721,56.43263,324.72,0.33,0.55,2026-09-11,2233,N20,nominal,2.0NRT,296.91,5.72,N
22.32941,56.49067,321.74,0.33,0.55,2026-09-11,2233,N20,nominal,2.0NRT,296.94,5.48,N
21.93898,57.07366,329.05,0.37,0.58,2026-09-11,2233,N20,nominal,2.0NRT,296.71,2.69,N
21.93934,57.07296,340.88,0.37,0.58,2026-09-11,2233,N20,nominal,2.0NRT,296.67,2.9,N
22.00916,56.42772,306.24,0.33,0.55,2026-09-11,2233,N20,nominal,2.0NRT,296.06,0.38,N
21.89096,56.84547,324.4,0.35,0.57,2026-09-11,2233,N20,nominal,2.0NRT,296.63,4.69,N
21.83436,56.67942,322.48,0.35,0.57,2026-09-11,2233,N20,nominal,2.0NRT,297.27,3.97,N
21.70332,56.47135,317.82,0.34,0.56,2026-09-11,2233,N20,nominal,2.0NRT,296.21,0.92,N
21.33734,57.72167,306.85,0.41,0.61,2026-09-11,2235,N20,nominal,2.0NRT,294.68,0.43,N
21.32046,57.72146,307.8,0.42,0.61,2026-09-11,2235,N20,nominal,2.0NRT,294.56,0.65,N
21.31613,57.74092,307.4,0.42,0.61,2026-09-11,2235,N20,nominal,2.0NRT,294.07,0.81,N
21.31525,57.74484,307.35,0.42,0.61,2026-09-11,2235,N20,nominal,2.0NRT,294.82,1.02,N
21.30383,57.79608,310.15,0.42,0.61,2026-09-11,2235,N20,nominal,2.0NRT,294.21,1.01,N
21.30977,57.74344,312.95,0.42,0.61,2026-09-11,2235,N20,nominal,2.0NRT,294.81,1.33,N
21.30663,57.70567,314.05,0.41,0.61,2026-09-11,2235,N20,nominal,2.0NRT,294.68,0.74,N
21.29547,57.67813,304.79,0.41,0.61,2026-09-11,2235,N20,nominal,2.0NRT,294.3,0.48,N
21.41025,55.74285,309.63,0.62,0.54,2026-09-11,2235,N20,nominal,2.0NRT,298.94,2.64,N
20.98778,56.77336,307.57,0.37,0.58,2026-09-11,2235,N20,nominal,2.0NRT,294.7,1.97,N
20.5619,56.4192,306.37,0.35,0.57,2026-09-11,2235,N20,nominal,2.0NRT,291.72,2.71,N
20.22413,55.7386,314.41,0.33,0.55,2026-09-11,2235,N20,nominal,2.0NRT,293.44,0.71,N
20.2235,55.74164,309.63,0.33,0.55,2026-09-11,2235,N20,nominal,2.0NRT,293.54,0.71,N
20.21435,55.71074,323.22,0.32,0.55,2026-09-11,2235,N20,nominal,2.0NRT,293.4,1.44,N
39.6391,98.53265,341.74,0.39,0.36,2026-09-12,0629,N20,nominal,2.0NRT,302.95,2.81,D
39.81799,97.57683,332.21,0.38,0.36,2026-09-12,0629,N20,nominal,2.0NRT,299.97,1.98,D
39.82125,97.57597,340.83,0.38,0.36,2026-09-12,0629,N20,nominal,2.0NRT,298.89,1.98,D
39.51105,94.89523,347.63,0.43,0.38,2026-09-12,0629,N20,nominal,2.0NRT,305.31,4.77,D
39.86047,96.79344,333.36,0.39,0.36,2026-09-12,0629,N20,nominal,2.0NRT,304.95,2.83,D
18.5788,99.04485,328.04,0.54,0.42,2026-09-12,0622,N20,nominal,2.0NRT,297.74,5.94,D
18.76904,99.04391,327.92,0.54,0.42,2026-09-12,0622,N20,nominal,2.0NRT,296.14,1.93,D
20.3773,99.88361,332.91,0.47,0.39,2026-09-12,0622,N20,nominal,2.0NRT,297.89,4.5,D
22.30485,99.17243,332.6,0.48,0.4,2026-09-12,0625,N20,nominal,2.0NRT,294.32,6.6,D
22.09747,96.603,328.11,0.44,0.46,2026-09-12,0625,N20,nominal,2.0NRT,295.82,1.34,D
27.91693,96.77547,336.1,0.52,0.41,2026-09-12,0625,N20,nominal,2.0NRT,296.38,14.51,D
28.06338,95.35677,330.03,0.41,0.45,2026-09-12,0625,N20,low,2.0NRT,300.16,6.32,D
28.15213,95.35768,344.99,0.4,0.45,2026-09-12,0625,N20,nominal,2.0NRT,293.15,4.78,D
29.31271,91.27133,338.43,0.33,0.56,2026-09-12,0627,N20,nominal,2.0NRT,300.7,2.79,D
15.00401,100.21384,332.81,0.53,0.42,2026-09-12,0622,N20,nominal,2.0NRT,293.64,4.02,D
15.53146,99.80482,331.71,0.55,0.43,2026-09-12,0625,N20,nominal,2.0NRT,292.92,3.9,D
15.90883,100.11646,335.83,0.52,0.42,2026-09-12,0625,N20,nominal,2.0NRT,294.36,5.26,D
16.12527,99.59957,331.82,0.55,0.43,2026-09-12,0625,N20,nominal,2.0NRT,294.62,4.52,D
16.34998,99.8076,333.43,0.53,0.42,2026-09-12,0625,N20,nominal,2.0NRT,295.09,4.75,D
16.34837,99.80559,330.52,0.53,0.42,2026-09-12,0625,N20,nominal,2.0NRT,295.59,4.11,D
16.50884,100.03037,333.72,0.52,0.41,2026-09-12,0625,N20,nominal,2.0NRT,295.28,4.92,D
16.55247,100.34222,333.42,0.5,0.41,2026-09-12,0625,N20,nominal,2.0NRT,297.11,8,D
16.74784,100.1034,338.08,0.51,0.41,2026-09-12,0625,N20,nominal,2.0NRT,296.68,8.82,D
17.02658,99.91888,335.69,0.51,0.41,2026-09-12,0625,N20,nominal,2.0NRT,296.84,3.9,D
17.25912,99.98208,333.36,0.51,0.41,2026-09-12,0625,N20,nominal,2.0NRT,296.89,3.75,D
17.26069,99.98328,330.34,0.51,0.41,2026-09-12,0625,N20,nominal,2.0NRT,296.78,2.68,D
6.11879,80.87302,338.52,0.39,0.36,2026-09-12,0803,N20,nominal,2.0NRT,291.98,3.13,D
6.16662,81.05292,330.51,0.38,0.36,2026-09-12,0803,N20,nominal,2.0NRT,295.52,2.17,D
6.22553,80.95211,332.98,0.38,0.36,2026-09-12,0803,N20,nominal,2.0NRT,297.8,3.27,D
6.23847,80.81188,330.71,0.39,0.36,2026-09-12,0803,N20,nominal,2.0NRT,295.84,2.03,D
6.39192,80.9503,338.74,0.38,0.36,2026-09-12,0803,N20,nominal,2.0NRT,294.97,4.1,D
6.62036,80.86838,336.47,0.38,0.36,2026-09-12,0803,N20,nominal,2.0NRT,299.68,2.66,D
6.6193,80.86153,340.17,0.38,0.36,2026-09-12,0803,N20,nominal,2.0NRT,301.44,3.81,D
6.62313,80.86446,331.63,0.38,0.36,2026-09-12,0803,N20,low,2.0NRT,301.79,3.81,D
6.74057,81.36443,337.54,0.38,0.36,2026-09-12,0803,N20,nominal,2.0NRT,303.56,7.33,D
6.68186,80.9568,336.3,0.38,0.36,2026-09-12,0803,N20,nominal,2.0NRT,299.01,5.19,D
6.77705,81.56063,335.51,0.39,0.36,2026-09-12,0803,N20,nominal,2.0NRT,299.12,5.11,D
6.78382,81.53835,349.52,0.39,0.36,2026-09-12,0803,N20,nominal,2.0NRT,307.15,11.09,D
6.85707,81.53078,347.3,0.39,0.36,2026-09-12,0803,N20,nominal,2.0NRT,302.31,13.89,D
6.86407,81.55454,339.85,0.39,0.36,2026-09-12,0803,N20,nominal,2.0NRT,303.81,5.31,D
6.8531,81.03583,343.92,0.38,0.36,2026-09-12,0803,N20,nominal,2.0NRT,298.69,4.78,D
6.92031,81.4106,336.07,0.38,0.36,2026-09-12,0803,N20,nominal,2.0NRT,301.98,4.44,D
6.92361,81.41009,335.07,0.38,0.36,2026-09-12,0803,N20,nominal,2.0NRT,299.67,4.44,D
6.98761,81.44946,330.78,0.39,0.36,2026-09-12,0803,N20,low,2.0NRT,303.79,4.15,D
6.99091,81.44894,341.62,0.39,0.36,2026-09-12,0803,N20,nominal,2.0NRT,302.21,4.15,D
7.02933,81.30156,335.57,0.38,0.36,2026-09-12,0803,N20,nominal,2.0NRT,300.31,3.17,D
7.11007,81.58632,346.06,0.39,0.36,2026-09-12,0803,N20,nominal,2.0NRT,303.2,4.33,D
7.12755,81.67982,340.45,0.39,0.36,2026-09-12,0803,N20,nominal,2.0NRT,300.43,3.44,D
7.12703,81.67635,336.24,0.39,0.36,2026-09-12,0803,N20,nominal,2.0NRT,303.41,5.11,D
7.11947,81.58133,347.23,0.39,0.36,2026-09-12,0803,N20,nominal,2.0NRT,304.24,19.14,D
7.10126,81.43859,333.51,0.39,0.36,2026-09-12,0803,N20,low,2.0NRT,304.33,3.72,D
7.14316,81.58132,330.08,0.39,0.36,2026-09-12,0803,N20,low,2.0NRT,301.94,5.24,D
7.19349,81.80205,337.92,0.39,0.36,2026-09-12,0803,N20,nominal,2.0NRT,304.56,3.7,D
7.19296,81.79855,336.53,0.39,0.36,2026-09-12,0803,N20,nominal,2.0NRT,304.64,3.7,D
7.20079,81.57935,339.15,0.39,0.36,2026-09-12,0803,N20,nominal,2.0NRT,301.58,4.57,D
7.27125,81.82218,338.02,0.39,0.36,2026-09-12,0803,N20,nominal,2.0NRT,301.4,1.26,D
7.16013,81.04367,342.45,0.38,0.36,2026-09-12,0803,N20,nominal,2.0NRT,300.4,4.11,D
7.24961,81.61111,336.35,0.39,0.36,2026-09-12,0803,N20,nominal,2.0NRT,300.81,4.54,D
7.24908,81.60764,331.8,0.39,0.36,2026-09-12,0803,N20,low,2.0NRT,302.17,3.44,D
7.27889,81.60311,342.65,0.39,0.36,2026-09-12,0803,N20,nominal,2.0NRT,299.17,6.35,D
7.20249,81.03368,332.88,0.38,0.36,2026-09-12,0803,N20,low,2.0NRT,302.91,2.73,D
7.28647,81.54146,339.74,0.39,0.36,2026-09-12,0803,N20,nominal,2.0NRT,301.62,3.31,D
7.04296,79.88167,336.37,0.39,0.37,2026-09-12,0803,N20,low,2.0NRT,296.41,22.22,D
7.35549,81.81895,338.61,0.39,0.36,2026-09-12,0803,N20,nominal,2.0NRT,303.58,4.02,D
7.36335,81.57828,336.54,0.39,0.36,2026-09-12,0803,N20,nominal,2.0NRT,301,3.49,D
7.29515,81.10654,332.97,0.38,0.36,2026-09-12,0803,N20,low,2.0NRT,305.99,3.55,D
7.38892,81.54591,334.82,0.39,0.36,2026-09-12,0803,N20,low,2.0NRT,305.63,6.41,D
7.42174,81.67289,338.73,0.39,0.36,2026-09-12,0803,N20,nominal,2.0NRT,303.55,2.44,D
7.40269,81.54737,334.97,0.39,0.36,2026-09-12,0803,N20,low,2.0NRT,306.75,3.01,D
7.42095,81.57632,338.23,0.39,0.36,2026-09-12,0803,N20,nominal,2.0NRT,299.61,3.68,D
7.34963,81.10485,343.37,0.38,0.36,2026-09-12,0803,N20,nominal,2.0NRT,304.53,6.03,D
7.3692,81.21152,334.92,0.38,0.36,2026-09-12,0803,N20,nominal,2.0NRT,301.49,1.45,D
7.36038,80.97596,332.26,0.38,0.36,2026-09-12,0803,N20,nominal,2.0NRT,301.55,1.93,D
7.40521,81.2485,335.83,0.38,0.36,2026-09-12,0803,N20,nominal,2.0NRT,300.5,1.71,D
7.36104,80.95819,338.64,0.38,0.36,2026-09-12,0803,N20,nominal,2.0NRT,303.41,2.66,D
7.36052,80.95473,332.48,0.38,0.36,2026-09-12,0803,N20,nominal,2.0NRT,302.26,2.66,D
7.44378,81.23556,336.46,0.38,0.36,2026-09-12,0803,N20,nominal,2.0NRT,303.58,4.36,D
7.44933,81.22763,348.81,0.38,0.36,2026-09-12,0803,N20,nominal,2.0NRT,307.85,7.44,D
7.4488,81.22417,340.44,0.38,0.36,2026-09-12,0803,N20,nominal,2.0NRT,307.66,7.44,D
7.47872,81.35429,331.18,0.39,0.36,2026-09-12,0803,N20,low,2.0NRT,303.89,0.98,D
7.56473,81.74333,336.21,0.39,0.36,2026-09-12,0803,N20,nominal,2.0NRT,301.76,3.21,D
7.55527,81.68028,335.95,0.39,0.36,2026-09-12,0803,N20,nominal,2.0NRT,304.26,2.44,D
7.44131,80.92752,333.13,0.38,0.36,2026-09-12,0803,N20,nominal,2.0NRT,299.97,5.14,D
7.49979,81.13426,330.87,0.38,0.36,2026-09-12,0803,N20,low,2.0NRT,302.25,2.68,D
7.50849,81.14709,337.66,0.38,0.36,2026-09-12,0803,N20,nominal,2.0NRT,303.31,2.17,D
7.51179,81.14659,336.88,0.38,0.36,2026-09-12,0803,N20,nominal,2.0NRT,300.01,1.98,D
7.56361,81.44363,330.88,0.39,0.36,2026-09-12,0803,N20,low,2.0NRT,303.19,2.63,D
7.54866,81.05607,335.43,0.38,0.36,2026-09-12,0803,N20,nominal,2.0NRT,302.14,3.25,D
7.58004,81.05792,340.07,0.38,0.36,2026-09-12,0803,N20,nominal,2.0NRT,309.6,16.54,D
7.58333,81.05741,349.89,0.38,0.36,2026-09-12,0803,N20,nominal,2.0NRT,312.45,16.54,D
7.56874,80.9394,342.7,0.38,0.36,2026-09-12,0803,N20,nominal,2.0NRT,302.52,5.46,D
7.58955,81.03171,337.51,0.38,0.36,2026-09-12,0803,N20,nominal,2.0NRT,305.35,8.12,D
7.59337,81.03465,350.58,0.38,0.36,2026-09-12,0803,N20,nominal,2.0NRT,308.32,8.12,D
7.61446,81.0845,343.53,0.38,0.36,2026-09-12,0803,N20,nominal,2.0NRT,304.27,6.17,D
7.61054,81.01437,341.68,0.38,0.36,2026-09-12,0803,N20,nominal,2.0NRT,306.19,5.01,D
7.6463,81.00536,334.62,0.38,0.36,2026-09-12,0803,N20,nominal,2.0NRT,304.31,4.84,D
7.72244,81.01414,334.28,0.38,0.36,2026-09-12,0803,N20,nominal,2.0NRT,304.08,4.28,D
7.78747,81.39785,338.41,0.39,0.36,2026-09-12,0803,N20,nominal,2.0NRT,302.77,4.22,D
7.82048,81.57114,337.02,0.39,0.36,2026-09-12,0803,N20,nominal,2.0NRT,301.64,1.59,D
7.79408,81.21471,337.06,0.38,0.36,2026-09-12,0803,N20,nominal,2.0NRT,306.38,1.67,D
7.79738,81.21421,336.8,0.38,0.36,2026-09-12,0803,N20,nominal,2.0NRT,305.58,1.67,D
7.79963,81.05088,343.86,0.38,0.36,2026-09-12,0803,N20,nominal,2.0NRT,303.39,5.4,D
7.88051,81.3614,338.13,0.39,0.36,2026-09-12,0803,N20,nominal,2.0NRT,301.51,4.16,D
7.88382,81.36089,335.83,0.39,0.36,2026-09-12,0803,N20,nominal,2.0NRT,298.82,5.51,D
7.85606,81.15561,330.52,0.38,0.36,2026-09-12,0803,N20,low,2.0NRT,303.38,2.21,D
7.79083,80.61691,341.59,0.38,0.36,2026-09-12,0803,N20,nominal,2.0NRT,306.22,9.07,D
7.79412,80.6164,351.69,0.38,0.36,2026-09-12,0803,N20,nominal,2.0NRT,306.7,9.07,D
7.72352,80.0244,337.83,0.39,0.36,2026-09-12,0803,N20,nominal,2.0NRT,302.81,3.58,D
7.94544,81.38641,340.52,0.39,0.36,2026-09-12,0803,N20,nominal,2.0NRT,301.1,3.58,D
7.91237,81.16757,336.92,0.38,0.36,2026-09-12,0803,N20,low,2.0NRT,308.77,0.99,D
7.91568,81.16707,334.77,0.38,0.36,2026-09-12,0803,N20,low,2.0NRT,308.72,3.8,D
7.94727,81.2865,336.93,0.39,0.36,2026-09-12,0803,N20,nominal,2.0NRT,301.63,5.53,D
7.94675,81.28303,336.13,0.39,0.36,2026-09-12,0803,N20,nominal,2.0NRT,303.45,7.44,D
7.96788,81.08817,335.53,0.38,0.36,2026-09-12,0803,N20,nominal,2.0NRT,304.04,8.16,D
7.842,80.24224,336.65,0.39,0.36,2026-09-12,0803,N20,nominal,2.0NRT,302.55,2.22,D
8.03435,81.43699,338.82,0.39,0.36,2026-09-12,0803,N20,nominal,2.0NRT,302.79,6.29,D
7.85257,80.22277,332.02,0.39,0.36,2026-09-12,0803,N20,low,2.0NRT,302.95,2.28,D
7.79898,79.83212,336.89,0.39,0.36,2026-09-12,0803,N20,low,2.0NRT,303.17,3.97,D
7.99869,81.08659,337.48,0.38,0.36,2026-09-12,0803,N20,nominal,2.0NRT,305.26,11.73,D
7.99816,81.08313,341.36,0.38,0.36,2026-09-12,0803,N20,nominal,2.0NRT,306.83,8.49,D
7.99606,81.06927,333.79,0.38,0.36,2026-09-12,0803,N20,nominal,2.0NRT,302.65,2,D
7.8515,80.12611,348.63,0.39,0.36,2026-09-12,0803,N20,nominal,2.0NRT,305.19,3.64,D
8.00199,81.08609,341.5,0.38,0.36,2026-09-12,0803,N20,nominal,2.0NRT,307.35,11.73,D
8.00146,81.08263,337.48,0.38,0.36,2026-09-12,0803,N20,nominal,2.0NRT,304.39,8.49,D
7.85481,80.12559,335.59,0.39,0.36,2026-09-12,0803,N20,nominal,2.0NRT,301.68,3.64,D
7.8474,80.01203,333.97,0.39,0.36,2026-09-12,0803,N20,low,2.0NRT,303.82,3.32,D
7.85839,80.03905,340.54,0.39,0.36,2026-09-12,0803,N20,nominal,2.0NRT,303.78,3.97,D
7.94901,80.60555,335.94,0.38,0.36,2026-09-12,0803,N20,nominal,2.0NRT,302.97,3.21,D
7.83882,79.89095,330.79,0.39,0.36,2026-09-12,0803,N20,low,2.0NRT,303.87,4.06,D
8.02892,81.08554,333.58,0.38,0.36,2026-09-12,0803,N20,low,2.0NRT,305.63,4.67,D
8.0084,80.95048,336.07,0.38,0.36,2026-09-12,0803,N20,nominal,2.0NRT,303.05,3.75,D
8.07848,81.39066,335.67,0.39,0.36,2026-09-12,0803,N20,nominal,2.0NRT,301.89,4.75,D
8.07796,81.38718,342.67,0.39,0.36,2026-09-12,0803,N20,nominal,2.0NRT,304.17,4.75,D
7.90923,80.0383,330.8,0.39,0.36,2026-09-12,0803,N20,low,2.0NRT,304.44,1.98,D
8.11203,81.11818,347.27,0.38,0.36,2026-09-12,0803,N20,nominal,2.0NRT,308.12,8.25,D
7.96374,80.0399,336.72,0.39,0.36,2026-09-12,0803,N20,nominal,2.0NRT,304.97,2.68,D
7.96706,80.03939,335.2,0.39,0.36,2026-09-12,0803,N20,nominal,2.0NRT,304.6,2.81,D
7.9979,80.21701,340.81,0.39,0.36,2026-09-12,0803,N20,nominal,2.0NRT,305.59,4.08,D
8.06548,80.37035,332.79,0.39,0.36,2026-09-12,0803,N20,nominal,2.0NRT,301.98,2.7,D
8.03081,80.12262,332.65,0.39,0.36,2026-09-12,0803,N20,low,2.0NRT,302.98,2.11,D
8.18969,81.09564,342.34,0.38,0.36,2026-09-12,0803,N20,nominal,2.0NRT,310.06,7.72,D
8.20328,81.11841,339.84,0.38,0.36,2026-09-12,0803,N20,nominal,2.0NRT,309.36,4.26,D
8.20659,81.1179,346.37,0.38,0.36,2026-09-12,0803,N20,nominal,2.0NRT,312.25,10.22,D
8.05453,80.12251,332.73,0.39,0.36,2026-09-12,0803,N20,nominal,2.0NRT,302.12,1.9,D
8.20514,81.08619,352.23,0.38,0.36,2026-09-12,0803,N20,nominal,2.0NRT,306.63,6.45,D
8.20952,81.08865,335.07,0.38,0.36,2026-09-12,0803,N20,low,2.0NRT,307.84,4.97,D
8.21417,81.05246,336.42,0.38,0.36,2026-09-12,0803,N20,nominal,2.0NRT,301.34,1.02,D
8.22325,81.0901,341.02,0.38,0.36,2026-09-12,0803,N20,nominal,2.0NRT,306.53,6.9,D
8.22866,81.10347,340.57,0.38,0.36,2026-09-12,0803,N20,nominal,2.0NRT,307.56,5.53,D
8.13949,80.5183,355.62,0.38,0.36,2026-09-12,0803,N20,nominal,2.0NRT,306.21,14.07,D
8.23196,81.10297,339.51,0.38,0.36,2026-09-12,0803,N20,nominal,2.0NRT,307.4,5.86,D
8.23579,81.10593,338.95,0.38,0.36,2026-09-12,0803,N20,nominal,2.0NRT,307.48,7.43,D
8.10972,80.17076,330.13,0.39,0.36,2026-09-12,0803,N20,low,2.0NRT,303.02,5.25,D
8.20304,80.64674,341.43,0.38,0.36,2026-09-12,0803,N20,nominal,2.0NRT,307.75,9.57,D
8.12876,80.09634,334.13,0.39,0.36,2026-09-12,0803,N20,low,2.0NRT,307.73,2.64,D
8.12938,80.07833,344.31,0.39,0.36,2026-09-12,0803,N20,nominal,2.0NRT,304.62,2.44,D
8.1327,80.07781,334.61,0.39,0.36,2026-09-12,0803,N20,nominal,2.0NRT,301.2,2.44,D
8.30035,81.15289,333.71,0.39,0.36,2026-09-12,0803,N20,nominal,2.0NRT,290.3,3.41,D
8.14085,80.10876,347.78,0.39,0.36,2026-09-12,0803,N20,nominal,2.0NRT,304.75,7.08,D
8.16437,80.15157,348.84,0.39,0.36,2026-09-12,0803,N20,nominal,2.0NRT,305.12,10.2,D
8.15586,80.02999,333.34,0.39,0.36,2026-09-12,0803,N20,low,2.0NRT,304.42,13.25,D
8.34444,81.2409,337.59,0.39,0.36,2026-09-12,0803,N20,nominal,2.0NRT,294.6,5.91,D
8.25974,80.68276,337.71,0.38,0.36,2026-09-12,0803,N20,nominal,2.0NRT,306.59,19.77,D
8.34827,81.24388,330.5,0.39,0.36,2026-09-12,0803,N20,nominal,2.0NRT,292.57,3.19,D
8.25911,80.50208,343.97,0.38,0.36,2026-09-12,0803,N20,nominal,2.0NRT,301.65,6.85,D
8.30843,80.71424,355.65,0.38,0.36,2026-09-12,0803,N20,nominal,2.0NRT,306.92,11.07,D
8.3079,80.71078,337.01,0.38,0.36,2026-09-12,0803,N20,nominal,2.0NRT,301.9,11.07,D
8.29346,80.55,332.19,0.38,0.36,2026-09-12,0803,N20,low,2.0NRT,303.82,3.28,D
8.25638,80.15388,343.22,0.39,0.36,2026-09-12,0803,N20,nominal,2.0NRT,308.44,3.82,D
8.25969,80.15337,335.18,0.39,0.36,2026-09-12,0803,N20,low,2.0NRT,307.14,3.82,D
8.26309,80.1314,335.55,0.39,0.36,2026-09-12,0803,N20,nominal,2.0NRT,304.3,5.25,D
8.28788,80.24884,336.56,0.39,0.36,2026-09-12,0803,N20,nominal,2.0NRT,303.39,1.8,D
8.43218,80.79048,336.47,0.38,0.36,2026-09-12,0803,N20,low,2.0NRT,307.49,3.88,D
8.38575,80.46442,334.91,0.38,0.36,2026-09-12,0803,N20,nominal,2.0NRT,300.24,2.16,D
8.40991,80.46778,339.26,0.38,0.36,2026-09-12,0803,N20,nominal,2.0NRT,303.94,4.27,D
8.37424,80.2351,338.51,0.39,0.36,2026-09-12,0803,N20,nominal,2.0NRT,306.39,5.06,D
8.46608,80.81363,337.18,0.38,0.36,2026-09-12,0803,N20,nominal,2.0NRT,306.92,4.42,D
8.37945,80.18082,342.66,0.39,0.36,2026-09-12,0803,N20,nominal,2.0NRT,299.06,5.29,D
8.45244,80.49953,338.55,0.38,0.36,2026-09-12,0803,N20,nominal,2.0NRT,299.91,4.04,D
8.40706,80.20441,335.35,0.39,0.36,2026-09-12,0803,N20,low,2.0NRT,306.76,3.74,D
8.49279,80.74149,340.29,0.38,0.36,2026-09-12,0803,N20,nominal,2.0NRT,305.43,9.53,D
8.41037,80.2039,334.51,0.39,0.36,2026-09-12,0803,N20,nominal,2.0NRT,303.45,3.74,D
8.51863,80.82257,339.78,0.38,0.36,2026-09-12,0803,N20,nominal,2.0NRT,306.33,4.72,D
8.48084,80.53062,333.26,0.38,0.36,2026-09-12,0803,N20,nominal,2.0NRT,299.46,1.95,D
8.50381,80.54836,334.62,0.38,0.36,2026-09-12,0803,N20,nominal,2.0NRT,300.28,3.55,D
8.58275,80.68466,339.16,0.38,0.36,2026-09-12,0803,N20,nominal,2.0NRT,304.15,4.45,D
8.50295,80.1428,330.27,0.39,0.36,2026-09-12,0803,N20,low,2.0NRT,301.94,2.17,D
8.53772,80.25856,333.47,0.39,0.36,2026-09-12,0803,N20,nominal,2.0NRT,299.66,2.33,D
8.58544,80.50341,353.28,0.38,0.36,2026-09-12,0803,N20,nominal,2.0NRT,303.35,14.37,D
8.63169,80.67358,346.72,0.38,0.36,2026-09-12,0803,N20,nominal,2.0NRT,308.29,8.71,D
8.71605,81.14002,333.77,0.39,0.36,2026-09-12,0803,N20,nominal,2.0NRT,285.53,3.38,D
8.64843,80.62846,340.33,0.38,0.36,2026-09-12,0803,N20,nominal,2.0NRT,306.49,8.04,D
8.61444,80.31782,347.16,0.39,0.36,2026-09-12,0803,N20,nominal,2.0NRT,306.31,5.29,D
8.61774,80.31731,349.53,0.39,0.36,2026-09-12,0803,N20,nominal,2.0NRT,305.94,5.29,D
8.69567,80.80559,330.27,0.38,0.36,2026-09-12,0803,N20,nominal,2.0NRT,298.65,5.44,D
8.64835,80.4511,344.94,0.38,0.36,2026-09-12,0803,N20,nominal,2.0NRT,305.96,12.37,D
8.86818,80.68862,337.45,0.38,0.36,2026-09-12,0803,N20,nominal,2.0NRT,299.32,6.06,D
8.89602,80.71627,339.85,0.38,0.36,2026-09-12,0803,N20,nominal,2.0NRT,301.58,4.52,D
8.89931,80.71577,338.73,0.38,0.36,2026-09-12,0803,N20,nominal,2.0NRT,304.07,4.84,D
8.91849,80.41753,335.18,0.38,0.36,2026-09-12,0803,N20,nominal,2.0NRT,300.35,4.7,D
8.99315,80.79646,336.83,0.38,0.36,2026-09-12,0803,N20,nominal,2.0NRT,296.97,4.09,D
8.91587,80.04765,335.87,0.39,0.36,2026-09-12,0803,N20,nominal,2.0NRT,303.33,3.28,D
8.98721,80.06832,334.23,0.39,0.36,2026-09-12,0803,N20,low,2.0NRT,305.03,2.04,D
8.98668,80.06483,345.73,0.39,0.36,2026-09-12,0803,N20,nominal,2.0NRT,307.21,5.91,D
9.01222,79.85607,346.51,0.39,0.36,2026-09-12,0803,N20,nominal,2.0NRT,302.11,25.87,D
9.17077,80.66854,338.34,0.38,0.36,2026-09-12,0803,N20,nominal,2.0NRT,301.43,2.91,D
9.1998,80.68183,338.42,0.38,0.36,2026-09-12,0803,N20,nominal,2.0NRT,304.47,4.33,D
9.39992,80.43612,339.1,0.38,0.36,2026-09-12,0803,N20,nominal,2.0NRT,304.64,7.39,D
9.39939,80.43265,340.14,0.38,0.36,2026-09-12,0803,N20,nominal,2.0NRT,303.44,8.68,D
9.41784,80.39386,339.74,0.38,0.36,2026-09-12,0803,N20,nominal,2.0NRT,305.16,8,D
9.62736,78.63781,332.68,0.41,0.37,2026-09-12,0803,N20,low,2.0NRT,294.49,6.84,D
9.91416,77.86312,339.06,0.43,0.38,2026-09-12,0803,N20,nominal,2.0NRT,304.69,8.22,D
9.74164,76.45773,331.79,0.51,0.41,2026-09-12,0805,N20,nominal,2.0NRT,288.04,3.38,D
12.04175,79.63104,339.52,0.38,0.36,2026-09-12,0805,N20,nominal,2.0NRT,304.19,2.55,D
16.17542,76.03835,333.17,0.45,0.39,2026-09-12,0805,N20,nominal,2.0NRT,296.24,3.49,D
23.68421,86.39342,332.97,0.34,0.56,2026-09-12,0805,N20,nominal,2.0NRT,290.19,3.79,D
24.40428,69.38643,334.96,0.52,0.5,2026-09-12,0807,N20,nominal,2.0NRT,301.19,3.99,D
24.55512,69.40336,344.61,0.51,0.49,2026-09-12,0807,N20,nominal,2.0NRT,301.63,5.17,D
24.83396,68.07536,349.63,0.61,0.53,2026-09-12,0807,N20,nominal,2.0NRT,311.23,19.75,D
24.92797,68.14256,337.69,0.6,0.53,2026-09-12,0807,N20,nominal,2.0NRT,305.03,4.87,D
26.22407,68.2117,335.06,0.56,0.51,2026-09-12,0807,N20,nominal,2.0NRT,306.83,3.29,D
27.6089,68.41288,343.6,0.51,0.49,2026-09-12,0807,N20,nominal,2.0NRT,304.55,9.22,D
28.05118,69.36864,343.81,0.44,0.46,2026-09-12,0807,N20,nominal,2.0NRT,308.63,7.05,D
30.26534,75.17442,332.85,0.38,0.36,2026-09-12,0807,N20,nominal,2.0NRT,301.72,5.51,D
30.45998,73.82776,333.32,0.4,0.37,2026-09-12,0807,N20,nominal,2.0NRT,299.86,3.2,D
30.48032,73.85346,336.88,0.4,0.37,2026-09-12,0807,N20,nominal,2.0NRT,301.48,3.46,D
30.97437,74.74274,334.95,0.38,0.36,2026-09-12,0807,N20,nominal,2.0NRT,299.08,15.5,D
31.04552,74.45963,332.44,0.39,0.36,2026-09-12,0807,N20,nominal,2.0NRT,299.79,2.21,D
31.06057,74.46884,334.7,0.39,0.36,2026-09-12,0807,N20,nominal,2.0NRT,299.11,4.66,D
31.13036,74.63187,339.35,0.39,0.36,2026-09-12,0807,N20,nominal,2.0NRT,299.6,4.11,D
31.09269,74.28425,340.24,0.39,0.36,2026-09-12,0807,N20,nominal,2.0NRT,303.35,3.86,D
31.19292,74.89988,345.62,0.38,0.36,2026-09-12,0807,N20,nominal,2.0NRT,298.67,5.6,D
31.39639,74.7634,343.71,0.38,0.36,2026-09-12,0807,N20,nominal,2.0NRT,298.53,4.21,D
31.38206,74.58451,334.6,0.39,0.36,2026-09-12,0809,N20,nominal,2.0NRT,299.1,3.15,D
31.51891,75.03113,344.5,0.38,0.36,2026-09-12,0809,N20,nominal,2.0NRT,299.59,12.89,D
31.4488,74.51225,333.07,0.39,0.36,2026-09-12,0809,N20,nominal,2.0NRT,298.2,2.35,D
31.54696,74.81409,341.55,0.38,0.36,2026-09-12,0809,N20,nominal,2.0NRT,297.1,3.34,D
31.6007,75.00967,341.26,0.38,0.36,2026-09-12,0809,N20,nominal,2.0NRT,297.72,3.27,D
31.59005,74.82984,346.25,0.38,0.36,2026-09-12,0809,N20,nominal,2.0NRT,301.63,10.83,D
31.65417,74.51865,330.63,0.39,0.36,2026-09-12,0809,N20,nominal,2.0NRT,299.48,3.63,D
31.65354,74.51465,335.29,0.39,0.36,2026-09-12,0809,N20,nominal,2.0NRT,301.33,3.63,D
31.73861,74.97749,337.18,0.38,0.36,2026-09-12,0809,N20,nominal,2.0NRT,300.56,3.39,D
31.39197,72.4937,336.25,0.42,0.38,2026-09-12,0809,N20,nominal,2.0NRT,299.98,4.53,D
31.87992,74.7001,349.42,0.38,0.36,2026-09-12,0809,N20,nominal,2.0NRT,296.8,8.58,D
31.89338,73.83667,334.57,0.39,0.36,2026-09-12,0809,N20,nominal,2.0NRT,302.59,3.03,D
31.98851,73.14387,332.1,0.4,0.37,2026-09-12,0809,N20,nominal,2.0NRT,296.29,2.23,D
35.83438,62.99366,336.57,0.34,0.56,2026-09-12,0809,N20,nominal,2.0NRT,304.31,2.27,D
35.83837,62.98792,349.72,0.34,0.56,2026-09-12,0809,N20,nominal,2.0NRT,304.08,3.91,D
38.04917,67.26668,346.17,0.55,0.42,2026-09-12,0811,N20,nominal,2.0NRT,313.1,11.55,D
38.05299,67.2655,343.48,0.55,0.42,2026-09-12,0811,N20,nominal,2.0NRT,313.38,11.55,D
38.04989,67.26493,343.18,0.55,0.42,2026-09-12,0811,N20,nominal,2.0NRT,315.93,21.88,D
37.03009,62.41909,337.66,0.34,0.56,2026-09-12,0811,N20,nominal,2.0NRT,306.28,4.01,D
37.11754,62.36504,335.04,0.34,0.56,2026-09-12,0811,N20,low,2.0NRT,306.53,5.54,D
38.10141,65.47134,352.05,0.44,0.46,2026-09-12,0811,N20,nominal,2.0NRT,309.75,3.58,D
38.10152,65.47372,334.64,0.44,0.46,2026-09-12,0811,N20,nominal,2.0NRT,306.26,2.97,D
38.10041,65.46883,343.13,0.44,0.46,2026-09-12,0811,N20,nominal,2.0NRT,311.38,5.52,D
37.05813,60.51462,341.61,0.43,0.62,2026-09-12,0811,N20,nominal,2.0NRT,299.54,2.33,D
37.79802,62.55119,338.09,0.32,0.55,2026-09-12,0811,N20,nominal,2.0NRT,309.46,2.46,D
37.31348,60.42866,331.13,0.43,0.62,2026-09-12,0811,N20,low,2.0NRT,301.29,1.67,D
39.18799,65.27516,339.07,0.43,0.46,2026-09-12,0811,N20,nominal,2.0NRT,313.16,5.38,D
37.74357,59.33474,331.97,0.47,0.64,2026-09-12,0811,N20,low,2.0NRT,302.82,2,D
37.82321,59.08257,334.85,0.49,0.65,2026-09-12,0811,N20,nominal,2.0NRT,300.15,2.39,D
37.82152,59.08384,338.09,0.49,0.65,2026-09-12,0811,N20,nominal,2.0NRT,299.64,2.25,D
18.56004,55.86814,341.72,0.44,0.39,2026-09-12,0945,N20,low,2.0NRT,315.52,4.9,D
18.56031,55.86917,342.55,0.44,0.39,2026-09-12,0945,N20,low,2.0NRT,315.44,5.07,D
19.26838,56.17629,345.98,0.47,0.39,2026-09-12,0945,N20,nominal,2.0NRT,315.68,3.69,D
20.02497,56.15047,341.13,0.47,0.4,2026-09-12,0945,N20,low,2.0NRT,313.79,1.64,D
20.21215,55.71163,343.72,0.45,0.39,2026-09-12,0947,N20,low,2.0NRT,315.54,1.75,D
20.22338,55.74084,344.85,0.45,0.39,2026-09-12,0947,N20,low,2.0NRT,316.23,2.54,D
20.37594,55.93356,339.41,0.47,0.39,2026-09-12,0947,N20,low,2.0NRT,314.34,0.51,D
20.38346,55.64772,342.29,0.45,0.39,2026-09-12,0947,N20,low,2.0NRT,316.4,2.33,D
21.30068,57.79932,340.97,0.4,0.44,2026-09-12,0947,N20,nominal,2.0NRT,309.48,1.51,D
21.311,57.74714,340.95,0.4,0.44,2026-09-12,0947,N20,nominal,2.0NRT,309.81,2.54,D
21.31054,57.74331,340.89,0.4,0.44,2026-09-12,0947,N20,nominal,2.0NRT,310.72,2.54,D
21.83484,56.68103,341.24,0.53,0.42,2026-09-12,0947,N20,low,2.0NRT,315.18,1.31,D
21.93541,57.07511,347.11,0.55,0.43,2026-09-12,0947,N20,nominal,2.0NRT,312.39,4.14,D
22.34696,56.43457,343.81,0.52,0.41,2026-09-12,0947,N20,low,2.0NRT,317.14,2.81,D
22.44302,56.7013,343.88,0.54,0.42,2026-09-12,0947,N20,low,2.0NRT,318.45,18.01,D
22.87903,55.92773,354.95,0.49,0.41,2026-09-12,0947,N20,nominal,2.0NRT,323.54,7.67,D
22.92594,55.80551,349.18,0.49,0.4,2026-09-12,0947,N20,low,2.0NRT,323.43,2.9,D
24.50221,56.60843,339.36,0.56,0.43,2026-09-12,0947,N20,nominal,2.0NRT,305.83,8.73,D
25.9729,56.07119,338.42,0.55,0.42,2026-09-12,0947,N20,low,2.0NRT,311.07,12.56,D
27.1639,56.98321,344.96,0.42,0.45,2026-09-12,0949,N20,nominal,2.0NRT,306.73,8.03,D
27.15979,56.10371,343.71,0.57,0.43,2026-09-12,0949,N20,nominal,2.0NRT,309.48,10.52,D
27.15913,56.09801,336.08,0.57,0.43,2026-09-12,0949,N20,low,2.0NRT,308.07,10.52,D
27.16705,56.09686,337.21,0.57,0.43,2026-09-12,0949,N20,low,2.0NRT,308.88,13.5,D
29.99048,55.85777,343.56,0.4,0.44,2026-09-12,0949,N20,nominal,2.0NRT,312.79,5.44,D
29.99088,55.85427,340.79,0.4,0.44,2026-09-12,0949,N20,low,2.0NRT,312.72,4.01,D
35.837,62.99113,334.76,0.59,0.7,2026-09-12,0952,N20,nominal,2.0NRT,301.06,2.81,D
37.11662,62.36648,336,0.55,0.68,2026-09-12,0952,N20,nominal,2.0NRT,304,5.03,D
37.11932,62.36737,335.74,0.55,0.68,2026-09-12,0952,N20,nominal,2.0NRT,303.7,5.68,D
36.94296,54.88977,332.16,0.42,0.45,2026-09-12,0952,N20,nominal,2.0NRT,299.38,4.79,D
37.49997,60.95049,367,0.46,0.64,2026-09-12,0952,N20,high,2.0NRT,300.8,9.03,D
37.49802,60.94745,354.96,0.46,0.64,2026-09-12,0952,N20,nominal,2.0NRT,300.52,9.89,D
37.81813,61.76146,332.03,0.52,0.66,2026-09-12,0952,N20,nominal,2.0NRT,297.73,3.81,D
37.8176,61.76092,332,0.52,0.66,2026-09-12,0952,N20,nominal,2.0NRT,298,2.48,D
38.79286,56.70316,336.17,0.55,0.51,2026-09-12,0952,N20,nominal,2.0NRT,305.15,3.52,D
39.86456,98.25224,296.18,0.57,0.52,2026-09-12,1847,N20,nominal,2.0NRT,284.94,0.77,N
39.8219,98.24183,295.78,0.57,0.52,2026-09-12,1847,N20,nominal,2.0NRT,284.51,1.12,N
39.81365,98.28746,300.46,0.57,0.52,2026-09-12,1847,N20,nominal,2.0NRT,282.12,1.75,N
38.8439,100.17133,298.63,0.44,0.46,2026-09-12,1849,N20,nominal,2.0NRT,280.22,1.06,N
20.74801,98.32259,308.92,0.51,0.41,2026-09-12,1853,N20,nominal,2.0NRT,288.59,1.25,N
14.57088,100.76635,308.17,0.38,0.36,2026-09-12,1856,N20,nominal,2.0NRT,284.84,0.71,N
26.62477,101.59577,297.48,0.42,0.38,2026-09-12,1851,N20,nominal,2.0NRT,286.14,1.25,N
26.57899,101.69995,303.08,0.42,0.37,2026-09-12,1851,N20,nominal,2.0NRT,289.93,1.27,N
26.58031,101.66607,307.24,0.42,0.38,2026-09-12,1851,N20,nominal,2.0NRT,290.26,1.53,N
26.5769,101.66537,335.64,0.42,0.38,2026-09-12,1851,N20,nominal,2.0NRT,293.45,5.61,N
26.57628,101.66968,308.86,0.42,0.38,2026-09-12,1851,N20,nominal,2.0NRT,291.15,1.01,N
26.57287,101.66899,301.23,0.42,0.38,2026-09-12,1851,N20,nominal,2.0NRT,289.64,1.01,N
26.57005,101.66413,304.05,0.42,0.38,2026-09-12,1851,N20,nominal,2.0NRT,291.52,1.48,N
26.56885,101.67256,315.13,0.42,0.38,2026-09-12,1851,N20,nominal,2.0NRT,292.02,1.72,N
26.56543,101.67188,307.6,0.42,0.38,2026-09-12,1851,N20,nominal,2.0NRT,291.76,1.72,N
26.56483,101.67612,310.82,0.42,0.38,2026-09-12,1851,N20,nominal,2.0NRT,293.37,2.54,N
26.56141,101.67546,304.01,0.42,0.38,2026-09-12,1851,N20,nominal,2.0NRT,291,1.56,N
26.00694,101.71371,325.07,0.41,0.37,2026-09-12,1851,N20,nominal,2.0NRT,288.49,1.48,N
25.4448,100.54589,296.28,0.45,0.39,2026-09-12,1851,N20,nominal,2.0NRT,285.42,0.33,N
22.35524,96.70047,308.35,0.44,0.46,2026-09-12,1853,N20,nominal,2.0NRT,289.98,1.44,N
22.01138,97.17429,320.09,0.41,0.45,2026-09-12,1853,N20,nominal,2.0NRT,289.5,2.16,N
18.57665,72.23882,317.28,0.52,0.42,2026-09-12,2036,N20,nominal,2.0NRT,280.73,3.2,N
18.57721,72.24239,325.64,0.52,0.42,2026-09-12,2036,N20,nominal,2.0NRT,279.72,4.81,N
16.64992,74.31403,305.37,0.41,0.37,2026-09-12,2036,N20,nominal,2.0NRT,287.82,0.84,N
16.20432,75.20806,303.38,0.39,0.36,2026-09-12,2036,N20,nominal,2.0NRT,289.59,0.4,N
15.65909,73.98779,314.52,0.41,0.37,2026-09-12,2036,N20,nominal,2.0NRT,291.55,1.31,N
15.18447,76.66877,303.32,0.39,0.36,2026-09-12,2038,N20,nominal,2.0NRT,270.7,0.65,N
15.18116,76.6682,299.44,0.39,0.36,2026-09-12,2038,N20,nominal,2.0NRT,270.29,0.65,N
15.17959,76.65682,301.52,0.39,0.36,2026-09-12,2038,N20,nominal,2.0NRT,272.74,1.05,N
15.1761,76.67841,299.57,0.39,0.36,2026-09-12,2038,N20,nominal,2.0NRT,270.84,0.73,N
15.17377,76.69279,312.95,0.39,0.36,2026-09-12,2038,N20,nominal,2.0NRT,270.96,1.52,N
15.17685,76.65266,304.83,0.39,0.36,2026-09-12,2038,N20,nominal,2.0NRT,272.17,1.05,N
15.17627,76.65626,318.01,0.39,0.36,2026-09-12,2038,N20,nominal,2.0NRT,273.57,1.05,N
15.17511,76.66346,298.04,0.39,0.36,2026-09-12,2038,N20,nominal,2.0NRT,270.58,0.84,N
15.17162,76.68502,300.15,0.39,0.36,2026-09-12,2038,N20,nominal,2.0NRT,269.96,0.68,N
15.17005,76.67367,298.74,0.39,0.36,2026-09-12,2038,N20,nominal,2.0NRT,269.71,0.59,N
15.13652,76.71228,301.75,0.39,0.36,2026-09-12,2038,N20,nominal,2.0NRT,271.32,0.59,N
15.11071,76.80788,295.68,0.39,0.36,2026-09-12,2038,N20,nominal,2.0NRT,272.02,0.52,N
15.18693,76.31628,305.75,0.39,0.36,2026-09-12,2038,N20,nominal,2.0NRT,279.91,0.48,N
15.17388,76.3763,300.55,0.39,0.36,2026-09-12,2038,N20,nominal,2.0NRT,280.09,0.34,N
15.17,76.37931,304.35,0.39,0.36,2026-09-12,2038,N20,nominal,2.0NRT,281.69,1.4,N
14.37411,77.81473,296.1,0.42,0.38,2026-09-12,2038,N20,nominal,2.0NRT,265.25,1.03,N
9.67075,77.23506,300.62,0.44,0.38,2026-09-12,2038,N20,nominal,2.0NRT,269.99,1.13,N
9.67025,77.23606,303.17,0.44,0.39,2026-09-12,2038,N20,nominal,2.0NRT,269.55,1.15,N
6.76207,81.14724,307.91,0.55,0.51,2026-09-12,2038,N20,nominal,2.0NRT,288.89,1.22,N
35.99197,94.82884,296.5,0.48,0.65,2026-09-12,2029,N20,nominal,2.0NRT,276.24,0.98,N
6.6372,80.86433,314.1,0.53,0.5,2026-09-12,2040,N20,nominal,2.0NRT,288.71,1.85,N
6.618,80.866,323.66,0.53,0.5,2026-09-12,2040,N20,nominal,2.0NRT,288.69,3.58,N
39.04947,76.17976,301.59,0.57,0.43,2026-09-12,2029,N20,nominal,2.0NRT,286.48,1.33,N
38.66053,76.16814,295.08,0.56,0.43,2026-09-12,2029,N20,nominal,2.0NRT,284.46,1.41,N
38.65767,76.16764,298.07,0.56,0.43,2026-09-12,2029,N20,nominal,2.0NRT,284.93,1.14,N
38.5666,65.94405,297.13,0.66,0.73,2026-09-12,2029,N20,nominal,2.0NRT,285.51,0.74,N
38.56488,65.94411,300.33,0.66,0.73,2026-09-12,2029,N20,nominal,2.0NRT,285.79,0.89,N
38.3956,69.10866,300.83,0.44,0.62,2026-09-12,2029,N20,nominal,2.0NRT,289.88,0.73,N
38.05537,67.25726,308.96,0.55,0.68,2026-09-12,2029,N20,nominal,2.0NRT,288.33,2.52,N
38.05518,67.26337,308.58,0.55,0.68,2026-09-12,2029,N20,nominal,2.0NRT,289.21,2.52,N
35.97005,68.68221,302.9,0.45,0.63,2026-09-12,2032,N20,nominal,2.0NRT,289.99,1.08,N
35.96993,68.68449,304.95,0.45,0.63,2026-09-12,2032,N20,nominal,2.0NRT,291.28,1.2,N
35.43689,73.60106,296.88,0.47,0.47,2026-09-12,2032,N20,nominal,2.0NRT,278.24,0.83,N
33.71745,73.99083,302.57,0.42,0.45,2026-09-12,2032,N20,nominal,2.0NRT,289.04,0.94,N
33.71378,73.98541,300.62,0.42,0.45,2026-09-12,2032,N20,nominal,2.0NRT,289.36,1.02,N
33.71325,73.99043,305.48,0.42,0.45,2026-09-12,2032,N20,nominal,2.0NRT,289.55,0.94,N
33.68769,72.7106,304.68,0.5,0.49,2026-09-12,2032,N20,nominal,2.0NRT,293.41,1.22,N
33.22337,71.4869,310.71,0.58,0.52,2026-09-12,2032,N20,nominal,2.0NRT,292.38,1.14,N
33.21928,71.4856,331.93,0.58,0.52,2026-09-12,2032,N20,nominal,2.0NRT,292.94,4.86,N
32.57822,72.56348,308.99,0.49,0.49,2026-09-12,2032,N20,nominal,2.0NRT,295.36,2.91,N
32.13039,74.17719,309.35,0.4,0.44,2026-09-12,2032,N20,nominal,2.0NRT,294.43,0.93,N
30.26565,75.1722,307,0.5,0.41,2026-09-12,2032,N20,nominal,2.0NRT,294.07,1.19,N
28.89478,78.85717,309.61,0.38,0.36,2026-09-12,2034,N20,nominal,2.0NRT,291.71,0.67,N
28.37236,77.22545,314.78,0.41,0.37,2026-09-12,2034,N20,nominal,2.0NRT,291.91,2.36,N
28.3507,77.25517,305.78,0.4,0.37,2026-09-12,2034,N20,nominal,2.0NRT,292.05,0.47,N
28.34673,77.25864,308.96,0.4,0.37,2026-09-12,2034,N20,nominal,2.0NRT,292.01,0.67,N
28.34751,77.22929,317.36,0.41,0.37,2026-09-12,2034,N20,nominal,2.0NRT,291.96,2.48,N
28.27847,77.27546,309.6,0.4,0.37,2026-09-12,2034,N20,nominal,2.0NRT,292.2,0.57,N
24.92476,91.19091,295.32,0.56,0.69,2026-09-12,2034,N20,nominal,2.0NRT,284.43,4.67,N
28.42789,69.69778,313.88,0.33,0.55,2026-09-12,2034,N20,nominal,2.0NRT,294.27,1.15,N
27.66804,76.12887,308.92,0.43,0.38,2026-09-12,2034,N20,nominal,2.0NRT,292.41,1.19,N
26.64324,79.4818,304.93,0.39,0.36,2026-09-12,2034,N20,nominal,2.0NRT,288.35,0.79,N
26.70413,77.8492,313.04,0.39,0.36,2026-09-12,2034,N20,nominal,2.0NRT,292.79,1.27,N
24.93197,84.14796,305.07,0.41,0.45,2026-09-12,2034,N20,nominal,2.0NRT,290.19,0.78,N
23.69865,87.11316,302.23,0.33,0.55,2026-09-12,2034,N20,nominal,2.0NRT,287.21,0.97,N
23.69507,87.10546,308.23,0.33,0.55,2026-09-12,2034,N20,nominal,2.0NRT,287.84,1.59,N
23.69437,87.10867,302.22,0.33,0.55,2026-09-12,2034,N20,nominal,2.0NRT,287.68,1.06,N
23.69367,87.11185,300.64,0.33,0.55,2026-09-12,2034,N20,nominal,2.0NRT,287.65,1.06,N
23.69297,87.11505,310.51,0.33,0.55,2026-09-12,2034,N20,nominal,2.0NRT,287.43,2.41,N
23.69156,87.12146,311.11,0.33,0.55,2026-09-12,2034,N20,nominal,2.0NRT,287.53,1.16,N
23.69148,87.09779,303.33,0.33,0.55,2026-09-12,2034,N20,nominal,2.0NRT,287.6,1.12,N
23.68657,87.1202,301.72,0.33,0.55,2026-09-12,2034,N20,nominal,2.0NRT,287.07,1.16,N
23.68448,87.12971,299.91,0.33,0.56,2026-09-12,2034,N20,nominal,2.0NRT,287.17,1.05,N
23.80345,86.32752,306.06,0.59,0.53,2026-09-12,2034,N20,nominal,2.0NRT,282.53,1.98,N
23.77574,86.36255,305.59,0.59,0.53,2026-09-12,2034,N20,nominal,2.0NRT,285.33,3.05,N
23.76346,86.39557,304.38,0.6,0.53,2026-09-12,2034,N20,nominal,2.0NRT,288.97,2.69,N
23.76221,86.40122,315.81,0.6,0.53,2026-09-12,2034,N20,nominal,2.0NRT,288.57,2.69,N
23.80292,86.33127,302.41,0.59,0.53,2026-09-12,2034,N20,nominal,2.0NRT,281.01,1.7,N
23.77668,86.36072,301.37,0.59,0.53,2026-09-12,2034,N20,nominal,2.0NRT,282.78,1.6,N
23.76464,86.39378,305.9,0.6,0.53,2026-09-12,2034,N20,nominal,2.0NRT,289.14,3.93,N
23.76343,86.39949,312.22,0.6,0.53,2026-09-12,2034,N20,nominal,2.0NRT,288.22,2.01,N
23.76224,86.40511,304.03,0.6,0.53,2026-09-12,2034,N20,nominal,2.0NRT,287.98,2.01,N
23.75745,86.40397,307.11,0.6,0.53,2026-09-12,2034,N20,nominal,2.0NRT,288.37,3.59,N
23.5633,87.22988,299.09,0.34,0.56,2026-09-12,2034,N20,nominal,2.0NRT,286.88,0.73,N
23.56117,87.23957,308.87,0.34,0.56,2026-09-12,2034,N20,nominal,2.0NRT,287.24,1.27,N
23.71285,86.44745,310.42,0.6,0.53,2026-09-12,2034,N20,nominal,2.0NRT,288.22,3.84,N
23.71303,86.42326,306.11,0.6,0.53,2026-09-12,2034,N20,nominal,2.0NRT,289.12,2.36,N
23.56371,87.08363,313.72,0.33,0.55,2026-09-12,2034,N20,nominal,2.0NRT,287.65,1.36,N
23.4821,87.35466,298.55,0.35,0.57,2026-09-12,2034,N20,nominal,2.0NRT,281.65,0.25,N
23.48136,87.35798,297.81,0.35,0.57,2026-09-12,2034,N20,nominal,2.0NRT,282.57,0.25,N
23.68452,86.39198,309.33,0.6,0.53,2026-09-12,2034,N20,nominal,2.0NRT,288.41,2.57,N
23.67973,86.39085,311.15,0.6,0.53,2026-09-12,2034,N20,nominal,2.0NRT,288.35,3.06,N
23.6785,86.39651,315.04,0.6,0.53,2026-09-12,2034,N20,nominal,2.0NRT,289.28,3.06,N
23.67723,86.40231,308.47,0.6,0.53,2026-09-12,2034,N20,nominal,2.0NRT,288.82,2.92,N
23.58047,86.72559,303.99,0.63,0.54,2026-09-12,2034,N20,nominal,2.0NRT,287.92,1.35,N
23.68087,86.39153,312.45,0.6,0.53,2026-09-12,2034,N20,nominal,2.0NRT,288.34,2.13,N
23.67967,86.39721,314.24,0.6,0.53,2026-09-12,2034,N20,nominal,2.0NRT,289.31,2.13,N
23.67845,86.40302,304.05,0.6,0.53,2026-09-12,2034,N20,nominal,2.0NRT,288.59,2.13,N
23.67487,86.39609,304.5,0.6,0.53,2026-09-12,2034,N20,nominal,2.0NRT,289.07,2.13,N
23.58399,86.72726,304.22,0.63,0.54,2026-09-12,2034,N20,nominal,2.0NRT,288.09,1.03,N
23.68381,86.0951,301.78,0.57,0.52,2026-09-12,2034,N20,nominal,2.0NRT,288.07,2.64,N
23.67678,86.10487,311.74,0.58,0.52,2026-09-12,2034,N20,nominal,2.0NRT,288.11,2.45,N
23.78871,85.55248,303.36,0.53,0.5,2026-09-12,2034,N20,nominal,2.0NRT,286.78,1.3,N
23.66976,86.09146,301.96,0.57,0.52,2026-09-12,2034,N20,nominal,2.0NRT,288.15,1.73,N
23.55226,86.54237,303.13,0.62,0.54,2026-09-12,2034,N20,nominal,2.0NRT,288.47,1.16,N
23.69836,85.3694,304.69,0.52,0.5,2026-09-12,2034,N20,nominal,2.0NRT,288.58,1.69,N
23.71148,85.28434,301.69,0.51,0.49,2026-09-12,2034,N20,nominal,2.0NRT,288.58,2.3,N
23.71045,85.28926,302.45,0.51,0.49,2026-09-12,2034,N20,nominal,2.0NRT,288.44,1.39,N
23.69387,85.36833,312.18,0.52,0.5,2026-09-12,2034,N20,nominal,2.0NRT,288.67,1.69,N
23.696,85.29109,303.59,0.51,0.49,2026-09-12,2034,N20,nominal,2.0NRT,289.22,1.62,N
23.74141,85.00825,298.74,0.49,0.49,2026-09-12,2034,N20,nominal,2.0NRT,276.4,1.23,N
23.67535,85.32213,303.05,0.51,0.5,2026-09-12,2034,N20,nominal,2.0NRT,288.69,1.1,N
24.19762,82.71754,318.11,0.53,0.42,2026-09-12,2034,N20,nominal,2.0NRT,289.8,3.63,N
24.19953,82.71617,316.82,0.53,0.42,2026-09-12,2034,N20,nominal,2.0NRT,289.76,4.08,N
23.67793,85.32582,304.09,0.51,0.5,2026-09-12,2034,N20,nominal,2.0NRT,288.95,0.75,N
22.87317,86.06378,306.76,0.59,0.53,2026-09-12,2034,N20,nominal,2.0NRT,285.42,2.05,N
22.87422,86.06267,307.01,0.59,0.53,2026-09-12,2034,N20,nominal,2.0NRT,285.42,1.67,N
22.79027,86.19831,311.97,0.61,0.53,2026-09-12,2034,N20,nominal,2.0NRT,289.49,2.52,N
22.78905,86.20403,312.57,0.61,0.53,2026-09-12,2034,N20,nominal,2.0NRT,289.35,2.52,N
22.79791,86.09149,307.79,0.6,0.53,2026-09-12,2034,N20,nominal,2.0NRT,288.26,1.24,N
25.39087,68.58154,303.54,0.35,0.57,2026-09-12,2034,N20,nominal,2.0NRT,278.04,1.12,N
22.61185,85.91271,303.9,0.59,0.53,2026-09-12,2034,N20,nominal,2.0NRT,288.6,1.18,N
22.36796,87.01592,311.69,0.35,0.57,2026-09-12,2034,N20,nominal,2.0NRT,288.02,0.99,N
22.36724,87.01922,304.33,0.35,0.57,2026-09-12,2034,N20,nominal,2.0NRT,288.46,0.99,N
22.36213,87.01799,307.74,0.35,0.57,2026-09-12,2034,N20,nominal,2.0NRT,288.47,0.99,N
22.57634,85.8922,306.67,0.59,0.53,2026-09-12,2034,N20,nominal,2.0NRT,288.96,1.99,N
22.57514,85.89776,314.7,0.59,0.53,2026-09-12,2034,N20,nominal,2.0NRT,289.22,1.99,N
22.57672,85.89025,304.21,0.59,0.53,2026-09-12,2034,N20,nominal,2.0NRT,288.8,1.09,N
22.57556,85.89582,317.5,0.59,0.53,2026-09-12,2034,N20,nominal,2.0NRT,289.63,3.32,N
22.13255,85.37953,305.29,0.56,0.51,2026-09-12,2034,N20,nominal,2.0NRT,288.05,1.35,N
22.1342,85.38361,308.55,0.56,0.51,2026-09-12,2034,N20,nominal,2.0NRT,288.4,1.19,N
22.05399,85.46494,299.66,0.57,0.52,2026-09-12,2034,N20,nominal,2.0NRT,286.91,0.9,N
21.77061,84.01817,307.49,0.46,0.47,2026-09-12,2034,N20,nominal,2.0NRT,288.43,0.92,N
21.76632,84.01719,312.82,0.46,0.47,2026-09-12,2034,N20,nominal,2.0NRT,288.83,2.55,N
21.76455,84.02598,303.26,0.47,0.47,2026-09-12,2034,N20,nominal,2.0NRT,288.69,2.81,N
21.76115,84.02059,329.98,0.46,0.47,2026-09-12,2034,N20,nominal,2.0NRT,289.06,2.81,N
21.75597,84.02402,311.27,0.47,0.47,2026-09-12,2034,N20,nominal,2.0NRT,289.15,2.03,N
21.75401,84.02554,304.17,0.47,0.47,2026-09-12,2034,N20,nominal,2.0NRT,288.62,1.58,N
21.75064,83.97409,306.92,0.46,0.47,2026-09-12,2034,N20,nominal,2.0NRT,287.86,1.94,N
21.71527,84.03994,303.24,0.47,0.48,2026-09-12,2034,N20,nominal,2.0NRT,287.64,0.69,N
21.68341,84.04195,304.06,0.47,0.48,2026-09-12,2034,N20,nominal,2.0NRT,287.13,0.93,N
21.67999,84.03656,306.46,0.47,0.48,2026-09-12,2034,N20,nominal,2.0NRT,286.79,1.13,N
21.67481,84.03996,304.05,0.47,0.48,2026-09-12,2034,N20,nominal,2.0NRT,286.74,1.88,N
20.97586,86.00541,303.43,0.32,0.55,2026-09-12,2034,N20,nominal,2.0NRT,288.52,1,N
20.97158,86.00114,306.67,0.32,0.55,2026-09-12,2034,N20,nominal,2.0NRT,288.67,1,N
20.96966,86.01028,307.83,0.32,0.55,2026-09-12,2034,N20,nominal,2.0NRT,289.74,2.15,N
20.96902,86.0133,308.95,0.32,0.55,2026-09-12,2034,N20,nominal,2.0NRT,288.86,1.61,N
20.96773,86.01938,307.07,0.32,0.55,2026-09-12,2034,N20,nominal,2.0NRT,288.58,1.03,N
20.96603,86.00294,305.34,0.32,0.55,2026-09-12,2034,N20,nominal,2.0NRT,289.25,1.19,N
20.96538,86.00599,319.59,0.32,0.55,2026-09-12,2034,N20,nominal,2.0NRT,288.73,1.11,N
20.96474,86.00901,304.03,0.32,0.55,2026-09-12,2034,N20,nominal,2.0NRT,289.2,1.11,N
20.96346,86.01508,303.11,0.32,0.55,2026-09-12,2034,N20,nominal,2.0NRT,288.09,1.07,N
20.9521,86.04419,323.91,0.32,0.55,2026-09-12,2034,N20,nominal,2.0NRT,288.99,2.44,N
20.95144,86.04731,310.35,0.32,0.55,2026-09-12,2034,N20,nominal,2.0NRT,289.36,1.79,N
20.9432,86.06164,302.85,0.32,0.55,2026-09-12,2034,N20,nominal,2.0NRT,288.87,1.05,N
21.08121,85.04266,303.59,0.55,0.51,2026-09-12,2034,N20,nominal,2.0NRT,288.97,0.69,N
21.07764,85.03637,307.5,0.55,0.51,2026-09-12,2034,N20,nominal,2.0NRT,289.78,2.1,N
20.97721,85.16798,313.89,0.57,0.52,2026-09-12,2034,N20,nominal,2.0NRT,289.36,2.56,N
20.9761,85.17328,307.63,0.57,0.52,2026-09-12,2034,N20,nominal,2.0NRT,289.45,1.89,N
20.97143,85.17213,336.94,0.57,0.52,2026-09-12,2034,N20,nominal,2.0NRT,290.21,2.61,N
20.97925,85.13492,310.9,0.56,0.52,2026-09-12,2034,N20,nominal,2.0NRT,289.85,3.21,N
20.97031,85.17744,306.12,0.57,0.52,2026-09-12,2034,N20,nominal,2.0NRT,289.31,2.61,N
20.96338,85.18703,328.15,0.57,0.52,2026-09-12,2034,N20,nominal,2.0NRT,290.1,3.87,N
20.97124,85.14972,308.82,0.57,0.52,2026-09-12,2034,N20,nominal,2.0NRT,289.14,1.55,N
20.97011,85.15508,306.65,0.57,0.52,2026-09-12,2034,N20,nominal,2.0NRT,289.53,1.55,N
20.96787,85.16571,305.8,0.57,0.52,2026-09-12,2034,N20,nominal,2.0NRT,289.36,1.69,N
20.96676,85.171,306.65,0.57,0.52,2026-09-12,2034,N20,nominal,2.0NRT,289.58,2.61,N
20.96564,85.17631,304.58,0.57,0.52,2026-09-12,2034,N20,nominal,2.0NRT,289.71,2.61,N
20.96451,85.18166,313.96,0.57,0.52,2026-09-12,2034,N20,nominal,2.0NRT,289.71,3.87,N
20.96321,85.16454,311.28,0.57,0.52,2026-09-12,2034,N20,nominal,2.0NRT,289.78,2.35,N
20.96209,85.16987,310.45,0.57,0.52,2026-09-12,2034,N20,nominal,2.0NRT,289.46,2.99,N
20.9826,85.13337,303.95,0.57,0.52,2026-09-12,2034,N20,nominal,2.0NRT,289.1,2.43,N
20.97612,85.16544,304.3,0.57,0.52,2026-09-12,2034,N20,nominal,2.0NRT,289,1.93,N
20.97504,85.17075,311.95,0.57,0.52,2026-09-12,2034,N20,nominal,2.0NRT,289.34,1.93,N
20.97397,85.17606,305.91,0.57,0.52,2026-09-12,2034,N20,nominal,2.0NRT,289.54,1.59,N
20.96929,85.17493,333.06,0.57,0.52,2026-09-12,2034,N20,nominal,2.0NRT,290.55,4.4,N
20.97038,85.16959,308.29,0.57,0.52,2026-09-12,2034,N20,nominal,2.0NRT,289.65,2.22,N
20.96244,85.18452,331.12,0.57,0.52,2026-09-12,2034,N20,nominal,2.0NRT,290.03,7.98,N
20.96894,85.15248,317.6,0.57,0.52,2026-09-12,2034,N20,nominal,2.0NRT,289.36,3.31,N
20.96678,85.16314,304.18,0.57,0.52,2026-09-12,2034,N20,nominal,2.0NRT,289.41,2.22,N
20.9657,85.16845,311.47,0.57,0.52,2026-09-12,2034,N20,nominal,2.0NRT,289.51,2.22,N
20.96462,85.17377,313.6,0.57,0.52,2026-09-12,2034,N20,nominal,2.0NRT,289.93,4.4,N
20.95872,85.01128,304.57,0.56,0.51,2026-09-12,2034,N20,nominal,2.0NRT,289.41,1.67,N
20.88685,84.98312,325.49,0.55,0.51,2026-09-12,2034,N20,nominal,2.0NRT,289.85,2.68,N
20.88796,84.97786,303.83,0.55,0.51,2026-09-12,2034,N20,nominal,2.0NRT,289.17,2.68,N
20.88949,84.98195,325.18,0.55,0.51,2026-09-12,2034,N20,nominal,2.0NRT,289.47,2.64,N
20.88487,84.98082,307.95,0.55,0.51,2026-09-12,2034,N20,nominal,2.0NRT,289.33,2.64,N
20.86778,84.99326,308.19,0.56,0.51,2026-09-12,2034,N20,nominal,2.0NRT,289.49,4.35,N
20.86423,84.98683,335.99,0.56,0.51,2026-09-12,2034,N20,nominal,2.0NRT,289.14,4.35,N
20.8093,85.25513,312.01,0.58,0.52,2026-09-12,2034,N20,nominal,2.0NRT,288.45,2.28,N
20.79517,85.25166,335.78,0.58,0.52,2026-09-12,2034,N20,nominal,2.0NRT,289.55,7.73,N
20.78816,85.26159,316.79,0.58,0.52,2026-09-12,2034,N20,nominal,2.0NRT,289.74,2.06,N
20.78703,85.26707,310.02,0.58,0.52,2026-09-12,2034,N20,nominal,2.0NRT,289.32,2.06,N
20.76129,85.29542,316.87,0.58,0.52,2026-09-12,2034,N20,nominal,2.0NRT,289.55,3.11,N
39.79325,98.29943,297.32,0.57,0.69,2026-09-12,2027,N20,nominal,2.0NRT,282.61,0.9,N
37.34858,97.40826,296.63,0.6,0.71,2026-09-12,2029,N20,nominal,2.0NRT,277.98,1.24,N
38.17944,57.98377,313.5,0.39,0.36,2026-09-12,2212,N20,nominal,2.0NRT,289.45,1.55,N
38.6801,54.31269,315.06,0.41,0.37,2026-09-12,2212,N20,nominal,2.0NRT,289.6,1.43,N
38.67946,54.31742,315.2,0.41,0.37,2026-09-12,2212,N20,nominal,2.0NRT,291.7,1.4,N
38.64924,54.28147,330.91,0.41,0.37,2026-09-12,2212,N20,nominal,2.0NRT,293.14,3.86,N
37.5109,61.01742,309.99,0.49,0.4,2026-09-12,2212,N20,nominal,2.0NRT,289.07,0.92,N
37.50513,61.02713,306.5,0.49,0.4,2026-09-12,2212,N20,nominal,2.0NRT,289.72,1.57,N
38.02663,58.17577,310.97,0.4,0.37,2026-09-12,2212,N20,nominal,2.0NRT,291.1,1.23,N
37.63494,60.33775,309.57,0.46,0.39,2026-09-12,2212,N20,nominal,2.0NRT,288.23,1.24,N
37.94826,58.58726,310.5,0.4,0.37,2026-09-12,2212,N20,nominal,2.0NRT,290.44,0.95,N
37.94222,58.56179,313.68,0.4,0.37,2026-09-12,2212,N20,nominal,2.0NRT,290.91,1.65,N
37.34793,61.36473,310.77,0.51,0.41,2026-09-12,2212,N20,nominal,2.0NRT,287.65,1.27,N
37.11945,62.3632,326.74,0.57,0.43,2026-09-12,2212,N20,nominal,2.0NRT,288.4,7.49,N
37.11558,62.36192,306.37,0.57,0.43,2026-09-12,2212,N20,nominal,2.0NRT,287.99,2.77,N
37.48658,60.45905,299.15,0.47,0.39,2026-09-12,2212,N20,nominal,2.0NRT,286.88,0.74,N
38.50862,54.2117,309.95,0.41,0.37,2026-09-12,2212,N20,nominal,2.0NRT,289.66,0.76,N
37.03335,62.41644,324.58,0.38,0.44,2026-09-12,2212,N20,nominal,2.0NRT,289.74,3.87,N
37.03245,62.42064,312.57,0.38,0.44,2026-09-12,2212,N20,nominal,2.0NRT,289.34,2.9,N
37.21712,60.02266,306.99,0.45,0.39,2026-09-12,2212,N20,nominal,2.0NRT,287.76,1.3,N
37.4528,57.68508,304.91,0.39,0.36,2026-09-12,2212,N20,nominal,2.0NRT,289.83,1.25,N
37.33932,58.04527,300.7,0.4,0.37,2026-09-12,2212,N20,nominal,2.0NRT,286.57,0.66,N
37.33855,58.04969,298.21,0.4,0.37,2026-09-12,2212,N20,nominal,2.0NRT,286.61,0.63,N
36.47807,61.62348,300.5,0.54,0.42,2026-09-12,2212,N20,nominal,2.0NRT,287.16,1.57,N
36.36871,61.89455,297.25,0.56,0.43,2026-09-12,2212,N20,nominal,2.0NRT,286,0.43,N
36.43851,61.21741,302.86,0.52,0.42,2026-09-12,2212,N20,nominal,2.0NRT,288.19,1.1,N
35.94763,62.91926,301.81,0.43,0.46,2026-09-12,2212,N20,nominal,2.0NRT,289.93,0.46,N
35.90675,62.96521,302,0.43,0.46,2026-09-12,2212,N20,nominal,2.0NRT,287.3,0.53,N
37.29638,55.48431,308.4,0.39,0.36,2026-09-12,2212,N20,nominal,2.0NRT,290.51,0.76,N
36.48057,59.74535,304.92,0.45,0.39,2026-09-12,2212,N20,nominal,2.0NRT,287.19,1.1,N
36.47706,59.74431,302.56,0.45,0.39,2026-09-12,2212,N20,nominal,2.0NRT,286.43,1.1,N
36.43021,59.70265,296.43,0.45,0.39,2026-09-12,2212,N20,nominal,2.0NRT,285.51,0.53,N
36.99007,56.23294,301.66,0.38,0.36,2026-09-12,2212,N20,nominal,2.0NRT,286.51,0.46,N
36.27114,59.64969,304.73,0.45,0.39,2026-09-12,2212,N20,nominal,2.0NRT,288.05,0.81,N
36.23751,59.72871,298.59,0.46,0.39,2026-09-12,2212,N20,nominal,2.0NRT,285.66,0.57,N
33.2353,71.51316,302.62,0.73,0.76,2026-09-12,2212,N20,nominal,2.0NRT,289.54,0.63,N
36.34552,58.67805,310.26,0.42,0.38,2026-09-12,2212,N20,nominal,2.0NRT,289.81,1.56,N
33.22247,71.48177,307.06,0.73,0.76,2026-09-12,2212,N20,nominal,2.0NRT,289.33,1.9,N
33.22025,71.48903,305.63,0.73,0.76,2026-09-12,2212,N20,nominal,2.0NRT,289.16,2.03,N
36.33699,58.66618,309.94,0.42,0.38,2026-09-12,2212,N20,nominal,2.0NRT,288.04,1.46,N
33.29832,71.185,303.07,0.7,0.75,2026-09-12,2212,N20,nominal,2.0NRT,289.04,1.28,N
36.94601,54.88828,331.34,0.39,0.36,2026-09-12,2212,N20,nominal,2.0NRT,292.25,3.07,N
33.23537,71.51422,303.98,0.74,0.76,2026-09-12,2212,N20,nominal,2.0NRT,289.42,0.95,N
33.22243,71.48267,307.7,0.73,0.76,2026-09-12,2212,N20,nominal,2.0NRT,289.37,1.68,N
33.22025,71.48994,303.02,0.73,0.76,2026-09-12,2212,N20,nominal,2.0NRT,289.38,1.68,N
33.2967,71.18514,302.9,0.7,0.75,2026-09-12,2212,N20,nominal,2.0NRT,289.4,0.66,N
36.245,57.37995,301.81,0.39,0.36,2026-09-12,2212,N20,nominal,2.0NRT,290.14,0.57,N
36.32634,54.61847,300.17,0.39,0.36,2026-09-12,2212,N20,nominal,2.0NRT,288.28,0.52,N
36.29839,54.78639,308.31,0.39,0.36,2026-09-12,2212,N20,nominal,2.0NRT,288.48,0.95,N
35.355,60.2173,296.18,0.49,0.4,2026-09-12,2212,N20,nominal,2.0NRT,285.65,0.89,N
36.32131,54.18523,299.01,0.4,0.37,2026-09-12,2212,N20,nominal,2.0NRT,284.27,0.76,N
35.36824,59.30416,302.23,0.45,0.39,2026-09-12,2212,N20,nominal,2.0NRT,286.52,1.16,N
35.31524,59.48571,299.37,0.46,0.39,2026-09-12,2212,N20,nominal,2.0NRT,287.79,0.95,N
36.10432,54.30392,299.7,0.4,0.37,2026-09-12,2212,N20,nominal,2.0NRT,289.51,0.84,N
33.75247,59.14531,300.52,0.47,0.4,2026-09-12,2214,N20,nominal,2.0NRT,285.59,0.78,N
32.92517,60.23169,299.01,0.54,0.42,2026-09-12,2214,N20,nominal,2.0NRT,288.66,1.1,N
32.92361,60.22988,298.1,0.54,0.42,2026-09-12,2214,N20,nominal,2.0NRT,287.28,1.11,N
32.63541,59.75782,295.51,0.52,0.41,2026-09-12,2214,N20,nominal,2.0NRT,284.32,1.14,N
33.04153,56.84742,323.32,0.4,0.37,2026-09-12,2214,N20,nominal,2.0NRT,296.65,2.33,N
33.04079,56.85167,317.66,0.4,0.37,2026-09-12,2214,N20,nominal,2.0NRT,295.33,1.72,N
32.33438,54.08562,308.34,0.39,0.36,2026-09-12,2214,N20,nominal,2.0NRT,292.59,0.96,N
31.94242,54.04628,322.79,0.39,0.36,2026-09-12,2214,N20,nominal,2.0NRT,295.42,1.64,N
31.93975,54.04155,309.63,0.39,0.36,2026-09-12,2214,N20,nominal,2.0NRT,296.36,1.49,N
31.92739,54.05567,318.94,0.39,0.36,2026-09-12,2214,N20,nominal,2.0NRT,297.25,2.04,N
31.84802,54.28473,315.79,0.38,0.36,2026-09-12,2214,N20,nominal,2.0NRT,294.38,2.32,N
31.62303,54.74421,306.15,0.38,0.36,2026-09-12,2214,N20,nominal,2.0NRT,293.96,0.66,N
31.62293,54.72348,313.65,0.38,0.36,2026-09-12,2214,N20,nominal,2.0NRT,292.84,1.3,N
39.6414,66.86044,297.41,0.56,0.52,2026-09-12,2210,N20,nominal,2.0NRT,287.26,0.47,N
38.3989,69.11263,305.38,0.4,0.6,2026-09-12,2210,N20,nominal,2.0NRT,290.43,0.86,N
38.39763,69.11195,303.87,0.4,0.6,2026-09-12,2210,N20,nominal,2.0NRT,290.18,0.84,N
38.32745,68.98437,302.37,0.39,0.59,2026-09-12,2210,N20,nominal,2.0NRT,290.72,0.73,N
38.32515,68.98444,303.86,0.39,0.59,2026-09-12,2210,N20,nominal,2.0NRT,291.14,0.73,N
39.18208,65.31286,301.79,0.48,0.48,2026-09-12,2212,N20,nominal,2.0NRT,287.16,0.72,N
39.43351,62.99286,300.67,0.55,0.43,2026-09-12,2212,N20,nominal,2.0NRT,286.14,1.05,N
39.43326,62.99223,302.3,0.55,0.43,2026-09-12,2212,N20,nominal,2.0NRT,286.32,0.6,N
39.14428,64.27299,297.84,0.43,0.46,2026-09-12,2212,N20,nominal,2.0NRT,285.58,0.4,N
39.25082,63.21314,309.11,0.57,0.43,2026-09-12,2212,N20,nominal,2.0NRT,287.44,1.43,N
39.28203,63.04663,302.49,0.56,0.43,2026-09-12,2212,N20,nominal,2.0NRT,286.53,0.96,N
39.25127,63.17203,302.84,0.57,0.43,2026-09-12,2212,N20,nominal,2.0NRT,286.3,1.06,N
39.18474,63.34604,299.41,0.39,0.44,2026-09-12,2212,N20,nominal,2.0NRT,285.79,0.43,N
39.19394,63.28416,297.22,0.38,0.43,2026-09-12,2212,N20,nominal,2.0NRT,286.39,0.58,N
39.17991,63.349,299.92,0.39,0.44,2026-09-12,2212,N20,nominal,2.0NRT,285.36,1.29,N
39.17669,63.3059,299.87,0.38,0.44,2026-09-12,2212,N20,nominal,2.0NRT,286.06,0.55,N
39.19675,63.19398,300.26,0.57,0.43,2026-09-12,2212,N20,nominal,2.0NRT,286.24,1.03,N
39.17268,63.28588,300.67,0.38,0.43,2026-09-12,2212,N20,nominal,2.0NRT,286.26,0.84,N
30.97008,56.45253,303.38,0.41,0.37,2026-09-12,2214,N20,nominal,2.0NRT,293.26,1.04,N
39.13183,63.4731,300.26,0.39,0.44,2026-09-12,2212,N20,nominal,2.0NRT,286.5,0.73,N
39.17791,63.24256,298.29,0.57,0.43,2026-09-12,2212,N20,nominal,2.0NRT,286.04,0.58,N
39.17822,63.22192,297.05,0.57,0.43,2026-09-12,2212,N20,nominal,2.0NRT,285.71,0.5,N
39.17053,63.25729,299.32,0.38,0.43,2026-09-12,2212,N20,nominal,2.0NRT,286.64,1.89,N
39.15739,63.31765,305.28,0.39,0.44,2026-09-12,2212,N20,nominal,2.0NRT,285.84,0.58,N
39.12593,63.4615,297.05,0.39,0.44,2026-09-12,2212,N20,nominal,2.0NRT,285.32,0.4,N
39.16572,63.26022,318.19,0.38,0.43,2026-09-12,2212,N20,nominal,2.0NRT,287.53,1.7,N
39.13163,63.41631,301.61,0.39,0.44,2026-09-12,2212,N20,nominal,2.0NRT,284.43,0.95,N
38.55021,65.94621,296.76,0.54,0.51,2026-09-12,2212,N20,nominal,2.0NRT,286.66,0.83,N
39.11785,63.39471,301.22,0.39,0.44,2026-09-12,2212,N20,nominal,2.0NRT,285.28,0.53,N
39.12867,63.30489,295.05,0.39,0.44,2026-09-12,2212,N20,nominal,2.0NRT,284.72,0.6,N
39.12775,63.30922,298.99,0.39,0.44,2026-09-12,2212,N20,nominal,2.0NRT,286.41,0.6,N
39.10816,63.40068,295.7,0.39,0.44,2026-09-12,2212,N20,nominal,2.0NRT,284.92,0.49,N
39.08722,63.47843,298.4,0.39,0.44,2026-09-12,2212,N20,nominal,2.0NRT,284.08,0.53,N
39.01696,63.70393,296.42,0.4,0.45,2026-09-12,2212,N20,nominal,2.0NRT,286.06,0.63,N
39.07502,63.39826,295.47,0.39,0.44,2026-09-12,2212,N20,nominal,2.0NRT,284.94,0.42,N
38.97238,63.65372,298.98,0.4,0.44,2026-09-12,2212,N20,nominal,2.0NRT,285.84,0.59,N
38.91735,63.8079,298.99,0.41,0.45,2026-09-12,2212,N20,nominal,2.0NRT,286.04,0.33,N
38.91238,63.79121,299.38,0.41,0.45,2026-09-12,2212,N20,nominal,2.0NRT,285.43,0.36,N
38.97401,63.46823,307.59,0.4,0.44,2026-09-12,2212,N20,nominal,2.0NRT,286.75,1.04,N
38.05211,67.26335,303.87,0.32,0.55,2026-09-12,2212,N20,nominal,2.0NRT,287.99,0.74,N
38.87237,63.79656,311.95,0.41,0.45,2026-09-12,2212,N20,nominal,2.0NRT,285.88,1.12,N
38.83721,63.81867,301.03,0.41,0.45,2026-09-12,2212,N20,nominal,2.0NRT,285.96,0.52,N
38.83424,63.81259,301.82,0.41,0.45,2026-09-12,2212,N20,nominal,2.0NRT,287.42,0.69,N
38.78753,63.91376,295.81,0.42,0.45,2026-09-12,2212,N20,nominal,2.0NRT,284.89,0.71,N
38.28754,64.37901,295.88,0.45,0.47,2026-09-12,2212,N20,nominal,2.0NRT,285.3,0.54,N
38.1679,64.57521,295.73,0.47,0.47,2026-09-12,2212,N20,nominal,2.0NRT,284.25,0.39,N
38.13149,64.67404,306.25,0.47,0.48,2026-09-12,2212,N20,nominal,2.0NRT,286.09,1.04,N
30.75481,56.65519,306.56,0.41,0.37,2026-09-12,2214,N20,nominal,2.0NRT,295.51,1.17,N
37.96578,65.00928,299.84,0.5,0.49,2026-09-12,2212,N20,nominal,2.0NRT,286.42,1.35,N
30.75406,56.65942,316.33,0.41,0.37,2026-09-12,2214,N20,nominal,2.0NRT,294.61,1.17,N
37.88623,65.08672,296.16,0.5,0.49,2026-09-12,2212,N20,nominal,2.0NRT,285.06,0.72,N
37.78856,65.35529,295.77,0.52,0.5,2026-09-12,2212,N20,nominal,2.0NRT,285.26,0.34,N
37.82622,65.17159,296.42,0.51,0.49,2026-09-12,2212,N20,nominal,2.0NRT,286.18,0.65,N
39.50999,54.32716,304.26,0.42,0.38,2026-09-12,2212,N20,nominal,2.0NRT,290.39,0.68,N
30.66529,56.6225,311.07,0.41,0.37,2026-09-12,2214,N20,nominal,2.0NRT,293.13,1.36,N
37.96171,62.66408,298.62,0.57,0.43,2026-09-12,2212,N20,nominal,2.0NRT,287.08,1.01,N
37.98998,61.87746,298.15,0.52,0.42,2026-09-12,2212,N20,nominal,2.0NRT,286.19,1.07,N
30.49251,56.82134,304.73,0.42,0.38,2026-09-12,2214,N20,nominal,2.0NRT,294.71,1.21,N
37.7979,62.54755,317.99,0.57,0.43,2026-09-12,2212,N20,nominal,2.0NRT,285.52,1.83,N
30.73416,55.3869,310.38,0.39,0.36,2026-09-12,2214,N20,nominal,2.0NRT,291.88,1.01,N
37.78765,62.53742,322.38,0.57,0.43,2026-09-12,2212,N20,nominal,2.0NRT,287.13,3.31,N
37.88758,62.02512,296.01,0.53,0.42,2026-09-12,2212,N20,nominal,2.0NRT,285.93,0.67,N
30.3705,57.12431,300.69,0.43,0.38,2026-09-12,2214,N20,nominal,2.0NRT,290.34,0.56,N
37.77681,62.02562,299.07,0.54,0.42,2026-09-12,2212,N20,nominal,2.0NRT,285.22,0.61,N
37.74299,62.12907,296.97,0.54,0.42,2026-09-12,2212,N20,nominal,2.0NRT,285.87,1.08,N
37.84464,61.60252,301.41,0.51,0.41,2026-09-12,2212,N20,nominal,2.0NRT,286.3,0.79,N
37.74296,62.0716,297.29,0.54,0.42,2026-09-12,2212,N20,nominal,2.0NRT,285.19,0.63,N
37.84342,61.60646,298.08,0.51,0.41,2026-09-12,2212,N20,nominal,2.0NRT,285.83,0.98,N
37.72784,62.09705,314.06,0.54,0.42,2026-09-12,2212,N20,nominal,2.0NRT,287.42,1.64,N
37.75001,61.85219,297.47,0.53,0.42,2026-09-12,2212,N20,nominal,2.0NRT,285.51,0.65,N
37.67002,62.23901,307.16,0.55,0.43,2026-09-12,2212,N20,nominal,2.0NRT,286.66,1.65,N
37.66112,62.24256,299.97,0.55,0.43,2026-09-12,2212,N20,nominal,2.0NRT,286.46,0.86,N
30.23662,56.90944,309.29,0.43,0.38,2026-09-12,2214,N20,nominal,2.0NRT,293.39,1.13,N
37.65731,62.24129,298.72,0.55,0.43,2026-09-12,2212,N20,nominal,2.0NRT,285.18,0.86,N
30.36989,56.12822,308.18,0.4,0.37,2026-09-12,2214,N20,nominal,2.0NRT,292.94,1.19,N
37.79528,61.49456,300.42,0.51,0.41,2026-09-12,2212,N20,nominal,2.0NRT,286.87,0.82,N
37.6408,62.20339,303.33,0.55,0.43,2026-09-12,2212,N20,nominal,2.0NRT,285.75,0.61,N
30.23319,56.90862,311.61,0.43,0.38,2026-09-12,2214,N20,nominal,2.0NRT,293.66,1.73,N
37.62682,62.2117,301.9,0.55,0.43,2026-09-12,2212,N20,nominal,2.0NRT,287.37,1.14,N
29.47804,60.80689,304.52,0.45,0.47,2026-09-12,2214,N20,nominal,2.0NRT,286.98,0.73,N
37.62814,62.16685,300.33,0.55,0.42,2026-09-12,2212,N20,nominal,2.0NRT,284.11,0.9,N
37.62687,62.17288,298.47,0.55,0.43,2026-09-12,2212,N20,nominal,2.0NRT,287.15,0.9,N
37.62437,62.12699,302.7,0.55,0.42,2026-09-12,2212,N20,nominal,2.0NRT,287.44,0.83,N
37.61803,62.13776,302.05,0.55,0.42,2026-09-12,2212,N20,nominal,2.0NRT,288.5,0.8,N
37.62108,62.13795,302.7,0.55,0.42,2026-09-12,2212,N20,nominal,2.0NRT,288.22,1.2,N
37.65611,61.90799,307.31,0.53,0.42,2026-09-12,2212,N20,nominal,2.0NRT,288.1,1.47,N
37.63019,61.95613,297.82,0.54,0.42,2026-09-12,2212,N20,nominal,2.0NRT,287.42,0.94,N
35.97094,68.68369,299.85,0.44,0.62,2026-09-12,2212,N20,nominal,2.0NRT,288.73,0.61,N
37.62968,61.72536,298.14,0.52,0.42,2026-09-12,2212,N20,nominal,2.0NRT,287.12,0.67,N
38.25577,58.39222,306.76,0.4,0.37,2026-09-12,2212,N20,nominal,2.0NRT,293.31,1.63,N
30.38028,55.86548,302.41,0.4,0.37,2026-09-12,2214,N20,nominal,2.0NRT,291.4,0.54,N
37.60596,61.70539,297.98,0.52,0.42,2026-09-12,2212,N20,nominal,2.0NRT,285.46,0.39,N
37.55859,61.93273,296.64,0.54,0.42,2026-09-12,2212,N20,nominal,2.0NRT,286.19,0.78,N
37.60564,61.70981,296.47,0.52,0.42,2026-09-12,2212,N20,nominal,2.0NRT,285.17,0.52,N
30.32394,55.9718,309.31,0.4,0.37,2026-09-12,2214,N20,nominal,2.0NRT,291.14,1.1,N
37.61391,61.59015,308.05,0.52,0.41,2026-09-12,2212,N20,nominal,2.0NRT,288.3,1.14,N
37.61046,61.60729,317.1,0.52,0.41,2026-09-12,2212,N20,nominal,2.0NRT,290.46,2.47,N
37.61364,61.57187,300.87,0.52,0.41,2026-09-12,2212,N20,nominal,2.0NRT,287.45,0.97,N
37.6125,61.57756,302.49,0.52,0.41,2026-09-12,2212,N20,nominal,2.0NRT,289.1,0.97,N
37.60597,61.55122,301.47,0.51,0.41,2026-09-12,2212,N20,nominal,2.0NRT,287.68,0.88,N
37.59742,61.55453,302.77,0.51,0.41,2026-09-12,2212,N20,nominal,2.0NRT,286.52,1.06,N
37.59626,61.56021,303.23,0.52,0.41,2026-09-12,2212,N20,nominal,2.0NRT,288.1,1.06,N
37.59576,61.52375,304.13,0.51,0.41,2026-09-12,2212,N20,nominal,2.0NRT,287.38,1.4,N
37.59461,61.52943,300.31,0.51,0.41,2026-09-12,2212,N20,nominal,2.0NRT,287.56,1.38,N
37.59091,61.52824,309.72,0.51,0.41,2026-09-12,2212,N20,nominal,2.0NRT,286.65,1.38,N
37.58399,61.56234,311.5,0.52,0.41,2026-09-12,2212,N20,nominal,2.0NRT,288.5,1.47,N
37.4249,62.31281,321.81,0.56,0.43,2026-09-12,2212,N20,nominal,2.0NRT,286.73,2.94,N
37.58029,61.56114,296.93,0.52,0.41,2026-09-12,2212,N20,nominal,2.0NRT,286.88,0.47,N
37.48064,62.00716,299.59,0.54,0.42,2026-09-12,2212,N20,nominal,2.0NRT,286.96,0.7,N
37.48304,61.97616,302.13,0.54,0.42,2026-09-12,2212,N20,nominal,2.0NRT,287.72,0.84,N
37.40568,62.30645,301.23,0.56,0.43,2026-09-12,2212,N20,nominal,2.0NRT,285.17,0.59,N
37.49746,61.8485,326.66,0.53,0.42,2026-09-12,2212,N20,nominal,2.0NRT,290.66,4.49,N
38.22261,57.98803,305.99,0.39,0.36,2026-09-12,2212,N20,nominal,2.0NRT,290.07,0.46,N
37.39538,62.31625,297.95,0.56,0.43,2026-09-12,2212,N20,nominal,2.0NRT,287.06,0.77,N
30.21552,55.98592,307.71,0.4,0.37,2026-09-12,2214,N20,nominal,2.0NRT,290.81,1.39,N
38.2193,57.98713,314.14,0.39,0.36,2026-09-12,2212,N20,nominal,2.0NRT,289.6,1.2,N
38.14939,58.39257,303.54,0.4,0.37,2026-09-12,2212,N20,nominal,2.0NRT,290.51,0.69,N
38.19629,58.10146,306.66,0.39,0.37,2026-09-12,2212,N20,nominal,2.0NRT,290.12,0.64,N
38.26454,57.65842,304.53,0.39,0.36,2026-09-12,2212,N20,nominal,2.0NRT,292.44,0.74,N
38.26125,57.65752,308.12,0.39,0.36,2026-09-12,2212,N20,nominal,2.0NRT,293.05,1.57,N
38.19475,58.04992,301.51,0.39,0.36,2026-09-12,2212,N20,nominal,2.0NRT,289.87,0.67,N
38.19188,57.96572,301.41,0.39,0.36,2026-09-12,2212,N20,nominal,2.0NRT,289.41,0.71,N
29.94681,56.73146,316.66,0.42,0.38,2026-09-12,2214,N20,nominal,2.0NRT,288.85,1.52,N
30.08126,55.39413,304.61,0.39,0.36,2026-09-12,2214,N20,nominal,2.0NRT,291.64,1.26,N
30.08059,55.39815,308.61,0.39,0.36,2026-09-12,2214,N20,nominal,2.0NRT,290.09,2.2,N
30.07795,55.39341,310.24,0.39,0.36,2026-09-12,2214,N20,nominal,2.0NRT,291.93,1.57,N
29.99297,55.85662,325.29,0.4,0.37,2026-09-12,2214,N20,nominal,2.0NRT,293.45,5.83,N
29.9844,55.84605,299.47,0.4,0.37,2026-09-12,2214,N20,nominal,2.0NRT,288.39,0.98,N
29.98298,55.85436,305.48,0.4,0.37,2026-09-12,2214,N20,nominal,2.0NRT,291.44,1.06,N
30.00154,55.19553,313.14,0.39,0.36,2026-09-12,2214,N20,nominal,2.0NRT,287.99,1.08,N
29.991,55.19735,304.22,0.39,0.36,2026-09-12,2214,N20,nominal,2.0NRT,289.5,0.67,N
29.69967,55.53074,303.21,0.4,0.37,2026-09-12,2214,N20,nominal,2.0NRT,290.51,0.8,N
29.51373,55.79847,305.06,0.4,0.37,2026-09-12,2214,N20,nominal,2.0NRT,290.48,0.86,N
29.15375,55.36655,316.03,0.4,0.37,2026-09-12,2214,N20,nominal,2.0NRT,293.92,1.73,N
29.13843,55.37568,305.71,0.4,0.37,2026-09-12,2214,N20,nominal,2.0NRT,294.52,1.42,N
29.13784,55.35888,306.32,0.4,0.37,2026-09-12,2214,N20,nominal,2.0NRT,295.15,0.84,N
29.13443,55.37897,308.93,0.4,0.37,2026-09-12,2214,N20,nominal,2.0NRT,295.08,1.42,N
29.20118,54.48302,308.93,0.39,0.36,2026-09-12,2214,N20,nominal,2.0NRT,290.2,1.16,N
29.17284,54.61535,321.18,0.39,0.36,2026-09-12,2214,N20,nominal,2.0NRT,294.04,1.55,N
27.23021,60.49018,307.08,0.47,0.48,2026-09-12,2214,N20,nominal,2.0NRT,296.84,2.15,N
27.30184,56.30373,315.15,0.44,0.38,2026-09-12,2214,N20,nominal,2.0NRT,299.39,1.77,N
27.16807,56.09626,337.57,0.43,0.38,2026-09-12,2214,N20,nominal,2.0NRT,300.89,5.01,N
27.17147,56.05708,320.62,0.43,0.38,2026-09-12,2214,N20,nominal,2.0NRT,300.1,1.79,N
27.16879,56.05204,323.08,0.43,0.38,2026-09-12,2214,N20,nominal,2.0NRT,300.34,2.06,N
27.1604,56.09902,335.34,0.43,0.38,2026-09-12,2214,N20,nominal,2.0NRT,301.37,5.31,N
27.15964,56.10329,324.1,0.43,0.38,2026-09-12,2214,N20,nominal,2.0NRT,300.42,5.31,N
27.16077,56.07691,312.88,0.43,0.38,2026-09-12,2214,N20,nominal,2.0NRT,300.02,1.41,N
25.9734,56.06776,314.97,0.44,0.38,2026-09-12,2216,N20,nominal,2.0NRT,301.71,1.7,N
25.96641,56.06625,319.73,0.44,0.38,2026-09-12,2216,N20,nominal,2.0NRT,303.33,1.29,N
25.90268,54.53113,318.2,0.4,0.37,2026-09-12,2216,N20,nominal,2.0NRT,301.13,0.7,N
25.55822,55.98354,316.27,0.44,0.39,2026-09-12,2216,N20,nominal,2.0NRT,302.52,1.84,N
25.06204,55.11898,325.85,0.42,0.37,2026-09-12,2216,N20,nominal,2.0NRT,302.4,2.21,N
24.50515,56.60859,331.37,0.49,0.4,2026-09-12,2216,N20,nominal,2.0NRT,300.63,6.28,N
24.50772,56.59445,309.7,0.48,0.4,2026-09-12,2216,N20,nominal,2.0NRT,299.06,0.5,N
24.50601,56.60388,309.92,0.48,0.4,2026-09-12,2216,N20,nominal,2.0NRT,299.24,6.28,N
24.45468,56.55322,314.62,0.48,0.4,2026-09-12,2216,N20,nominal,2.0NRT,299.52,1.18,N
24.32804,54.4688,320.39,0.41,0.37,2026-09-12,2216,N20,nominal,2.0NRT,303.15,1.35,N
24.31995,54.45491,321.79,0.41,0.37,2026-09-12,2216,N20,nominal,2.0NRT,304.75,1.92,N
23.55378,58.20135,309.99,0.41,0.45,2026-09-12,2216,N20,nominal,2.0NRT,298.95,0.78,N
24.00401,55.44078,313.5,0.44,0.38,2026-09-12,2216,N20,nominal,2.0NRT,302.77,1.46,N
23.19228,55.4576,329.96,0.45,0.39,2026-09-12,2216,N20,nominal,2.0NRT,300.48,2.74,N
23.31128,54.17936,316.57,0.41,0.37,2026-09-12,2216,N20,nominal,2.0NRT,299.85,5.95,N
22.92839,55.80623,311.72,0.47,0.4,2026-09-12,2216,N20,nominal,2.0NRT,297.43,1.39,N
22.87963,55.92516,314.2,0.47,0.4,2026-09-12,2216,N20,nominal,2.0NRT,294.05,1.02,N
22.87881,55.92972,304.41,0.47,0.4,2026-09-12,2216,N20,nominal,2.0NRT,293.47,1.02,N
22.87269,55.61235,318.05,0.46,0.39,2026-09-12,2216,N20,nominal,2.0NRT,297.43,1.69,N
22.78307,55.81308,307.82,0.47,0.4,2026-09-12,2216,N20,nominal,2.0NRT,296.56,1.54,N
22.40668,56.98904,327.44,0.54,0.42,2026-09-12,2216,N20,nominal,2.0NRT,296.11,3.7,N
22.3467,56.43274,306.4,0.51,0.41,2026-09-12,2216,N20,nominal,2.0NRT,294.29,0.93,N
22.32844,56.48994,325.86,0.51,0.41,2026-09-12,2216,N20,nominal,2.0NRT,295.51,2.5,N
21.93696,57.07202,314.23,0.56,0.43,2026-09-12,2216,N20,nominal,2.0NRT,274.23,1.87,N
21.89056,56.84706,310.82,0.54,0.42,2026-09-12,2216,N20,nominal,2.0NRT,287.1,1.8,N
21.70322,56.47015,309.21,0.52,0.42,2026-09-12,2216,N20,nominal,2.0NRT,289.71,1.25,N
21.70308,56.47367,303.38,0.52,0.42,2026-09-12,2216,N20,nominal,2.0NRT,288.43,0.69,N
21.3237,57.72111,304.42,0.42,0.45,2026-09-12,2216,N20,nominal,2.0NRT,292.74,0.83,N
21.31506,57.74389,322.5,0.42,0.45,2026-09-12,2216,N20,nominal,2.0NRT,293.15,1.55,N
21.31961,57.72022,307.67,0.42,0.45,2026-09-12,2216,N20,nominal,2.0NRT,292.83,0.83,N
21.37962,55.81863,310.47,0.49,0.4,2026-09-12,2216,N20,nominal,2.0NRT,282.73,1.57,N
21.3774,55.81543,305.23,0.49,0.4,2026-09-12,2216,N20,nominal,2.0NRT,279.87,1.58,N
20.98853,56.77571,299.86,0.56,0.43,2026-09-12,2216,N20,nominal,2.0NRT,288.92,0.36,N
20.98866,56.77352,302.72,0.56,0.43,2026-09-12,2216,N20,nominal,2.0NRT,288.48,0.18,N
20.70814,55.43002,299.24,0.48,0.4,2026-09-12,2216,N20,nominal,2.0NRT,285.06,0.27,N
20.38759,55.66312,328.95,0.5,0.41,2026-09-12,2216,N20,nominal,2.0NRT,294.25,2.47,N
20.38644,55.64833,319.68,0.5,0.41,2026-09-12,2216,N20,nominal,2.0NRT,294.11,2.2,N
20.21158,55.71262,321.38,0.5,0.41,2026-09-12,2216,N20,nominal,2.0NRT,291.49,2.11,N
18.32336,55.10465,339.16,0.5,0.41,2026-09-12,2218,N20,nominal,2.0NRT,294.85,4.86,N
18.01545,54.56974,331.88,0.47,0.4,2026-09-12,2218,N20,nominal,2.0NRT,296.17,4.62,N
18.01466,54.57414,335.29,0.47,0.4,2026-09-12,2218,N20,nominal,2.0NRT,300.63,14.18,N
18.01184,54.56904,332.07,0.47,0.4,2026-09-12,2218,N20,nominal,2.0NRT,297.35,7.82,N
18.01105,54.57344,332.38,0.47,0.4,2026-09-12,2218,N20,nominal,2.0NRT,298.11,9.28,N
17.89041,54.48532,325.73,0.47,0.4,2026-09-12,2218,N20,nominal,2.0NRT,298.67,17.08,N
21.34331,98.16692,354.43,0.36,0.58,2026-09-13,0605,N20,nominal,2.0NRT,290.56,8.37,D
21.33815,98.16727,337.96,0.36,0.58,2026-09-13,0605,N20,nominal,2.0NRT,290.89,5.86,D
21.34334,98.16608,329.73,0.36,0.58,2026-09-13,0605,N20,nominal,2.0NRT,289.46,3.89,D
22.72213,101.99302,329.18,0.39,0.44,2026-09-13,0605,N20,nominal,2.0NRT,294.58,3.68,D
22.91319,101.16364,329.64,0.44,0.46,2026-09-13,0605,N20,nominal,2.0NRT,288.12,3.01,D
23.3098,101.97031,331.25,0.39,0.44,2026-09-13,0605,N20,nominal,2.0NRT,292.04,1.81,D
22.88041,97.41336,342.26,0.38,0.58,2026-09-13,0605,N20,nominal,2.0NRT,291.3,5.55,D
22.87971,97.41014,347.36,0.38,0.58,2026-09-13,0605,N20,nominal,2.0NRT,291.85,5.55,D
37.34636,101.7469,339.41,0.4,0.37,2026-09-13,0610,N20,nominal,2.0NRT,295.41,8.67,D
37.40858,97.00697,338.35,0.39,0.44,2026-09-13,0610,N20,nominal,2.0NRT,301.83,0.94,D
39.58695,99.75147,346.55,0.42,0.38,2026-09-13,0610,N20,nominal,2.0NRT,312.44,4.01,D
39.58607,99.74663,355.28,0.42,0.38,2026-09-13,0610,N20,nominal,2.0NRT,311.43,3.22,D
39.58947,99.74562,338.77,0.42,0.38,2026-09-13,0610,N20,low,2.0NRT,310.91,3.22,D
39.60787,99.689,343.09,0.42,0.38,2026-09-13,0610,N20,nominal,2.0NRT,304.16,3.22,D
39.81106,98.29629,332.9,0.47,0.4,2026-09-13,0610,N20,low,2.0NRT,305.76,2.28,D
39.84188,98.24089,334.6,0.47,0.4,2026-09-13,0610,N20,nominal,2.0NRT,304.38,2.02,D
5.53595,100.37711,327.42,0.51,0.66,2026-09-13,0601,N20,nominal,2.0NRT,285.37,3.31,D
14.81687,100.40482,331.96,0.35,0.57,2026-09-13,0603,N20,nominal,2.0NRT,286.94,1.54,D
16.18335,100.30267,331.47,0.33,0.55,2026-09-13,0603,N20,nominal,2.0NRT,289.38,2.27,D
17.30929,99.94193,326.46,0.33,0.56,2026-09-13,0603,N20,nominal,2.0NRT,290.76,2.04,D
17.99812,98.62463,325.77,0.4,0.6,2026-09-13,0605,N20,nominal,2.0NRT,292.07,5.73,D
20.00257,101.34584,326.41,0.48,0.48,2026-09-13,0605,N20,nominal,2.0NRT,294.33,3.24,D
19.92778,99.48846,327.59,0.32,0.54,2026-09-13,0605,N20,nominal,2.0NRT,294.58,2.35,D
20.62556,101.98038,331.42,0.43,0.46,2026-09-13,0605,N20,nominal,2.0NRT,292.57,2.8,D
20.47336,100.11873,343.31,0.57,0.52,2026-09-13,0605,N20,nominal,2.0NRT,293.67,11.91,D
6.076,80.8763,331.23,0.4,0.44,2026-09-13,0744,N20,nominal,2.0NRT,290.88,1.67,D
6.15102,81.03448,335.06,0.39,0.44,2026-09-13,0744,N20,nominal,2.0NRT,293.61,3.22,D
6.15062,81.04504,331.06,0.39,0.44,2026-09-13,0744,N20,nominal,2.0NRT,293.62,4.45,D
6.14889,81.03464,332.95,0.39,0.44,2026-09-13,0744,N20,nominal,2.0NRT,293.27,3.6,D
6.18006,80.82287,329.73,0.4,0.44,2026-09-13,0744,N20,nominal,2.0NRT,293.28,1.37,D
6.34718,81.10865,341.19,0.38,0.43,2026-09-13,0744,N20,nominal,2.0NRT,292.28,9.09,D
6.34662,81.10522,331.49,0.38,0.43,2026-09-13,0744,N20,nominal,2.0NRT,295.28,10.87,D
6.40825,81.09151,352.11,0.38,0.43,2026-09-13,0744,N20,nominal,2.0NRT,298.19,7.22,D
6.42761,81.03539,341,0.39,0.44,2026-09-13,0744,N20,nominal,2.0NRT,297.24,3.52,D
6.55213,80.93272,336.88,0.39,0.44,2026-09-13,0744,N20,nominal,2.0NRT,294.42,2.12,D
6.56453,80.98433,332.63,0.39,0.44,2026-09-13,0744,N20,nominal,2.0NRT,296.06,3.79,D
6.56132,80.91324,345.07,0.39,0.44,2026-09-13,0744,N20,nominal,2.0NRT,295.44,7.73,D
6.56292,80.91203,351.01,0.39,0.44,2026-09-13,0744,N20,nominal,2.0NRT,294.04,7.17,D
6.60771,80.85947,349.58,0.39,0.44,2026-09-13,0744,N20,nominal,2.0NRT,293.14,6.54,D
6.61124,80.85587,340.04,0.39,0.44,2026-09-13,0744,N20,nominal,2.0NRT,293.96,3.09,D
6.61526,80.85522,339.13,0.39,0.44,2026-09-13,0744,N20,nominal,2.0NRT,293.12,3.09,D
7.23187,80.74436,334.12,0.39,0.44,2026-09-13,0744,N20,nominal,2.0NRT,293.67,4.19,D
7.31972,81.00696,333.94,0.57,0.43,2026-09-13,0744,N20,nominal,2.0NRT,297.59,4.64,D
7.38309,80.97832,335.71,0.57,0.43,2026-09-13,0744,N20,nominal,2.0NRT,298.31,2.74,D
7.44999,80.96722,331.46,0.57,0.43,2026-09-13,0744,N20,nominal,2.0NRT,298.13,2.37,D
7.44927,80.96533,332.77,0.57,0.43,2026-09-13,0744,N20,nominal,2.0NRT,297.68,3.84,D
7.47907,80.95004,330.75,0.57,0.43,2026-09-13,0744,N20,nominal,2.0NRT,298.1,4.83,D
7.47824,80.945,336.46,0.57,0.43,2026-09-13,0744,N20,nominal,2.0NRT,298.69,4.83,D
7.5513,81.04678,347.58,0.56,0.43,2026-09-13,0744,N20,nominal,2.0NRT,296.09,10.44,D
7.76566,80.61504,341.55,0.39,0.44,2026-09-13,0744,N20,nominal,2.0NRT,298.14,5.78,D
7.94427,81.39158,330,0.53,0.42,2026-09-13,0744,N20,low,2.0NRT,297.55,3.24,D
7.94351,81.38686,330.34,0.53,0.42,2026-09-13,0744,N20,low,2.0NRT,300.3,3.24,D
7.84138,80.75269,331.24,0.38,0.43,2026-09-13,0744,N20,nominal,2.0NRT,295.2,2.22,D
7.94322,81.38927,338.01,0.53,0.42,2026-09-13,0744,N20,nominal,2.0NRT,299.3,5.67,D
7.91368,81.21296,333.06,0.54,0.42,2026-09-13,0744,N20,low,2.0NRT,292.65,6.05,D
7.84411,80.75199,339.39,0.38,0.43,2026-09-13,0744,N20,nominal,2.0NRT,297.9,2.21,D
7.84091,80.56243,331.87,0.39,0.44,2026-09-13,0744,N20,nominal,2.0NRT,297.77,1.88,D
7.93876,81.05341,343.32,0.55,0.43,2026-09-13,0744,N20,nominal,2.0NRT,302.34,8.16,D
7.93795,81.04848,332.82,0.55,0.43,2026-09-13,0744,N20,low,2.0NRT,302.86,7.39,D
8.0315,81.33112,337.47,0.53,0.42,2026-09-13,0744,N20,low,2.0NRT,299.21,11.11,D
7.87323,80.3053,334.23,0.41,0.45,2026-09-13,0744,N20,nominal,2.0NRT,297.86,3.18,D
8.04829,81.31364,334.6,0.53,0.42,2026-09-13,0744,N20,low,2.0NRT,298.09,8.51,D
7.87268,80.30515,334.29,0.41,0.45,2026-09-13,0744,N20,nominal,2.0NRT,297.7,4.92,D
8.04661,81.31104,330.1,0.53,0.42,2026-09-13,0744,N20,low,2.0NRT,298.1,7.78,D
8.05279,81.32462,332.79,0.53,0.42,2026-09-13,0744,N20,low,2.0NRT,298.7,7.92,D
7.90094,80.39761,336.15,0.4,0.44,2026-09-13,0744,N20,nominal,2.0NRT,296.37,7.51,D
8.06491,81.30315,335.7,0.53,0.42,2026-09-13,0744,N20,nominal,2.0NRT,298.2,9.75,D
7.88503,80.20447,333.65,0.41,0.45,2026-09-13,0744,N20,nominal,2.0NRT,294.79,3.86,D
7.98256,80.76047,336.81,0.57,0.43,2026-09-13,0744,N20,nominal,2.0NRT,299.47,5.42,D
8.00037,80.64668,334.15,0.39,0.44,2026-09-13,0744,N20,nominal,2.0NRT,295.79,4.87,D
8.01569,80.61538,331.66,0.39,0.44,2026-09-13,0744,N20,nominal,2.0NRT,296.66,3.3,D
8.01512,80.61188,330.69,0.39,0.44,2026-09-13,0744,N20,nominal,2.0NRT,297.97,3.3,D
7.98085,80.4027,331.06,0.4,0.44,2026-09-13,0744,N20,nominal,2.0NRT,295.6,4.35,D
7.97552,80.37023,342.17,0.4,0.44,2026-09-13,0744,N20,nominal,2.0NRT,295.91,6,D
7.95627,80.10818,333.05,0.42,0.45,2026-09-13,0744,N20,nominal,2.0NRT,296.46,3.94,D
8.04037,80.48084,346.18,0.4,0.44,2026-09-13,0744,N20,nominal,2.0NRT,295.99,7.26,D
8.02872,80.16144,344.81,0.41,0.45,2026-09-13,0744,N20,nominal,2.0NRT,292.18,9.49,D
8.1203,80.59051,331.46,0.39,0.44,2026-09-13,0744,N20,nominal,2.0NRT,297.65,5.69,D
8.21641,81.0578,331.1,0.55,0.42,2026-09-13,0744,N20,nominal,2.0NRT,299.78,5.64,D
8.09512,80.23664,339.09,0.41,0.45,2026-09-13,0744,N20,nominal,2.0NRT,294.89,2.95,D
8.33064,81.35947,340.82,0.52,0.42,2026-09-13,0744,N20,nominal,2.0NRT,299.61,9.18,D
8.21655,80.64058,338.2,0.38,0.44,2026-09-13,0744,N20,nominal,2.0NRT,294.93,3.48,D
8.21598,80.63712,338.35,0.38,0.44,2026-09-13,0744,N20,nominal,2.0NRT,294.85,4.77,D
8.12292,80.02497,331.55,0.42,0.45,2026-09-13,0744,N20,nominal,2.0NRT,293.52,4.8,D
8.33279,81.2769,333.34,0.53,0.42,2026-09-13,0744,N20,nominal,2.0NRT,300.16,5.11,D
8.24127,80.71667,330.19,0.57,0.43,2026-09-13,0744,N20,nominal,2.0NRT,299.68,6.39,D
8.23792,80.69624,330.67,0.57,0.43,2026-09-13,0744,N20,nominal,2.0NRT,295.88,6.37,D
8.34121,81.30463,342.99,0.53,0.42,2026-09-13,0744,N20,low,2.0NRT,297.77,11.8,D
8.35608,81.28032,342.43,0.53,0.42,2026-09-13,0744,N20,nominal,2.0NRT,299.28,5.62,D
8.37669,81.2866,338.6,0.53,0.42,2026-09-13,0744,N20,low,2.0NRT,298.5,5.43,D
8.29575,80.73165,335.41,0.57,0.43,2026-09-13,0744,N20,nominal,2.0NRT,298.74,5.01,D
8.21463,80.25056,342.3,0.41,0.45,2026-09-13,0744,N20,nominal,2.0NRT,296.93,17.03,D
8.30108,80.71509,331.91,0.57,0.43,2026-09-13,0744,N20,nominal,2.0NRT,296.61,6.01,D
8.19427,79.90376,343.01,0.43,0.46,2026-09-13,0744,N20,nominal,2.0NRT,293.87,10.63,D
8.3393,80.6517,340.5,0.38,0.43,2026-09-13,0744,N20,nominal,2.0NRT,297.58,6.93,D
8.32963,80.56795,332.39,0.39,0.44,2026-09-13,0744,N20,nominal,2.0NRT,290.46,3.05,D
8.38592,80.7635,334.1,0.56,0.43,2026-09-13,0744,N20,nominal,2.0NRT,300.17,8.83,D
8.29471,80.20333,337.91,0.41,0.45,2026-09-13,0744,N20,nominal,2.0NRT,298.67,27.29,D
8.38591,80.7662,336.17,0.56,0.43,2026-09-13,0744,N20,nominal,2.0NRT,300.35,7.11,D
8.29418,80.20325,337.33,0.41,0.45,2026-09-13,0744,N20,nominal,2.0NRT,298.57,24.32,D
8.43581,80.79926,337.93,0.56,0.43,2026-09-13,0744,N20,nominal,2.0NRT,299.81,7.68,D
8.44672,80.79224,330.11,0.56,0.43,2026-09-13,0744,N20,nominal,2.0NRT,295.16,4.44,D
8.34899,80.2052,347.49,0.41,0.45,2026-09-13,0744,N20,nominal,2.0NRT,296.54,5.29,D
8.42151,80.59116,344.34,0.38,0.44,2026-09-13,0744,N20,nominal,2.0NRT,300.36,7.78,D
8.43671,80.65844,332.96,0.57,0.43,2026-09-13,0744,N20,nominal,2.0NRT,295.35,4.26,D
8.42999,80.56839,339.24,0.39,0.44,2026-09-13,0744,N20,nominal,2.0NRT,299.16,3.01,D
8.47515,80.81839,333.57,0.56,0.43,2026-09-13,0744,N20,nominal,2.0NRT,298.28,3.63,D
8.44361,80.5518,333,0.39,0.44,2026-09-13,0744,N20,nominal,2.0NRT,297.16,4.74,D
8.50055,80.87568,336.11,0.55,0.43,2026-09-13,0744,N20,nominal,2.0NRT,295.02,8.25,D
8.41342,80.31731,346.14,0.4,0.44,2026-09-13,0744,N20,nominal,2.0NRT,299.51,8.9,D
8.47153,80.67694,331.42,0.57,0.43,2026-09-13,0744,N20,nominal,2.0NRT,295.81,3.84,D
8.51574,80.67472,333.79,0.57,0.43,2026-09-13,0744,N20,nominal,2.0NRT,296.67,8.11,D
8.52674,80.59451,339.2,0.38,0.43,2026-09-13,0744,N20,nominal,2.0NRT,298.48,4.63,D
8.49288,80.24091,355.15,0.4,0.44,2026-09-13,0744,N20,nominal,2.0NRT,296.87,6.22,D
8.57941,80.64301,336.51,0.57,0.43,2026-09-13,0744,N20,nominal,2.0NRT,300.14,5.67,D
8.57804,80.64075,338.53,0.57,0.43,2026-09-13,0744,N20,nominal,2.0NRT,300.87,8.27,D
8.67397,81.1609,335.43,0.53,0.42,2026-09-13,0744,N20,low,2.0NRT,298.1,7.5,D
8.59029,80.56911,342.61,0.38,0.43,2026-09-13,0744,N20,nominal,2.0NRT,296.7,3.86,D
8.58112,80.44196,330.52,0.39,0.44,2026-09-13,0744,N20,nominal,2.0NRT,299.42,3.76,D
8.62013,80.32974,332.9,0.4,0.44,2026-09-13,0744,N20,nominal,2.0NRT,296.82,2.89,D
8.62592,80.33978,330.42,0.4,0.44,2026-09-13,0744,N20,nominal,2.0NRT,296.94,4.39,D
8.67065,80.25404,334.09,0.4,0.44,2026-09-13,0744,N20,nominal,2.0NRT,296.43,6.08,D
8.82157,80.74731,334.89,0.56,0.43,2026-09-13,0744,N20,nominal,2.0NRT,292.75,9.36,D
8.84975,80.77075,333.7,0.55,0.43,2026-09-13,0744,N20,nominal,2.0NRT,293.35,9.94,D
9.00483,79.8609,330.88,0.42,0.45,2026-09-13,0744,N20,nominal,2.0NRT,294.33,2.98,D
9.17532,80.79018,331.11,0.55,0.42,2026-09-13,0744,N20,nominal,2.0NRT,291.27,3.98,D
8.9247,77.47625,340.88,0.61,0.53,2026-09-13,0744,N20,nominal,2.0NRT,281.35,7.44,D
9.04044,78.01642,334.02,0.55,0.51,2026-09-13,0744,N20,nominal,2.0NRT,287.52,4.04,D
9.26068,78.08923,331.03,0.54,0.51,2026-09-13,0744,N20,nominal,2.0NRT,288.59,2.49,D
9.27156,77.96082,334.04,0.55,0.51,2026-09-13,0744,N20,nominal,2.0NRT,293.04,3.3,D
9.4804,78.56238,330.46,0.5,0.49,2026-09-13,0744,N20,nominal,2.0NRT,286.02,5.34,D
9.71538,78.94865,345.69,0.47,0.48,2026-09-13,0744,N20,nominal,2.0NRT,287.89,5.89,D
9.79553,78.81692,347.16,0.48,0.48,2026-09-13,0744,N20,nominal,2.0NRT,291.34,25.56,D
9.79196,78.81851,336.33,0.47,0.48,2026-09-13,0744,N20,nominal,2.0NRT,287.29,4.18,D
9.79632,78.81775,343.63,0.47,0.48,2026-09-13,0744,N20,nominal,2.0NRT,288.4,11.17,D
9.79556,78.81348,338.25,0.48,0.48,2026-09-13,0744,N20,nominal,2.0NRT,288.5,11.17,D
15.33949,75.84409,330,0.6,0.53,2026-09-13,0746,N20,nominal,2.0NRT,292.69,3.72,D
20.79236,85.25289,335.36,0.43,0.38,2026-09-13,0746,N20,nominal,2.0NRT,299.53,8.65,D
20.86404,84.99013,337.89,0.43,0.38,2026-09-13,0746,N20,nominal,2.0NRT,297.84,3.18,D
20.86346,84.98604,332.29,0.43,0.38,2026-09-13,0746,N20,nominal,2.0NRT,296.43,3.18,D
20.86807,84.99368,331.67,0.43,0.38,2026-09-13,0746,N20,nominal,2.0NRT,298.12,6.16,D
21.76278,84.02225,335.69,0.4,0.37,2026-09-13,0748,N20,nominal,2.0NRT,296.88,8.75,D
21.74421,83.84361,335.73,0.4,0.37,2026-09-13,0748,N20,nominal,2.0NRT,298.66,5.75,D
21.74757,83.84306,343.67,0.4,0.37,2026-09-13,0748,N20,nominal,2.0NRT,301.02,15.72,D
21.75484,83.84583,336.44,0.4,0.37,2026-09-13,0748,N20,nominal,2.0NRT,298.6,5.49,D
21.7621,83.84857,342.11,0.4,0.37,2026-09-13,0748,N20,nominal,2.0NRT,297.93,4.41,D
23.7379,86.4327,330.5,0.53,0.42,2026-09-13,0748,N20,nominal,2.0NRT,287.28,4.42,D
23.7615,86.40295,329.87,0.53,0.42,2026-09-13,0748,N20,nominal,2.0NRT,292,8.14,D
23.77928,86.21056,338.3,0.52,0.41,2026-09-13,0748,N20,nominal,2.0NRT,288.29,6.57,D
26.37966,78.60296,333.88,0.43,0.38,2026-09-13,0748,N20,nominal,2.0NRT,295.53,2.6,D
25.35684,69.45549,340.33,0.48,0.65,2026-09-13,0750,N20,nominal,2.0NRT,291.42,8.45,D
26.5857,68.04817,337.95,0.55,0.68,2026-09-13,0750,N20,nominal,2.0NRT,293.26,4.01,D
28.04895,69.3718,337.3,0.42,0.61,2026-09-13,0750,N20,nominal,2.0NRT,295.39,2.9,D
29.15567,70.58466,331.02,0.34,0.56,2026-09-13,0750,N20,low,2.0NRT,301.16,3.89,D
30.9613,76.23922,336.78,0.46,0.39,2026-09-13,0750,N20,nominal,2.0NRT,295.62,4.73,D
30.74162,72.92118,330.13,0.46,0.47,2026-09-13,0750,N20,low,2.0NRT,304.74,7.1,D
30.79506,73.04732,330.58,0.45,0.47,2026-09-13,0750,N20,low,2.0NRT,304.78,8.63,D
30.95679,73.55623,330.06,0.42,0.45,2026-09-13,0750,N20,nominal,2.0NRT,296.63,2.81,D
30.89852,73.22775,330.94,0.43,0.46,2026-09-13,0750,N20,low,2.0NRT,305.55,4.59,D
30.62214,71.91431,330.5,0.52,0.5,2026-09-13,0750,N20,low,2.0NRT,304.97,11.54,D
31.02903,73.36982,333.14,0.42,0.46,2026-09-13,0750,N20,low,2.0NRT,306.93,6.91,D
31.087,73.43144,330.45,0.42,0.45,2026-09-13,0750,N20,low,2.0NRT,304.43,6.17,D
31.50462,74.80231,332.55,0.53,0.42,2026-09-13,0750,N20,nominal,2.0NRT,298.25,2.69,D
31.56671,74.80074,335.79,0.53,0.42,2026-09-13,0750,N20,nominal,2.0NRT,299.19,3.18,D
31.65155,74.42772,335.65,0.55,0.42,2026-09-13,0750,N20,nominal,2.0NRT,299.68,4.8,D
31.66412,74.43028,335.19,0.55,0.42,2026-09-13,0750,N20,nominal,2.0NRT,300.88,20.37,D
31.50857,72.27821,331.44,0.48,0.48,2026-09-13,0750,N20,nominal,2.0NRT,298.71,2.85,D
32.56359,73.33797,338.1,0.4,0.44,2026-09-13,0750,N20,nominal,2.0NRT,299.02,5.17,D
33.20197,72.66795,342.55,0.42,0.45,2026-09-13,0750,N20,nominal,2.0NRT,300.47,6.56,D
33.20827,72.65667,331.77,0.42,0.45,2026-09-13,0750,N20,low,2.0NRT,301.86,2.63,D
33.17152,72.47919,342.24,0.43,0.46,2026-09-13,0750,N20,nominal,2.0NRT,300.89,6.27,D
33.16922,72.48196,344.89,0.43,0.46,2026-09-13,0750,N20,nominal,2.0NRT,300.25,9.1,D
33.2038,72.16916,331.61,0.45,0.47,2026-09-13,0750,N20,low,2.0NRT,301.9,1.51,D
38.64472,77.65651,330.26,0.38,0.36,2026-09-13,0752,N20,low,2.0NRT,304.09,3.57,D
39.08716,75.49158,338.82,0.4,0.37,2026-09-13,0752,N20,nominal,2.0NRT,304.36,1.6,D
39.08639,75.48705,342.86,0.4,0.37,2026-09-13,0752,N20,nominal,2.0NRT,304.17,1.7,D
39.08561,75.48252,336.37,0.4,0.37,2026-09-13,0752,N20,nominal,2.0NRT,303.94,1.7,D
39.09048,75.49064,340.44,0.4,0.37,2026-09-13,0752,N20,nominal,2.0NRT,303.76,2.08,D
39.0897,75.48611,345.06,0.4,0.37,2026-09-13,0752,N20,nominal,2.0NRT,303.58,2.67,D
39.08893,75.48157,335.75,0.4,0.37,2026-09-13,0752,N20,nominal,2.0NRT,303.97,2.67,D
39.0938,75.48969,340.69,0.4,0.37,2026-09-13,0752,N20,nominal,2.0NRT,303.77,2.08,D
39.09303,75.48515,348.23,0.4,0.37,2026-09-13,0752,N20,nominal,2.0NRT,303.66,2.67,D
37.5057,65.37584,332.33,0.41,0.61,2026-09-13,0752,N20,nominal,2.0NRT,299.32,7.88,D
37.5045,65.37141,355.86,0.41,0.61,2026-09-13,0752,N20,nominal,2.0NRT,304.08,13.11,D
37.50981,65.36915,367,0.41,0.61,2026-09-13,0752,N20,high,2.0NRT,307.48,45.75,D
38.04804,67.26417,343.72,0.64,0.54,2026-09-13,0752,N20,nominal,2.0NRT,313,9.74,D
37.83154,65.3554,333.16,0.4,0.6,2026-09-13,0752,N20,nominal,2.0NRT,302.57,3.11,D
37.11793,62.36255,337.53,0.61,0.71,2026-09-13,0752,N20,low,2.0NRT,309.47,6.58,D
37.0692,60.67537,331.84,0.74,0.76,2026-09-13,0752,N20,low,2.0NRT,303.88,4.55,D
39.69336,63.96464,336.16,0.42,0.61,2026-09-13,0752,N20,nominal,2.0NRT,304.06,1.36,D
26.28218,61.41604,351.4,0.4,0.44,2026-09-13,0930,N20,nominal,2.0NRT,313.89,1.54,D
21.30333,57.79959,342.47,0.39,0.36,2026-09-13,0928,N20,low,2.0NRT,313.42,0.95,D
21.31219,57.74464,346.67,0.39,0.36,2026-09-13,0928,N20,nominal,2.0NRT,313.62,4.6,D
21.30671,57.70764,340.21,0.39,0.36,2026-09-13,0928,N20,low,2.0NRT,311.6,0.52,D
21.89019,56.84919,339.49,0.38,0.36,2026-09-13,0928,N20,low,2.0NRT,313.67,1.36,D
21.93819,57.07543,341.13,0.38,0.36,2026-09-13,0928,N20,low,2.0NRT,313.73,10.98,D
22.40456,56.98914,347.23,0.38,0.36,2026-09-13,0928,N20,nominal,2.0NRT,314.61,4.35,D
25.60028,54.42529,333.94,0.4,0.37,2026-09-13,0930,N20,nominal,2.0NRT,302.54,2.55,D
22.44182,56.70152,338.91,0.38,0.36,2026-09-13,0928,N20,low,2.0NRT,313.61,7.54,D
25.32956,68.65936,367,0.54,0.68,2026-09-13,0930,N20,high,2.0NRT,293.82,18.63,D
27.61049,67.61183,340.59,0.49,0.65,2026-09-13,0930,N20,nominal,2.0NRT,299.95,3.45,D
24.50401,56.60645,339.02,0.38,0.36,2026-09-13,0930,N20,nominal,2.0NRT,308.24,9.41,D
27.73762,68.52478,354.19,0.56,0.69,2026-09-13,0930,N20,nominal,2.0NRT,293.96,14.34,D
27.73727,68.51904,354.42,0.56,0.69,2026-09-13,0930,N20,nominal,2.0NRT,293.98,14.34,D
27.14392,56.11281,337,0.39,0.36,2026-09-13,0930,N20,low,2.0NRT,309.24,8.23,D
27.15926,56.10201,346.74,0.39,0.36,2026-09-13,0930,N20,nominal,2.0NRT,310.17,9.15,D
27.16941,56.05647,341.65,0.39,0.36,2026-09-13,0930,N20,nominal,2.0NRT,309.47,7.25,D
27.16883,56.0526,340.95,0.39,0.36,2026-09-13,0930,N20,nominal,2.0NRT,308.72,7.22,D
27.42145,56.50084,340.85,0.39,0.36,2026-09-13,0930,N20,low,2.0NRT,311.8,4.24,D
31.84786,54.28596,347.38,0.38,0.36,2026-09-13,0932,N20,low,2.0NRT,321.03,5.3,D
37.50066,65.3753,367,0.44,0.63,2026-09-13,0932,N20,high,2.0NRT,304.57,12.9,D
37.50622,65.36983,367,0.44,0.63,2026-09-13,0932,N20,high,2.0NRT,308.8,12.9,D
37.50599,65.36475,335.12,0.44,0.63,2026-09-13,0932,N20,nominal,2.0NRT,301.57,9.46,D
37.45509,59.84972,343.03,0.44,0.46,2026-09-13,0932,N20,nominal,2.0NRT,309.52,10.12,D
36.94456,54.88873,338.77,0.41,0.37,2026-09-13,0932,N20,nominal,2.0NRT,304.2,4.18,D
37.52372,55.40839,337.97,0.42,0.38,2026-09-13,0934,N20,nominal,2.0NRT,308.95,1.79,D
37.54906,55.46715,337.31,0.43,0.38,2026-09-13,0934,N20,low,2.0NRT,307.51,2.98,D
38.45214,65.81156,353.8,0.48,0.64,2026-09-13,0934,N20,nominal,2.0NRT,303.61,8.22,D
38.45189,65.80589,354.61,0.48,0.64,2026-09-13,0934,N20,nominal,2.0NRT,305.95,8.22,D
38.45508,65.81032,367,0.48,0.64,2026-09-13,0934,N20,high,2.0NRT,301.59,11.6,D
38.45487,65.80469,351.22,0.48,0.64,2026-09-13,0934,N20,nominal,2.0NRT,303.3,9.79,D
37.68692,55.66935,333.12,0.43,0.38,2026-09-13,0934,N20,low,2.0NRT,307.98,1.86,D
37.70118,55.6413,340.07,0.43,0.38,2026-09-13,0934,N20,nominal,2.0NRT,307.97,2.41,D
37.70235,55.64309,337.02,0.43,0.38,2026-09-13,0934,N20,low,2.0NRT,307.8,2.71,D
39.09758,62.69942,367,0.33,0.55,2026-09-13,0934,N20,high,2.0NRT,315.28,9.59,D
38.64667,54.28238,347.83,0.4,0.37,2026-09-13,0934,N20,nominal,2.0NRT,317.91,4.05,D
39.30096,55.91005,337.72,0.46,0.39,2026-09-13,0934,N20,nominal,2.0NRT,308.89,7.21,D
39.80903,98.30069,297.05,0.51,0.66,2026-09-13,1830,N20,nominal,2.0NRT,285.92,0.92,N
26.57405,101.67107,305.2,0.48,0.48,2026-09-13,1834,N20,nominal,2.0NRT,287.01,1.68,N
26.56474,101.67422,309.87,0.48,0.48,2026-09-13,1834,N20,nominal,2.0NRT,289.5,3.13,N
25.88272,98.9917,295.22,0.35,0.56,2026-09-13,1834,N20,nominal,2.0NRT,283.46,1.39,N
25.38297,99.30389,308.39,0.33,0.55,2026-09-13,1834,N20,nominal,2.0NRT,287.46,0.65,N
25.38432,99.30476,309.6,0.33,0.55,2026-09-13,1834,N20,nominal,2.0NRT,287.73,0.83,N
25.07133,99.28331,310.41,0.33,0.55,2026-09-13,1834,N20,nominal,2.0NRT,287.14,0.99,N
25.07233,99.2825,299.85,0.32,0.55,2026-09-13,1834,N20,nominal,2.0NRT,285.92,0.9,N
25.07196,99.2862,297.69,0.32,0.55,2026-09-13,1834,N20,nominal,2.0NRT,286.08,0.78,N
24.61412,99.722,296.06,0.6,0.53,2026-09-13,1834,N20,nominal,2.0NRT,285.9,0.7,N
23.01768,101.06599,301.22,0.47,0.48,2026-09-13,1834,N20,nominal,2.0NRT,287.67,0.98,N
22.6317,100.73194,300.33,0.49,0.49,2026-09-13,1834,N20,nominal,2.0NRT,288.39,0.5,N
22.48038,100.63961,302.54,0.5,0.49,2026-09-13,1834,N20,nominal,2.0NRT,287.48,0.92,N
22.35735,96.70041,306.71,0.44,0.63,2026-09-13,1834,N20,nominal,2.0NRT,289.22,1.11,N
22.35633,96.70142,305.4,0.44,0.62,2026-09-13,1834,N20,nominal,2.0NRT,289.1,1.18,N
33.68861,72.70918,303.34,0.47,0.64,2026-09-13,2014,N20,nominal,2.0NRT,291.67,1.24,N
30.95447,75.87242,304.27,0.57,0.52,2026-09-13,2014,N20,nominal,2.0NRT,292.47,1.38,N
26.77095,94.50601,303.81,0.41,0.61,2026-09-13,2014,N20,nominal,2.0NRT,288.02,0.73,N
28.64985,77.58697,304.65,0.43,0.46,2026-09-13,2014,N20,nominal,2.0NRT,290.05,0.84,N
28.7119,76.83305,306.48,0.47,0.48,2026-09-13,2014,N20,nominal,2.0NRT,290.53,0.85,N
28.37197,77.22325,309.03,0.44,0.46,2026-09-13,2014,N20,nominal,2.0NRT,289.7,2.1,N
28.33777,77.21831,305.21,0.44,0.46,2026-09-13,2014,N20,nominal,2.0NRT,290.18,2.01,N
28.33894,77.22106,305.73,0.44,0.46,2026-09-13,2014,N20,nominal,2.0NRT,290.22,2.07,N
26.64438,79.4792,306.71,0.48,0.4,2026-09-13,2014,N20,nominal,2.0NRT,290.59,1.28,N
26.70487,77.8482,308.06,0.39,0.44,2026-09-13,2014,N20,nominal,2.0NRT,291.56,0.89,N
25.03747,87.38967,305.37,0.51,0.41,2026-09-13,2014,N20,nominal,2.0NRT,290.2,1.32,N
24.93103,84.14657,308.52,0.39,0.36,2026-09-13,2017,N20,nominal,2.0NRT,292.41,0.57,N
24.92707,84.14976,309.37,0.39,0.36,2026-09-13,2017,N20,nominal,2.0NRT,292.05,1.13,N
24.92246,84.1568,314.11,0.39,0.36,2026-09-13,2017,N20,nominal,2.0NRT,292.26,0.88,N
24.45079,83.03911,306.69,0.38,0.36,2026-09-13,2017,N20,nominal,2.0NRT,292.24,0.74,N
23.69721,87.09389,309.38,0.52,0.41,2026-09-13,2017,N20,nominal,2.0NRT,289.38,1.8,N
23.69535,87.10394,306.01,0.52,0.41,2026-09-13,2017,N20,nominal,2.0NRT,289.57,2.06,N
23.69348,87.11399,311.99,0.52,0.42,2026-09-13,2017,N20,nominal,2.0NRT,289.62,1.88,N
23.69255,87.11903,307.97,0.52,0.42,2026-09-13,2017,N20,nominal,2.0NRT,290.03,1.88,N
23.69162,87.12405,310.15,0.52,0.42,2026-09-13,2017,N20,nominal,2.0NRT,289.95,2.02,N
23.69252,87.09808,306.3,0.52,0.41,2026-09-13,2017,N20,nominal,2.0NRT,289.44,1.01,N
23.68785,87.12324,311.42,0.52,0.42,2026-09-13,2017,N20,nominal,2.0NRT,290.14,1.28,N
23.68876,87.09724,306.04,0.52,0.41,2026-09-13,2017,N20,nominal,2.0NRT,289.51,1.01,N
23.68315,87.12743,307.4,0.52,0.42,2026-09-13,2017,N20,nominal,2.0NRT,289.36,1.28,N
23.66621,87.15517,305.65,0.52,0.42,2026-09-13,2017,N20,nominal,2.0NRT,289.84,2.11,N
23.66528,87.16018,312.32,0.52,0.42,2026-09-13,2017,N20,nominal,2.0NRT,289.18,1.98,N
23.66244,87.15434,318.97,0.52,0.42,2026-09-13,2017,N20,nominal,2.0NRT,289.29,2.11,N
23.79528,86.35204,314.38,0.48,0.4,2026-09-13,2017,N20,nominal,2.0NRT,290.81,4.46,N
23.78047,86.39191,307.02,0.48,0.4,2026-09-13,2017,N20,nominal,2.0NRT,290.6,4.81,N
23.76704,86.40348,320.06,0.48,0.4,2026-09-13,2017,N20,nominal,2.0NRT,291.22,3.75,N
23.77466,86.36198,318.19,0.48,0.4,2026-09-13,2017,N20,nominal,2.0NRT,287.33,2.72,N
23.76511,86.39349,310.42,0.48,0.4,2026-09-13,2017,N20,nominal,2.0NRT,292.01,5.72,N
23.76342,86.4027,313.75,0.48,0.4,2026-09-13,2017,N20,nominal,2.0NRT,290.93,3.75,N
23.75979,86.40193,328.7,0.48,0.4,2026-09-13,2017,N20,nominal,2.0NRT,291.31,6.42,N
23.77988,86.21108,323.28,0.47,0.4,2026-09-13,2017,N20,nominal,2.0NRT,284.89,4.32,N
23.73928,86.43127,321.52,0.48,0.4,2026-09-13,2017,N20,nominal,2.0NRT,291.41,1.85,N
23.78071,86.20657,304.36,0.47,0.4,2026-09-13,2017,N20,nominal,2.0NRT,280.22,3.03,N
23.73842,86.43591,317.4,0.48,0.4,2026-09-13,2017,N20,nominal,2.0NRT,292.02,1.85,N
23.73565,86.43049,309.19,0.48,0.4,2026-09-13,2017,N20,nominal,2.0NRT,290.86,1.85,N
23.73479,86.43514,305.57,0.48,0.4,2026-09-13,2017,N20,nominal,2.0NRT,291.2,1.85,N
23.71446,86.42363,306.46,0.48,0.4,2026-09-13,2017,N20,nominal,2.0NRT,291.3,2.39,N
23.56064,87.24101,335.71,0.53,0.42,2026-09-13,2017,N20,nominal,2.0NRT,289.65,6.52,N
23.55684,87.24017,304.8,0.53,0.42,2026-09-13,2017,N20,nominal,2.0NRT,289.77,1.29,N
23.55209,87.24442,309.38,0.53,0.42,2026-09-13,2017,N20,nominal,2.0NRT,290.35,2.71,N
21.59524,96.22716,302.66,0.69,0.74,2026-09-13,2017,N20,nominal,2.0NRT,285.7,0.95,N
23.56252,87.08316,307.83,0.52,0.42,2026-09-13,2017,N20,nominal,2.0NRT,287.06,1.76,N
23.67704,86.4012,310.53,0.48,0.4,2026-09-13,2017,N20,nominal,2.0NRT,291.08,2.37,N
24.52959,81.16929,305.49,0.4,0.37,2026-09-13,2017,N20,nominal,2.0NRT,287.01,0.81,N
23.583,86.72443,311.65,0.5,0.41,2026-09-13,2017,N20,nominal,2.0NRT,291.23,2.37,N
24.20374,82.70767,307.35,0.38,0.36,2026-09-13,2017,N20,nominal,2.0NRT,291.17,1.24,N
24.20314,82.71143,305.62,0.38,0.36,2026-09-13,2017,N20,nominal,2.0NRT,291.52,1.74,N
24.19926,82.71455,318.61,0.38,0.36,2026-09-13,2017,N20,nominal,2.0NRT,291.5,2.05,N
24.19867,82.7183,306.55,0.38,0.36,2026-09-13,2017,N20,nominal,2.0NRT,291.18,1.25,N
22.47435,91.73457,303.27,0.35,0.56,2026-09-13,2017,N20,nominal,2.0NRT,288.02,0.93,N
24.20509,82.52657,305.03,0.38,0.36,2026-09-13,2017,N20,nominal,2.0NRT,291.23,0.65,N
24.18391,82.66151,312.91,0.38,0.36,2026-09-13,2017,N20,nominal,2.0NRT,290.96,1.03,N
24.18298,82.64589,308.16,0.38,0.36,2026-09-13,2017,N20,nominal,2.0NRT,291.01,0.94,N
24.17007,82.62039,304.32,0.38,0.36,2026-09-13,2017,N20,nominal,2.0NRT,290.61,0.5,N
24.16948,82.62415,308.89,0.38,0.36,2026-09-13,2017,N20,nominal,2.0NRT,290.65,0.5,N
24.16173,82.63041,305.9,0.38,0.36,2026-09-13,2017,N20,nominal,2.0NRT,290.59,1.22,N
24.16139,82.56535,312.67,0.38,0.36,2026-09-13,2017,N20,nominal,2.0NRT,290.98,1.41,N
24.32689,81.32841,310.64,0.4,0.37,2026-09-13,2017,N20,nominal,2.0NRT,290.86,1.08,N
24.05381,80.61304,308.66,0.41,0.37,2026-09-13,2017,N20,nominal,2.0NRT,291,1.02,N
24.01022,80.52802,303.75,0.42,0.37,2026-09-13,2017,N20,nominal,2.0NRT,290.2,0.96,N
22.37956,87.27699,323.64,0.56,0.43,2026-09-13,2017,N20,nominal,2.0NRT,289.64,3.85,N
22.37854,87.28229,315.97,0.56,0.43,2026-09-13,2017,N20,nominal,2.0NRT,289.76,2.9,N
22.36669,87.30187,320.8,0.56,0.43,2026-09-13,2017,N20,nominal,2.0NRT,290.24,3.57,N
22.36683,87.29973,319.26,0.56,0.43,2026-09-13,2017,N20,nominal,2.0NRT,290.79,3.89,N
22.36583,87.30506,305.79,0.56,0.43,2026-09-13,2017,N20,nominal,2.0NRT,289.81,1.55,N
22.3676,87.01613,307.36,0.54,0.42,2026-09-13,2017,N20,nominal,2.0NRT,289.27,1.78,N
23.16641,82.34003,331.39,0.38,0.36,2026-09-13,2017,N20,nominal,2.0NRT,291.78,2.45,N
23.16699,82.3363,302.45,0.38,0.36,2026-09-13,2017,N20,nominal,2.0NRT,289.84,0.48,N
23.16582,82.34374,314.92,0.38,0.36,2026-09-13,2017,N20,nominal,2.0NRT,289.98,2.45,N
23.1637,82.3357,317.6,0.38,0.36,2026-09-13,2017,N20,nominal,2.0NRT,290.1,1.55,N
22.21362,84.86377,302.6,0.43,0.38,2026-09-13,2017,N20,nominal,2.0NRT,275.59,1.06,N
22.21837,84.75424,309.35,0.43,0.38,2026-09-13,2017,N20,nominal,2.0NRT,291.05,1.33,N
22.32183,82.56229,307.09,0.38,0.36,2026-09-13,2017,N20,nominal,2.0NRT,290.96,2.26,N
22.35969,82.30286,330.24,0.38,0.36,2026-09-13,2017,N20,nominal,2.0NRT,292.58,3.01,N
22.31854,82.56168,315.78,0.38,0.36,2026-09-13,2017,N20,nominal,2.0NRT,291.68,2.97,N
22.3564,82.30225,329.39,0.38,0.36,2026-09-13,2017,N20,nominal,2.0NRT,292.2,3.01,N
22.01674,83.75377,302.08,0.4,0.37,2026-09-13,2017,N20,nominal,2.0NRT,274.85,1.08,N
21.96682,83.77269,299.16,0.4,0.37,2026-09-13,2017,N20,nominal,2.0NRT,278.48,1.08,N
21.95148,83.78162,302.37,0.4,0.37,2026-09-13,2017,N20,nominal,2.0NRT,281.97,1.06,N
21.82562,83.9013,306.15,0.4,0.37,2026-09-13,2017,N20,nominal,2.0NRT,290.04,1.24,N
21.79392,83.88322,309.15,0.4,0.37,2026-09-13,2017,N20,nominal,2.0NRT,289.75,0.91,N
21.76344,83.85023,323.76,0.4,0.37,2026-09-13,2017,N20,nominal,2.0NRT,288.12,2.02,N
21.76409,83.84636,314.53,0.4,0.37,2026-09-13,2017,N20,nominal,2.0NRT,286.69,2.02,N
21.76137,83.84184,305.49,0.4,0.37,2026-09-13,2017,N20,nominal,2.0NRT,286.76,1.96,N
21.76072,83.84571,303.93,0.4,0.37,2026-09-13,2017,N20,nominal,2.0NRT,286.65,1.71,N
21.75736,83.84506,323.35,0.4,0.37,2026-09-13,2017,N20,nominal,2.0NRT,287.61,1.71,N
21.754,83.84441,313.14,0.4,0.37,2026-09-13,2017,N20,nominal,2.0NRT,287.46,1.39,N
21.75064,83.84376,305.24,0.4,0.37,2026-09-13,2017,N20,nominal,2.0NRT,286.94,1.39,N
21.74728,83.8431,336.06,0.4,0.37,2026-09-13,2017,N20,nominal,2.0NRT,284.36,4.23,N
21.71387,84.0414,307.7,0.41,0.37,2026-09-13,2017,N20,nominal,2.0NRT,289.81,1.02,N
21.74391,83.84244,299.83,0.4,0.37,2026-09-13,2017,N20,nominal,2.0NRT,272.1,4.23,N
21.68277,84.03941,305.98,0.41,0.37,2026-09-13,2017,N20,nominal,2.0NRT,290.14,1.45,N
21.67938,84.03876,316.69,0.41,0.37,2026-09-13,2017,N20,nominal,2.0NRT,291.25,1.9,N
20.96832,86.01337,324.81,0.5,0.41,2026-09-13,2017,N20,nominal,2.0NRT,283.91,4.93,N
21.62337,81.7934,304.26,0.38,0.36,2026-09-13,2017,N20,nominal,2.0NRT,289.98,0.66,N
21.19339,81.38935,309.34,0.39,0.36,2026-09-13,2017,N20,nominal,2.0NRT,290.74,1.51,N
21.18654,81.38831,304.9,0.39,0.36,2026-09-13,2017,N20,nominal,2.0NRT,287.03,1.57,N
21.18381,81.38403,299.71,0.39,0.36,2026-09-13,2017,N20,nominal,2.0NRT,282.58,1.19,N
21.19196,81.19905,304.19,0.39,0.36,2026-09-13,2017,N20,nominal,2.0NRT,289.72,0.69,N
19.09781,82.16542,305.95,0.39,0.36,2026-09-13,2017,N20,nominal,2.0NRT,279.06,0.66,N
19.09722,82.16907,295.59,0.39,0.36,2026-09-13,2017,N20,nominal,2.0NRT,270.67,0.7,N
17.60928,83.20323,295.08,0.42,0.37,2026-09-13,2019,N20,nominal,2.0NRT,262.08,0.76,N
17.60587,83.2026,296.19,0.42,0.37,2026-09-13,2019,N20,nominal,2.0NRT,263.76,0.76,N
17.59694,83.19299,299.96,0.42,0.37,2026-09-13,2019,N20,nominal,2.0NRT,277.31,0.61,N
17.95855,80.79545,311.16,0.39,0.36,2026-09-13,2019,N20,nominal,2.0NRT,284.27,1.68,N
13.71089,79.61939,311.36,0.39,0.36,2026-09-13,2017,N20,nominal,2.0NRT,292.66,2.31,N
13.39368,80.10336,305.32,0.38,0.36,2026-09-13,2017,N20,nominal,2.0NRT,290.21,2.51,N
13.89906,76.56414,311.91,0.49,0.4,2026-09-13,2017,N20,nominal,2.0NRT,293.55,1.27,N
11.26758,80.00294,309.78,0.39,0.36,2026-09-13,2019,N20,nominal,2.0NRT,289.13,1.86,N
11.17756,79.0885,309.51,0.39,0.36,2026-09-13,2019,N20,nominal,2.0NRT,290.37,1.59,N
8.96177,80.04871,301.39,0.39,0.36,2026-09-13,2019,N20,nominal,2.0NRT,284.3,0.94,N
8.1115,79.96591,308.51,0.39,0.36,2026-09-13,2019,N20,nominal,2.0NRT,290.42,1.01,N
7.98802,79.86636,306.09,0.39,0.36,2026-09-13,2019,N20,nominal,2.0NRT,291.84,0.94,N
39.86153,98.25039,295.88,0.32,0.55,2026-09-13,2010,N20,nominal,2.0NRT,283.19,0.81,N
39.86059,98.25399,302.07,0.32,0.55,2026-09-13,2010,N20,nominal,2.0NRT,286.1,0.97,N
39.84446,98.27484,348.77,0.32,0.55,2026-09-13,2010,N20,nominal,2.0NRT,285.42,4.15,N
39.8129,98.29311,298.26,0.33,0.55,2026-09-13,2010,N20,nominal,2.0NRT,287.36,1.43,N
39.81097,98.30045,308.75,0.33,0.55,2026-09-13,2010,N20,nominal,2.0NRT,288.77,1.64,N
39.8215,98.24007,295.28,0.32,0.55,2026-09-13,2010,N20,nominal,2.0NRT,284.46,0.34,N
39.8104,98.30189,305.15,0.33,0.55,2026-09-13,2010,N20,nominal,2.0NRT,288.77,1.29,N
39.79029,98.2968,299.66,0.33,0.55,2026-09-13,2010,N20,nominal,2.0NRT,283.99,0.74,N
37.34571,97.40887,295.97,0.34,0.56,2026-09-13,2010,N20,nominal,2.0NRT,278.82,0.7,N
39.53071,76.04507,296.72,0.34,0.56,2026-09-13,2012,N20,nominal,2.0NRT,284.7,0.46,N
35.99068,94.82987,299.08,0.53,0.5,2026-09-13,2012,N20,nominal,2.0NRT,276.72,1.7,N
38.65801,76.16951,302.26,0.33,0.55,2026-09-13,2012,N20,nominal,2.0NRT,286.97,0.99,N
33.7549,59.14484,301.75,0.39,0.36,2026-09-13,2153,N20,nominal,2.0NRT,286.58,0.68,N
33.75427,59.14898,299.75,0.39,0.36,2026-09-13,2153,N20,nominal,2.0NRT,287.02,0.66,N
33.62862,59.17121,299.34,0.39,0.36,2026-09-13,2153,N20,nominal,2.0NRT,289.17,0.89,N
32.92457,60.23044,299.14,0.39,0.36,2026-09-13,2153,N20,nominal,2.0NRT,287.58,0.55,N
32.63528,59.75808,299.64,0.38,0.36,2026-09-13,2153,N20,nominal,2.0NRT,284.93,0.95,N
33.04136,56.84706,317.45,0.43,0.38,2026-09-13,2153,N20,nominal,2.0NRT,296.69,2.28,N
39.65103,75.94108,299.65,0.47,0.64,2026-09-13,2153,N20,nominal,2.0NRT,285.19,0.95,N
39.34911,76.09348,297.74,0.49,0.65,2026-09-13,2153,N20,nominal,2.0NRT,284.13,0.74,N
38.78715,77.41316,297.22,0.59,0.7,2026-09-13,2153,N20,nominal,2.0NRT,279.14,1.31,N
31.93957,54.04644,308.05,0.56,0.43,2026-09-13,2153,N20,nominal,2.0NRT,294.93,1.96,N
31.92645,54.05643,309.76,0.56,0.43,2026-09-13,2153,N20,nominal,2.0NRT,295.76,1.98,N
31.92696,54.05516,312.58,0.56,0.43,2026-09-13,2155,N20,nominal,2.0NRT,296.86,2.35,N
31.84842,54.28455,321.79,0.54,0.42,2026-09-13,2155,N20,nominal,2.0NRT,294.16,2.57,N
31.43376,56.4915,303.25,0.43,0.38,2026-09-13,2155,N20,nominal,2.0NRT,291.86,0.55,N
31.62288,54.72688,306.5,0.51,0.41,2026-09-13,2155,N20,nominal,2.0NRT,293.77,1.26,N
31.62471,54.74283,306.43,0.51,0.41,2026-09-13,2155,N20,nominal,2.0NRT,294.64,1.34,N
31.62295,54.72596,308.34,0.51,0.41,2026-09-13,2155,N20,nominal,2.0NRT,294.13,1.4,N
39.17825,68.61401,299.16,0.41,0.45,2026-09-13,2153,N20,nominal,2.0NRT,282.44,1.14,N
39.20339,66.83807,301.99,0.51,0.41,2026-09-13,2153,N20,nominal,2.0NRT,289.13,1.03,N
39.85475,63.12581,300.89,0.39,0.36,2026-09-13,2153,N20,nominal,2.0NRT,285.56,0.52,N
38.57011,68.86455,298.49,0.43,0.46,2026-09-13,2153,N20,nominal,2.0NRT,287.34,0.68,N
38.39843,69.11215,305.25,0.45,0.47,2026-09-13,2153,N20,nominal,2.0NRT,289.96,1.11,N
39.18233,65.31065,307.33,0.45,0.39,2026-09-13,2153,N20,nominal,2.0NRT,287.08,1.5,N
38.32486,68.98461,303.62,0.44,0.46,2026-09-13,2153,N20,nominal,2.0NRT,292.1,1.33,N
39.43529,62.99297,317.09,0.39,0.36,2026-09-13,2153,N20,nominal,2.0NRT,287.14,1.45,N
39.27938,63.08248,301.02,0.39,0.36,2026-09-13,2153,N20,nominal,2.0NRT,288.65,0.6,N
39.27174,63.12735,301.75,0.39,0.36,2026-09-13,2153,N20,nominal,2.0NRT,289.18,0.63,N
39.28218,63.04569,303.27,0.39,0.36,2026-09-13,2153,N20,nominal,2.0NRT,287.49,0.58,N
39.25053,63.21091,314.33,0.39,0.37,2026-09-13,2153,N20,nominal,2.0NRT,289.2,1.28,N
39.24976,63.21542,305,0.39,0.37,2026-09-13,2153,N20,nominal,2.0NRT,288.41,0.72,N
39.25009,63.17305,309.98,0.39,0.36,2026-09-13,2153,N20,nominal,2.0NRT,288.63,1.14,N
28.42577,69.70049,311.97,0.41,0.61,2026-09-13,2155,N20,nominal,2.0NRT,295.4,1.18,N
39.18785,63.37303,298.48,0.4,0.37,2026-09-13,2153,N20,nominal,2.0NRT,286.89,0.31,N
39.20488,63.25467,300.89,0.4,0.37,2026-09-13,2153,N20,nominal,2.0NRT,287.86,0.4,N
39.18516,63.34852,302.72,0.4,0.37,2026-09-13,2153,N20,nominal,2.0NRT,287.2,0.9,N
39.20139,63.23477,300.13,0.4,0.37,2026-09-13,2153,N20,nominal,2.0NRT,286.79,0.37,N
39.19281,63.28435,298.64,0.4,0.37,2026-09-13,2153,N20,nominal,2.0NRT,288.01,0.54,N
39.18106,63.3521,311.07,0.4,0.37,2026-09-13,2153,N20,nominal,2.0NRT,288.44,0.9,N
38.68486,65.98652,298.94,0.48,0.4,2026-09-13,2153,N20,nominal,2.0NRT,287.11,0.5,N
39.19847,63.19857,315.75,0.39,0.37,2026-09-13,2153,N20,nominal,2.0NRT,287.94,1.42,N
39.19694,63.20757,303.32,0.39,0.37,2026-09-13,2153,N20,nominal,2.0NRT,287.47,0.58,N
39.18615,63.27068,301.3,0.4,0.37,2026-09-13,2153,N20,nominal,2.0NRT,286.75,0.55,N
39.17298,63.34749,298.78,0.4,0.37,2026-09-13,2153,N20,nominal,2.0NRT,287.84,0.25,N
30.75476,56.65564,312.32,0.42,0.38,2026-09-13,2155,N20,nominal,2.0NRT,295.05,1.84,N
39.17314,63.28591,300.73,0.4,0.37,2026-09-13,2153,N20,nominal,2.0NRT,287.28,0.65,N
39.17679,63.24437,298.37,0.4,0.37,2026-09-13,2153,N20,nominal,2.0NRT,287.23,0.28,N
38.67986,65.95487,304.66,0.48,0.4,2026-09-13,2153,N20,nominal,2.0NRT,287.59,1.13,N
39.16786,63.25602,310.14,0.4,0.37,2026-09-13,2153,N20,nominal,2.0NRT,289.82,1.54,N
39.16708,63.26054,310.6,0.4,0.37,2026-09-13,2153,N20,nominal,2.0NRT,288.04,1.28,N
39.157,63.31922,313.38,0.4,0.37,2026-09-13,2153,N20,nominal,2.0NRT,288.51,1.15,N
39.16378,63.25959,318.95,0.4,0.37,2026-09-13,2153,N20,nominal,2.0NRT,288.09,1.28,N
30.66559,56.61823,305.51,0.42,0.38,2026-09-13,2155,N20,nominal,2.0NRT,291.69,1.36,N
39.12988,63.41599,304.89,0.4,0.37,2026-09-13,2153,N20,nominal,2.0NRT,285.26,1.03,N
39.11645,63.39312,309.87,0.4,0.37,2026-09-13,2153,N20,nominal,2.0NRT,286.53,0.91,N
39.12799,63.30624,310.31,0.4,0.37,2026-09-13,2153,N20,nominal,2.0NRT,288.29,1.36,N
39.10824,63.40029,300.58,0.4,0.37,2026-09-13,2153,N20,nominal,2.0NRT,285.67,0.31,N
30.73578,55.38653,307.39,0.47,0.4,2026-09-13,2155,N20,nominal,2.0NRT,294.78,0.99,N
39.11591,63.33598,303.02,0.4,0.37,2026-09-13,2153,N20,nominal,2.0NRT,288.39,0.75,N
39.08739,63.48011,307.9,0.4,0.37,2026-09-13,2153,N20,nominal,2.0NRT,285.98,0.72,N
39.03762,63.60462,299.43,0.4,0.37,2026-09-13,2153,N20,nominal,2.0NRT,288.82,0.55,N
38.55203,65.94587,301.73,0.48,0.4,2026-09-13,2153,N20,nominal,2.0NRT,289.28,1.23,N
38.97469,63.65584,306.55,0.4,0.37,2026-09-13,2153,N20,nominal,2.0NRT,286.4,0.57,N
38.97033,63.62091,302.58,0.4,0.37,2026-09-13,2153,N20,nominal,2.0NRT,286.16,0.44,N
38.97181,63.59251,301.57,0.4,0.37,2026-09-13,2153,N20,nominal,2.0NRT,287.44,0.51,N
38.97593,63.46926,309.19,0.4,0.37,2026-09-13,2153,N20,nominal,2.0NRT,288.28,0.96,N
38.91618,63.80807,304.4,0.41,0.37,2026-09-13,2153,N20,nominal,2.0NRT,286.72,0.69,N
38.91195,63.79229,303.29,0.41,0.37,2026-09-13,2153,N20,nominal,2.0NRT,285.88,0.55,N
38.87146,63.79845,313.83,0.41,0.37,2026-09-13,2153,N20,nominal,2.0NRT,287.62,1.77,N
38.83978,63.81838,299.97,0.41,0.37,2026-09-13,2153,N20,nominal,2.0NRT,287.74,0.49,N
38.66551,64.77721,298.85,0.43,0.38,2026-09-13,2153,N20,nominal,2.0NRT,287.53,0.43,N
38.83643,63.8174,300.66,0.41,0.37,2026-09-13,2153,N20,nominal,2.0NRT,287.4,0.78,N
38.8339,63.8118,307.02,0.41,0.37,2026-09-13,2153,N20,nominal,2.0NRT,289.58,0.78,N
38.45391,65.80625,301.97,0.48,0.4,2026-09-13,2153,N20,nominal,2.0NRT,288.55,0.94,N
38.77368,63.81375,299.72,0.41,0.37,2026-09-13,2153,N20,nominal,2.0NRT,287.09,0.62,N
38.05154,67.26089,299.28,0.56,0.43,2026-09-13,2153,N20,nominal,2.0NRT,287.27,1.56,N
38.05022,67.2672,313.99,0.56,0.43,2026-09-13,2153,N20,nominal,2.0NRT,289.14,1.56,N
38.65133,63.98042,299.05,0.41,0.37,2026-09-13,2153,N20,nominal,2.0NRT,288.3,0.67,N
30.36557,57.11329,303.58,0.41,0.37,2026-09-13,2155,N20,nominal,2.0NRT,290.92,0.39,N
38.2483,64.43803,298.1,0.43,0.38,2026-09-13,2153,N20,nominal,2.0NRT,285.85,0.43,N
38.13073,64.67255,296.07,0.44,0.38,2026-09-13,2153,N20,nominal,2.0NRT,285.51,0.38,N
38.11788,64.74125,297.25,0.44,0.38,2026-09-13,2153,N20,nominal,2.0NRT,286.08,0.51,N
38.11995,64.71072,307.39,0.44,0.38,2026-09-13,2153,N20,nominal,2.0NRT,286.7,0.76,N
38.08932,64.87368,296.68,0.44,0.39,2026-09-13,2153,N20,nominal,2.0NRT,285.95,0.26,N
38.05773,64.88512,302.82,0.45,0.39,2026-09-13,2153,N20,nominal,2.0NRT,287.77,0.63,N
37.96862,65.04692,296.88,0.45,0.39,2026-09-13,2153,N20,nominal,2.0NRT,286.35,0.51,N
37.95874,65.05994,295.74,0.45,0.39,2026-09-13,2153,N20,nominal,2.0NRT,284.78,0.38,N
37.96576,65.00343,299.55,0.45,0.39,2026-09-13,2153,N20,nominal,2.0NRT,285.86,0.44,N
37.90501,65.10783,304.2,0.46,0.39,2026-09-13,2153,N20,nominal,2.0NRT,286.42,0.57,N
37.88409,65.13909,298.1,0.46,0.39,2026-09-13,2153,N20,nominal,2.0NRT,286.92,0.49,N
37.88686,65.08618,307.08,0.46,0.39,2026-09-13,2153,N20,nominal,2.0NRT,286.28,1.15,N
37.83035,65.17439,309.82,0.46,0.39,2026-09-13,2153,N20,nominal,2.0NRT,286.83,1.32,N
37.8278,65.1682,298.3,0.46,0.39,2026-09-13,2153,N20,nominal,2.0NRT,285.99,0.47,N
37.8233,65.17223,300.32,0.46,0.39,2026-09-13,2153,N20,nominal,2.0NRT,285.78,0.68,N
37.78764,65.35766,298.46,0.47,0.4,2026-09-13,2153,N20,nominal,2.0NRT,286.3,0.37,N
37.76641,65.42835,299.09,0.47,0.4,2026-09-13,2153,N20,nominal,2.0NRT,287.25,0.29,N
37.99363,63.55604,302.92,0.41,0.37,2026-09-13,2153,N20,nominal,2.0NRT,287.38,0.41,N
37.66513,65.28526,296.63,0.47,0.39,2026-09-13,2153,N20,nominal,2.0NRT,285.75,0.52,N
37.5014,65.36499,328.14,0.47,0.4,2026-09-13,2153,N20,nominal,2.0NRT,287.76,4.17,N
37.9606,62.66293,301.01,0.39,0.36,2026-09-13,2153,N20,nominal,2.0NRT,285.4,0.86,N
37.95985,62.66734,309.66,0.39,0.36,2026-09-13,2153,N20,nominal,2.0NRT,287.96,0.86,N
37.99159,61.87904,321.56,0.39,0.36,2026-09-13,2153,N20,nominal,2.0NRT,285.81,1.01,N
37.99089,61.88337,295.69,0.39,0.36,2026-09-13,2153,N20,nominal,2.0NRT,285.41,1.01,N
37.98363,61.88599,304.4,0.39,0.36,2026-09-13,2153,N20,nominal,2.0NRT,286.87,0.75,N
37.90616,61.98339,299.33,0.39,0.36,2026-09-13,2153,N20,nominal,2.0NRT,283.18,0.44,N
37.79742,62.55146,331.05,0.39,0.36,2026-09-13,2153,N20,nominal,2.0NRT,288.25,4.21,N
37.88589,62.02336,317.17,0.39,0.36,2026-09-13,2153,N20,nominal,2.0NRT,287.45,1.03,N
37.78902,62.54001,320.49,0.39,0.36,2026-09-13,2153,N20,nominal,2.0NRT,286.26,1.74,N
37.78976,62.53562,312.41,0.39,0.36,2026-09-13,2153,N20,nominal,2.0NRT,284.68,1.74,N
37.78647,62.53473,321.4,0.39,0.36,2026-09-13,2153,N20,nominal,2.0NRT,284.59,1.74,N
37.78466,62.52507,300.31,0.39,0.36,2026-09-13,2153,N20,nominal,2.0NRT,284.98,0.67,N
38.4383,57.55039,297.77,0.46,0.39,2026-09-13,2153,N20,nominal,2.0NRT,287.53,0.49,N
37.77741,62.10109,306.2,0.39,0.36,2026-09-13,2153,N20,nominal,2.0NRT,286.3,0.8,N
37.84501,61.60422,319.74,0.38,0.36,2026-09-13,2153,N20,nominal,2.0NRT,286.72,1.95,N
37.77579,62.02819,309.69,0.39,0.36,2026-09-13,2153,N20,nominal,2.0NRT,284.85,1.37,N
37.74537,62.12894,311.3,0.39,0.36,2026-09-13,2153,N20,nominal,2.0NRT,286.03,1.05,N
37.74076,62.0749,313.02,0.39,0.36,2026-09-13,2153,N20,nominal,2.0NRT,285.54,1.12,N
37.72733,62.09403,335.67,0.39,0.36,2026-09-13,2153,N20,nominal,2.0NRT,288.62,3.51,N
37.7494,61.85571,306.23,0.39,0.36,2026-09-13,2153,N20,nominal,2.0NRT,283.84,0.55,N
38.25528,58.39013,310.61,0.43,0.38,2026-09-13,2153,N20,nominal,2.0NRT,292.9,1.49,N
37.74497,61.84103,311.61,0.39,0.36,2026-09-13,2153,N20,nominal,2.0NRT,286.05,1.28,N
37.79433,61.49389,312.7,0.38,0.36,2026-09-13,2153,N20,nominal,2.0NRT,284.86,0.98,N
37.66917,62.23758,327.63,0.39,0.36,2026-09-13,2153,N20,nominal,2.0NRT,287.54,2.45,N
30.37085,56.12775,307.96,0.43,0.38,2026-09-13,2155,N20,nominal,2.0NRT,291.77,1.25,N
37.66187,62.24019,317.31,0.39,0.36,2026-09-13,2153,N20,nominal,2.0NRT,287.35,1.49,N
30.23372,56.90601,313.35,0.41,0.37,2026-09-13,2155,N20,nominal,2.0NRT,292.47,1.41,N
37.65785,62.24367,308.85,0.39,0.36,2026-09-13,2153,N20,nominal,2.0NRT,284.19,1.49,N
30.23313,56.91022,305.5,0.41,0.37,2026-09-13,2155,N20,nominal,2.0NRT,292.76,1.41,N
37.65128,62.24194,295.81,0.39,0.36,2026-09-13,2153,N20,nominal,2.0NRT,283.46,0.32,N
30.32538,56.2251,301.44,0.43,0.38,2026-09-13,2155,N20,nominal,2.0NRT,290.91,0.63,N
38.68198,54.3147,311.36,0.43,0.46,2026-09-13,2153,N20,nominal,2.0NRT,277.34,1.63,N
30.19366,57.16111,299.52,0.4,0.37,2026-09-13,2155,N20,nominal,2.0NRT,289.48,0.57,N
37.63993,62.20712,309.87,0.39,0.36,2026-09-13,2153,N20,nominal,2.0NRT,284.32,1.01,N
37.63737,62.2019,297.68,0.39,0.36,2026-09-13,2153,N20,nominal,2.0NRT,282.39,0.82,N
37.70428,61.77643,295.53,0.39,0.36,2026-09-13,2153,N20,nominal,2.0NRT,284.74,0.31,N
37.62862,62.21321,309.38,0.39,0.36,2026-09-13,2153,N20,nominal,2.0NRT,286.93,1.36,N
38.65102,54.27946,310.63,0.43,0.46,2026-09-13,2153,N20,nominal,2.0NRT,267.5,1.59,N
37.62533,62.21235,296.86,0.39,0.36,2026-09-13,2153,N20,nominal,2.0NRT,284.78,0.58,N
37.62603,62.16714,306.86,0.39,0.36,2026-09-13,2153,N20,nominal,2.0NRT,285.99,1.38,N
37.6253,62.17148,318.82,0.39,0.36,2026-09-13,2153,N20,nominal,2.0NRT,288.91,1.38,N
37.62676,62.12395,311.63,0.39,0.36,2026-09-13,2153,N20,nominal,2.0NRT,285.01,1.41,N
37.65592,61.90552,327.89,0.39,0.36,2026-09-13,2153,N20,nominal,2.0NRT,290.35,3.03,N
37.61803,62.13525,299.08,0.39,0.36,2026-09-13,2153,N20,nominal,2.0NRT,285.19,0.55,N
37.61731,62.13958,302.24,0.39,0.36,2026-09-13,2153,N20,nominal,2.0NRT,286.05,0.52,N
30.32398,55.9713,303.28,0.44,0.38,2026-09-13,2155,N20,nominal,2.0NRT,292.65,0.81,N
38.65098,54.28302,304.8,0.43,0.46,2026-09-13,2153,N20,nominal,2.0NRT,269.17,0.92,N
38.264,57.65594,300.3,0.45,0.39,2026-09-13,2153,N20,nominal,2.0NRT,285.13,0.78,N
38.22166,57.98573,301.66,0.44,0.38,2026-09-13,2153,N20,nominal,2.0NRT,287.87,0.86,N
38.22101,57.99075,308.38,0.44,0.38,2026-09-13,2153,N20,nominal,2.0NRT,288.62,0.86,N
37.63028,61.95751,306.23,0.39,0.36,2026-09-13,2153,N20,nominal,2.0NRT,285.92,0.74,N
38.19556,58.10319,299.05,0.44,0.38,2026-09-13,2153,N20,nominal,2.0NRT,288.3,0.37,N
38.19152,58.05134,302.79,0.44,0.38,2026-09-13,2153,N20,nominal,2.0NRT,289.34,0.92,N
38.18235,57.98285,306.76,0.44,0.38,2026-09-13,2153,N20,nominal,2.0NRT,289.01,1.14,N
37.631,61.72348,305.4,0.39,0.36,2026-09-13,2153,N20,nominal,2.0NRT,285.27,0.74,N
37.60619,61.70811,300.54,0.39,0.36,2026-09-13,2153,N20,nominal,2.0NRT,283.33,0.58,N
37.61571,61.60738,296.49,0.38,0.36,2026-09-13,2153,N20,nominal,2.0NRT,283.5,0.71,N
37.55881,61.9344,300.12,0.39,0.36,2026-09-13,2153,N20,nominal,2.0NRT,284.28,0.5,N
37.61405,61.57553,336.21,0.38,0.36,2026-09-13,2153,N20,nominal,2.0NRT,292.14,1.6,N
37.61126,61.59277,325.78,0.38,0.36,2026-09-13,2153,N20,nominal,2.0NRT,286.05,2.09,N
37.60916,61.60571,336.48,0.38,0.36,2026-09-13,2153,N20,nominal,2.0NRT,293.14,4.18,N
37.80779,60.33055,306.66,0.39,0.36,2026-09-13,2153,N20,nominal,2.0NRT,286.48,0.84,N
37.61077,61.5747,296.59,0.38,0.36,2026-09-13,2153,N20,nominal,2.0NRT,285.65,1.6,N
37.56985,61.80439,298.23,0.39,0.36,2026-09-13,2153,N20,nominal,2.0NRT,285.13,0.32,N
29.47825,60.80643,306.4,0.41,0.37,2026-09-13,2155,N20,nominal,2.0NRT,290.75,0.99,N
37.60386,61.55274,329.19,0.38,0.36,2026-09-13,2153,N20,nominal,2.0NRT,288.02,2.85,N
30.21433,55.98306,314.52,0.44,0.38,2026-09-13,2155,N20,nominal,2.0NRT,293.14,1.49,N
37.59919,61.56052,302.81,0.38,0.36,2026-09-13,2153,N20,nominal,2.0NRT,285.27,0.55,N
37.59661,61.55538,323.07,0.38,0.36,2026-09-13,2153,N20,nominal,2.0NRT,284.09,1.77,N
37.59592,61.55968,307.78,0.38,0.36,2026-09-13,2153,N20,nominal,2.0NRT,285.77,1.69,N
37.59491,61.52357,326.78,0.38,0.36,2026-09-13,2153,N20,nominal,2.0NRT,285.83,2.7,N
37.59422,61.52788,343.25,0.38,0.36,2026-09-13,2153,N20,nominal,2.0NRT,289.87,2.7,N
37.58867,61.56232,318.78,0.38,0.36,2026-09-13,2153,N20,nominal,2.0NRT,287.74,2.43,N
37.5854,61.56149,328.96,0.38,0.36,2026-09-13,2153,N20,nominal,2.0NRT,287.05,2.43,N
37.59095,61.52705,303.11,0.38,0.36,2026-09-13,2153,N20,nominal,2.0NRT,283.07,2.7,N
37.58956,61.53565,297.61,0.38,0.36,2026-09-13,2153,N20,nominal,2.0NRT,284.34,1.34,N
37.58212,61.56065,313.31,0.38,0.36,2026-09-13,2153,N20,nominal,2.0NRT,286.43,1.86,N
37.50183,61.98951,302.92,0.39,0.36,2026-09-13,2153,N20,nominal,2.0NRT,285.74,0.61,N
37.73724,60.41545,300.7,0.39,0.36,2026-09-13,2153,N20,nominal,2.0NRT,286.6,0.51,N
37.48111,62.0112,307.67,0.39,0.36,2026-09-13,2153,N20,nominal,2.0NRT,286.56,1.23,N
37.48355,61.97573,305.53,0.39,0.36,2026-09-13,2153,N20,nominal,2.0NRT,284.87,0.79,N
37.42447,62.30906,326.78,0.39,0.36,2026-09-13,2153,N20,nominal,2.0NRT,285.99,4.07,N
37.49836,61.84441,327.51,0.39,0.36,2026-09-13,2153,N20,nominal,2.0NRT,288.93,2.23,N
37.49766,61.84872,327.22,0.39,0.36,2026-09-13,2153,N20,nominal,2.0NRT,289.13,2.89,N
38.02792,58.17363,301.87,0.43,0.38,2026-09-13,2153,N20,nominal,2.0NRT,290.62,0.67,N
37.40396,62.3082,310.55,0.39,0.36,2026-09-13,2153,N20,nominal,2.0NRT,284.13,1.26,N
37.3959,62.31516,300.43,0.39,0.36,2026-09-13,2153,N20,nominal,2.0NRT,287.91,0.64,N
37.94856,58.58833,309.36,0.42,0.38,2026-09-13,2153,N20,nominal,2.0NRT,288.93,1.01,N
37.94296,58.56071,301.32,0.42,0.38,2026-09-13,2153,N20,nominal,2.0NRT,289.41,0.9,N
37.94231,58.56547,306.6,0.42,0.38,2026-09-13,2153,N20,nominal,2.0NRT,290.15,1.08,N
37.62519,60.63778,297.14,0.39,0.36,2026-09-13,2153,N20,nominal,2.0NRT,285.04,0.47,N
37.62468,60.44004,296.55,0.39,0.36,2026-09-13,2153,N20,nominal,2.0NRT,286.36,0.37,N
37.6365,60.33927,325.09,0.39,0.36,2026-09-13,2153,N20,nominal,2.0NRT,287.62,1.24,N
37.52745,61.04782,309.36,0.38,0.36,2026-09-13,2153,N20,nominal,2.0NRT,287.83,1.08,N
37.6332,60.33849,298.39,0.39,0.36,2026-09-13,2153,N20,nominal,2.0NRT,286.87,1.24,N
37.31166,62.34954,295.11,0.39,0.36,2026-09-13,2153,N20,nominal,2.0NRT,284.22,0.25,N
37.61874,60.3891,296.59,0.39,0.36,2026-09-13,2153,N20,nominal,2.0NRT,286.55,0.53,N
37.51559,61.05828,301.5,0.38,0.36,2026-09-13,2153,N20,nominal,2.0NRT,286.59,0.51,N
30.08293,55.39556,328.11,0.46,0.39,2026-09-13,2155,N20,nominal,2.0NRT,290.99,2.93,N
37.51184,61.01714,325.9,0.38,0.36,2026-09-13,2153,N20,nominal,2.0NRT,289.53,2.55,N
30.08231,55.4003,312.53,0.46,0.39,2026-09-13,2155,N20,nominal,2.0NRT,291.48,2.93,N
37.50393,61.02413,325.65,0.38,0.36,2026-09-13,2153,N20,nominal,2.0NRT,288.92,1.95,N
30.07996,55.39016,301.46,0.46,0.39,2026-09-13,2155,N20,nominal,2.0NRT,290.08,1.03,N
37.40516,61.34475,307.68,0.38,0.36,2026-09-13,2153,N20,nominal,2.0NRT,286.65,0.65,N
37.22182,62.39573,304.35,0.39,0.36,2026-09-13,2153,N20,nominal,2.0NRT,282.46,0.77,N
37.34793,61.36161,326.8,0.38,0.36,2026-09-13,2153,N20,nominal,2.0NRT,285.84,1.64,N
37.48899,60.4585,314.26,0.39,0.36,2026-09-13,2153,N20,nominal,2.0NRT,286.83,1.33,N
37.3662,61.05401,308.26,0.38,0.36,2026-09-13,2153,N20,nominal,2.0NRT,285.62,1.04,N
37.4396,60.40377,296.77,0.39,0.36,2026-09-13,2153,N20,nominal,2.0NRT,285.57,0.41,N
37.33024,61.08708,299.55,0.38,0.36,2026-09-13,2153,N20,nominal,2.0NRT,287.53,0.59,N
37.11827,62.36118,328.07,0.39,0.36,2026-09-13,2153,N20,nominal,2.0NRT,287.93,6.41,N
37.11423,62.36467,306.69,0.39,0.36,2026-09-13,2153,N20,nominal,2.0NRT,286.87,1.71,N
37.30448,61.12079,309.81,0.38,0.36,2026-09-13,2153,N20,nominal,2.0NRT,286.15,0.98,N
37.3554,60.46428,304.56,0.39,0.36,2026-09-13,2155,N20,nominal,2.0NRT,287.38,0.61,N
37.03297,62.4161,320.01,0.39,0.36,2026-09-13,2155,N20,nominal,2.0NRT,288.74,3.01,N
37.03223,62.42046,309.96,0.39,0.36,2026-09-13,2155,N20,nominal,2.0NRT,288.3,2.31,N
29.98972,55.85715,326.92,0.44,0.38,2026-09-13,2155,N20,nominal,2.0NRT,294.2,8.04,N
37.22498,60.88898,299.35,0.38,0.36,2026-09-13,2155,N20,nominal,2.0NRT,286.93,0.56,N
37.18109,60.8649,306.1,0.38,0.36,2026-09-13,2155,N20,nominal,2.0NRT,286.36,0.92,N
37.2176,60.02331,315.1,0.39,0.36,2026-09-13,2155,N20,nominal,2.0NRT,289.1,1.86,N
37.34095,58.04509,299.09,0.43,0.38,2026-09-13,2155,N20,nominal,2.0NRT,287.17,0.78,N
29.9903,55.85273,299.51,0.44,0.38,2026-09-13,2155,N20,nominal,2.0NRT,288.61,3.87,N
37.34031,58.04992,299.44,0.43,0.38,2026-09-13,2155,N20,nominal,2.0NRT,288.11,0.78,N
36.47549,61.62341,300.4,0.39,0.36,2026-09-13,2155,N20,nominal,2.0NRT,288.15,2.16,N
36.37048,61.90431,300.28,0.39,0.36,2026-09-13,2155,N20,nominal,2.0NRT,287.22,0.27,N
36.4393,61.21764,319.91,0.38,0.36,2026-09-13,2155,N20,nominal,2.0NRT,290.6,1.88,N
36.46416,60.84922,318.24,0.38,0.36,2026-09-13,2155,N20,nominal,2.0NRT,290.26,1.97,N
36.99034,56.23262,306.73,0.5,0.41,2026-09-13,2155,N20,nominal,2.0NRT,287.62,0.73,N
35.94697,62.91851,305.02,0.41,0.37,2026-09-13,2155,N20,nominal,2.0NRT,287.66,0.98,N
35.90717,62.96416,316.24,0.41,0.37,2026-09-13,2155,N20,nominal,2.0NRT,285.98,1.42,N
35.89086,63.01609,295.27,0.41,0.37,2026-09-13,2155,N20,nominal,2.0NRT,285.16,0.37,N
36.42926,59.70074,295.82,0.39,0.36,2026-09-13,2155,N20,nominal,2.0NRT,284.48,0.84,N
33.80112,72.09616,302.97,0.42,0.61,2026-09-13,2155,N20,nominal,2.0NRT,289.8,0.7,N
36.94521,54.8862,320.37,0.38,0.44,2026-09-13,2155,N20,nominal,2.0NRT,289.58,2.52,N
36.27034,59.65084,305,0.39,0.36,2026-09-13,2155,N20,nominal,2.0NRT,288.41,0.84,N
36.23766,59.73226,308.51,0.39,0.36,2026-09-13,2155,N20,nominal,2.0NRT,288.07,1.06,N
36.34589,58.67577,308.79,0.41,0.37,2026-09-13,2155,N20,nominal,2.0NRT,290.04,1.11,N
36.34252,58.67503,327.78,0.41,0.37,2026-09-13,2155,N20,nominal,2.0NRT,287.95,2.2,N
36.33703,58.66451,299.18,0.41,0.37,2026-09-13,2155,N20,nominal,2.0NRT,288.65,0.51,N
36.2063,58.89585,298.81,0.4,0.37,2026-09-13,2155,N20,nominal,2.0NRT,285.17,0.46,N
36.29603,54.78586,304.27,0.38,0.43,2026-09-13,2155,N20,nominal,2.0NRT,289.12,0.78,N
33.26739,71.309,304.14,0.39,0.59,2026-09-13,2155,N20,nominal,2.0NRT,290.09,0.34,N
35.3538,60.21493,299.1,0.38,0.36,2026-09-13,2155,N20,nominal,2.0NRT,286.02,0.9,N
32.88911,71.61409,305.36,0.41,0.61,2026-09-13,2155,N20,nominal,2.0NRT,290.91,5.04,N
35.36948,59.30456,306.35,0.39,0.36,2026-09-13,2155,N20,nominal,2.0NRT,287.51,1.19,N
35.31523,59.48777,301.53,0.39,0.36,2026-09-13,2155,N20,nominal,2.0NRT,289.07,0.69,N
35.24772,59.25317,299.43,0.39,0.36,2026-09-13,2155,N20,nominal,2.0NRT,286.77,0.56,N
29.70069,55.533,302.3,0.45,0.39,2026-09-13,2155,N20,nominal,2.0NRT,290.36,1.49,N
29.51398,55.79913,306.61,0.44,0.38,2026-09-13,2155,N20,nominal,2.0NRT,290.25,0.7,N
29.44223,55.55661,296.83,0.45,0.39,2026-09-13,2155,N20,nominal,2.0NRT,286.56,0.52,N
28.83975,58.48106,312.33,0.38,0.36,2026-09-13,2155,N20,nominal,2.0NRT,297.39,2.38,N
29.15403,55.36695,307.13,0.45,0.39,2026-09-13,2155,N20,nominal,2.0NRT,292.99,1.46,N
29.13857,55.37375,319.68,0.45,0.39,2026-09-13,2155,N20,nominal,2.0NRT,295.07,2.44,N
29.13687,55.35928,307.92,0.45,0.39,2026-09-13,2155,N20,nominal,2.0NRT,296.93,1.24,N
29.1344,55.37775,305.2,0.45,0.39,2026-09-13,2155,N20,nominal,2.0NRT,294.32,1.91,N
28.20485,61.30287,302.73,0.43,0.38,2026-09-13,2155,N20,nominal,2.0NRT,292.1,0.75,N
27.23003,60.48943,314.91,0.42,0.37,2026-09-13,2155,N20,nominal,2.0NRT,301.04,1.15,N
27.42272,56.50134,324.98,0.4,0.37,2026-09-13,2155,N20,nominal,2.0NRT,299.78,2.04,N
27.3039,56.30246,316.71,0.41,0.37,2026-09-13,2155,N20,nominal,2.0NRT,299.6,1.72,N
25.05434,67.49339,296.05,0.36,0.57,2026-09-13,2155,N20,nominal,2.0NRT,265.9,0.6,N
27.16969,56.09501,322.42,0.41,0.37,2026-09-13,2155,N20,nominal,2.0NRT,300.22,2,N
27.17217,56.05311,323.56,0.41,0.37,2026-09-13,2155,N20,nominal,2.0NRT,299.65,1.46,N
27.17158,56.05724,312.19,0.41,0.37,2026-09-13,2155,N20,nominal,2.0NRT,299.94,1.67,N
27.16876,56.05251,330.68,0.41,0.37,2026-09-13,2155,N20,nominal,2.0NRT,300.72,3.17,N
27.16171,56.10202,343.29,0.41,0.37,2026-09-13,2155,N20,nominal,2.0NRT,301.66,3.07,N
27.1623,56.0979,316,0.41,0.37,2026-09-13,2155,N20,nominal,2.0NRT,300.42,3.07,N
27.15831,56.10141,331.26,0.41,0.37,2026-09-13,2155,N20,nominal,2.0NRT,299.85,3.07,N
27.16183,56.07664,317.35,0.41,0.37,2026-09-13,2155,N20,nominal,2.0NRT,299.97,1.38,N
26.95798,55.54153,311.81,0.43,0.38,2026-09-13,2155,N20,nominal,2.0NRT,301.46,1.23,N
25.97321,56.06983,322.52,0.4,0.37,2026-09-13,2155,N20,nominal,2.0NRT,302.86,1.63,N
25.96645,56.06862,319.21,0.4,0.37,2026-09-13,2155,N20,nominal,2.0NRT,302.57,1.25,N
25.90339,54.53024,322.22,0.45,0.39,2026-09-13,2155,N20,nominal,2.0NRT,300.76,0.2,N
25.55855,55.98427,317.41,0.4,0.37,2026-09-13,2155,N20,nominal,2.0NRT,301.49,1.51,N
25.55634,55.97567,313.64,0.4,0.37,2026-09-13,2155,N20,nominal,2.0NRT,301.61,1.26,N
25.70326,54.30192,317.86,0.46,0.39,2026-09-13,2155,N20,nominal,2.0NRT,302.9,1.16,N
25.06383,55.11813,318.74,0.42,0.38,2026-09-13,2155,N20,nominal,2.0NRT,303.43,1.95,N
24.50561,56.60625,342.17,0.39,0.36,2026-09-13,2155,N20,nominal,2.0NRT,301.87,8.85,N
24.50735,56.59481,311.49,0.39,0.36,2026-09-13,2155,N20,nominal,2.0NRT,299.92,1.04,N
24.50287,56.60183,316.54,0.39,0.36,2026-09-13,2155,N20,nominal,2.0NRT,300.48,1.03,N
24.76101,54.68027,313.72,0.44,0.38,2026-09-13,2155,N20,nominal,2.0NRT,303.56,1.16,N
24.48067,56.61345,319.03,0.39,0.36,2026-09-13,2155,N20,nominal,2.0NRT,299.78,1.69,N
24.47446,56.63188,313.13,0.39,0.36,2026-09-13,2155,N20,nominal,2.0NRT,299.14,0.75,N
24.45894,56.55471,310.83,0.39,0.36,2026-09-13,2155,N20,nominal,2.0NRT,299.38,0.8,N
24.4562,56.5503,317.66,0.39,0.36,2026-09-13,2155,N20,nominal,2.0NRT,299.15,1.98,N
24.51192,54.01598,331.6,0.46,0.39,2026-09-13,2155,N20,nominal,2.0NRT,303.19,2.6,N
24.32824,54.4697,323.97,0.44,0.38,2026-09-13,2155,N20,nominal,2.0NRT,303.23,3.18,N
23.4847,58.2789,319.35,0.39,0.36,2026-09-13,2157,N20,nominal,2.0NRT,300.63,1.35,N
23.19207,55.45524,315.18,0.4,0.37,2026-09-13,2157,N20,nominal,2.0NRT,301.47,1.31,N
23.31133,54.17923,328.45,0.44,0.39,2026-09-13,2157,N20,nominal,2.0NRT,301.01,2.7,N
23.27951,54.22692,308.42,0.44,0.38,2026-09-13,2157,N20,nominal,2.0NRT,297.72,0.55,N
22.92613,55.80368,331.1,0.39,0.37,2026-09-13,2157,N20,nominal,2.0NRT,298.1,2.55,N
22.87988,55.92859,321.02,0.39,0.36,2026-09-13,2157,N20,nominal,2.0NRT,297.13,1.23,N
22.88046,55.92479,308.27,0.39,0.36,2026-09-13,2157,N20,nominal,2.0NRT,296.91,1.16,N
22.87713,55.92421,329.5,0.39,0.36,2026-09-13,2157,N20,nominal,2.0NRT,296.8,1.16,N
22.87561,55.61363,332.27,0.4,0.37,2026-09-13,2157,N20,nominal,2.0NRT,298.65,4.27,N
22.7816,55.81401,309.45,0.39,0.36,2026-09-13,2157,N20,nominal,2.0NRT,298.23,0.87,N
22.67139,56.24834,308.43,0.39,0.36,2026-09-13,2157,N20,nominal,2.0NRT,297.98,0.72,N
22.40634,56.98815,331.42,0.38,0.36,2026-09-13,2157,N20,nominal,2.0NRT,297.26,2.92,N
22.32824,56.49092,331.68,0.39,0.36,2026-09-13,2157,N20,nominal,2.0NRT,298.18,5.48,N
22.52794,54.05241,310.51,0.44,0.38,2026-09-13,2157,N20,nominal,2.0NRT,299.38,0.92,N
21.9373,57.07143,328.91,0.38,0.36,2026-09-13,2157,N20,nominal,2.0NRT,295.12,1.93,N
21.93671,57.07511,315.18,0.38,0.36,2026-09-13,2157,N20,nominal,2.0NRT,295.35,1.93,N
21.8913,56.84713,326.43,0.38,0.36,2026-09-13,2157,N20,nominal,2.0NRT,295.92,2.31,N
21.90361,56.48893,308.12,0.38,0.36,2026-09-13,2157,N20,nominal,2.0NRT,296.69,0.73,N
21.83285,56.68109,319.65,0.38,0.36,2026-09-13,2157,N20,nominal,2.0NRT,295.97,1.37,N
21.29686,57.09682,315.81,0.39,0.36,2026-09-13,2157,N20,nominal,2.0NRT,295.35,1.11,N
21.41077,55.74195,324.8,0.39,0.36,2026-09-13,2157,N20,nominal,2.0NRT,297.01,2.28,N
20.98806,56.77395,310.79,0.38,0.36,2026-09-13,2157,N20,nominal,2.0NRT,294.39,0.66,N
21.00278,56.53159,333.91,0.38,0.36,2026-09-13,2157,N20,nominal,2.0NRT,298.15,6.44,N
20.55803,56.41995,309.09,0.38,0.36,2026-09-13,2157,N20,nominal,2.0NRT,294.17,0.78,N
20.37548,55.93339,305.81,0.39,0.36,2026-09-13,2157,N20,nominal,2.0NRT,294.76,0.49,N
20.38993,55.66397,326.94,0.39,0.36,2026-09-13,2157,N20,nominal,2.0NRT,294.79,1.14,N
20.3905,55.66027,305.24,0.39,0.36,2026-09-13,2157,N20,nominal,2.0NRT,294.04,1.14,N
20.38662,55.6634,304.68,0.39,0.36,2026-09-13,2157,N20,nominal,2.0NRT,294.17,0.89,N
20.38558,55.64804,327.32,0.39,0.36,2026-09-13,2157,N20,nominal,2.0NRT,294.85,2.32,N
20.21295,55.71025,328.61,0.39,0.36,2026-09-13,2157,N20,nominal,2.0NRT,294.88,1.53,N
20.02533,56.15142,306.66,0.38,0.36,2026-09-13,2157,N20,nominal,2.0NRT,286.79,0.49,N
19.11918,56.16303,304.78,0.38,0.36,2026-09-13,2157,N20,nominal,2.0NRT,293.58,0.29,N
18.68849,55.50548,335.81,0.39,0.36,2026-09-13,2157,N20,nominal,2.0NRT,293.32,4.33,N
18.3225,55.10409,333.22,0.39,0.36,2026-09-13,2157,N20,nominal,2.0NRT,294.26,4.73,N
18.03622,54.64317,308.14,0.39,0.37,2026-09-13,2157,N20,nominal,2.0NRT,294.16,0.67,N
18.0162,54.57139,311.06,0.4,0.37,2026-09-13,2157,N20,nominal,2.0NRT,293.81,1.04,N
18.01382,54.57116,345.46,0.4,0.37,2026-09-13,2157,N20,nominal,2.0NRT,306.01,17.1,N
18.01325,54.57487,316.91,0.4,0.37,2026-09-13,2157,N20,nominal,2.0NRT,295.44,17.1,N
23.79388,97.98811,327.92,0.66,0.73,2026-09-14,0548,N20,nominal,2.0NRT,291.62,5.14,D
23.79207,97.9884,329.77,0.66,0.73,2026-09-14,0548,N20,nominal,2.0NRT,292.06,4.12,D
21.35042,100.19172,327.99,0.54,0.68,2026-09-14,0548,N20,nominal,2.0NRT,287.8,3.57,D
31.06017,74.48428,331.28,0.34,0.56,2026-09-14,0731,N20,nominal,2.0NRT,294.98,1.86,D
31.12562,74.64755,345.55,0.33,0.56,2026-09-14,0731,N20,nominal,2.0NRT,295.32,4.55,D
31.33463,74.84099,367,0.32,0.55,2026-09-14,0731,N20,high,2.0NRT,294.8,7.82,D
31.67763,75.00666,336.6,0.62,0.54,2026-09-14,0731,N20,nominal,2.0NRT,292.92,8.17,D
31.70946,74.51023,346,0.33,0.55,2026-09-14,0731,N20,nominal,2.0NRT,294.4,3.99,D
34.30787,73.85091,325.83,0.63,0.54,2026-09-14,0731,N20,nominal,2.0NRT,295.22,5.89,D
7.08175,81.82453,332.17,0.35,0.57,2026-09-14,0724,N20,nominal,2.0NRT,293.8,3.13,D
34.30952,73.84903,331.02,0.63,0.54,2026-09-14,0731,N20,nominal,2.0NRT,295.64,5.9,D
8.22415,79.97695,330.92,0.45,0.63,2026-09-14,0724,N20,nominal,2.0NRT,287.37,5.57,D
37.30674,79.84535,345.05,0.43,0.38,2026-09-14,0731,N20,nominal,2.0NRT,307.89,8.97,D
8.45503,80.46314,335.77,0.41,0.61,2026-09-14,0726,N20,nominal,2.0NRT,278.85,4.66,D
8.48418,80.15503,328.29,0.43,0.62,2026-09-14,0726,N20,nominal,2.0NRT,282.49,5.79,D
13.00628,76.33424,332.81,0.64,0.72,2026-09-14,0726,N20,nominal,2.0NRT,294.19,6.84,D
13.7262,78.37474,338.71,0.45,0.63,2026-09-14,0726,N20,nominal,2.0NRT,294.68,5.2,D
13.99228,78.13817,330.44,0.47,0.64,2026-09-14,0726,N20,nominal,2.0NRT,296.45,2.38,D
13.86769,77.41703,333.07,0.52,0.67,2026-09-14,0726,N20,nominal,2.0NRT,299.56,2.31,D
15.77378,80.35506,339.5,0.61,0.53,2026-09-14,0726,N20,nominal,2.0NRT,297.86,5.65,D
15.77269,80.34946,332.88,0.61,0.54,2026-09-14,0726,N20,nominal,2.0NRT,297.04,5.65,D
18.49056,98.55073,327.72,0.44,0.62,2026-09-14,0726,N20,nominal,2.0NRT,288.61,2.52,D
15.82252,79.83504,331.43,0.33,0.55,2026-09-14,0726,N20,nominal,2.0NRT,296.42,1.17,D
15.33649,77.07091,335.28,0.52,0.66,2026-09-14,0726,N20,nominal,2.0NRT,301.57,3.2,D
15.44206,76.75722,334.14,0.54,0.68,2026-09-14,0729,N20,nominal,2.0NRT,301.45,8.24,D
15.37245,75.97004,344,0.61,0.71,2026-09-14,0729,N20,nominal,2.0NRT,297.95,8.72,D
16.31328,78.44664,330.84,0.4,0.6,2026-09-14,0729,N20,nominal,2.0NRT,293.75,2.49,D
16.76907,79.8007,336.26,0.32,0.54,2026-09-14,0729,N20,nominal,2.0NRT,285.51,3.38,D
17.60026,83.18597,332.11,0.56,0.43,2026-09-14,0729,N20,nominal,2.0NRT,295.73,8.15,D
21.41554,98.02284,340.14,0.44,0.62,2026-09-14,0729,N20,nominal,2.0NRT,287.31,4.43,D
21.41124,98.0248,346.29,0.44,0.62,2026-09-14,0729,N20,nominal,2.0NRT,290.69,5.32,D
20.76038,85.29754,332.34,0.41,0.37,2026-09-14,0729,N20,low,2.0NRT,299.6,6.72,D
20.80654,85.25679,334.62,0.41,0.37,2026-09-14,0729,N20,nominal,2.0NRT,298.33,6.6,D
22.61816,99.73431,330.3,0.59,0.7,2026-09-14,0729,N20,nominal,2.0NRT,286.59,3.43,D
22.6191,99.73309,329.69,0.59,0.7,2026-09-14,0729,N20,nominal,2.0NRT,285.7,3.09,D
22.55189,98.32656,328.93,0.47,0.64,2026-09-14,0729,N20,nominal,2.0NRT,291.86,2.82,D
22.71582,99.64108,337.42,0.58,0.7,2026-09-14,0729,N20,nominal,2.0NRT,288.26,4.74,D
20.96446,85.19142,335.87,0.41,0.37,2026-09-14,0729,N20,low,2.0NRT,294.96,4.19,D
20.96382,85.1875,340.46,0.41,0.37,2026-09-14,0729,N20,nominal,2.0NRT,296.01,4.19,D
20.96188,85.17567,330.55,0.42,0.37,2026-09-14,0729,N20,low,2.0NRT,292.96,7.25,D
20.96415,85.16737,330.24,0.42,0.37,2026-09-14,0729,N20,low,2.0NRT,295.53,6.18,D
20.96953,85.17858,332.44,0.41,0.37,2026-09-14,0729,N20,low,2.0NRT,294.49,5.06,D
20.96887,85.17462,344.28,0.42,0.37,2026-09-14,0729,N20,nominal,2.0NRT,296.5,11.07,D
22.7169,99.63846,327.24,0.58,0.7,2026-09-14,0729,N20,nominal,2.0NRT,289.27,3.38,D
22.80796,98.0243,330.84,0.46,0.63,2026-09-14,0729,N20,nominal,2.0NRT,291.92,3.28,D
22.80723,98.02246,340.08,0.46,0.63,2026-09-14,0729,N20,nominal,2.0NRT,292.24,3.46,D
23.05368,97.74936,367,0.44,0.62,2026-09-14,0729,N20,high,2.0NRT,293.77,8.66,D
21.18651,81.39293,327.52,0.42,0.45,2026-09-14,0729,N20,nominal,2.0NRT,296.12,5.23,D
21.92598,85.22399,330.49,0.41,0.37,2026-09-14,0729,N20,low,2.0NRT,300.67,4.47,D
21.74111,83.84176,329.9,0.46,0.39,2026-09-14,0729,N20,low,2.0NRT,300.28,8.82,D
21.74897,83.84466,337.72,0.46,0.39,2026-09-14,0729,N20,low,2.0NRT,300.29,13.46,D
21.75607,83.84324,332.02,0.46,0.39,2026-09-14,0729,N20,low,2.0NRT,298.25,4.11,D
21.76114,83.85121,330.32,0.46,0.39,2026-09-14,0729,N20,low,2.0NRT,299.72,9.38,D
21.75962,83.84253,329.08,0.46,0.39,2026-09-14,0729,N20,low,2.0NRT,299.47,4.11,D
22.36448,87.30244,340.49,0.38,0.36,2026-09-14,0729,N20,nominal,2.0NRT,301.11,6.57,D
22.3624,87.01753,331.04,0.38,0.36,2026-09-14,0729,N20,nominal,2.0NRT,299.91,7.04,D
22.66937,88.2926,332.94,0.4,0.37,2026-09-14,0729,N20,nominal,2.0NRT,297.25,2.69,D
23.60655,95.80695,339.73,0.34,0.56,2026-09-14,0729,N20,nominal,2.0NRT,295.73,2.73,D
21.91828,83.35252,338.5,0.48,0.4,2026-09-14,0729,N20,nominal,2.0NRT,298.83,6.14,D
21.92191,83.35178,337.88,0.48,0.4,2026-09-14,0729,N20,nominal,2.0NRT,297.99,6.14,D
24.26135,99.35976,327.68,0.58,0.69,2026-09-14,0729,N20,nominal,2.0NRT,293.21,4.43,D
23.97384,95.82313,332.3,0.34,0.56,2026-09-14,0729,N20,nominal,2.0NRT,295.96,2.02,D
24.26292,99.35855,326.71,0.58,0.69,2026-09-14,0729,N20,nominal,2.0NRT,293.39,4.09,D
24.00687,95.93203,332.51,0.35,0.56,2026-09-14,0729,N20,nominal,2.0NRT,294.86,1.8,D
24.29748,93.71398,339.7,0.5,0.49,2026-09-14,0729,N20,nominal,2.0NRT,294.87,7.95,D
24.29694,93.70903,333.51,0.5,0.49,2026-09-14,0729,N20,nominal,2.0NRT,296.18,7.95,D
24.29876,93.71069,348.55,0.5,0.49,2026-09-14,0729,N20,nominal,2.0NRT,296.22,14.63,D
23.58181,86.72641,333.7,0.38,0.36,2026-09-14,0729,N20,nominal,2.0NRT,300.71,4.53,D
23.66371,87.15732,332.04,0.39,0.36,2026-09-14,0729,N20,nominal,2.0NRT,299.37,2.67,D
23.66315,87.15356,334.41,0.39,0.36,2026-09-14,0729,N20,nominal,2.0NRT,300.1,2.67,D
23.68909,87.09878,330.64,0.39,0.36,2026-09-14,0729,N20,low,2.0NRT,301.73,3.82,D
23.67817,86.39843,341.07,0.38,0.36,2026-09-14,0729,N20,nominal,2.0NRT,302.81,9.2,D
23.68417,86.39351,348.25,0.38,0.36,2026-09-14,0729,N20,nominal,2.0NRT,302.5,9.73,D
23.6817,86.09404,336.79,0.39,0.36,2026-09-14,0729,N20,nominal,2.0NRT,299.71,4.63,D
23.73768,86.43369,340.67,0.38,0.36,2026-09-14,0729,N20,nominal,2.0NRT,296.56,2.75,D
23.77256,86.19659,333.33,0.39,0.36,2026-09-14,0729,N20,nominal,2.0NRT,300.82,6.94,D
23.77818,86.21096,345.7,0.38,0.36,2026-09-14,0729,N20,nominal,2.0NRT,300.72,8.81,D
23.78147,86.21036,334.04,0.38,0.36,2026-09-14,0729,N20,nominal,2.0NRT,299.88,3.98,D
23.75655,85.85595,330.51,0.39,0.36,2026-09-14,0729,N20,nominal,2.0NRT,299.15,6.25,D
24.11526,86.86087,330.01,0.38,0.36,2026-09-14,0729,N20,nominal,2.0NRT,298.67,1.85,D
27.37669,95.33676,331.75,0.35,0.56,2026-09-14,0731,N20,nominal,2.0NRT,291.71,1.78,D
12.98791,76.12696,355.38,0.59,0.7,2026-09-14,0905,N20,nominal,2.0NRT,293.23,12.4,D
18.01259,54.57156,355.18,0.59,0.53,2026-09-14,0909,N20,nominal,2.0NRT,307.57,35.36,D
18.32117,55.10351,336.8,0.54,0.51,2026-09-14,0909,N20,nominal,2.0NRT,304.55,1.79,D
20.38767,55.66441,345.65,0.45,0.47,2026-09-14,0909,N20,nominal,2.0NRT,303.86,6.91,D
20.38434,55.64724,339.24,0.45,0.47,2026-09-14,0909,N20,nominal,2.0NRT,303.19,4.99,D
22.87304,55.61501,349.49,0.41,0.45,2026-09-14,0909,N20,nominal,2.0NRT,314.33,2.49,D
23.19216,55.45827,350.95,0.42,0.45,2026-09-14,0909,N20,nominal,2.0NRT,314.33,6.33,D
25.47149,68.55921,330.37,0.54,0.51,2026-09-14,0909,N20,nominal,2.0NRT,298.81,5.21,D
25.82735,66.58129,345.58,0.41,0.45,2026-09-14,0909,N20,nominal,2.0NRT,301.83,3.18,D
24.50486,56.60777,339.82,0.51,0.41,2026-09-14,0909,N20,nominal,2.0NRT,308.29,8.55,D
25.89238,62.5988,345.57,0.41,0.37,2026-09-14,0909,N20,nominal,2.0NRT,313.21,3.59,D
31.50081,72.2029,334.43,0.52,0.67,2026-09-14,0911,N20,nominal,2.0NRT,293.85,2.96,D
31.51035,72.15237,335.9,0.52,0.67,2026-09-14,0911,N20,nominal,2.0NRT,293.88,4.62,D
31.50962,72.14935,344.17,0.52,0.67,2026-09-14,0911,N20,nominal,2.0NRT,294.29,5.2,D
29.98973,55.85719,343.2,0.47,0.39,2026-09-14,0911,N20,low,2.0NRT,316.78,9.2,D
27.43555,70.56192,338.3,0.38,0.59,2026-09-14,0909,N20,nominal,2.0NRT,303.82,4.29,D
28.04908,69.3703,346.61,0.32,0.55,2026-09-14,0911,N20,nominal,2.0NRT,300.03,4.02,D
28.05325,69.36923,333.37,0.32,0.55,2026-09-14,0911,N20,nominal,2.0NRT,300.12,3.89,D
27.16036,56.10394,342.63,0.5,0.41,2026-09-14,0911,N20,nominal,2.0NRT,307.53,11.03,D
27.16681,56.09732,337.98,0.5,0.41,2026-09-14,0911,N20,nominal,2.0NRT,307.54,9.85,D
33.87242,64.2443,341.88,0.38,0.43,2026-09-14,0913,N20,low,2.0NRT,315.8,5.03,D
36.5345,59.46268,337.83,0.4,0.37,2026-09-14,0913,N20,low,2.0NRT,312.47,2.03,D
37.03215,62.41914,344.61,0.51,0.41,2026-09-14,0913,N20,nominal,2.0NRT,316.57,10.63,D
37.50131,65.36196,350.92,0.48,0.48,2026-09-14,0913,N20,nominal,2.0NRT,313.33,21.98,D
37.22433,60.67661,340.87,0.44,0.38,2026-09-14,0913,N20,low,2.0NRT,314.65,5.01,D
37.49776,61.84666,336.06,0.49,0.4,2026-09-14,0913,N20,low,2.0NRT,309.83,3.4,D
37.59103,61.52896,341.08,0.47,0.4,2026-09-14,0913,N20,low,2.0NRT,313.43,5.69,D
37.60782,61.60815,338.11,0.48,0.4,2026-09-14,0913,N20,low,2.0NRT,313.11,3.56,D
37.96272,58.32051,337.62,0.39,0.36,2026-09-14,0913,N20,nominal,2.0NRT,305.06,1.3,D
37.96474,58.31091,338.85,0.39,0.36,2026-09-14,0913,N20,nominal,2.0NRT,305.6,4.95,D
37.96933,58.319,336.65,0.39,0.36,2026-09-14,0913,N20,nominal,2.0NRT,305.3,4.63,D
38.14211,57.98834,333.08,0.39,0.36,2026-09-14,0913,N20,low,2.0NRT,306.28,2.01,D
39.85135,63.12884,341.61,0.39,0.44,2026-09-14,0913,N20,low,2.0NRT,315,1.94,D
