latitude,longitude,bright_ti4,scan,track,acq_date,acq_time,satellite,confidence,version,bright_ti5,frp,daynight
6.73476,81.39144,353.32,0.53,0.67,2026-09-07,0839,N21,nominal,2.0NRT,292.65,16.45,D
7.71787,81.43332,346.55,0.78,0.78,2026-09-07,0659,N21,nominal,2.0NRT,290.63,11.54,D
7.71635,81.43434,347.95,0.78,0.78,2026-09-07,0659,N21,nominal,2.0NRT,290.74,12.39,D
6.73478,81.39301,367,0.53,0.67,2026-09-07,0839,N21,high,2.0NRT,293.42,19.03,D
8.45157,81.10233,334.76,0.79,0.78,2026-09-07,0659,N21,nominal,2.0NRT,284.7,18.23,D
6.75366,81.20236,330.49,0.52,0.67,2026-09-07,0839,N21,nominal,2.0NRT,288.44,4.2,D
15.81131,99.64703,331.11,0.46,0.47,2026-09-07,0701,N21,nominal,2.0NRT,283.91,2.58,D
6.75974,81.2015,330.84,0.52,0.67,2026-09-07,0839,N21,nominal,2.0NRT,288.35,4.2,D
16.0336,100.06742,331.41,0.5,0.49,2026-09-07,0701,N21,nominal,2.0NRT,285.27,5.18,D
7.37589,80.88831,334.25,0.5,0.66,2026-09-07,0839,N21,nominal,2.0NRT,292.88,5.89,D
16.04702,100.00194,332.25,0.49,0.49,2026-09-07,0701,N21,nominal,2.0NRT,284.78,3.06,D
7.37715,79.91541,330.76,0.43,0.62,2026-09-07,0839,N21,nominal,2.0NRT,285.13,4.74,D
16.0656,99.78481,330.09,0.48,0.48,2026-09-07,0701,N21,nominal,2.0NRT,289.03,4.5,D
7.46185,80.14293,336.93,0.45,0.63,2026-09-07,0839,N21,nominal,2.0NRT,286.6,3.7,D
16.06998,99.44299,333.32,0.45,0.47,2026-09-07,0701,N21,nominal,2.0NRT,291.51,3.89,D
7.63435,80.72513,342.5,0.49,0.65,2026-09-07,0839,N21,nominal,2.0NRT,287.44,8.99,D
16.24108,100.19037,339.58,0.51,0.49,2026-09-07,0701,N21,nominal,2.0NRT,283.2,9.22,D
7.6318,80.72602,348.19,0.49,0.65,2026-09-07,0839,N21,nominal,2.0NRT,287.74,8.17,D
16.27666,100.04961,335.7,0.5,0.49,2026-09-07,0701,N21,nominal,2.0NRT,283.69,4.13,D
26.57374,101.66451,350.33,0.67,0.73,2026-09-07,0523,N21,nominal,2.0NRT,291.4,12.92,D
7.76437,80.60036,338.62,0.49,0.65,2026-09-07,0839,N21,nominal,2.0NRT,284.64,4.86,D
16.27464,99.91924,330.88,0.49,0.49,2026-09-07,0701,N21,nominal,2.0NRT,286.35,4.13,D
7.761,80.25828,344.8,0.46,0.63,2026-09-07,0839,N21,nominal,2.0NRT,286.99,15.12,D
16.30566,99.84161,337.32,0.48,0.48,2026-09-07,0701,N21,nominal,2.0NRT,281.31,7.79,D
7.76045,80.25417,355.76,0.46,0.63,2026-09-07,0839,N21,low,2.0NRT,287.6,21.54,D
16.32755,99.68719,336.32,0.47,0.48,2026-09-07,0701,N21,nominal,2.0NRT,287.42,6.27,D
7.75524,80.25501,334.7,0.46,0.63,2026-09-07,0839,N21,nominal,2.0NRT,286.9,11.32,D
17.19934,100.00342,338.67,0.51,0.49,2026-09-07,0701,N21,nominal,2.0NRT,289.74,4.59,D
7.76156,80.25831,339.45,0.46,0.64,2026-09-07,0839,N21,nominal,2.0NRT,286.78,14.5,D
17.74537,95.31373,330.41,0.43,0.38,2026-09-07,0701,N21,nominal,2.0NRT,295.26,3.97,D
17.80703,95.13017,329.43,0.42,0.38,2026-09-07,0701,N21,nominal,2.0NRT,291.88,2.84,D
7.76104,80.25418,355.79,0.46,0.63,2026-09-07,0839,N21,low,2.0NRT,287.6,11.32,D
17.80537,95.11832,333.02,0.42,0.38,2026-09-07,0701,N21,nominal,2.0NRT,292.89,3.39,D
7.82684,80.21555,349.17,0.46,0.63,2026-09-07,0839,N21,nominal,2.0NRT,287.17,7.4,D
17.81047,95.12964,334.29,0.42,0.38,2026-09-07,0701,N21,nominal,2.0NRT,291.01,4.45,D
7.89304,80.62943,330.84,0.49,0.65,2026-09-07,0839,N21,nominal,2.0NRT,287.37,4.82,D
7.89247,80.62505,330.12,0.49,0.65,2026-09-07,0839,N21,nominal,2.0NRT,287.29,7.46,D
19.20172,95.28655,333.54,0.44,0.38,2026-09-07,0701,N21,nominal,2.0NRT,295.53,3.19,D
7.94795,80.60533,340.82,0.49,0.65,2026-09-07,0839,N21,nominal,2.0NRT,289.78,5.93,D
20.14306,94.76436,339.66,0.43,0.38,2026-09-07,0703,N21,nominal,2.0NRT,300.14,5.73,D
22.40652,97.82044,338.74,0.43,0.46,2026-09-07,0703,N21,nominal,2.0NRT,293.86,5.28,D
7.9589,80.00954,367,0.44,0.63,2026-09-07,0839,N21,high,2.0NRT,291.99,15.19,D
22.53631,97.09843,330.8,0.39,0.44,2026-09-07,0703,N21,nominal,2.0NRT,295.59,3.04,D
7.96113,80.01129,347.48,0.44,0.63,2026-09-07,0839,N21,nominal,2.0NRT,291.79,12.21,D
20.79466,85.25549,338.42,0.49,0.48,2026-09-07,0703,N21,nominal,2.0NRT,294.85,8.97,D
8.06101,80.65621,335.68,0.49,0.65,2026-09-07,0839,N21,nominal,2.0NRT,288.44,3.92,D
20.96481,86.0078,341.06,0.43,0.46,2026-09-07,0703,N21,nominal,2.0NRT,292.87,6.79,D
8.06699,80.65543,367,0.49,0.65,2026-09-07,0839,N21,high,2.0NRT,294.53,76.05,D
23.2431,101.53088,328.35,0.38,0.59,2026-09-07,0703,N21,nominal,2.0NRT,290.18,1.78,D
8.03589,80.41181,333.76,0.48,0.64,2026-09-07,0839,N21,nominal,2.0NRT,292.3,5.08,D
20.86604,84.98908,335.39,0.51,0.49,2026-09-07,0703,N21,nominal,2.0NRT,294.77,5.24,D
8.05743,80.43962,333.55,0.48,0.64,2026-09-07,0839,N21,nominal,2.0NRT,291.52,4.65,D
23.2457,101.53127,328.4,0.38,0.59,2026-09-07,0703,N21,nominal,2.0NRT,289.59,1.36,D
8.38858,80.20611,342,0.46,0.64,2026-09-07,0839,N21,nominal,2.0NRT,291.8,8.68,D
20.96383,85.18765,334.17,0.49,0.48,2026-09-07,0703,N21,nominal,2.0NRT,293.97,7.03,D
8.38848,80.20661,342.01,0.47,0.64,2026-09-07,0839,N21,nominal,2.0NRT,291.84,8.29,D
8.50771,80.77534,335.8,0.51,0.66,2026-09-07,0839,N21,nominal,2.0NRT,284.67,6.28,D
8.5905,80.34922,334.9,0.48,0.65,2026-09-07,0839,N21,nominal,2.0NRT,290.16,4.44,D
8.6313,80.62067,345.94,0.5,0.66,2026-09-07,0839,N21,nominal,2.0NRT,284.27,8.42,D
8.7958,80.83318,349.96,0.52,0.67,2026-09-07,0839,N21,nominal,2.0NRT,286.15,17.06,D
21.19355,81.41866,350.53,0.42,0.61,2026-09-07,0703,N21,nominal,2.0NRT,289.18,8.94,D
8.7952,80.82851,334.49,0.52,0.67,2026-09-07,0839,N21,nominal,2.0NRT,284.81,13.83,D
8.86686,78.08612,333.88,0.34,0.56,2026-09-07,0839,N21,nominal,2.0NRT,284.26,2.78,D
24.3796,93.99981,330.94,0.43,0.38,2026-09-07,0703,N21,nominal,2.0NRT,295.21,4.59,D
8.91237,77.5182,332.13,0.61,0.54,2026-09-07,0839,N21,nominal,2.0NRT,289.1,3.2,D
24.13866,91.3375,331.17,0.38,0.36,2026-09-07,0703,N21,nominal,2.0NRT,300.69,5.27,D
8.90995,77.51759,330.26,0.62,0.54,2026-09-07,0839,N21,nominal,2.0NRT,288.76,4.66,D
24.14194,91.33691,330.02,0.38,0.36,2026-09-07,0703,N21,nominal,2.0NRT,299.99,3.94,D
9.01174,77.45811,338.72,0.61,0.53,2026-09-07,0839,N21,nominal,2.0NRT,288.23,4.68,D
23.69142,87.12231,329.5,0.51,0.41,2026-09-07,0703,N21,nominal,2.0NRT,295.38,6.64,D
9.08718,77.47947,331.36,0.61,0.54,2026-09-07,0841,N21,nominal,2.0NRT,295.48,3.5,D
23.67726,86.39882,333.07,0.56,0.43,2026-09-07,0703,N21,nominal,2.0NRT,294.53,9.66,D
9.20163,78.26099,330.33,0.35,0.57,2026-09-07,0841,N21,nominal,2.0NRT,286.01,1,D
9.27757,77.48306,332.05,0.62,0.54,2026-09-07,0841,N21,nominal,2.0NRT,292.42,3.24,D
26.02852,101.72135,344.12,0.42,0.61,2026-09-07,0703,N21,nominal,2.0NRT,295.74,10.09,D
10.52722,76.9183,336.19,0.59,0.53,2026-09-07,0841,N21,nominal,2.0NRT,296.67,7.44,D
26.02819,101.71734,347.07,0.42,0.61,2026-09-07,0703,N21,nominal,2.0NRT,294.92,10.09,D
11.4255,79.19963,351.07,0.44,0.62,2026-09-07,0841,N21,nominal,2.0NRT,295.32,7.34,D
26.02632,101.7188,367,0.42,0.61,2026-09-07,0703,N21,high,2.0NRT,298.12,19.5,D
25.99444,98.46468,333.25,0.53,0.5,2026-09-07,0703,N21,nominal,2.0NRT,294.32,5.28,D
26.57949,101.66609,332.32,0.43,0.62,2026-09-07,0703,N21,nominal,2.0NRT,296.03,8.48,D
26.20761,91.08835,332.69,0.38,0.36,2026-09-07,0703,N21,nominal,2.0NRT,295.16,2.88,D
27.872,96.92369,336.21,0.45,0.47,2026-09-07,0703,N21,nominal,2.0NRT,289.51,4.62,D
27.88228,96.89853,329.41,0.44,0.46,2026-09-07,0703,N21,nominal,2.0NRT,293.58,4.82,D
28.49942,97.02248,338.18,0.46,0.47,2026-09-07,0705,N21,nominal,2.0NRT,296.27,6.6,D
28.57527,96.95338,338.4,0.46,0.47,2026-09-07,0705,N21,nominal,2.0NRT,298.45,7.88,D
28.57362,96.95537,339.19,0.46,0.47,2026-09-07,0705,N21,nominal,2.0NRT,296.22,6.55,D
29.22064,88.95616,328.82,0.39,0.36,2026-09-07,0705,N21,low,2.0NRT,300.79,3.66,D
29.28599,88.87337,334.43,0.39,0.36,2026-09-07,0705,N21,nominal,2.0NRT,297.43,5.11,D
29.30612,88.91412,328.31,0.39,0.36,2026-09-07,0705,N21,nominal,2.0NRT,295.86,4.59,D
29.63493,90.98582,332.36,0.39,0.36,2026-09-07,0705,N21,nominal,2.0NRT,298.04,2.61,D
29.63436,90.98183,330.43,0.39,0.36,2026-09-07,0705,N21,low,2.0NRT,301.2,2.61,D
29.67288,90.99059,326.85,0.39,0.36,2026-09-07,0705,N21,nominal,2.0NRT,294.64,2.67,D
7.59242,100.39017,334.93,0.4,0.44,2026-09-07,0701,N21,nominal,2.0NRT,294.21,3.67,D
7.59997,99.39754,345.79,0.52,0.42,2026-09-07,0701,N21,nominal,2.0NRT,291.91,19.68,D
7.87187,100.09646,340.08,0.39,0.44,2026-09-07,0701,N21,nominal,2.0NRT,293.25,8.46,D
7.87537,100.0924,349.03,0.39,0.44,2026-09-07,0701,N21,nominal,2.0NRT,296.51,19.19,D
29.47698,76.85517,331.49,0.52,0.67,2026-09-07,0705,N21,nominal,2.0NRT,292.31,4.49,D
29.90703,74.94606,330.21,0.66,0.73,2026-09-07,0705,N21,nominal,2.0NRT,290.46,3.28,D
31.93228,74.72265,338.69,0.6,0.71,2026-09-07,0707,N21,nominal,2.0NRT,292.18,7.64,D
37.01663,82.78057,345.38,0.51,0.41,2026-09-07,0707,N21,nominal,2.0NRT,309.4,8.52,D
12.19458,76.79126,340.22,0.61,0.53,2026-09-07,0841,N21,nominal,2.0NRT,296.11,14.03,D
12.62691,79.35641,343.88,0.46,0.64,2026-09-07,0841,N21,nominal,2.0NRT,294.09,12.36,D
12.62642,79.35217,343.14,0.46,0.64,2026-09-07,0841,N21,nominal,2.0NRT,293.93,11.39,D
13.39125,78.55362,342.85,0.42,0.61,2026-09-07,0841,N21,nominal,2.0NRT,298.16,4.87,D
13.30328,77.49928,330.44,0.35,0.57,2026-09-07,0841,N21,nominal,2.0NRT,297.74,3.78,D
13.86369,79.33259,336.09,0.48,0.65,2026-09-07,0841,N21,nominal,2.0NRT,296.38,5.38,D
13.61422,76.79543,335.54,0.32,0.55,2026-09-07,0841,N21,nominal,2.0NRT,300.97,2.84,D
13.82308,77.46265,337.35,0.36,0.57,2026-09-07,0841,N21,nominal,2.0NRT,300.64,3.01,D
13.82392,77.46268,339.89,0.36,0.57,2026-09-07,0841,N21,nominal,2.0NRT,300.31,3.11,D
14.00484,78.13704,332.62,0.4,0.6,2026-09-07,0841,N21,nominal,2.0NRT,296.18,3.08,D
14.00567,78.1367,332.7,0.4,0.6,2026-09-07,0841,N21,nominal,2.0NRT,294.74,3.4,D
14.09951,77.17999,334.11,0.34,0.56,2026-09-07,0841,N21,nominal,2.0NRT,298.12,2.63,D
14.14242,76.60857,334.84,0.63,0.54,2026-09-07,0841,N21,nominal,2.0NRT,301.39,3.5,D
14.58273,79.70184,349.83,0.52,0.67,2026-09-07,0841,N21,nominal,2.0NRT,292.5,4.41,D
14.23907,76.68808,334.02,0.32,0.55,2026-09-07,0841,N21,nominal,2.0NRT,300.85,2.67,D
14.49482,76.82112,337,0.33,0.55,2026-09-07,0841,N21,nominal,2.0NRT,299.4,2.52,D
14.88572,79.6793,340.72,0.52,0.67,2026-09-07,0841,N21,nominal,2.0NRT,294.94,7.13,D
14.82348,76.79816,340.39,0.33,0.55,2026-09-07,0841,N21,nominal,2.0NRT,296.98,4.78,D
14.82235,76.79653,342.41,0.33,0.55,2026-09-07,0841,N21,nominal,2.0NRT,291.85,4.65,D
15.40742,79.91134,347.9,0.55,0.68,2026-09-07,0841,N21,nominal,2.0NRT,292.62,7.07,D
16.01439,78.2641,337.66,0.43,0.62,2026-09-07,0843,N21,nominal,2.0NRT,291.69,4.22,D
18.32523,55.1044,346.73,0.56,0.69,2026-09-07,0843,N21,nominal,2.0NRT,305.15,6.15,D
19.26738,56.17486,341.39,0.45,0.63,2026-09-07,0843,N21,nominal,2.0NRT,304.69,3.33,D
20.22736,55.7398,342.49,0.46,0.64,2026-09-07,0845,N21,nominal,2.0NRT,304.37,4,D
20.38585,55.66306,338.47,0.46,0.64,2026-09-07,0845,N21,nominal,2.0NRT,304.76,4.56,D
23.22736,69.83858,335.03,0.48,0.4,2026-09-07,0845,N21,low,2.0NRT,305.42,4.47,D
21.3031,57.79716,340.08,0.32,0.55,2026-09-07,0845,N21,nominal,2.0NRT,308.82,0.67,D
21.3125,57.74406,341.3,0.33,0.55,2026-09-07,0845,N21,nominal,2.0NRT,309.81,2.45,D
21.30464,57.70716,337.9,0.33,0.55,2026-09-07,0845,N21,low,2.0NRT,308.59,0.48,D
21.33402,57.72308,340.57,0.33,0.55,2026-09-07,0845,N21,nominal,2.0NRT,309.4,0.99,D
21.4622,57.24526,341.06,0.35,0.57,2026-09-07,0845,N21,nominal,2.0NRT,309.88,0.33,D
21.46252,56.96821,344.84,0.36,0.58,2026-09-07,0845,N21,nominal,2.0NRT,309.97,1.82,D
21.83361,56.68153,345.34,0.37,0.58,2026-09-07,0845,N21,nominal,2.0NRT,309.29,1.69,D
21.83321,56.68112,346.21,0.37,0.58,2026-09-07,0845,N21,nominal,2.0NRT,309.15,1.14,D
21.93595,57.07435,355.46,0.35,0.57,2026-09-07,0845,N21,nominal,2.0NRT,309.24,4.65,D
21.89134,56.84551,341.59,0.36,0.58,2026-09-07,0845,N21,nominal,2.0NRT,308.79,0.59,D
22.40438,56.9902,345.47,0.35,0.56,2026-09-07,0845,N21,nominal,2.0NRT,305.94,3.54,D
22.40366,56.98691,341.62,0.35,0.56,2026-09-07,0845,N21,nominal,2.0NRT,305.31,3.54,D
22.32886,56.49005,350.08,0.37,0.58,2026-09-07,0845,N21,nominal,2.0NRT,305.37,5.19,D
22.43995,56.69852,343.39,0.36,0.57,2026-09-07,0845,N21,nominal,2.0NRT,306.08,3.12,D
24.58007,67.9753,336.56,0.41,0.37,2026-09-07,0845,N21,nominal,2.0NRT,304.6,5.81,D
22.87997,55.92685,367,0.4,0.6,2026-09-07,0845,N21,high,2.0NRT,307.61,13.36,D
22.87644,55.92649,367,0.39,0.6,2026-09-07,0845,N21,high,2.0NRT,305.75,10.93,D
22.8747,55.61613,349.64,0.41,0.61,2026-09-07,0845,N21,nominal,2.0NRT,305.4,5.6,D
22.87382,55.61223,350.65,0.41,0.61,2026-09-07,0845,N21,nominal,2.0NRT,305.55,5.6,D
22.52637,54.05095,350.76,0.53,0.67,2026-09-07,0845,N21,nominal,2.0NRT,303.96,4.54,D
25.34143,68.63101,330.58,0.44,0.39,2026-09-07,0845,N21,nominal,2.0NRT,302.37,1.73,D
23.1906,55.45546,342.89,0.42,0.61,2026-09-07,0845,N21,nominal,2.0NRT,305.92,5.19,D
25.63929,69.00839,339.4,0.46,0.39,2026-09-07,0845,N21,nominal,2.0NRT,301.64,4.03,D
25.98134,69.03048,330.38,0.47,0.4,2026-09-07,0845,N21,low,2.0NRT,303.1,2.3,D
26.10309,69.05104,334.92,0.47,0.4,2026-09-07,0845,N21,nominal,2.0NRT,304.51,4.2,D
26.07618,66.39102,344.66,0.39,0.36,2026-09-07,0845,N21,low,2.0NRT,315.29,7.67,D
24.50542,56.6058,339.9,0.33,0.55,2026-09-07,0845,N21,nominal,2.0NRT,303.77,5.72,D
24.21017,54.14211,332.49,0.48,0.65,2026-09-07,0845,N21,low,2.0NRT,305.47,5.95,D
24.99078,55.62672,344.93,0.37,0.58,2026-09-07,0845,N21,nominal,2.0NRT,311.44,8.69,D
26.44463,61.98991,343.23,0.46,0.39,2026-09-07,0845,N21,nominal,2.0NRT,311.74,6.95,D
28.36629,67.82973,338.75,0.44,0.38,2026-09-07,0845,N21,low,2.0NRT,309.74,9.09,D
31.12267,74.66468,341.94,0.38,0.58,2026-09-07,0848,N21,nominal,2.0NRT,298.23,5.3,D
31.25978,74.14223,338.15,0.35,0.57,2026-09-07,0848,N21,nominal,2.0NRT,299.69,4.68,D
32.06182,69.6449,344.4,0.39,0.44,2026-09-07,0848,N21,nominal,2.0NRT,317.2,7.08,D
32.58258,74.33222,336.41,0.37,0.58,2026-09-07,0848,N21,nominal,2.0NRT,296.72,3.35,D
32.58622,74.33195,331.64,0.37,0.58,2026-09-07,0848,N21,nominal,2.0NRT,296.41,3.35,D
29.98837,55.85378,342.51,0.56,0.52,2026-09-07,0848,N21,nominal,2.0NRT,312.09,9.65,D
37.48814,66.03123,344.74,0.46,0.39,2026-09-07,0850,N21,low,2.0NRT,316.92,7.29,D
37.04148,60.81507,342.75,0.4,0.37,2026-09-07,0850,N21,low,2.0NRT,317.38,5.09,D
37.13456,61.36572,354.58,0.39,0.36,2026-09-07,0850,N21,nominal,2.0NRT,315.05,11.39,D
38.05052,67.26439,348.01,0.52,0.42,2026-09-07,0850,N21,nominal,2.0NRT,322.39,14.12,D
37.49778,61.84638,346.49,0.38,0.36,2026-09-07,0850,N21,nominal,2.0NRT,316.86,6.1,D
37.61842,62.13947,346.18,0.38,0.36,2026-09-07,0850,N21,nominal,2.0NRT,315.52,4.06,D
37.67078,62.23827,343.69,0.38,0.36,2026-09-07,0850,N21,nominal,2.0NRT,316.29,2.39,D
37.61027,61.60589,349.17,0.39,0.36,2026-09-07,0850,N21,nominal,2.0NRT,323.82,9.56,D
38.57141,68.42384,342.55,0.4,0.44,2026-09-07,0850,N21,nominal,2.0NRT,311.11,4.84,D
36.99397,54.63052,342.98,0.46,0.47,2026-09-07,0850,N21,nominal,2.0NRT,301.94,3.51,D
37.16647,55.37594,339.13,0.42,0.45,2026-09-07,0850,N21,nominal,2.0NRT,299.8,5.21,D
37.20023,55.21959,337.02,0.43,0.46,2026-09-07,0850,N21,nominal,2.0NRT,305.51,5.62,D
37.18131,54.99369,344.58,0.44,0.46,2026-09-07,0850,N21,nominal,2.0NRT,304.05,5.35,D
38.17234,57.99501,336.47,0.46,0.39,2026-09-07,0850,N21,low,2.0NRT,309.06,2.16,D
18.32474,55.10817,336.31,0.65,0.73,2026-09-07,1026,N21,nominal,2.0NRT,301.11,4.9,D
18.32212,55.10596,351.85,0.65,0.73,2026-09-07,1026,N21,nominal,2.0NRT,301.44,7.71,D
19.26627,56.17498,336.23,0.78,0.78,2026-09-07,1026,N21,nominal,2.0NRT,298.58,5.13,D
24.20847,54.14793,334.49,0.65,0.73,2026-09-07,1026,N21,low,2.0NRT,306.04,7.52,D
24.21233,54.14294,337.24,0.65,0.73,2026-09-07,1026,N21,nominal,2.0NRT,305.65,5.65,D
8.0841,99.99197,305.14,0.78,0.78,2026-09-07,1756,N21,nominal,2.0NRT,281.69,4.26,N
10.82716,78.82903,320.19,0.44,0.62,2026-09-07,1936,N21,nominal,2.0NRT,291.49,2.81,N
8.2917,80.2041,309.21,0.32,0.55,2026-09-07,1936,N21,nominal,2.0NRT,290.12,0.78,N
8.26735,80.30713,305.05,0.32,0.54,2026-09-07,1936,N21,nominal,2.0NRT,290.32,0.49,N
8.12018,80.80572,318.82,0.59,0.53,2026-09-07,1936,N21,nominal,2.0NRT,291.54,4.32,N
8.12106,80.80273,305.65,0.59,0.53,2026-09-07,1936,N21,nominal,2.0NRT,291.36,2.01,N
8.12032,80.808,314.34,0.59,0.53,2026-09-07,1936,N21,nominal,2.0NRT,291.49,2.01,N
8.1155,80.80737,307.09,0.59,0.53,2026-09-07,1936,N21,nominal,2.0NRT,291.48,2.01,N
8.43688,77.6253,297.94,0.49,0.65,2026-09-07,1936,N21,nominal,2.0NRT,273.86,0.53,N
7.58083,80.82148,313.15,0.57,0.52,2026-09-07,1936,N21,nominal,2.0NRT,292.64,4.25,N
7.58041,80.81974,310.72,0.57,0.52,2026-09-07,1936,N21,nominal,2.0NRT,292.53,3.58,N
29.66233,90.90582,302.66,0.43,0.38,2026-09-07,1930,N21,nominal,2.0NRT,283.43,1.26,N
6.87667,81.51917,311.69,0.5,0.49,2026-09-07,1936,N21,nominal,2.0NRT,290.31,2.58,N
29.65943,90.90099,301.3,0.43,0.38,2026-09-07,1930,N21,nominal,2.0NRT,282.87,1.19,N
6.82087,81.37903,308.45,0.51,0.5,2026-09-07,1938,N21,nominal,2.0NRT,289.44,1.24,N
6.95986,79.96009,298.34,0.32,0.55,2026-09-07,1938,N21,nominal,2.0NRT,277.02,0.74,N
29.22552,88.3506,295.45,0.56,0.43,2026-09-07,1930,N21,nominal,2.0NRT,281.85,1.09,N
27.37664,95.33227,317.79,0.41,0.37,2026-09-07,1930,N21,nominal,2.0NRT,290.96,2.69,N
27.37592,95.33641,312.16,0.42,0.37,2026-09-07,1930,N21,nominal,2.0NRT,291.02,2.64,N
27.32616,95.27573,307.73,0.41,0.37,2026-09-07,1930,N21,nominal,2.0NRT,289.94,1.99,N
27.31742,95.26527,318.26,0.41,0.37,2026-09-07,1930,N21,nominal,2.0NRT,290.95,2.94,N
25.06495,101.57161,301.65,0.32,0.55,2026-09-07,1932,N21,nominal,2.0NRT,287.5,0.89,N
24.20942,98.23553,301.23,0.42,0.45,2026-09-07,1932,N21,nominal,2.0NRT,288.98,0.85,N
23.70043,90.53055,309.5,0.4,0.37,2026-09-07,1932,N21,nominal,2.0NRT,291.19,2.16,N
24.32804,81.32866,299.93,0.44,0.62,2026-09-07,1932,N21,nominal,2.0NRT,287.18,1.27,N
24.20175,82.71009,300.68,0.35,0.57,2026-09-07,1932,N21,nominal,2.0NRT,277.64,1.28,N
23.8034,86.32811,297.02,0.42,0.45,2026-09-07,1932,N21,nominal,2.0NRT,278.46,1.33,N
24.13313,82.59035,304.22,0.36,0.57,2026-09-07,1932,N21,nominal,2.0NRT,278.67,1.25,N
23.78814,85.55099,302.74,0.46,0.47,2026-09-07,1932,N21,nominal,2.0NRT,285.92,2.88,N
23.75419,85.85508,306.85,0.44,0.46,2026-09-07,1932,N21,nominal,2.0NRT,286.78,1.94,N
23.68455,86.3901,300.9,0.41,0.45,2026-09-07,1932,N21,nominal,2.0NRT,284.18,3.58,N
23.55958,87.24075,311.99,0.55,0.43,2026-09-07,1932,N21,nominal,2.0NRT,281.07,3.11,N
23.55897,87.2391,312.39,0.55,0.43,2026-09-07,1932,N21,nominal,2.0NRT,283.82,2.65,N
22.86449,89.53908,305.48,0.42,0.38,2026-09-07,1932,N21,nominal,2.0NRT,284.07,0.54,N
22.47836,90.71011,307.5,0.39,0.36,2026-09-07,1932,N21,nominal,2.0NRT,291.44,0.51,N
22.37626,87.27948,299.37,0.53,0.42,2026-09-07,1932,N21,nominal,2.0NRT,277.87,1.87,N
22.2152,84.86568,306.23,0.49,0.48,2026-09-07,1932,N21,nominal,2.0NRT,283.24,1.4,N
22.21465,84.8704,306.05,0.49,0.48,2026-09-07,1932,N21,nominal,2.0NRT,285.12,1.4,N
22.33269,82.60851,308.18,0.34,0.56,2026-09-07,1932,N21,nominal,2.0NRT,279.82,1.24,N
22.32787,82.60461,300.55,0.34,0.56,2026-09-07,1932,N21,nominal,2.0NRT,279.96,0.79,N
22.32403,82.59084,308.07,0.34,0.56,2026-09-07,1932,N21,nominal,2.0NRT,280.92,1.02,N
22.31631,82.5633,306.76,0.34,0.56,2026-09-07,1932,N21,nominal,2.0NRT,283.05,2.74,N
22.04097,83.73392,298.73,0.57,0.52,2026-09-07,1932,N21,nominal,2.0NRT,277.79,1.43,N
22.04051,83.73247,300.04,0.57,0.52,2026-09-07,1932,N21,nominal,2.0NRT,277.82,1.04,N
22.0399,83.73799,300.44,0.57,0.52,2026-09-07,1932,N21,nominal,2.0NRT,280.24,1.17,N
22.02972,83.7425,303.55,0.57,0.52,2026-09-07,1932,N21,nominal,2.0NRT,284.2,1.37,N
22.0376,83.35199,309.7,0.61,0.53,2026-09-07,1932,N21,nominal,2.0NRT,286.07,2.77,N
21.98534,83.23161,307.36,0.62,0.54,2026-09-07,1932,N21,nominal,2.0NRT,286.48,2.16,N
22.00673,82.67106,305.67,0.34,0.56,2026-09-07,1932,N21,nominal,2.0NRT,286.55,0.7,N
22.00196,82.66714,307.97,0.34,0.56,2026-09-07,1932,N21,nominal,2.0NRT,287.42,1.1,N
21.927,83.34171,305.73,0.61,0.53,2026-09-07,1932,N21,nominal,2.0NRT,285.99,3.11,N
21.92149,83.34697,307.16,0.6,0.53,2026-09-07,1932,N21,nominal,2.0NRT,285.24,2.88,N
21.92088,83.35279,313.94,0.6,0.53,2026-09-07,1932,N21,nominal,2.0NRT,285.99,2.88,N
21.87658,83.49339,302.13,0.59,0.53,2026-09-07,1932,N21,nominal,2.0NRT,279.79,1.94,N
21.98602,82.01473,300.81,0.37,0.58,2026-09-07,1932,N21,nominal,2.0NRT,277.89,0.39,N
21.79503,83.8849,305.3,0.56,0.51,2026-09-07,1932,N21,nominal,2.0NRT,288.23,2.26,N
21.98742,82.01503,300.91,0.37,0.58,2026-09-07,1932,N21,nominal,2.0NRT,278.27,0.5,N
21.76084,83.84806,311.27,0.56,0.51,2026-09-07,1932,N21,nominal,2.0NRT,286.58,2.66,N
21.75669,83.84213,308.73,0.56,0.51,2026-09-07,1932,N21,nominal,2.0NRT,288.36,2.66,N
21.74723,83.84109,318.11,0.56,0.51,2026-09-07,1932,N21,nominal,2.0NRT,288.42,4.12,N
21.7425,83.84057,307.16,0.56,0.51,2026-09-07,1932,N21,nominal,2.0NRT,288.59,2.97,N
21.67879,84.03669,312.44,0.54,0.51,2026-09-07,1932,N21,nominal,2.0NRT,288.62,3.53,N
21.67357,84.0414,304.03,0.54,0.51,2026-09-07,1932,N21,nominal,2.0NRT,287.79,2.61,N
21.67999,84.04037,309.32,0.54,0.51,2026-09-07,1932,N21,nominal,2.0NRT,288.14,3.42,N
21.80345,82.03878,307.21,0.37,0.58,2026-09-07,1932,N21,nominal,2.0NRT,287.02,1.11,N
21.79066,80.01683,306.09,0.5,0.66,2026-09-07,1932,N21,nominal,2.0NRT,284,2.2,N
21.61971,81.79224,305.05,0.38,0.59,2026-09-07,1932,N21,nominal,2.0NRT,287.47,1.01,N
21.48848,81.76777,307.39,0.38,0.59,2026-09-07,1932,N21,nominal,2.0NRT,287.12,0.95,N
21.4856,81.76935,308.9,0.38,0.59,2026-09-07,1932,N21,nominal,2.0NRT,286.9,1.18,N
21.08136,85.03483,307.16,0.46,0.47,2026-09-07,1932,N21,nominal,2.0NRT,290.61,4.23,N
21.07651,85.03867,315.46,0.46,0.47,2026-09-07,1932,N21,nominal,2.0NRT,291.45,2.87,N
21.07599,85.04311,308.78,0.46,0.47,2026-09-07,1932,N21,nominal,2.0NRT,290.56,2.87,N
21.07547,85.04758,305.71,0.46,0.47,2026-09-07,1932,N21,nominal,2.0NRT,290.74,3.25,N
21.07166,85.04259,306.27,0.46,0.47,2026-09-07,1932,N21,nominal,2.0NRT,290.44,3.2,N
21.37957,81.68008,298.36,0.38,0.59,2026-09-07,1932,N21,nominal,2.0NRT,276.57,0.25,N
21.38556,81.65132,302.29,0.38,0.59,2026-09-07,1932,N21,nominal,2.0NRT,277.01,2.01,N
21.37718,81.68044,307.24,0.38,0.59,2026-09-07,1932,N21,nominal,2.0NRT,276.36,1.63,N
21.36597,81.68304,297.76,0.38,0.59,2026-09-07,1932,N21,nominal,2.0NRT,273.95,0.47,N
20.97546,85.16879,311.99,0.45,0.47,2026-09-07,1932,N21,nominal,2.0NRT,290.96,3.35,N
20.97494,85.17311,312.08,0.45,0.47,2026-09-07,1932,N21,nominal,2.0NRT,290.73,3.35,N
20.97013,85.17691,330.66,0.45,0.47,2026-09-07,1932,N21,nominal,2.0NRT,291.28,6.27,N
20.96842,85.15473,322.83,0.45,0.47,2026-09-07,1932,N21,nominal,2.0NRT,290.75,4.81,N
20.96688,85.16772,312.46,0.45,0.47,2026-09-07,1932,N21,nominal,2.0NRT,291.06,2.02,N
20.96636,85.17205,306.14,0.45,0.47,2026-09-07,1932,N21,nominal,2.0NRT,290.84,2.02,N
20.96482,85.18497,310.34,0.45,0.47,2026-09-07,1932,N21,nominal,2.0NRT,290.84,1.83,N
20.96432,85.18922,317.49,0.45,0.47,2026-09-07,1932,N21,nominal,2.0NRT,290.89,1.83,N
20.9631,85.16286,313.34,0.45,0.47,2026-09-07,1932,N21,nominal,2.0NRT,290.83,3.84,N
20.96258,85.16721,310.18,0.45,0.47,2026-09-07,1932,N21,nominal,2.0NRT,291.1,2.02,N
20.96207,85.17151,313.81,0.45,0.47,2026-09-07,1932,N21,nominal,2.0NRT,291.14,2.02,N
20.96156,85.17583,311,0.45,0.47,2026-09-07,1932,N21,nominal,2.0NRT,291.1,5.26,N
20.96054,85.18441,308.3,0.45,0.47,2026-09-07,1932,N21,nominal,2.0NRT,290.78,1.83,N
20.96004,85.18867,306.86,0.45,0.47,2026-09-07,1932,N21,nominal,2.0NRT,290.6,1.83,N
20.95461,85.01144,309.47,0.46,0.47,2026-09-07,1932,N21,nominal,2.0NRT,291.07,3,N
21.3091,81.59063,298.73,0.39,0.59,2026-09-07,1932,N21,nominal,2.0NRT,271.56,1.06,N
20.89015,84.9828,323.51,0.46,0.47,2026-09-07,1932,N21,nominal,2.0NRT,290.68,2.76,N
20.88581,84.98227,316.6,0.46,0.47,2026-09-07,1932,N21,nominal,2.0NRT,290.85,2.76,N
20.87126,84.9938,335.78,0.46,0.47,2026-09-07,1932,N21,nominal,2.0NRT,290.8,7.29,N
20.87075,84.99813,317.91,0.46,0.47,2026-09-07,1932,N21,nominal,2.0NRT,290.62,2.84,N
20.86642,84.99756,306.39,0.46,0.47,2026-09-07,1932,N21,nominal,2.0NRT,290.88,2.84,N
20.86311,84.9883,335.65,0.46,0.47,2026-09-07,1932,N21,nominal,2.0NRT,291.32,2.96,N
20.8626,84.99263,307,0.46,0.47,2026-09-07,1932,N21,nominal,2.0NRT,290.79,2.96,N
20.80563,85.25608,322.07,0.44,0.46,2026-09-07,1932,N21,nominal,2.0NRT,291.07,5.55,N
20.79287,85.25444,338.42,0.44,0.46,2026-09-07,1932,N21,nominal,2.0NRT,290.03,9.84,N
20.78339,85.26167,309.48,0.44,0.46,2026-09-07,1932,N21,nominal,2.0NRT,290.09,4.05,N
20.79323,85.25481,337.99,0.44,0.46,2026-09-07,1932,N21,nominal,2.0NRT,289.68,8.31,N
20.7837,85.26202,313.38,0.44,0.46,2026-09-07,1932,N21,nominal,2.0NRT,290.15,3.75,N
20.76207,85.29778,305.05,0.44,0.46,2026-09-07,1932,N21,nominal,2.0NRT,290.05,1.97,N
21.18779,81.39091,297.45,0.4,0.6,2026-09-07,1932,N21,nominal,2.0NRT,271.47,0.92,N
20.75834,85.29301,308.63,0.44,0.46,2026-09-07,1932,N21,nominal,2.0NRT,290.09,3.7,N
20.75782,85.29731,305.4,0.44,0.46,2026-09-07,1932,N21,nominal,2.0NRT,290.09,1.97,N
21.18266,81.38652,300.42,0.4,0.6,2026-09-07,1932,N21,nominal,2.0NRT,273.58,1.84,N
21.33755,78.9687,313.83,0.58,0.69,2026-09-07,1932,N21,nominal,2.0NRT,287.02,2.75,N
21.33561,78.96673,307.5,0.58,0.69,2026-09-07,1932,N21,nominal,2.0NRT,286.84,2.93,N
19.9212,79.11353,301.64,0.54,0.68,2026-09-07,1934,N21,nominal,2.0NRT,283.1,1.45,N
19.10234,82.16467,317.52,0.33,0.56,2026-09-07,1934,N21,nominal,2.0NRT,289.7,1.16,N
19.10202,82.16782,305.78,0.33,0.56,2026-09-07,1934,N21,nominal,2.0NRT,290.32,1.16,N
19.09691,82.16727,316.26,0.33,0.56,2026-09-07,1934,N21,nominal,2.0NRT,289.76,1.16,N
19.10409,82.16557,304.43,0.33,0.56,2026-09-07,1934,N21,nominal,2.0NRT,289.5,0.95,N
19.10374,82.16871,305.12,0.33,0.56,2026-09-07,1934,N21,nominal,2.0NRT,289.87,0.93,N
19.09863,82.16817,310.64,0.33,0.56,2026-09-07,1934,N21,nominal,2.0NRT,289.53,1.73,N
18.72132,79.53968,303.63,0.49,0.65,2026-09-07,1934,N21,nominal,2.0NRT,287.74,1.41,N
17.46438,80.65501,312.76,0.4,0.6,2026-09-07,1934,N21,nominal,2.0NRT,288.56,1.42,N
17.46402,80.6552,312.13,0.4,0.6,2026-09-07,1934,N21,nominal,2.0NRT,288.62,1.61,N
15.17382,77.09942,302.63,0.66,0.73,2026-09-07,1934,N21,nominal,2.0NRT,286.73,2.65,N
15.02316,78.01364,301.33,0.57,0.69,2026-09-07,1934,N21,nominal,2.0NRT,278.47,4.18,N
12.74653,77.61774,300.76,0.56,0.69,2026-09-07,1936,N21,nominal,2.0NRT,288,1.69,N
12.02786,79.03661,307.05,0.44,0.62,2026-09-07,1936,N21,nominal,2.0NRT,291.73,0.85,N
11.81557,77.91275,305.57,0.52,0.67,2026-09-07,1936,N21,nominal,2.0NRT,290.74,1.99,N
11.8151,77.91316,305.93,0.52,0.67,2026-09-07,1936,N21,nominal,2.0NRT,291.15,2,N
24.5091,54.0167,338.58,0.52,0.67,2026-09-07,2254,N21,nominal,2.0NRT,293.39,7.87,N
24.50789,54.02164,327.3,0.52,0.67,2026-09-07,2254,N21,nominal,2.0NRT,291.97,7.87,N
24.00492,55.44022,306.82,0.65,0.73,2026-09-07,2254,N21,nominal,2.0NRT,295.55,3.34,N
22.92303,55.80393,313.38,0.73,0.76,2026-09-07,2254,N21,nominal,2.0NRT,292.02,4.31,N
21.4085,55.7431,307.95,0.78,0.78,2026-09-07,2254,N21,nominal,2.0NRT,295.51,2.16,N
18.01515,54.57027,327.84,0.78,0.78,2026-09-07,2257,N21,nominal,2.0NRT,293.43,15.99,N
18.01343,54.57743,327.25,0.78,0.78,2026-09-07,2257,N21,nominal,2.0NRT,292.95,14.54,N
18.00963,54.57247,350.87,0.78,0.78,2026-09-07,2257,N21,nominal,2.0NRT,294.26,19.13,N
39.84451,63.17082,311.15,0.66,0.73,2026-09-07,2250,N21,nominal,2.0NRT,283.8,2.07,N
39.62037,63.46601,295.17,0.69,0.74,2026-09-07,2250,N21,nominal,2.0NRT,285.13,1.54,N
39.17123,63.25386,296.38,0.7,0.75,2026-09-07,2250,N21,nominal,2.0NRT,284.02,2.29,N
39.16829,63.25557,299.8,0.7,0.75,2026-09-07,2250,N21,nominal,2.0NRT,284.14,2.03,N
37.79683,62.55125,295.77,0.71,0.75,2026-09-07,2250,N21,nominal,2.0NRT,283.63,0.97,N
37.7864,62.53701,295.38,0.71,0.75,2026-09-07,2250,N21,nominal,2.0NRT,283.53,1.01,N
37.72385,62.09285,296.71,0.67,0.74,2026-09-07,2250,N21,nominal,2.0NRT,284.1,1.13,N
37.72702,62.09378,295.88,0.67,0.74,2026-09-07,2250,N21,nominal,2.0NRT,284.42,1.14,N
37.6183,62.13715,300.7,0.68,0.74,2026-09-07,2250,N21,nominal,2.0NRT,285.99,1.57,N
37.42009,62.31016,297.68,0.71,0.75,2026-09-07,2250,N21,nominal,2.0NRT,283.95,1.22,N
37.60741,61.6043,300.1,0.64,0.72,2026-09-07,2250,N21,nominal,2.0NRT,286.95,1.45,N
37.49537,61.85053,298.88,0.66,0.73,2026-09-07,2250,N21,nominal,2.0NRT,285.43,1.68,N
37.08602,62.54972,295.34,0.74,0.76,2026-09-07,2250,N21,nominal,2.0NRT,283.18,1.06,N
37.11585,62.3602,305.19,0.72,0.76,2026-09-07,2250,N21,nominal,2.0NRT,285.93,5.36,N
37.11345,62.36779,304.9,0.73,0.76,2026-09-07,2250,N21,nominal,2.0NRT,284.49,3.94,N
38.25671,58.39157,308.94,0.42,0.61,2026-09-07,2250,N21,nominal,2.0NRT,291.86,1.37,N
37.03101,62.41365,325.56,0.73,0.76,2026-09-07,2250,N21,nominal,2.0NRT,286.96,14.31,N
37.02855,62.42133,367,0.73,0.76,2026-09-07,2250,N21,high,2.0NRT,287.57,14.31,N
37.03556,62.42152,299.81,0.73,0.76,2026-09-07,2250,N21,nominal,2.0NRT,286.61,10.81,N
37.02908,62.41813,367,0.73,0.76,2026-09-07,2250,N21,high,2.0NRT,288.83,10.81,N
37.0315,62.41044,295.7,0.73,0.76,2026-09-07,2250,N21,nominal,2.0NRT,284.94,10.81,N
37.02664,62.42589,303.07,0.73,0.76,2026-09-07,2250,N21,nominal,2.0NRT,284.04,15.13,N
37.63308,60.33987,296.48,0.55,0.68,2026-09-07,2250,N21,nominal,2.0NRT,286.37,0.86,N
38.25216,57.66427,303.06,0.38,0.59,2026-09-07,2250,N21,nominal,2.0NRT,291.96,1.19,N
37.94038,58.56505,301.36,0.44,0.62,2026-09-07,2250,N21,nominal,2.0NRT,291.35,1.09,N
36.47777,61.62785,298.27,0.69,0.74,2026-09-07,2250,N21,nominal,2.0NRT,285.63,2.94,N
36.47577,61.62582,299.19,0.69,0.75,2026-09-07,2250,N21,nominal,2.0NRT,285.81,2.25,N
36.99144,56.23102,304.04,0.35,0.57,2026-09-07,2250,N21,nominal,2.0NRT,287.35,0.88,N
36.70049,57.20271,298.77,0.4,0.6,2026-09-07,2250,N21,nominal,2.0NRT,288.75,0.6,N
33.62844,59.16759,297.26,0.62,0.71,2026-09-07,2252,N21,nominal,2.0NRT,287.22,1.38,N
33.62751,59.16854,298.91,0.62,0.71,2026-09-07,2252,N21,nominal,2.0NRT,287.75,1.74,N
32.33632,54.08583,307.83,0.35,0.56,2026-09-07,2252,N21,nominal,2.0NRT,292.98,1.4,N
31.9272,54.05372,332.08,0.35,0.57,2026-09-07,2252,N21,nominal,2.0NRT,295.51,3.36,N
31.84864,54.28655,311.12,0.36,0.58,2026-09-07,2252,N21,nominal,2.0NRT,294.98,1.55,N
31.62408,54.72372,304.03,0.39,0.59,2026-09-07,2252,N21,nominal,2.0NRT,292.38,1.75,N
31.6231,54.72764,303.51,0.39,0.59,2026-09-07,2252,N21,nominal,2.0NRT,291.57,1.48,N
30.75228,56.65821,310.42,0.53,0.67,2026-09-07,2252,N21,nominal,2.0NRT,291.3,2.89,N
30.75147,56.65833,310.78,0.53,0.67,2026-09-07,2252,N21,nominal,2.0NRT,291.11,3.68,N
30.66438,56.62029,299.31,0.53,0.67,2026-09-07,2252,N21,nominal,2.0NRT,288.2,0.89,N
30.2337,56.90678,308.24,0.57,0.69,2026-09-07,2252,N21,nominal,2.0NRT,291.26,2.5,N
30.23494,56.91012,304.67,0.57,0.69,2026-09-07,2252,N21,nominal,2.0NRT,290.1,2.12,N
30.32477,55.9733,301.01,0.5,0.66,2026-09-07,2252,N21,nominal,2.0NRT,290.41,0.85,N
29.92915,56.73368,312.96,0.56,0.69,2026-09-07,2252,N21,nominal,2.0NRT,287.49,2.61,N
29.99075,55.85732,318.34,0.5,0.66,2026-09-07,2252,N21,nominal,2.0NRT,286.95,2.33,N
29.98501,55.85517,304.42,0.5,0.66,2026-09-07,2252,N21,nominal,2.0NRT,287.6,2.33,N
30.07938,55.39677,306.03,0.47,0.64,2026-09-07,2252,N21,nominal,2.0NRT,289.89,2.14,N
29.13713,55.37405,304.74,0.49,0.65,2026-09-07,2252,N21,nominal,2.0NRT,293.87,1.86,N
25.901,54.53077,316.09,0.52,0.67,2026-09-07,2254,N21,nominal,2.0NRT,299.27,0.95,N
24.50255,56.6096,307.25,0.75,0.77,2026-09-07,2254,N21,nominal,2.0NRT,297,4.82,N
24.50391,56.60557,313.83,0.75,0.77,2026-09-07,2254,N21,nominal,2.0NRT,297.08,3.83,N
8.55648,80.7274,346.51,0.48,0.48,2026-09-08,0822,N21,nominal,2.0NRT,300.38,7.94,D
6.19473,80.87374,331.78,0.45,0.47,2026-09-08,0822,N21,nominal,2.0NRT,295.49,3.06,D
6.28055,80.75143,340.6,0.44,0.46,2026-09-08,0822,N21,nominal,2.0NRT,294.14,6.38,D
6.28048,80.75167,339.18,0.44,0.46,2026-09-08,0822,N21,nominal,2.0NRT,293.95,5.63,D
6.35681,81.14371,338.07,0.47,0.48,2026-09-08,0822,N21,nominal,2.0NRT,297.94,3.81,D
6.36852,81.16373,341.25,0.47,0.48,2026-09-08,0822,N21,nominal,2.0NRT,298.49,21.87,D
6.52255,80.95806,342.01,0.46,0.47,2026-09-08,0822,N21,nominal,2.0NRT,297.17,7.39,D
6.52011,80.95581,340.68,0.46,0.47,2026-09-08,0822,N21,nominal,2.0NRT,296.45,5.4,D
6.55326,81.036,342.86,0.47,0.48,2026-09-08,0822,N21,nominal,2.0NRT,297.64,8.42,D
6.55188,80.71368,338.98,0.45,0.47,2026-09-08,0822,N21,nominal,2.0NRT,293.04,6.82,D
6.55134,80.70992,337.28,0.45,0.47,2026-09-08,0822,N21,nominal,2.0NRT,293.04,6.77,D
6.71344,81.53087,338.43,0.51,0.49,2026-09-08,0822,N21,nominal,2.0NRT,300.91,9.09,D
6.69776,81.40108,336.93,0.5,0.49,2026-09-08,0822,N21,nominal,2.0NRT,301.14,9.77,D
6.74004,81.54244,335.44,0.51,0.49,2026-09-08,0822,N21,nominal,2.0NRT,296.55,7.51,D
6.77424,81.55653,353.57,0.51,0.49,2026-09-08,0822,N21,nominal,2.0NRT,290.47,12.59,D
6.9029,81.32422,335.37,0.5,0.49,2026-09-08,0822,N21,nominal,2.0NRT,293.49,4.07,D
6.97976,81.58334,331.02,0.52,0.5,2026-09-08,0822,N21,nominal,2.0NRT,297.45,4.41,D
7.04313,81.50825,332.92,0.51,0.49,2026-09-08,0822,N21,nominal,2.0NRT,299.52,6.38,D
7.04062,81.51006,333.86,0.51,0.5,2026-09-08,0822,N21,nominal,2.0NRT,298.71,4.34,D
7.07303,81.44435,330.01,0.51,0.49,2026-09-08,0822,N21,nominal,2.0NRT,297.38,4.32,D
7.08393,81.45663,330.23,0.51,0.49,2026-09-08,0822,N21,nominal,2.0NRT,298.29,3.74,D
7.19106,81.55193,330.04,0.52,0.5,2026-09-08,0822,N21,nominal,2.0NRT,299.52,10.07,D
7.30198,81.80838,336.32,0.54,0.51,2026-09-08,0822,N21,nominal,2.0NRT,298.21,4.56,D
7.36522,81.82755,335.01,0.54,0.51,2026-09-08,0822,N21,nominal,2.0NRT,298.13,6.86,D
7.38588,79.88,341.64,0.4,0.45,2026-09-08,0822,N21,nominal,2.0NRT,293.97,9.97,D
7.56507,80.94213,339.21,0.48,0.48,2026-09-08,0822,N21,nominal,2.0NRT,300.74,3.71,D
7.54722,80.22964,337.11,0.43,0.46,2026-09-08,0822,N21,nominal,2.0NRT,296.18,4.03,D
7.65037,80.84367,331.4,0.47,0.48,2026-09-08,0822,N21,nominal,2.0NRT,299.19,5.86,D
7.73403,81.15084,341.95,0.5,0.49,2026-09-08,0822,N21,nominal,2.0NRT,300.62,10.59,D
7.73295,81.15227,347.64,0.5,0.49,2026-09-08,0822,N21,nominal,2.0NRT,299.67,9.16,D
7.75369,81.10416,340.67,0.49,0.49,2026-09-08,0822,N21,nominal,2.0NRT,299.32,5.14,D
7.70645,80.69302,334.14,0.46,0.47,2026-09-08,0822,N21,nominal,2.0NRT,296.33,15.6,D
7.71078,80.69248,367,0.46,0.47,2026-09-08,0822,N21,high,2.0NRT,301.14,15.6,D
7.71028,80.68887,367,0.46,0.47,2026-09-08,0822,N21,high,2.0NRT,299.58,15.6,D
7.71066,80.03299,332.91,0.42,0.45,2026-09-08,0822,N21,nominal,2.0NRT,295.32,2.66,D
7.71873,79.85054,351.03,0.41,0.45,2026-09-08,0822,N21,nominal,2.0NRT,298.23,11.36,D
7.79291,80.13694,339.56,0.42,0.46,2026-09-08,0822,N21,nominal,2.0NRT,297.74,4.37,D
7.93941,81.04449,336.21,0.49,0.49,2026-09-08,0822,N21,nominal,2.0NRT,299.02,8.65,D
7.94324,81.0453,351.15,0.49,0.49,2026-09-08,0822,N21,nominal,2.0NRT,297.7,7.89,D
7.83528,80.09206,339.18,0.42,0.45,2026-09-08,0822,N21,nominal,2.0NRT,295.98,6.85,D
7.81706,79.93014,343.31,0.41,0.45,2026-09-08,0822,N21,nominal,2.0NRT,297.29,11.07,D
7.88146,80.30216,333.08,0.44,0.46,2026-09-08,0822,N21,nominal,2.0NRT,299.48,4.13,D
7.925,80.55324,354.45,0.45,0.47,2026-09-08,0822,N21,nominal,2.0NRT,299.38,17.55,D
7.89576,80.31219,336.68,0.44,0.46,2026-09-08,0822,N21,nominal,2.0NRT,298.22,2.53,D
7.88359,80.19463,336.6,0.43,0.46,2026-09-08,0822,N21,nominal,2.0NRT,297.18,4.29,D
7.97218,80.70206,330.63,0.47,0.47,2026-09-08,0822,N21,nominal,2.0NRT,297.53,2.2,D
7.91203,80.06565,330.28,0.42,0.45,2026-09-08,0822,N21,nominal,2.0NRT,295.22,3.73,D
7.91018,80.0658,331.72,0.42,0.45,2026-09-08,0822,N21,nominal,2.0NRT,294.55,2.18,D
8.00621,80.71095,332.99,0.47,0.48,2026-09-08,0822,N21,nominal,2.0NRT,297.01,5.54,D
7.94974,80.10694,346.32,0.43,0.46,2026-09-08,0822,N21,nominal,2.0NRT,299.06,7.84,D
8.02521,80.62346,341.92,0.46,0.47,2026-09-08,0822,N21,nominal,2.0NRT,298.54,8.54,D
8.06066,80.65664,330.2,0.46,0.47,2026-09-08,0822,N21,nominal,2.0NRT,298.96,4.64,D
8.00587,80.17339,338.66,0.43,0.46,2026-09-08,0822,N21,nominal,2.0NRT,298.5,4.18,D
8.1455,81.13643,332.6,0.5,0.49,2026-09-08,0822,N21,nominal,2.0NRT,299.8,9.85,D
8.14487,81.13193,342.28,0.5,0.49,2026-09-08,0822,N21,nominal,2.0NRT,299.47,10.37,D
8.11368,80.8131,331.22,0.48,0.48,2026-09-08,0822,N21,nominal,2.0NRT,297.96,4.36,D
8.12183,80.80756,332.62,0.48,0.48,2026-09-08,0822,N21,nominal,2.0NRT,299.51,10.69,D
8.12222,80.80523,332.08,0.48,0.48,2026-09-08,0822,N21,nominal,2.0NRT,298.43,9.63,D
8.08208,80.44212,332.7,0.45,0.47,2026-09-08,0822,N21,nominal,2.0NRT,295.78,4.07,D
8.16101,80.7302,337.88,0.47,0.48,2026-09-08,0822,N21,nominal,2.0NRT,298.95,9.89,D
8.23327,81.05791,333.96,0.5,0.49,2026-09-08,0822,N21,nominal,2.0NRT,296.91,5.83,D
8.13002,80.04712,336.9,0.42,0.45,2026-09-08,0822,N21,nominal,2.0NRT,299.27,5.72,D
8.13209,80.04674,332.82,0.42,0.46,2026-09-08,0822,N21,nominal,2.0NRT,297.41,3.12,D
8.17546,80.30257,331.46,0.44,0.46,2026-09-08,0822,N21,nominal,2.0NRT,297.61,1.69,D
8.23365,80.69917,333.04,0.47,0.48,2026-09-08,0822,N21,nominal,2.0NRT,299.59,5.65,D
8.23308,80.69492,333.06,0.47,0.48,2026-09-08,0822,N21,nominal,2.0NRT,299.8,5.99,D
8.2054,80.36328,335.76,0.45,0.47,2026-09-08,0822,N21,nominal,2.0NRT,295.34,5.52,D
8.21241,80.38275,341.38,0.45,0.47,2026-09-08,0822,N21,nominal,2.0NRT,299.02,8.78,D
8.29538,80.75999,345.56,0.47,0.48,2026-09-08,0822,N21,nominal,2.0NRT,299.03,10.28,D
8.26527,80.44974,340.03,0.45,0.47,2026-09-08,0822,N21,nominal,2.0NRT,299.06,9.21,D
8.30749,80.6246,335.2,0.47,0.47,2026-09-08,0822,N21,nominal,2.0NRT,300.11,5.38,D
8.4142,81.10427,340.7,0.5,0.49,2026-09-08,0822,N21,nominal,2.0NRT,297.3,7.18,D
8.34169,80.1948,342.42,0.44,0.46,2026-09-08,0822,N21,nominal,2.0NRT,303.3,27.25,D
8.34113,80.19086,335.95,0.44,0.46,2026-09-08,0822,N21,nominal,2.0NRT,301.87,20.3,D
8.3563,80.17673,352.51,0.44,0.46,2026-09-08,0822,N21,nominal,2.0NRT,301.72,24.83,D
8.35724,80.17769,341.6,0.44,0.46,2026-09-08,0822,N21,nominal,2.0NRT,302.52,24.92,D
8.48359,80.7542,332.98,0.48,0.48,2026-09-08,0822,N21,nominal,2.0NRT,299.21,5.62,D
8.50425,80.83977,347.27,0.48,0.48,2026-09-08,0822,N21,nominal,2.0NRT,298.32,45.38,D
8.44955,80.19279,336,0.44,0.46,2026-09-08,0822,N21,nominal,2.0NRT,301.59,9.42,D
8.50442,80.48933,333.05,0.46,0.47,2026-09-08,0822,N21,nominal,2.0NRT,300.78,4.88,D
8.50873,80.48872,330,0.46,0.47,2026-09-08,0822,N21,nominal,2.0NRT,295.28,4.88,D
8.53179,80.60948,330.76,0.47,0.48,2026-09-08,0822,N21,nominal,2.0NRT,297.66,2.51,D
8.54104,80.61244,347.17,0.47,0.48,2026-09-08,0822,N21,nominal,2.0NRT,299.56,6.06,D
8.56899,80.49351,336.58,0.46,0.47,2026-09-08,0822,N21,nominal,2.0NRT,299.22,5.75,D
8.59646,80.3148,340.59,0.45,0.47,2026-09-08,0822,N21,nominal,2.0NRT,299.04,16.66,D
8.5959,80.31518,340.46,0.45,0.47,2026-09-08,0822,N21,nominal,2.0NRT,299.38,14.57,D
8.69732,80.73946,334.74,0.48,0.48,2026-09-08,0822,N21,nominal,2.0NRT,299.15,5.79,D
8.35129,77.57536,337.99,0.46,0.39,2026-09-08,0822,N21,low,2.0NRT,308.27,7.94,D
8.80876,80.53885,335.55,0.47,0.47,2026-09-08,0822,N21,nominal,2.0NRT,298.55,4.43,D
8.80817,80.53466,330.63,0.47,0.47,2026-09-08,0822,N21,nominal,2.0NRT,300.18,8.11,D
8.8287,80.52316,333.42,0.47,0.47,2026-09-08,0822,N21,nominal,2.0NRT,294.08,3.29,D
8.86524,80.65672,330.46,0.48,0.48,2026-09-08,0822,N21,nominal,2.0NRT,300.3,7.33,D
8.86114,80.65377,332.5,0.48,0.48,2026-09-08,0822,N21,nominal,2.0NRT,299.6,7.22,D
8.8465,80.44485,330.95,0.46,0.47,2026-09-08,0822,N21,nominal,2.0NRT,298.69,6.63,D
8.91747,80.87355,335.84,0.49,0.49,2026-09-08,0822,N21,nominal,2.0NRT,298.29,5.67,D
8.9209,80.76503,341.71,0.49,0.48,2026-09-08,0822,N21,nominal,2.0NRT,299.47,8.61,D
8.92031,80.76068,341.96,0.48,0.48,2026-09-08,0822,N21,nominal,2.0NRT,300.66,8.61,D
8.93672,80.84823,337.09,0.49,0.49,2026-09-08,0822,N21,nominal,2.0NRT,298.69,6.38,D
8.58827,78.13114,338.22,0.5,0.41,2026-09-08,0822,N21,nominal,2.0NRT,305.91,6.7,D
8.97822,80.78842,330.4,0.49,0.48,2026-09-08,0822,N21,nominal,2.0NRT,299.79,4.05,D
8.60539,77.96745,340.75,0.49,0.4,2026-09-08,0822,N21,nominal,2.0NRT,309.4,22.28,D
8.73366,77.81716,339.76,0.48,0.4,2026-09-08,0822,N21,low,2.0NRT,309.85,6.88,D
8.73731,77.81662,338.94,0.48,0.4,2026-09-08,0822,N21,nominal,2.0NRT,308.82,6.88,D
9.14565,80.56906,335.13,0.47,0.48,2026-09-08,0822,N21,nominal,2.0NRT,296.75,3.75,D
8.86478,78.08195,343.18,0.5,0.41,2026-09-08,0822,N21,nominal,2.0NRT,312.93,13.19,D
9.22446,80.65133,336.94,0.48,0.48,2026-09-08,0822,N21,nominal,2.0NRT,298.19,3.95,D
8.86913,78.08589,343.59,0.5,0.41,2026-09-08,0822,N21,low,2.0NRT,314.46,13.19,D
8.84915,77.81451,337.79,0.48,0.4,2026-09-08,0822,N21,low,2.0NRT,309.67,6.21,D
8.88382,77.79616,336.88,0.48,0.4,2026-09-08,0822,N21,low,2.0NRT,310.04,4.84,D
9.3559,80.69241,346.16,0.49,0.48,2026-09-08,0822,N21,nominal,2.0NRT,299.87,9.42,D
8.93358,77.49417,335.99,0.46,0.39,2026-09-08,0822,N21,nominal,2.0NRT,304.15,3.63,D
9.04233,78.01846,339.56,0.49,0.41,2026-09-08,0822,N21,low,2.0NRT,310.43,11.21,D
9.38563,80.44428,339.39,0.47,0.48,2026-09-08,0822,N21,nominal,2.0NRT,300.05,7.81,D
9.38507,80.44005,341.4,0.47,0.48,2026-09-08,0822,N21,nominal,2.0NRT,300.05,7.81,D
9.05442,77.6814,338.42,0.48,0.4,2026-09-08,0822,N21,low,2.0NRT,309.31,4.97,D
9.09004,77.77312,348.41,0.48,0.4,2026-09-08,0822,N21,nominal,2.0NRT,311.34,10.56,D
9.27549,78.66257,338.63,0.54,0.42,2026-09-08,0822,N21,nominal,2.0NRT,305.96,5.92,D
9.09544,77.34049,336.61,0.46,0.39,2026-09-08,0822,N21,nominal,2.0NRT,304.17,5.52,D
9.31614,78.72684,345.46,0.55,0.42,2026-09-08,0822,N21,nominal,2.0NRT,305.14,13.24,D
9.34192,78.82452,337.52,0.55,0.43,2026-09-08,0822,N21,nominal,2.0NRT,304.14,31.48,D
9.53313,78.64571,346.35,0.54,0.42,2026-09-08,0822,N21,nominal,2.0NRT,312.4,54.78,D
9.52653,77.79057,342.79,0.49,0.4,2026-09-08,0822,N21,nominal,2.0NRT,309.7,14.47,D
9.75825,78.38308,336.88,0.53,0.42,2026-09-08,0822,N21,low,2.0NRT,310.77,2.91,D
9.86731,78.65581,336.69,0.55,0.43,2026-09-08,0822,N21,low,2.0NRT,306.77,3.23,D
9.96227,78.9623,336.26,0.38,0.43,2026-09-08,0822,N21,nominal,2.0NRT,302.92,3.07,D
9.97272,78.71961,331.94,0.56,0.43,2026-09-08,0822,N21,low,2.0NRT,306.26,1.96,D
9.85383,77.64912,335.9,0.48,0.4,2026-09-08,0822,N21,low,2.0NRT,308.28,5.26,D
10.04153,78.05537,338.27,0.51,0.41,2026-09-08,0822,N21,nominal,2.0NRT,307.97,2.16,D
10.16706,78.7907,338.75,0.57,0.43,2026-09-08,0822,N21,nominal,2.0NRT,304.92,3.99,D
10.17314,78.80556,332.18,0.57,0.43,2026-09-08,0822,N21,low,2.0NRT,305.28,3.25,D
10.23821,79.09862,344.63,0.39,0.44,2026-09-08,0822,N21,nominal,2.0NRT,309.9,10.75,D
10.40929,79.80421,338.02,0.44,0.46,2026-09-08,0822,N21,nominal,2.0NRT,304.04,3.37,D
10.42191,79.25281,367,0.41,0.45,2026-09-08,0822,N21,high,2.0NRT,309.42,13.69,D
10.42648,79.25591,350.01,0.41,0.45,2026-09-08,0822,N21,nominal,2.0NRT,308.23,15.53,D
10.27256,77.2524,341.4,0.47,0.39,2026-09-08,0822,N21,low,2.0NRT,315.02,16.81,D
10.55847,78.78347,341.32,0.57,0.43,2026-09-08,0822,N21,nominal,2.0NRT,303.61,5.9,D
10.43482,77.7946,341.46,0.5,0.41,2026-09-08,0822,N21,nominal,2.0NRT,308.28,9.44,D
10.49573,78.17871,335.43,0.53,0.42,2026-09-08,0822,N21,low,2.0NRT,309.55,5.23,D
10.75671,78.84985,335.72,0.39,0.44,2026-09-08,0822,N21,low,2.0NRT,309.18,2.77,D
10.55287,77.33337,340.8,0.47,0.4,2026-09-08,0822,N21,low,2.0NRT,312.49,9,D
10.80565,78.98431,346.36,0.39,0.44,2026-09-08,0822,N21,nominal,2.0NRT,310.46,6.58,D
10.78588,78.80675,338.74,0.38,0.44,2026-09-08,0822,N21,low,2.0NRT,309.45,1.68,D
10.78738,77.37723,340.07,0.48,0.4,2026-09-08,0822,N21,low,2.0NRT,310.99,6.63,D
10.7879,77.37819,340.86,0.48,0.4,2026-09-08,0822,N21,low,2.0NRT,311.05,6.51,D
11.14424,79.74757,331.38,0.45,0.47,2026-09-08,0822,N21,low,2.0NRT,301.7,2.46,D
11.13888,79.6744,330.75,0.44,0.46,2026-09-08,0822,N21,low,2.0NRT,302.67,1.57,D
11.17862,79.84267,336.29,0.45,0.47,2026-09-08,0822,N21,nominal,2.0NRT,302.6,7.35,D
10.86482,77.44711,338.97,0.48,0.4,2026-09-08,0822,N21,low,2.0NRT,311.12,4.39,D
10.92993,77.06577,337.44,0.46,0.39,2026-09-08,0822,N21,nominal,2.0NRT,307.43,5.02,D
11.29268,79.53696,340.47,0.43,0.46,2026-09-08,0822,N21,nominal,2.0NRT,302.23,5.31,D
11.29362,79.53706,336.2,0.43,0.46,2026-09-08,0822,N21,nominal,2.0NRT,301.32,5.37,D
11.02627,77.50809,338.93,0.49,0.4,2026-09-08,0822,N21,nominal,2.0NRT,308.69,8.94,D
11.12294,77.05234,343.69,0.47,0.39,2026-09-08,0822,N21,nominal,2.0NRT,310.02,15.77,D
11.16188,77.30102,339.64,0.48,0.4,2026-09-08,0822,N21,nominal,2.0NRT,308.34,5.8,D
11.44426,79.2206,330.32,0.42,0.45,2026-09-08,0822,N21,low,2.0NRT,301.33,2.6,D
11.46137,79.28418,332.24,0.42,0.45,2026-09-08,0822,N21,low,2.0NRT,304.44,3.45,D
11.18239,77.23586,337.91,0.48,0.4,2026-09-08,0822,N21,nominal,2.0NRT,305.16,7.38,D
11.47736,78.03462,338.17,0.53,0.42,2026-09-08,0822,N21,nominal,2.0NRT,306.83,7.99,D
11.70611,78.73426,337.6,0.39,0.44,2026-09-08,0822,N21,nominal,2.0NRT,309.21,3.05,D
11.999,79.72091,332.98,0.46,0.47,2026-09-08,0822,N21,low,2.0NRT,303.48,4.93,D
12.09626,77.0597,348.73,0.48,0.4,2026-09-08,0822,N21,nominal,2.0NRT,316.96,20.08,D
12.47741,78.93455,342.01,0.41,0.45,2026-09-08,0824,N21,nominal,2.0NRT,301.35,16.2,D
12.71969,79.77961,333.09,0.47,0.48,2026-09-08,0824,N21,low,2.0NRT,305.08,6.31,D
12.53124,78.209,333.37,0.56,0.43,2026-09-08,0824,N21,low,2.0NRT,307.81,3.75,D
13.38639,78.22185,341.05,0.38,0.43,2026-09-08,0824,N21,nominal,2.0NRT,306.3,3.35,D
13.73269,76.40993,338.63,0.46,0.39,2026-09-08,0824,N21,nominal,2.0NRT,306.36,5.03,D
13.83928,77.07301,341.14,0.5,0.41,2026-09-08,0824,N21,nominal,2.0NRT,302.19,7.41,D
13.97903,77.95586,338.88,0.56,0.43,2026-09-08,0824,N21,nominal,2.0NRT,307.37,17.1,D
13.99043,77.50262,338.3,0.53,0.42,2026-09-08,0824,N21,nominal,2.0NRT,306.1,4.89,D
14.21133,79.1557,335.5,0.45,0.47,2026-09-08,0824,N21,nominal,2.0NRT,302.15,5.96,D
14.18716,78.70611,342.37,0.42,0.45,2026-09-08,0824,N21,nominal,2.0NRT,303.51,2.16,D
14.1913,78.70552,337.8,0.42,0.45,2026-09-08,0824,N21,nominal,2.0NRT,304.64,4.35,D
14.05006,77.53891,332.19,0.53,0.42,2026-09-08,0824,N21,nominal,2.0NRT,301.96,7.04,D
14.04906,77.54129,331.43,0.53,0.42,2026-09-08,0824,N21,low,2.0NRT,301.51,3.87,D
14.04394,77.44282,340.46,0.53,0.42,2026-09-08,0824,N21,nominal,2.0NRT,305.77,12.21,D
14.35181,79.77394,331.42,0.5,0.49,2026-09-08,0824,N21,nominal,2.0NRT,300.25,5.07,D
14.36157,78.77882,333.15,0.43,0.46,2026-09-08,0824,N21,low,2.0NRT,303.57,3.1,D
14.45216,79.08225,331.66,0.45,0.47,2026-09-08,0824,N21,low,2.0NRT,301.84,1.77,D
14.53657,79.06839,367,0.45,0.47,2026-09-08,0824,N21,high,2.0NRT,304.9,41.2,D
14.61038,79.57807,332.01,0.48,0.48,2026-09-08,0824,N21,nominal,2.0NRT,298.28,3.66,D
14.71398,75.90421,341.75,0.45,0.39,2026-09-08,0824,N21,nominal,2.0NRT,301.66,4.12,D
14.9011,76.80833,338.46,0.5,0.41,2026-09-08,0824,N21,nominal,2.0NRT,304.26,9.15,D
15.756,100.30807,336.67,0.42,0.38,2026-09-08,0642,N21,nominal,2.0NRT,297.34,4.32,D
15.17756,76.67593,335.87,0.49,0.41,2026-09-08,0824,N21,nominal,2.0NRT,299.14,5.45,D
15.17509,76.65768,331.27,0.49,0.4,2026-09-08,0824,N21,nominal,2.0NRT,296.83,3.97,D
15.27007,75.14799,331.02,0.42,0.38,2026-09-08,0824,N21,nominal,2.0NRT,300.15,4.15,D
16.39796,78.34895,333.49,0.43,0.46,2026-09-08,0824,N21,nominal,2.0NRT,291.35,13.95,D
16.19677,75.13605,330.82,0.43,0.38,2026-09-08,0824,N21,nominal,2.0NRT,297.23,3.77,D
17.3413,81.05385,336.4,0.33,0.55,2026-09-08,0824,N21,nominal,2.0NRT,290.36,3.37,D
16.72304,74.7004,332.97,0.42,0.38,2026-09-08,0824,N21,nominal,2.0NRT,297.19,3.22,D
17.04641,76.16656,333.1,0.49,0.4,2026-09-08,0824,N21,nominal,2.0NRT,301.81,5.85,D
19.09082,82.16918,328.92,0.41,0.61,2026-09-08,0826,N21,nominal,2.0NRT,291.15,2.91,D
19.0964,82.16859,329.9,0.41,0.61,2026-09-08,0826,N21,nominal,2.0NRT,292.08,2.91,D
19.09543,82.16656,329.77,0.41,0.61,2026-09-08,0826,N21,nominal,2.0NRT,291.74,10.56,D
19.45337,75.63052,333.22,0.49,0.4,2026-09-08,0826,N21,nominal,2.0NRT,298.29,3.68,D
19.33149,72.01928,330.26,0.38,0.36,2026-09-08,0826,N21,nominal,2.0NRT,292.81,1.9,D
21.10469,72.648,339.09,0.39,0.36,2026-09-08,0826,N21,nominal,2.0NRT,304.87,6.1,D
21.10306,72.63672,338.43,0.39,0.36,2026-09-08,0826,N21,nominal,2.0NRT,304.32,18.55,D
12.85254,100.97121,330.7,0.42,0.38,2026-09-08,0642,N21,nominal,2.0NRT,292.9,2.63,D
21.10802,72.64745,345.05,0.39,0.36,2026-09-08,0826,N21,nominal,2.0NRT,306.03,6.1,D
22.6441,70.74747,345,0.38,0.36,2026-09-08,0826,N21,nominal,2.0NRT,301.73,5.6,D
23.02547,71.60612,335.77,0.39,0.36,2026-09-08,0826,N21,nominal,2.0NRT,300.71,5.45,D
23.32236,73.02036,333.37,0.41,0.37,2026-09-08,0826,N21,nominal,2.0NRT,298.97,4.23,D
22.9283,70.10589,338.6,0.39,0.36,2026-09-08,0826,N21,nominal,2.0NRT,308.02,8.42,D
22.93446,69.6957,333.52,0.4,0.37,2026-09-08,0826,N21,nominal,2.0NRT,300.99,2.78,D
23.04588,70.13788,338.51,0.39,0.36,2026-09-08,0826,N21,nominal,2.0NRT,301.42,13.02,D
21.66183,56.41661,341.31,0.78,0.78,2026-09-08,0826,N21,nominal,2.0NRT,303.93,23.56,D
21.66,56.40937,351.83,0.78,0.78,2026-09-08,0826,N21,nominal,2.0NRT,304.37,40.9,D
13.50953,101.18225,345.14,0.43,0.38,2026-09-08,0642,N21,nominal,2.0NRT,297.7,17.13,D
21.66876,56.41471,337.05,0.78,0.78,2026-09-08,0826,N21,nominal,2.0NRT,303.21,23.56,D
13.65217,100.56374,336.94,0.41,0.37,2026-09-08,0642,N21,nominal,2.0NRT,297.43,4.68,D
21.66693,56.40746,355.65,0.78,0.78,2026-09-08,0826,N21,low,2.0NRT,303.56,40.9,D
13.78541,101.15909,335.73,0.44,0.38,2026-09-08,0642,N21,nominal,2.0NRT,295.27,2.95,D
21.6671,56.41553,344.96,0.78,0.78,2026-09-08,0826,N21,nominal,2.0NRT,303.51,97.31,D
13.78485,101.1551,330.62,0.43,0.38,2026-09-08,0642,N21,nominal,2.0NRT,293.89,2.95,D
21.66335,56.40108,335.94,0.78,0.78,2026-09-08,0826,N21,nominal,2.0NRT,302.62,28.87,D
13.83954,101.29047,336.89,0.44,0.38,2026-09-08,0642,N21,nominal,2.0NRT,295.65,4.18,D
22.32814,56.48977,340.86,0.75,0.77,2026-09-08,0826,N21,nominal,2.0NRT,301.92,6.96,D
14.06955,100.37332,337.82,0.41,0.37,2026-09-08,0642,N21,nominal,2.0NRT,294.63,4.06,D
24.96146,68.29283,337.08,0.42,0.37,2026-09-08,0828,N21,low,2.0NRT,307.58,5.38,D
23.049,58.20457,333.02,0.56,0.69,2026-09-08,0828,N21,low,2.0NRT,303.91,4.08,D
14.13965,100.76136,331.31,0.42,0.38,2026-09-08,0642,N21,nominal,2.0NRT,295.02,3.78,D
26.61457,68.1585,345.72,0.41,0.37,2026-09-08,0828,N21,nominal,2.0NRT,309.88,10.17,D
14.13287,100.56931,344.79,0.42,0.37,2026-09-08,0642,N21,nominal,2.0NRT,290.36,12.88,D
26.02502,62.98444,343.24,0.49,0.49,2026-09-08,0828,N21,nominal,2.0NRT,311.27,7.04,D
14.13319,100.57003,337.35,0.42,0.37,2026-09-08,0642,N21,nominal,2.0NRT,290.95,8.26,D
29.91017,74.95127,335.65,0.39,0.44,2026-09-08,0828,N21,nominal,2.0NRT,303.23,5.41,D
14.20485,100.82813,331.18,0.43,0.38,2026-09-08,0642,N21,nominal,2.0NRT,293.05,4.22,D
29.82665,72.6118,335.04,0.45,0.39,2026-09-08,0828,N21,low,2.0NRT,305.58,3.02,D
14.19162,100.25159,337.3,0.41,0.37,2026-09-08,0642,N21,nominal,2.0NRT,291.06,7.53,D
29.98816,72.85799,332.26,0.47,0.4,2026-09-08,0828,N21,low,2.0NRT,305.39,2,D
14.195,100.25108,331.91,0.41,0.37,2026-09-08,0642,N21,nominal,2.0NRT,294.59,7.53,D
27.17042,56.04879,334.24,0.61,0.71,2026-09-08,0828,N21,nominal,2.0NRT,299.24,5.56,D
14.19445,100.24734,333.67,0.41,0.37,2026-09-08,0642,N21,nominal,2.0NRT,296.37,24.27,D
30.32612,71.97502,334.23,0.44,0.38,2026-09-08,0828,N21,low,2.0NRT,306.54,4.33,D
14.27224,100.78606,332.42,0.43,0.38,2026-09-08,0642,N21,nominal,2.0NRT,295.14,2.14,D
30.32961,71.97441,344.16,0.44,0.38,2026-09-08,0828,N21,nominal,2.0NRT,306.29,6.48,D
31.12216,74.68616,339.62,0.39,0.44,2026-09-08,0828,N21,nominal,2.0NRT,302.34,9.2,D
14.2281,100.13502,344.18,0.4,0.37,2026-09-08,0642,N21,nominal,2.0NRT,291.14,10.13,D
31.42434,74.57329,332.86,0.39,0.44,2026-09-08,0828,N21,nominal,2.0NRT,301.2,3.47,D
14.50849,100.5491,333.03,0.42,0.38,2026-09-08,0642,N21,nominal,2.0NRT,294.42,3.8,D
31.45696,72.13266,335.98,0.45,0.39,2026-09-08,0828,N21,nominal,2.0NRT,301.91,3.59,D
14.47984,100.1578,335.89,0.41,0.37,2026-09-08,0642,N21,nominal,2.0NRT,295.51,6.07,D
31.63415,54.30256,337.08,0.6,0.7,2026-09-08,0830,N21,low,2.0NRT,310.14,3.98,D
14.63358,101.07752,334.52,0.44,0.38,2026-09-08,0642,N21,nominal,2.0NRT,298.14,4.75,D
14.56198,100.21404,332.44,0.41,0.37,2026-09-08,0642,N21,nominal,2.0NRT,293.17,2.94,D
14.67437,100.80272,335.43,0.43,0.38,2026-09-08,0642,N21,nominal,2.0NRT,299.54,3.61,D
14.67625,100.59482,331.48,0.42,0.38,2026-09-08,0642,N21,nominal,2.0NRT,295.35,3.31,D
14.66988,100.40306,333.13,0.42,0.37,2026-09-08,0642,N21,nominal,2.0NRT,293.29,4.76,D
14.70132,100.57539,331.85,0.42,0.38,2026-09-08,0642,N21,nominal,2.0NRT,292.11,3.31,D
14.73954,100.72105,335.25,0.43,0.38,2026-09-08,0642,N21,nominal,2.0NRT,295.88,6.53,D
14.72532,100.20824,338.11,0.41,0.37,2026-09-08,0642,N21,nominal,2.0NRT,291.36,4.97,D
14.86398,100.51208,330.66,0.42,0.38,2026-09-08,0642,N21,nominal,2.0NRT,290.6,1.54,D
14.87891,100.49401,338.26,0.42,0.38,2026-09-08,0642,N21,nominal,2.0NRT,292.89,4.21,D
14.93253,100.80186,334.09,0.43,0.38,2026-09-08,0642,N21,nominal,2.0NRT,295.66,8.38,D
14.93198,100.79788,336.96,0.43,0.38,2026-09-08,0642,N21,nominal,2.0NRT,295.66,6.69,D
14.8911,100.4565,343.8,0.42,0.38,2026-09-08,0642,N21,nominal,2.0NRT,295.98,4.54,D
14.89853,100.36109,336.05,0.42,0.37,2026-09-08,0642,N21,nominal,2.0NRT,291.21,3.9,D
14.92152,100.42429,347.07,0.42,0.37,2026-09-08,0642,N21,nominal,2.0NRT,292.71,7.17,D
14.91109,100.35135,334.6,0.42,0.37,2026-09-08,0642,N21,nominal,2.0NRT,290.43,5.39,D
14.93445,100.34386,333.19,0.42,0.37,2026-09-08,0642,N21,nominal,2.0NRT,290.87,3.79,D
14.92859,100.25504,344.06,0.41,0.37,2026-09-08,0642,N21,nominal,2.0NRT,290.89,6.32,D
15.03491,100.75858,330.75,0.43,0.38,2026-09-08,0642,N21,nominal,2.0NRT,295.51,2.78,D
15.11599,100.73018,335.6,0.43,0.38,2026-09-08,0642,N21,nominal,2.0NRT,296.64,5.19,D
15.09527,100.53663,345.54,0.42,0.38,2026-09-08,0642,N21,nominal,2.0NRT,295.77,9.02,D
15.03891,100.07581,335.66,0.41,0.37,2026-09-08,0642,N21,nominal,2.0NRT,296.07,5.54,D
15.04035,100.07619,343.69,0.41,0.37,2026-09-08,0642,N21,nominal,2.0NRT,294.61,8.12,D
15.03874,100.0649,332.55,0.41,0.37,2026-09-08,0642,N21,nominal,2.0NRT,295.61,3.52,D
15.11256,100.38827,334.2,0.42,0.38,2026-09-08,0642,N21,nominal,2.0NRT,294.39,2.46,D
15.19514,100.74754,337.61,0.43,0.38,2026-09-08,0642,N21,nominal,2.0NRT,295.81,5.4,D
15.2078,100.39353,346.07,0.42,0.38,2026-09-08,0642,N21,nominal,2.0NRT,299.2,6.7,D
15.22152,100.39143,334.83,0.42,0.38,2026-09-08,0642,N21,nominal,2.0NRT,297.57,7.18,D
15.34018,100.51246,333.69,0.42,0.38,2026-09-08,0642,N21,nominal,2.0NRT,295.3,2.82,D
15.22193,99.54271,335.11,0.4,0.37,2026-09-08,0642,N21,nominal,2.0NRT,284.84,5.83,D
15.32035,99.70873,336.3,0.4,0.37,2026-09-08,0642,N21,nominal,2.0NRT,291.97,3.33,D
15.63649,100.40499,333.36,0.42,0.38,2026-09-08,0642,N21,nominal,2.0NRT,296.15,4.54,D
15.70226,100.29949,337.03,0.42,0.38,2026-09-08,0642,N21,nominal,2.0NRT,295.51,5.37,D
15.7234,100.30023,334.64,0.42,0.38,2026-09-08,0642,N21,nominal,2.0NRT,296.04,5.11,D
15.71837,100.26535,339.58,0.42,0.38,2026-09-08,0642,N21,nominal,2.0NRT,296.29,5.33,D
15.72347,100.30113,334.01,0.42,0.38,2026-09-08,0642,N21,nominal,2.0NRT,295.38,2.34,D
15.71857,100.26624,336.95,0.42,0.38,2026-09-08,0642,N21,nominal,2.0NRT,295.57,4.21,D
15.74694,100.29357,330.2,0.42,0.38,2026-09-08,0642,N21,nominal,2.0NRT,296.65,4.29,D
15.70353,99.96333,340.74,0.41,0.37,2026-09-08,0642,N21,nominal,2.0NRT,296.15,5.58,D
15.75952,100.18496,330.4,0.42,0.37,2026-09-08,0642,N21,nominal,2.0NRT,294.93,4.65,D
15.79244,100.34229,332.75,0.42,0.38,2026-09-08,0642,N21,nominal,2.0NRT,294.84,2.76,D
15.87138,100.87631,330.77,0.44,0.39,2026-09-08,0642,N21,nominal,2.0NRT,298.53,2.23,D
15.87442,100.84682,332.78,0.44,0.38,2026-09-08,0642,N21,nominal,2.0NRT,296.81,2.36,D
15.87793,100.84625,335.52,0.44,0.38,2026-09-08,0642,N21,nominal,2.0NRT,298.77,2.33,D
15.82298,100.2859,333.33,0.42,0.38,2026-09-08,0642,N21,nominal,2.0NRT,294.54,2.02,D
15.82007,100.19159,337.92,0.42,0.37,2026-09-08,0642,N21,nominal,2.0NRT,297.54,5.07,D
15.86128,100.04009,330.21,0.41,0.37,2026-09-08,0642,N21,nominal,2.0NRT,293.98,2.08,D
15.93452,100.40488,332.9,0.42,0.38,2026-09-08,0642,N21,nominal,2.0NRT,293.46,2.84,D
15.92045,100.16042,342.32,0.42,0.37,2026-09-08,0642,N21,nominal,2.0NRT,295.9,6.25,D
15.92079,100.16024,346.24,0.42,0.37,2026-09-08,0642,N21,nominal,2.0NRT,296.33,9.29,D
15.9896,100.30039,345.93,0.42,0.38,2026-09-08,0642,N21,nominal,2.0NRT,295.66,7.16,D
15.99316,100.27594,333.24,0.42,0.38,2026-09-08,0642,N21,nominal,2.0NRT,296.24,2.55,D
16.00513,100.28606,332.49,0.42,0.38,2026-09-08,0642,N21,nominal,2.0NRT,294.31,2.23,D
16.01813,100.328,331.89,0.42,0.38,2026-09-08,0642,N21,nominal,2.0NRT,294.8,7.09,D
16.0347,100.3455,333.22,0.42,0.38,2026-09-08,0642,N21,nominal,2.0NRT,294.8,4.5,D
16.00978,100.12292,334.46,0.42,0.37,2026-09-08,0642,N21,nominal,2.0NRT,296.09,4.08,D
15.97017,99.82523,334.88,0.41,0.37,2026-09-08,0642,N21,nominal,2.0NRT,295.63,3.07,D
16.05816,100.36711,332.29,0.42,0.38,2026-09-08,0642,N21,nominal,2.0NRT,294.82,3.71,D
16.04676,100.18532,333.1,0.42,0.38,2026-09-08,0642,N21,nominal,2.0NRT,295.33,1.67,D
16.0333,100.06518,339.03,0.41,0.37,2026-09-08,0642,N21,nominal,2.0NRT,298.69,5.91,D
16.03414,100.02193,336.34,0.41,0.37,2026-09-08,0642,N21,nominal,2.0NRT,296.54,4.82,D
16.05062,100.11362,335.9,0.42,0.37,2026-09-08,0642,N21,nominal,2.0NRT,296.5,5.45,D
16.04844,100.09821,338.47,0.42,0.37,2026-09-08,0642,N21,nominal,2.0NRT,295.27,2.63,D
16.06484,100.11538,339.38,0.42,0.37,2026-09-08,0642,N21,nominal,2.0NRT,295.17,4.6,D
16.10871,100.10469,332.24,0.42,0.37,2026-09-08,0642,N21,nominal,2.0NRT,295.34,2.13,D
16.1088,100.08106,330.55,0.42,0.37,2026-09-08,0642,N21,nominal,2.0NRT,296.2,3.25,D
16.20772,100.33249,330.78,0.42,0.38,2026-09-08,0642,N21,nominal,2.0NRT,295.5,2.97,D
16.14657,99.82942,332.95,0.41,0.37,2026-09-08,0642,N21,nominal,2.0NRT,295.58,2.68,D
16.22151,100.33037,341.22,0.42,0.38,2026-09-08,0642,N21,nominal,2.0NRT,295.53,8.44,D
16.26138,100.19244,336.56,0.42,0.38,2026-09-08,0644,N21,nominal,2.0NRT,295.38,4.63,D
16.18123,99.46014,332.92,0.4,0.37,2026-09-08,0644,N21,nominal,2.0NRT,296.03,2.2,D
16.3807,100.21896,335.4,0.42,0.38,2026-09-08,0644,N21,nominal,2.0NRT,295.89,6.24,D
16.5873,99.68006,333.66,0.41,0.37,2026-09-08,0644,N21,nominal,2.0NRT,294.98,4.95,D
16.70705,99.68543,336.09,0.41,0.37,2026-09-08,0644,N21,nominal,2.0NRT,295.27,2.78,D
16.94809,99.45504,334.05,0.4,0.37,2026-09-08,0644,N21,nominal,2.0NRT,294.45,2.68,D
17.09784,100.0158,334.94,0.42,0.38,2026-09-08,0644,N21,nominal,2.0NRT,295.48,4.84,D
17.1706,99.98456,334,0.42,0.38,2026-09-08,0644,N21,nominal,2.0NRT,295.78,4.73,D
17.30899,99.06269,332.8,0.4,0.37,2026-09-08,0644,N21,nominal,2.0NRT,296.69,4.67,D
17.35619,99.08172,334.05,0.4,0.37,2026-09-08,0644,N21,nominal,2.0NRT,295.05,2.53,D
18.55311,99.06791,329.75,0.4,0.37,2026-09-08,0644,N21,nominal,2.0NRT,299.2,4.62,D
19.73639,99.732,336.05,0.43,0.38,2026-09-08,0644,N21,nominal,2.0NRT,297.67,6.37,D
20.47254,100.11707,331.35,0.45,0.39,2026-09-08,0644,N21,nominal,2.0NRT,289.7,5.11,D
18.51579,83.0489,329.47,0.77,0.77,2026-09-08,0644,N21,nominal,2.0NRT,287.13,7.09,D
22.37533,87.27926,331.53,0.34,0.56,2026-09-08,0646,N21,nominal,2.0NRT,290.29,6.75,D
24.14142,97.00646,337.21,0.39,0.36,2026-09-08,0646,N21,nominal,2.0NRT,293.26,25.17,D
27.18455,98.26585,331.42,0.44,0.38,2026-09-08,0646,N21,nominal,2.0NRT,296.07,4.32,D
27.32665,95.2774,332.03,0.38,0.36,2026-09-08,0646,N21,nominal,2.0NRT,295.08,1.83,D
28.01318,96.66594,333.36,0.4,0.37,2026-09-08,0646,N21,nominal,2.0NRT,297.95,12.3,D
28.01491,96.65388,329.84,0.4,0.37,2026-09-08,0646,N21,nominal,2.0NRT,295.39,3.61,D
28.02114,96.64943,332.61,0.4,0.37,2026-09-08,0646,N21,nominal,2.0NRT,297.6,4.96,D
27.94668,95.25527,342.42,0.38,0.36,2026-09-08,0646,N21,nominal,2.0NRT,297.97,6.59,D
27.94996,95.25465,330.52,0.38,0.36,2026-09-08,0646,N21,nominal,2.0NRT,296.35,2.49,D
28.11007,95.48288,336.75,0.39,0.36,2026-09-08,0646,N21,nominal,2.0NRT,297.17,5.47,D
28.29347,96.58476,330.4,0.4,0.37,2026-09-08,0646,N21,nominal,2.0NRT,291.44,2.65,D
28.57828,96.9463,329.74,0.41,0.37,2026-09-08,0646,N21,nominal,2.0NRT,293.13,6.07,D
29.24652,91.86194,335.02,0.43,0.38,2026-09-08,0646,N21,nominal,2.0NRT,304.64,5.2,D
29.55303,90.96274,327.42,0.47,0.39,2026-09-08,0646,N21,low,2.0NRT,300.87,3.64,D
38.38837,77.44116,337.21,0.34,0.56,2026-09-08,0830,N21,nominal,2.0NRT,301.78,5.64,D
37.42229,62.3107,332.69,0.49,0.4,2026-09-08,0830,N21,low,2.0NRT,307.66,3.39,D
8.00524,100.11546,337.28,0.38,0.36,2026-09-08,0640,N21,nominal,2.0NRT,294.94,5.47,D
37.05774,60.17185,352.43,0.42,0.45,2026-09-08,0830,N21,nominal,2.0NRT,307.51,9.66,D
8.00801,100.1115,345.51,0.38,0.36,2026-09-08,0640,N21,nominal,2.0NRT,296.69,6.78,D
37.35265,60.81761,336.09,0.38,0.43,2026-09-08,0830,N21,low,2.0NRT,308.56,2.57,D
8.01407,100.10703,331.29,0.38,0.36,2026-09-08,0640,N21,nominal,2.0NRT,298.11,5.74,D
37.59127,61.11891,346.67,0.55,0.43,2026-09-08,0830,N21,nominal,2.0NRT,314.55,8.7,D
37.5177,59.38222,341.3,0.45,0.47,2026-09-08,0833,N21,nominal,2.0NRT,304.23,6.54,D
18.01133,54.5743,351.19,0.57,0.52,2026-09-08,1006,N21,nominal,2.0NRT,305.96,21.05,D
18.3207,55.10612,343.12,0.62,0.54,2026-09-08,1006,N21,nominal,2.0NRT,306.1,20.08,D
18.32224,55.10429,345.78,0.62,0.54,2026-09-08,1006,N21,nominal,2.0NRT,306.56,12.95,D
18.69122,55.50334,336.85,0.33,0.56,2026-09-08,1006,N21,low,2.0NRT,308.48,0.67,D
20.22666,55.73952,341.78,0.36,0.58,2026-09-08,1006,N21,nominal,2.0NRT,310.43,2.45,D
20.3737,55.93531,341.16,0.38,0.58,2026-09-08,1006,N21,nominal,2.0NRT,309.52,0.77,D
20.38908,55.66075,339.41,0.36,0.57,2026-09-08,1006,N21,low,2.0NRT,311.16,1.84,D
20.38768,55.64713,342.12,0.36,0.57,2026-09-08,1006,N21,nominal,2.0NRT,310.66,1.46,D
21.30424,57.79834,341.02,0.51,0.66,2026-09-08,1009,N21,nominal,2.0NRT,306.77,3,D
21.31174,57.74325,338.47,0.51,0.66,2026-09-08,1009,N21,nominal,2.0NRT,306.28,6.09,D
21.40785,55.74154,340.35,0.38,0.58,2026-09-08,1009,N21,low,2.0NRT,310.43,2.76,D
21.83505,56.67923,341.01,0.44,0.62,2026-09-08,1009,N21,nominal,2.0NRT,308.46,2.7,D
21.89054,56.8451,337.51,0.45,0.63,2026-09-08,1009,N21,low,2.0NRT,307.69,1.6,D
21.93493,57.07556,340.49,0.47,0.64,2026-09-08,1009,N21,nominal,2.0NRT,306.93,3.76,D
21.93452,57.07107,336.94,0.47,0.64,2026-09-08,1009,N21,low,2.0NRT,307.02,3.76,D
21.89147,56.84587,341.89,0.45,0.63,2026-09-08,1009,N21,nominal,2.0NRT,307.78,1.05,D
21.93978,57.07164,346.24,0.47,0.64,2026-09-08,1009,N21,nominal,2.0NRT,307.01,5.82,D
22.32903,56.47123,345.72,0.43,0.62,2026-09-08,1009,N21,nominal,2.0NRT,306.83,4.92,D
22.4031,56.99024,335.25,0.47,0.64,2026-09-08,1009,N21,nominal,2.0NRT,305.18,2.52,D
22.44319,56.70055,336.82,0.45,0.63,2026-09-08,1009,N21,low,2.0NRT,307.09,11.41,D
22.87271,55.61369,340.22,0.38,0.59,2026-09-08,1009,N21,nominal,2.0NRT,309.82,0.89,D
22.92839,55.80538,346.63,0.39,0.6,2026-09-08,1009,N21,nominal,2.0NRT,308.24,4.47,D
23.18831,55.45712,353.06,0.38,0.59,2026-09-08,1009,N21,nominal,2.0NRT,311.86,5.51,D
23.31121,54.17662,346.19,0.63,0.54,2026-09-08,1009,N21,nominal,2.0NRT,314.35,29.72,D
24.21243,54.14388,354.4,0.32,0.54,2026-09-08,1009,N21,nominal,2.0NRT,312.48,6.45,D
24.50312,56.60827,332.95,0.46,0.64,2026-09-08,1009,N21,low,2.0NRT,304.27,4.41,D
24.50947,54.01984,350.94,0.63,0.54,2026-09-08,1009,N21,nominal,2.0NRT,302.16,22.81,D
24.51062,54.01979,346.95,0.63,0.54,2026-09-08,1009,N21,nominal,2.0NRT,302.28,20.59,D
24.60903,54.1527,331.9,0.32,0.55,2026-09-08,1009,N21,nominal,2.0NRT,301.41,3.46,D
24.60872,54.14953,333.71,0.32,0.55,2026-09-08,1009,N21,nominal,2.0NRT,301.46,3.43,D
27.15675,56.10135,333.42,0.46,0.63,2026-09-08,1009,N21,nominal,2.0NRT,301.26,4.27,D
27.16257,56.10076,344.89,0.46,0.63,2026-09-08,1009,N21,nominal,2.0NRT,301.61,4.27,D
27.17124,56.05815,336.19,0.46,0.63,2026-09-08,1009,N21,nominal,2.0NRT,301.35,4.93,D
27.98118,57.9453,342.65,0.61,0.71,2026-09-08,1009,N21,nominal,2.0NRT,299.85,17.97,D
27.98082,57.93913,355.32,0.61,0.71,2026-09-08,1009,N21,nominal,2.0NRT,301.02,17.97,D
27.98087,57.9402,367,0.61,0.71,2026-09-08,1009,N21,high,2.0NRT,301.34,29.2,D
29.99157,55.85521,353.59,0.47,0.64,2026-09-08,1011,N21,nominal,2.0NRT,314.57,8.05,D
30.07959,55.40058,346.17,0.45,0.63,2026-09-08,1011,N21,nominal,2.0NRT,316.98,8.65,D
7.18365,80.95577,305.33,0.59,0.7,2026-09-08,1917,N21,nominal,2.0NRT,281.65,1.31,N
7.18243,80.95554,305.62,0.59,0.7,2026-09-08,1917,N21,nominal,2.0NRT,281.76,1.32,N
26.57724,101.6654,312.91,0.49,0.4,2026-09-08,1910,N21,nominal,2.0NRT,291.18,2.22,N
26.5764,101.66996,308.5,0.49,0.4,2026-09-08,1910,N21,nominal,2.0NRT,290.15,2.22,N
26.57273,101.66929,306.61,0.49,0.4,2026-09-08,1910,N21,nominal,2.0NRT,289.01,2.22,N
25.51557,100.72636,298.36,0.46,0.39,2026-09-08,1910,N21,nominal,2.0NRT,288.23,1.03,N
25.06418,101.57155,309.62,0.51,0.41,2026-09-08,1910,N21,nominal,2.0NRT,290.1,1.3,N
23.34655,99.40872,302.54,0.43,0.38,2026-09-08,1910,N21,nominal,2.0NRT,290.46,0.92,N
23.80574,86.33054,308.66,0.42,0.61,2026-09-08,1913,N21,nominal,2.0NRT,279.32,1.6,N
23.80013,86.32999,311.88,0.42,0.61,2026-09-08,1913,N21,nominal,2.0NRT,279.79,2.3,N
23.79843,86.35011,313.88,0.41,0.61,2026-09-08,1913,N21,nominal,2.0NRT,280.18,3.99,N
23.7941,86.35069,303.83,0.41,0.61,2026-09-08,1913,N21,nominal,2.0NRT,280.29,2.74,N
23.77853,86.20904,300.67,0.42,0.61,2026-09-08,1913,N21,nominal,2.0NRT,269.51,1.84,N
23.66482,87.15405,300.74,0.37,0.58,2026-09-08,1913,N21,nominal,2.0NRT,273.76,0.85,N
23.66449,87.15766,302.53,0.37,0.58,2026-09-08,1913,N21,nominal,2.0NRT,273.56,0.85,N
23.72031,86.42017,304.29,0.41,0.61,2026-09-08,1913,N21,nominal,2.0NRT,279.17,2.32,N
23.7144,86.42355,301.37,0.41,0.61,2026-09-08,1913,N21,nominal,2.0NRT,279.47,2.32,N
23.67803,86.39852,298.04,0.41,0.61,2026-09-08,1913,N21,nominal,2.0NRT,275.35,1.33,N
23.55976,87.08315,299.24,0.37,0.58,2026-09-08,1913,N21,nominal,2.0NRT,275.73,1.77,N
12.92216,99.76536,303.38,0.41,0.45,2026-09-08,1915,N21,nominal,2.0NRT,271.56,1.16,N
39.59232,94.30675,296.16,0.42,0.45,2026-09-08,1908,N21,nominal,2.0NRT,285.26,0.75,N
39.64892,75.89717,303.95,0.38,0.36,2026-09-08,2051,N21,nominal,2.0NRT,286.41,1.13,N
39.85407,66.19731,300.92,0.59,0.53,2026-09-08,2051,N21,nominal,2.0NRT,289.63,1.18,N
39.49618,64.69228,298.48,0.35,0.57,2026-09-08,2051,N21,nominal,2.0NRT,287.77,1.36,N
39.1826,65.3134,303.57,0.33,0.55,2026-09-08,2051,N21,nominal,2.0NRT,288.25,0.65,N
39.17092,63.27151,298.03,0.42,0.61,2026-09-08,2051,N21,nominal,2.0NRT,282.34,0.96,N
39.16619,63.25142,300.55,0.42,0.61,2026-09-08,2051,N21,nominal,2.0NRT,287.06,1.57,N
39.16573,63.26127,299.85,0.42,0.61,2026-09-08,2051,N21,nominal,2.0NRT,285,2.3,N
38.94329,64.13215,303.98,0.38,0.58,2026-09-08,2051,N21,nominal,2.0NRT,288.97,0.82,N
38.97364,63.46687,301.77,0.41,0.61,2026-09-08,2051,N21,nominal,2.0NRT,286.39,1.18,N
38.96198,63.6918,295.43,0.4,0.6,2026-09-08,2051,N21,nominal,2.0NRT,284.15,0.26,N
38.83883,63.81955,300.74,0.39,0.59,2026-09-08,2051,N21,nominal,2.0NRT,287.49,0.58,N
38.70872,65.89422,304.83,0.6,0.53,2026-09-08,2051,N21,nominal,2.0NRT,287.46,1.37,N
38.6799,65.95367,302.29,0.59,0.53,2026-09-08,2051,N21,nominal,2.0NRT,290.27,1.87,N
38.3953,69.11433,302.81,0.4,0.44,2026-09-08,2051,N21,nominal,2.0NRT,292.47,0.77,N
38.54977,65.94695,302.08,0.59,0.53,2026-09-08,2051,N21,nominal,2.0NRT,289.34,1.85,N
38.31539,65.38574,301,0.63,0.54,2026-09-08,2051,N21,nominal,2.0NRT,290.28,1.27,N
38.05105,67.26414,350.86,0.5,0.49,2026-09-08,2051,N21,nominal,2.0NRT,290.65,22.74,N
38.11686,64.71126,302.59,0.34,0.56,2026-09-08,2051,N21,nominal,2.0NRT,289.43,0.6,N
38.05073,64.90118,300.8,0.34,0.56,2026-09-08,2051,N21,nominal,2.0NRT,289.13,0.96,N
37.79873,62.55018,308.35,0.45,0.63,2026-09-08,2051,N21,nominal,2.0NRT,287.98,1.38,N
37.78754,62.53906,299.22,0.45,0.63,2026-09-08,2051,N21,nominal,2.0NRT,286.35,0.9,N
37.78765,62.5378,305.78,0.45,0.63,2026-09-08,2051,N21,nominal,2.0NRT,286.94,1.48,N
37.72503,62.09285,298.85,0.48,0.65,2026-09-08,2051,N21,nominal,2.0NRT,287.79,0.62,N
37.67168,62.23563,301.07,0.47,0.64,2026-09-08,2051,N21,nominal,2.0NRT,286.8,0.84,N
37.66761,62.23671,302.17,0.47,0.64,2026-09-08,2051,N21,nominal,2.0NRT,286.94,0.9,N
37.65555,62.24133,296.32,0.47,0.64,2026-09-08,2051,N21,nominal,2.0NRT,285.53,1.12,N
37.63947,62.20278,297.2,0.47,0.64,2026-09-08,2051,N21,nominal,2.0NRT,286.4,0.72,N
37.62308,62.16954,303.85,0.47,0.64,2026-09-08,2051,N21,nominal,2.0NRT,289.65,0.92,N
37.61851,62.13676,307.54,0.47,0.64,2026-09-08,2051,N21,nominal,2.0NRT,289.71,1.74,N
37.49554,61.84169,299.72,0.49,0.65,2026-09-08,2051,N21,nominal,2.0NRT,289.6,1.18,N
37.49533,61.84728,307.04,0.49,0.65,2026-09-08,2051,N21,nominal,2.0NRT,290.2,1.18,N
37.49942,61.84605,308.24,0.49,0.65,2026-09-08,2051,N21,nominal,2.0NRT,290.14,1.46,N
37.42506,62.30882,306.36,0.46,0.64,2026-09-08,2051,N21,nominal,2.0NRT,285.7,1.75,N
37.42933,61.63192,306.57,0.5,0.66,2026-09-08,2051,N21,nominal,2.0NRT,290.12,1.22,N
37.27401,60.63686,310.61,0.57,0.69,2026-09-08,2051,N21,nominal,2.0NRT,288.16,1.93,N
37.11963,62.36074,329.6,0.46,0.63,2026-09-08,2051,N21,nominal,2.0NRT,290.73,3.63,N
37.11378,62.36039,302.74,0.46,0.63,2026-09-08,2051,N21,nominal,2.0NRT,289.94,3.63,N
37.03534,62.41202,323.73,0.45,0.63,2026-09-08,2051,N21,nominal,2.0NRT,289.37,4.14,N
37.03511,62.41715,300.51,0.45,0.63,2026-09-08,2051,N21,nominal,2.0NRT,289.85,1.89,N
37.02929,62.41674,304.19,0.45,0.63,2026-09-08,2051,N21,nominal,2.0NRT,289.77,1.89,N
37.03575,62.41045,301.63,0.45,0.63,2026-09-08,2051,N21,nominal,2.0NRT,288.45,1.66,N
37.0355,62.41557,309.45,0.45,0.63,2026-09-08,2051,N21,nominal,2.0NRT,289.68,1.66,N
37.02967,62.41518,311.62,0.45,0.63,2026-09-08,2051,N21,nominal,2.0NRT,289.53,1.66,N
35.45044,73.76525,309.15,0.39,0.36,2026-09-08,2051,N21,nominal,2.0NRT,286.53,0.95,N
36.52858,61.66112,302.46,0.5,0.65,2026-09-08,2053,N21,nominal,2.0NRT,289.06,0.67,N
35.96765,68.68378,303,0.4,0.44,2026-09-08,2053,N21,nominal,2.0NRT,292.29,1.14,N
33.90155,74.64181,327.28,0.38,0.36,2026-09-08,2053,N21,nominal,2.0NRT,285.96,3.7,N
33.68939,72.71101,315.02,0.4,0.37,2026-09-08,2053,N21,nominal,2.0NRT,296.24,1.56,N
33.54583,71.55003,308.02,0.42,0.38,2026-09-08,2053,N21,nominal,2.0NRT,296.55,1.91,N
33.54665,71.55161,306.9,0.42,0.38,2026-09-08,2053,N21,nominal,2.0NRT,295.95,1.8,N
33.29688,71.18692,312.13,0.43,0.38,2026-09-08,2053,N21,nominal,2.0NRT,295.39,1.47,N
32.71963,72.92428,305.09,0.39,0.36,2026-09-08,2053,N21,nominal,2.0NRT,295.04,1.02,N
32.88968,71.6192,307.76,0.42,0.37,2026-09-08,2053,N21,nominal,2.0NRT,297.01,2.86,N
32.71785,72.77577,312.2,0.39,0.36,2026-09-08,2053,N21,nominal,2.0NRT,295.73,1.49,N
32.57512,72.5635,313.96,0.39,0.37,2026-09-08,2053,N21,nominal,2.0NRT,297.51,2.52,N
32.65304,70.47336,314.53,0.45,0.39,2026-09-08,2053,N21,nominal,2.0NRT,298.04,1.47,N
32.38057,72.13855,309.09,0.4,0.37,2026-09-08,2053,N21,nominal,2.0NRT,298.92,2.39,N
32.37861,72.13979,308.95,0.4,0.37,2026-09-08,2053,N21,nominal,2.0NRT,298.84,1.03,N
32.29046,70.7383,310.12,0.44,0.38,2026-09-08,2053,N21,nominal,2.0NRT,299.12,3.19,N
29.6315,77.24976,305.32,0.49,0.4,2026-09-08,2053,N21,nominal,2.0NRT,294.45,0.75,N
30.44674,70.56655,312.48,0.43,0.38,2026-09-08,2053,N21,nominal,2.0NRT,300.77,0.9,N
30.08338,70.17281,308.92,0.44,0.38,2026-09-08,2053,N21,nominal,2.0NRT,297.62,2.24,N
28.85114,77.14791,311.21,0.5,0.41,2026-09-08,2053,N21,nominal,2.0NRT,294.16,3.15,N
28.34715,77.25851,306.92,0.51,0.41,2026-09-08,2053,N21,nominal,2.0NRT,294.38,3.45,N
28.34451,77.23112,311.99,0.51,0.41,2026-09-08,2053,N21,nominal,2.0NRT,294.72,1.54,N
28.27609,77.18248,307.53,0.51,0.41,2026-09-08,2053,N21,nominal,2.0NRT,294.65,0.99,N
27.66572,76.13033,307.72,0.46,0.39,2026-09-08,2053,N21,nominal,2.0NRT,295.39,2.16,N
28.42428,69.69835,315.76,0.44,0.39,2026-09-08,2053,N21,nominal,2.0NRT,297.87,2.15,N
26.70292,77.84827,310.07,0.39,0.44,2026-09-08,2055,N21,nominal,2.0NRT,293.72,3.58,N
28.03767,69.67236,324.15,0.44,0.38,2026-09-08,2055,N21,nominal,2.0NRT,298.92,2.76,N
26.92614,73.46925,308.18,0.39,0.36,2026-09-08,2055,N21,nominal,2.0NRT,296.71,1.19,N
26.87747,73.51576,311.23,0.39,0.36,2026-09-08,2055,N21,nominal,2.0NRT,296.76,1.48,N
26.87415,73.51509,308.59,0.39,0.36,2026-09-08,2055,N21,nominal,2.0NRT,296.63,1.57,N
23.76368,86.39948,297.72,0.74,0.76,2026-09-08,2055,N21,nominal,2.0NRT,273.22,3.91,N
23.76281,86.40294,298.71,0.74,0.76,2026-09-08,2055,N21,nominal,2.0NRT,272.2,5.06,N
23.75601,86.40096,295.65,0.74,0.76,2026-09-08,2055,N21,nominal,2.0NRT,273.03,4.46,N
26.2584,74.09742,313.85,0.41,0.37,2026-09-08,2055,N21,nominal,2.0NRT,296.61,1.15,N
23.69509,85.28782,298.32,0.64,0.72,2026-09-08,2055,N21,nominal,2.0NRT,282.62,3.04,N
24.16105,82.56412,297.3,0.42,0.61,2026-09-08,2055,N21,nominal,2.0NRT,257.01,3.94,N
24.16183,82.56509,295.7,0.42,0.61,2026-09-08,2055,N21,nominal,2.0NRT,257.68,3.95,N
26.09373,68.87742,313.82,0.45,0.39,2026-09-08,2055,N21,nominal,2.0NRT,297.44,1.71,N
24.93482,74.63259,309,0.43,0.38,2026-09-08,2053,N21,nominal,2.0NRT,294.76,1.55,N
24.76343,74.60809,312,0.44,0.38,2026-09-08,2053,N21,nominal,2.0NRT,295.88,1.66,N
24.66074,74.63229,306.29,0.44,0.38,2026-09-08,2053,N21,nominal,2.0NRT,295.42,1.23,N
24.82075,73.09358,313.84,0.39,0.37,2026-09-08,2053,N21,nominal,2.0NRT,296.53,1.32,N
25.38845,68.58139,321.16,0.46,0.39,2026-09-08,2053,N21,nominal,2.0NRT,296.28,2.32,N
25.38644,68.58231,325.77,0.46,0.39,2026-09-08,2053,N21,nominal,2.0NRT,296.54,2.4,N
22.3568,82.29849,296.49,0.44,0.63,2026-09-08,2053,N21,nominal,2.0NRT,272.55,1.96,N
22.35583,82.30267,315.43,0.44,0.63,2026-09-08,2053,N21,nominal,2.0NRT,274.13,2.7,N
22.35914,82.30242,315.69,0.44,0.63,2026-09-08,2053,N21,nominal,2.0NRT,274.07,3.22,N
25.90863,57.07459,315.21,0.77,0.77,2026-09-08,2053,N21,nominal,2.0NRT,296.08,4.58,N
21.75488,83.84436,295.77,0.57,0.69,2026-09-08,2053,N21,nominal,2.0NRT,262.88,1.45,N
21.74874,83.84246,324.49,0.57,0.69,2026-09-08,2053,N21,nominal,2.0NRT,266.7,3.69,N
21.74261,83.84052,300.13,0.57,0.69,2026-09-08,2053,N21,nominal,2.0NRT,267.8,3.69,N
20.79208,85.25125,296.8,0.74,0.76,2026-09-08,2053,N21,nominal,2.0NRT,264.34,3.74,N
23.31549,70.48596,312.78,0.39,0.36,2026-09-08,2053,N21,nominal,2.0NRT,295.94,1.86,N
23.25705,70.26215,310.22,0.39,0.36,2026-09-08,2053,N21,nominal,2.0NRT,294.01,2.15,N
23.42921,68.7126,305.09,0.44,0.38,2026-09-08,2053,N21,nominal,2.0NRT,293.48,1.97,N
22.2642,75.13484,309.54,0.49,0.4,2026-09-08,2053,N21,nominal,2.0NRT,294.06,1.61,N
21.33834,78.96877,303.37,0.57,0.52,2026-09-08,2053,N21,nominal,2.0NRT,289.18,1.37,N
21.33687,78.96786,305.76,0.57,0.52,2026-09-08,2053,N21,nominal,2.0NRT,289.61,1.54,N
21.24916,79.20591,303.58,0.59,0.53,2026-09-08,2053,N21,nominal,2.0NRT,287.1,1.08,N
21.83302,72.65292,319.91,0.4,0.37,2026-09-08,2053,N21,nominal,2.0NRT,294.46,2.09,N
21.10966,72.64683,308.17,0.41,0.37,2026-09-08,2055,N21,nominal,2.0NRT,295.71,3.46,N
21.10629,72.64619,338.63,0.41,0.37,2026-09-08,2055,N21,nominal,2.0NRT,294.58,3.13,N
21.10758,72.63847,308.96,0.41,0.37,2026-09-08,2055,N21,nominal,2.0NRT,294.62,1.45,N
21.10694,72.64233,308.96,0.41,0.37,2026-09-08,2055,N21,nominal,2.0NRT,291.91,1.45,N
21.10565,72.65005,311.3,0.41,0.37,2026-09-08,2055,N21,nominal,2.0NRT,292.86,3.13,N
21.105,72.65392,307.63,0.41,0.37,2026-09-08,2055,N21,nominal,2.0NRT,295.67,3.04,N
21.10357,72.64169,307.13,0.41,0.37,2026-09-08,2055,N21,nominal,2.0NRT,291.43,1.45,N
21.10292,72.64555,316.94,0.41,0.37,2026-09-08,2055,N21,nominal,2.0NRT,290.84,3.13,N
21.10228,72.64941,308.29,0.41,0.37,2026-09-08,2055,N21,nominal,2.0NRT,290.33,3.13,N
21.10085,72.6372,306.97,0.41,0.37,2026-09-08,2055,N21,nominal,2.0NRT,291.08,2.33,N
19.81688,79.33522,307.31,0.32,0.55,2026-09-08,2055,N21,nominal,2.0NRT,287.56,1.06,N
20.91144,71.45822,306.58,0.39,0.36,2026-09-08,2055,N21,nominal,2.0NRT,295.57,0.81,N
20.91085,71.46191,307.85,0.39,0.36,2026-09-08,2055,N21,nominal,2.0NRT,295.65,0.81,N
22.40549,56.98822,316.24,0.73,0.76,2026-09-08,2055,N21,nominal,2.0NRT,294.35,3.01,N
22.40612,56.98943,310.99,0.72,0.76,2026-09-08,2055,N21,nominal,2.0NRT,293.85,1.9,N
22.3273,56.48349,306.71,0.78,0.78,2026-09-08,2055,N21,nominal,2.0NRT,293.09,2.94,N
22.32681,56.49105,307.72,0.78,0.78,2026-09-08,2055,N21,nominal,2.0NRT,293.58,2.94,N
22.3309,56.48788,319.26,0.78,0.78,2026-09-08,2055,N21,nominal,2.0NRT,293.26,4.82,N
19.93704,73.71299,319.13,0.45,0.39,2026-09-08,2055,N21,nominal,2.0NRT,290.15,2.1,N
21.94012,57.0726,322.78,0.71,0.75,2026-09-08,2055,N21,nominal,2.0NRT,292.46,4.34,N
21.89344,56.84409,312.58,0.73,0.76,2026-09-08,2055,N21,nominal,2.0NRT,290.93,5.95,N
21.83588,56.68103,307.7,0.75,0.77,2026-09-08,2055,N21,nominal,2.0NRT,293.21,1.76,N
21.70305,56.47189,303.82,0.77,0.77,2026-09-08,2055,N21,nominal,2.0NRT,293.67,1.12,N
21.66413,56.40858,311.41,0.78,0.78,2026-09-08,2055,N21,nominal,2.0NRT,294.53,2.57,N
17.9596,80.79324,303.82,0.44,0.62,2026-09-08,2055,N21,nominal,2.0NRT,283.35,2.48,N
21.32029,57.71835,304.21,0.63,0.72,2026-09-08,2055,N21,nominal,2.0NRT,294.15,1.11,N
21.31177,57.7423,318.31,0.63,0.72,2026-09-08,2055,N21,nominal,2.0NRT,294.48,3.64,N
21.30797,57.70494,305.3,0.63,0.72,2026-09-08,2055,N21,nominal,2.0NRT,294.46,1.05,N
21.30098,57.79597,313.5,0.63,0.72,2026-09-08,2055,N21,nominal,2.0NRT,294.36,1.82,N
21.29655,57.67934,304.68,0.64,0.72,2026-09-08,2055,N21,nominal,2.0NRT,294.07,0.76,N
19.37115,71.35227,324.07,0.39,0.36,2026-09-08,2055,N21,nominal,2.0NRT,295.38,3.92,N
19.17728,70.94631,314.83,0.39,0.36,2026-09-08,2055,N21,nominal,2.0NRT,294.6,2.74,N
18.57353,74.15674,328.04,0.49,0.41,2026-09-08,2055,N21,nominal,2.0NRT,291.4,4.21,N
18.69045,73.04063,322.23,0.44,0.38,2026-09-08,2055,N21,nominal,2.0NRT,291.12,3.74,N
16.87159,80.02135,304.24,0.41,0.61,2026-09-08,2055,N21,nominal,2.0NRT,287.16,2.38,N
16.51887,79.73135,302.84,0.4,0.6,2026-09-08,2055,N21,nominal,2.0NRT,290.34,1.59,N
15.33856,76.27937,319.13,0.49,0.49,2026-09-08,2055,N21,nominal,2.0NRT,290.46,2.49,N
15.33924,76.25131,303.55,0.49,0.49,2026-09-08,2055,N21,nominal,2.0NRT,290.3,0.75,N
15.2236,76.76345,309.35,0.53,0.5,2026-09-08,2055,N21,nominal,2.0NRT,290.59,1.71,N
15.18634,76.65858,307.6,0.53,0.5,2026-09-08,2055,N21,nominal,2.0NRT,289.89,2.48,N
15.18,76.66727,307.35,0.53,0.5,2026-09-08,2055,N21,nominal,2.0NRT,289.75,1.6,N
15.1791,76.67211,303.5,0.53,0.5,2026-09-08,2055,N21,nominal,2.0NRT,289.17,1.6,N
15.17819,76.67695,309.68,0.53,0.5,2026-09-08,2055,N21,nominal,2.0NRT,289.75,3.17,N
15.17728,76.65664,327.82,0.53,0.5,2026-09-08,2055,N21,nominal,2.0NRT,290.89,6.33,N
15.6576,73.99148,304.03,0.53,0.42,2026-09-08,2055,N21,nominal,2.0NRT,291.68,0.84,N
15.16879,76.38054,303.85,0.51,0.49,2026-09-08,2055,N21,nominal,2.0NRT,290.24,1.79,N
15.16434,76.37961,301.25,0.51,0.49,2026-09-08,2055,N21,nominal,2.0NRT,289.41,0.78,N
15.16665,76.37827,302.06,0.51,0.49,2026-09-08,2055,N21,nominal,2.0NRT,290.02,1.36,N
14.42481,79.67995,295.39,0.43,0.62,2026-09-08,2055,N21,nominal,2.0NRT,285.35,4.49,N
13.03289,77.87395,313.38,0.35,0.57,2026-09-08,2055,N21,nominal,2.0NRT,288.65,1.11,N
13.03228,77.87708,301.88,0.35,0.57,2026-09-08,2055,N21,nominal,2.0NRT,288.37,1.11,N
13.03041,77.87395,310.53,0.35,0.57,2026-09-08,2055,N21,nominal,2.0NRT,288.5,1.04,N
11.1821,79.09983,311.76,0.46,0.63,2026-09-08,2057,N21,nominal,2.0NRT,293.07,1.75,N
11.18072,79.10183,305.61,0.46,0.63,2026-09-08,2057,N21,nominal,2.0NRT,292.61,2.15,N
11.42799,77.36931,314.3,0.34,0.56,2026-09-08,2057,N21,nominal,2.0NRT,290.94,1.28,N
11.03921,77.58987,303.79,0.36,0.57,2026-09-08,2057,N21,nominal,2.0NRT,291.03,0.36,N
10.61572,77.41997,304.11,0.36,0.57,2026-09-08,2057,N21,nominal,2.0NRT,289.39,0.25,N
10.61471,77.42147,302.44,0.36,0.57,2026-09-08,2057,N21,nominal,2.0NRT,290.34,0.4,N
10.26518,77.26077,300.34,0.35,0.57,2026-09-08,2057,N21,nominal,2.0NRT,290.14,0.64,N
10.26176,77.25022,308.6,0.35,0.57,2026-09-08,2057,N21,nominal,2.0NRT,289.86,1.08,N
8.96161,77.40189,306.06,0.38,0.59,2026-09-08,2057,N21,nominal,2.0NRT,293.72,0.56,N
21.66312,56.4141,313.44,0.43,0.62,2026-09-08,2235,N21,nominal,2.0NRT,295.6,1.29,N
21.31269,57.74633,320.51,0.53,0.67,2026-09-08,2235,N21,nominal,2.0NRT,293.66,3.36,N
21.31836,57.72191,307.81,0.52,0.67,2026-09-08,2235,N21,nominal,2.0NRT,293.76,1.55,N
21.31383,57.74141,314.78,0.53,0.67,2026-09-08,2235,N21,nominal,2.0NRT,293.38,3.11,N
21.30118,57.79582,305.55,0.53,0.67,2026-09-08,2235,N21,nominal,2.0NRT,293.96,1.35,N
21.29646,57.67958,308.69,0.52,0.67,2026-09-08,2235,N21,nominal,2.0NRT,293.46,1.13,N
21.29518,57.67929,309.76,0.52,0.67,2026-09-08,2235,N21,nominal,2.0NRT,293.3,1.01,N
21.33352,56.69944,306.87,0.45,0.63,2026-09-08,2235,N21,nominal,2.0NRT,295.01,0.84,N
20.3754,55.93477,306.89,0.42,0.61,2026-09-08,2235,N21,nominal,2.0NRT,295.93,0.83,N
20.38886,55.66363,317.06,0.4,0.6,2026-09-08,2235,N21,nominal,2.0NRT,295.84,2.18,N
20.38669,55.64727,322.87,0.4,0.6,2026-09-08,2235,N21,nominal,2.0NRT,296.3,1.87,N
20.21192,55.71103,319.75,0.41,0.61,2026-09-08,2235,N21,nominal,2.0NRT,295.96,1.61,N
19.26613,56.173,308.7,0.46,0.64,2026-09-08,2235,N21,nominal,2.0NRT,295.06,1.1,N
18.55697,55.87062,307.37,0.46,0.63,2026-09-08,2235,N21,nominal,2.0NRT,294.69,0.81,N
18.31956,55.10639,334.03,0.41,0.61,2026-09-08,2235,N21,nominal,2.0NRT,294.87,3.48,N
18.32036,55.10259,305.35,0.41,0.61,2026-09-08,2235,N21,nominal,2.0NRT,295.15,2.62,N
18.01186,54.57133,343.14,0.38,0.59,2026-09-08,2237,N21,nominal,2.0NRT,297.88,13.35,N
18.01113,54.57488,346.28,0.38,0.59,2026-09-08,2237,N21,nominal,2.0NRT,295.92,12.2,N
38.71024,65.89425,320.67,0.56,0.69,2026-09-08,2229,N21,nominal,2.0NRT,286.99,3.32,N
38.67839,65.95488,307.64,0.57,0.69,2026-09-08,2229,N21,nominal,2.0NRT,288.09,2.81,N
38.6662,64.7771,297.78,0.5,0.65,2026-09-08,2229,N21,nominal,2.0NRT,286.83,0.61,N
38.96209,63.69301,297.79,0.43,0.62,2026-09-08,2229,N21,nominal,2.0NRT,286.36,0.4,N
38.83795,63.8193,299.84,0.44,0.62,2026-09-08,2229,N21,nominal,2.0NRT,286.8,0.73,N
38.31445,65.38354,307.65,0.55,0.68,2026-09-08,2229,N21,nominal,2.0NRT,288.7,1.38,N
38.31506,65.38409,307.09,0.55,0.68,2026-09-08,2229,N21,nominal,2.0NRT,288.65,1.74,N
37.79721,62.54999,310.52,0.4,0.6,2026-09-08,2231,N21,nominal,2.0NRT,288.87,1.44,N
37.78909,62.53672,305,0.4,0.6,2026-09-08,2231,N21,nominal,2.0NRT,288.3,1.4,N
37.66132,62.24011,302.56,0.39,0.59,2026-09-08,2231,N21,nominal,2.0NRT,288.7,0.67,N
37.65501,62.24207,299.68,0.39,0.59,2026-09-08,2231,N21,nominal,2.0NRT,288.17,0.67,N
37.63586,62.20569,299.15,0.39,0.59,2026-09-08,2231,N21,nominal,2.0NRT,288.29,0.76,N
37.62538,62.16973,305.19,0.39,0.59,2026-09-08,2231,N21,nominal,2.0NRT,289.49,0.74,N
37.62165,62.1402,308.87,0.39,0.59,2026-09-08,2231,N21,nominal,2.0NRT,289.74,1.14,N
37.65441,61.90752,301.99,0.37,0.58,2026-09-08,2231,N21,nominal,2.0NRT,290.18,0.62,N
37.60922,61.60818,301.66,0.36,0.58,2026-09-08,2231,N21,nominal,2.0NRT,290.01,0.82,N
37.42282,62.31218,304.14,0.4,0.6,2026-09-08,2231,N21,nominal,2.0NRT,287.68,0.93,N
37.59132,61.52724,305.28,0.36,0.57,2026-09-08,2231,N21,nominal,2.0NRT,291.22,0.97,N
37.49533,61.84725,316.03,0.38,0.58,2026-09-08,2231,N21,nominal,2.0NRT,290.73,2.28,N
37.59016,61.52916,300.72,0.36,0.57,2026-09-08,2231,N21,nominal,2.0NRT,290.55,1.26,N
37.49709,61.84626,312.96,0.38,0.58,2026-09-08,2231,N21,nominal,2.0NRT,290.66,1.07,N
37.49603,61.85033,305.84,0.38,0.58,2026-09-08,2231,N21,nominal,2.0NRT,290.1,1.07,N
37.50278,61.02533,300.7,0.34,0.56,2026-09-08,2231,N21,nominal,2.0NRT,290.03,0.46,N
37.11914,62.36333,324.3,0.41,0.61,2026-09-08,2231,N21,nominal,2.0NRT,290.52,2.88,N
37.11797,62.36771,303.33,0.41,0.61,2026-09-08,2231,N21,nominal,2.0NRT,289.1,2.88,N
37.11269,62.36541,305.26,0.41,0.61,2026-09-08,2231,N21,nominal,2.0NRT,289.64,2.88,N
37.03313,62.41925,342.5,0.41,0.61,2026-09-08,2231,N21,nominal,2.0NRT,291.65,3.59,N
37.03432,62.41484,300.11,0.41,0.61,2026-09-08,2231,N21,nominal,2.0NRT,289.45,3.59,N
37.32596,61.09565,306.15,0.35,0.56,2026-09-08,2231,N21,nominal,2.0NRT,289.47,0.73,N
37.27153,60.63559,299.34,0.33,0.55,2026-09-08,2231,N21,nominal,2.0NRT,288.78,0.85,N
36.47045,61.73664,299.58,0.39,0.6,2026-09-08,2231,N21,nominal,2.0NRT,288.83,0.46,N
36.47687,61.62466,302.05,0.39,0.59,2026-09-08,2231,N21,nominal,2.0NRT,289.57,2.07,N
36.36926,61.78388,298.81,0.4,0.6,2026-09-08,2231,N21,nominal,2.0NRT,288.72,0.3,N
36.33612,58.66497,305.93,0.54,0.51,2026-09-08,2231,N21,nominal,2.0NRT,290.27,2.17,N
36.29566,54.78874,304.07,0.52,0.42,2026-09-08,2231,N21,nominal,2.0NRT,287.55,1.82,N
32.92123,60.23261,300.93,0.4,0.6,2026-09-08,2231,N21,nominal,2.0NRT,289.2,0.82,N
32.33587,54.08547,305.79,0.56,0.43,2026-09-08,2233,N21,nominal,2.0NRT,294.13,1.36,N
31.84991,54.28435,313.98,0.39,0.44,2026-09-08,2233,N21,nominal,2.0NRT,295.84,1.4,N
31.62304,54.74268,306.71,0.42,0.45,2026-09-08,2233,N21,nominal,2.0NRT,295.97,1.46,N
31.62257,54.72446,312.79,0.42,0.45,2026-09-08,2233,N21,nominal,2.0NRT,295.69,1.43,N
30.75614,56.65705,312.31,0.56,0.52,2026-09-08,2233,N21,nominal,2.0NRT,293.6,3.29,N
30.75386,56.6561,305.8,0.56,0.52,2026-09-08,2233,N21,nominal,2.0NRT,293.7,1.94,N
30.66331,56.62207,304.06,0.56,0.52,2026-09-08,2233,N21,nominal,2.0NRT,290.61,1.05,N
30.49811,56.81697,312.7,0.58,0.52,2026-09-08,2233,N21,nominal,2.0NRT,293.48,3.49,N
30.49769,56.81523,313.63,0.58,0.52,2026-09-08,2233,N21,nominal,2.0NRT,292.78,2.15,N
30.49174,56.81959,302.8,0.58,0.52,2026-09-08,2233,N21,nominal,2.0NRT,292.21,2.15,N
29.47667,60.80928,299.19,0.53,0.67,2026-09-08,2233,N21,nominal,2.0NRT,288.45,0.7,N
30.23532,56.91122,308.43,0.6,0.53,2026-09-08,2233,N21,nominal,2.0NRT,290.83,2.27,N
30.37038,56.12949,303.73,0.53,0.5,2026-09-08,2233,N21,nominal,2.0NRT,289.08,1.18,N
30.32318,55.97134,300.14,0.52,0.5,2026-09-08,2233,N21,nominal,2.0NRT,290.02,1.1,N
29.92861,56.73421,313.34,0.59,0.53,2026-09-08,2233,N21,nominal,2.0NRT,289.7,3.41,N
29.9944,55.85202,302.94,0.52,0.5,2026-09-08,2233,N21,nominal,2.0NRT,287.56,1.37,N
29.98994,55.85073,334.81,0.52,0.5,2026-09-08,2233,N21,nominal,2.0NRT,289.68,12.7,N
29.98869,55.85643,323.55,0.52,0.5,2026-09-08,2233,N21,nominal,2.0NRT,290.25,12.7,N
30.08368,55.39814,302.16,0.49,0.49,2026-09-08,2233,N21,nominal,2.0NRT,288.45,1.52,N
29.70075,55.52892,298.98,0.51,0.49,2026-09-08,2233,N21,nominal,2.0NRT,288.6,0.92,N
28.20633,61.30492,301.03,0.61,0.71,2026-09-08,2233,N21,nominal,2.0NRT,290.74,1.46,N
29.51208,55.79836,298.82,0.53,0.5,2026-09-08,2233,N21,nominal,2.0NRT,288.32,1.09,N
29.51171,55.79802,298.56,0.53,0.5,2026-09-08,2233,N21,nominal,2.0NRT,288.09,0.96,N
29.15191,55.36471,306.15,0.51,0.49,2026-09-08,2233,N21,nominal,2.0NRT,292.07,1.89,N
29.13661,55.3591,305.51,0.51,0.49,2026-09-08,2233,N21,nominal,2.0NRT,295.33,1.74,N
29.16994,54.61502,307.2,0.46,0.47,2026-09-08,2233,N21,nominal,2.0NRT,294.46,1.48,N
28.69726,54.40493,301.56,0.46,0.47,2026-09-08,2233,N21,nominal,2.0NRT,291.26,1.44,N
28.6947,54.40268,337.27,0.46,0.47,2026-09-08,2233,N21,nominal,2.0NRT,293.97,5.69,N
27.42308,56.50297,313.96,0.32,0.55,2026-09-08,2233,N21,nominal,2.0NRT,298.36,0.9,N
27.1674,56.09965,314.78,0.62,0.54,2026-09-08,2233,N21,nominal,2.0NRT,299.93,3.36,N
27.16258,56.0983,315.89,0.62,0.54,2026-09-08,2233,N21,nominal,2.0NRT,299.77,3.36,N
27.15775,56.09695,314.53,0.62,0.54,2026-09-08,2233,N21,nominal,2.0NRT,299.33,2.65,N
27.15639,56.10303,310.54,0.62,0.54,2026-09-08,2233,N21,nominal,2.0NRT,299.33,1.91,N
25.97359,56.06895,321.72,0.33,0.55,2026-09-08,2233,N21,nominal,2.0NRT,302.35,3.02,N
25.96371,56.06625,313.5,0.33,0.55,2026-09-08,2233,N21,nominal,2.0NRT,300.13,1.45,N
25.90059,54.53253,316.08,0.53,0.5,2026-09-08,2233,N21,nominal,2.0NRT,300.41,0.99,N
25.55765,55.98473,322.71,0.33,0.55,2026-09-08,2233,N21,nominal,2.0NRT,301.5,1.75,N
24.50555,56.60655,340.78,0.38,0.59,2026-09-08,2233,N21,nominal,2.0NRT,301.95,5.5,N
24.45258,56.55222,314.72,0.38,0.59,2026-09-08,2233,N21,nominal,2.0NRT,301.18,1.81,N
24.50887,54.01729,341.16,0.52,0.5,2026-09-08,2235,N21,nominal,2.0NRT,303.68,10.08,N
24.00275,55.44135,317.5,0.33,0.55,2026-09-08,2235,N21,nominal,2.0NRT,300.28,2.8,N
23.36519,56.28285,309.56,0.38,0.59,2026-09-08,2235,N21,nominal,2.0NRT,298.47,1.26,N
23.19017,55.45871,327.11,0.34,0.56,2026-09-08,2235,N21,nominal,2.0NRT,299.13,2.25,N
23.19087,55.45544,309.89,0.34,0.56,2026-09-08,2235,N21,nominal,2.0NRT,298.13,2.25,N
23.18946,55.46198,313.92,0.34,0.56,2026-09-08,2235,N21,nominal,2.0NRT,298.8,2.76,N
23.31119,54.17712,339.91,0.57,0.52,2026-09-08,2235,N21,nominal,2.0NRT,300.64,12.2,N
23.27887,54.26091,308.33,0.58,0.52,2026-09-08,2235,N21,nominal,2.0NRT,297.56,2.96,N
22.87552,55.92225,312.63,0.37,0.58,2026-09-08,2235,N21,nominal,2.0NRT,297.17,1.51,N
22.87473,55.92578,313.86,0.37,0.58,2026-09-08,2235,N21,nominal,2.0NRT,297.2,1.77,N
22.87642,55.92212,307.59,0.37,0.58,2026-09-08,2235,N21,nominal,2.0NRT,297.36,1.41,N
22.87565,55.92566,316.75,0.37,0.58,2026-09-08,2235,N21,nominal,2.0NRT,297.35,2.01,N
22.87268,55.61386,341.6,0.36,0.57,2026-09-08,2235,N21,nominal,2.0NRT,296.9,4.26,N
22.67253,56.25093,310.85,0.4,0.6,2026-09-08,2235,N21,nominal,2.0NRT,296.48,0.81,N
22.40629,56.98925,324.55,0.45,0.63,2026-09-08,2235,N21,nominal,2.0NRT,295.71,2.83,N
22.40444,56.98714,318.65,0.45,0.63,2026-09-08,2235,N21,nominal,2.0NRT,296.01,2.66,N
22.32556,56.48894,333.22,0.42,0.61,2026-09-08,2235,N21,nominal,2.0NRT,296.86,3.32,N
22.32627,56.48746,310.12,0.42,0.61,2026-09-08,2235,N21,nominal,2.0NRT,296.1,1.66,N
22.32541,56.49136,318.74,0.42,0.61,2026-09-08,2235,N21,nominal,2.0NRT,296.34,1.66,N
21.93535,57.07308,332.66,0.46,0.64,2026-09-08,2235,N21,nominal,2.0NRT,293.14,4.38,N
22.52494,54.05302,314.12,0.58,0.52,2026-09-08,2235,N21,nominal,2.0NRT,297.76,2.43,N
21.89166,56.84394,310.27,0.45,0.63,2026-09-08,2235,N21,nominal,2.0NRT,293.03,3.73,N
21.8907,56.8481,313.87,0.45,0.63,2026-09-08,2235,N21,nominal,2.0NRT,293.04,3.9,N
22.52444,54.05177,316.03,0.58,0.52,2026-09-08,2235,N21,nominal,2.0NRT,297.59,3.23,N
21.88945,56.84549,327.3,0.45,0.63,2026-09-08,2235,N21,nominal,2.0NRT,293.68,4.81,N
22.08097,55.97967,305.57,0.39,0.59,2026-09-08,2235,N21,nominal,2.0NRT,295.3,4.95,N
21.83182,56.68031,301.45,0.44,0.62,2026-09-08,2235,N21,nominal,2.0NRT,287.78,1.26,N
21.70109,56.47269,326.38,0.43,0.62,2026-09-08,2235,N21,nominal,2.0NRT,294.1,4.22,N
21.70199,56.46867,319.07,0.43,0.62,2026-09-08,2235,N21,nominal,2.0NRT,294.13,4.07,N
21.66138,56.41558,307.21,0.43,0.62,2026-09-08,2235,N21,nominal,2.0NRT,295.06,1.74,N
18.51792,74.27672,334.1,0.43,0.38,2026-09-09,0805,N21,low,2.0NRT,304.89,5.13,D
18.52205,74.28011,333.29,0.43,0.38,2026-09-09,0805,N21,low,2.0NRT,305.26,5.13,D
18.52138,74.27608,334.14,0.43,0.38,2026-09-09,0805,N21,low,2.0NRT,305.24,5.13,D
18.68422,73.04059,337.16,0.49,0.4,2026-09-09,0805,N21,nominal,2.0NRT,301.36,14.96,D
19.8471,75.83484,331.85,0.39,0.36,2026-09-09,0805,N21,nominal,2.0NRT,301.7,3.51,D
21.10073,77.35696,340.72,0.39,0.36,2026-09-09,0805,N21,nominal,2.0NRT,301.39,2.8,D
22.35879,82.30294,346.22,0.45,0.47,2026-09-09,0807,N21,nominal,2.0NRT,297.59,11.06,D
21.10098,72.63618,341.29,0.47,0.4,2026-09-09,0807,N21,nominal,2.0NRT,302.17,18.08,D
21.10615,72.64445,339.46,0.47,0.4,2026-09-09,0807,N21,low,2.0NRT,304.57,22.9,D
21.10459,72.63547,341.13,0.47,0.4,2026-09-09,0807,N21,nominal,2.0NRT,301.83,18.08,D
23.78031,86.20837,331.9,0.42,0.61,2026-09-09,0807,N21,nominal,2.0NRT,278.78,7.91,D
23.77867,86.20861,332.71,0.42,0.61,2026-09-09,0807,N21,nominal,2.0NRT,278.26,5.77,D
22.78133,69.45798,343.61,0.44,0.46,2026-09-09,0807,N21,nominal,2.0NRT,299.06,6.85,D
22.92812,70.10755,339.98,0.4,0.44,2026-09-09,0807,N21,nominal,2.0NRT,304.08,7.38,D
23.04061,69.77237,330.06,0.42,0.45,2026-09-09,0807,N21,low,2.0NRT,302.82,3.61,D
23.0556,69.65101,341.33,0.43,0.46,2026-09-09,0807,N21,nominal,2.0NRT,301.22,5.63,D
26.64483,79.48153,330.06,0.53,0.42,2026-09-09,0807,N21,nominal,2.0NRT,299.34,4.05,D
25.14409,68.35629,333.26,0.47,0.48,2026-09-09,0807,N21,low,2.0NRT,305.21,5.15,D
25.38668,68.58372,338.48,0.45,0.47,2026-09-09,0807,N21,nominal,2.0NRT,304.44,2.85,D
25.99035,68.83852,336.42,0.42,0.45,2026-09-09,0807,N21,nominal,2.0NRT,306.67,2.78,D
26.24343,67.95067,348.96,0.47,0.48,2026-09-09,0807,N21,nominal,2.0NRT,315.89,10.46,D
28.30824,67.87296,335.72,0.43,0.46,2026-09-09,0809,N21,low,2.0NRT,308.63,2.61,D
28.47849,67.86237,343.97,0.43,0.46,2026-09-09,0809,N21,nominal,2.0NRT,309.38,8.69,D
30.36686,73.61315,337.6,0.38,0.36,2026-09-09,0809,N21,nominal,2.0NRT,305.71,4.64,D
30.46358,73.84248,333.16,0.38,0.36,2026-09-09,0809,N21,nominal,2.0NRT,302.47,2.89,D
30.31971,69.83965,341.07,0.48,0.4,2026-09-09,0809,N21,low,2.0NRT,314.29,8.29,D
31.24909,75.12587,331.85,0.4,0.37,2026-09-09,0809,N21,nominal,2.0NRT,300.84,2.91,D
31.31425,75.0283,335.07,0.4,0.37,2026-09-09,0809,N21,nominal,2.0NRT,300.87,3.21,D
31.38428,74.80376,331.82,0.39,0.36,2026-09-09,0809,N21,nominal,2.0NRT,300.03,4.3,D
31.56111,75.2141,332.42,0.4,0.37,2026-09-09,0809,N21,nominal,2.0NRT,298.92,2.96,D
31.56716,74.99506,336.47,0.4,0.37,2026-09-09,0809,N21,nominal,2.0NRT,300.32,4.56,D
31.60621,75.0046,332.59,0.4,0.37,2026-09-09,0809,N21,nominal,2.0NRT,300.74,2.71,D
31.6447,75.01,335.05,0.4,0.37,2026-09-09,0809,N21,nominal,2.0NRT,301.78,2.3,D
31.59089,73.54737,331.89,0.38,0.36,2026-09-09,0809,N21,low,2.0NRT,303.83,3.18,D
31.69981,72.22272,336.34,0.39,0.36,2026-09-09,0809,N21,nominal,2.0NRT,302.91,2.91,D
31.72758,72.35172,335.12,0.39,0.36,2026-09-09,0809,N21,nominal,2.0NRT,304.92,2.21,D
32.57676,72.56045,332.85,0.39,0.36,2026-09-09,0809,N21,low,2.0NRT,306.74,2.08,D
34.0943,72.01019,341.66,0.39,0.36,2026-09-09,0809,N21,nominal,2.0NRT,303.12,4.47,D
37.18269,78.42429,340.99,0.41,0.45,2026-09-09,0811,N21,nominal,2.0NRT,301.54,3.52,D
22.31596,99.17996,328.6,0.41,0.37,2026-09-09,0627,N21,low,2.0NRT,297.97,4.96,D
23.98005,101.64558,333.27,0.39,0.36,2026-09-09,0627,N21,nominal,2.0NRT,302.95,3.47,D
23.97787,97.77264,329.42,0.45,0.39,2026-09-09,0627,N21,low,2.0NRT,303.5,6.77,D
24.37911,98.47047,327.18,0.42,0.38,2026-09-09,0627,N21,low,2.0NRT,300.12,3.51,D
24.44378,98.52059,332.06,0.42,0.37,2026-09-09,0627,N21,nominal,2.0NRT,300.94,3.38,D
24.4336,98.41757,328.9,0.42,0.38,2026-09-09,0627,N21,nominal,2.0NRT,298.71,1.66,D
24.42673,96.55429,330.3,0.5,0.41,2026-09-09,0627,N21,nominal,2.0NRT,292.89,3.87,D
23.56059,87.23653,329.4,0.64,0.72,2026-09-09,0627,N21,nominal,2.0NRT,285.05,5.73,D
23.56091,87.23907,330.53,0.64,0.72,2026-09-09,0627,N21,nominal,2.0NRT,285.16,7.34,D
26.57613,101.66642,338.65,0.4,0.37,2026-09-09,0627,N21,nominal,2.0NRT,304.7,7.98,D
27.87122,96.85186,326.36,0.44,0.38,2026-09-09,0629,N21,nominal,2.0NRT,289.08,2.31,D
27.95798,95.4838,329.15,0.5,0.41,2026-09-09,0629,N21,nominal,2.0NRT,292.71,1.66,D
28.49761,97.02418,332,0.43,0.38,2026-09-09,0629,N21,nominal,2.0NRT,297.3,4.07,D
29.13791,91.72081,341.59,0.51,0.5,2026-09-09,0629,N21,nominal,2.0NRT,299.34,5.65,D
29.14235,91.71965,336.38,0.51,0.5,2026-09-09,0629,N21,nominal,2.0NRT,303.72,5.65,D
29.60503,91.0018,328.82,0.55,0.51,2026-09-09,0629,N21,nominal,2.0NRT,298.31,5.97,D
29.60353,91.00055,328.1,0.55,0.51,2026-09-09,0629,N21,nominal,2.0NRT,295.83,4.53,D
29.64224,90.97825,325.26,0.56,0.51,2026-09-09,0629,N21,nominal,2.0NRT,295.07,2.67,D
37.03189,62.4168,355.17,0.57,0.52,2026-09-09,0811,N21,nominal,2.0NRT,309.55,13.52,D
37.21759,62.37225,334.92,0.56,0.52,2026-09-09,0811,N21,nominal,2.0NRT,302.99,4.49,D
37.2194,62.37073,332.5,0.56,0.52,2026-09-09,0811,N21,low,2.0NRT,303.75,4.52,D
37.03041,60.57617,330.49,0.36,0.57,2026-09-09,0811,N21,nominal,2.0NRT,298.75,2.16,D
39.3144,66.09734,337.24,0.5,0.41,2026-09-09,0811,N21,low,2.0NRT,311.78,13.09,D
39.6364,66.99363,332.84,0.46,0.39,2026-09-09,0811,N21,low,2.0NRT,307.79,1.87,D
39.06813,63.66417,330.38,0.44,0.46,2026-09-09,0811,N21,nominal,2.0NRT,299.14,4.83,D
14.36866,100.34949,333.69,0.45,0.39,2026-09-09,0625,N21,nominal,2.0NRT,286.95,7.33,D
14.41853,100.21033,330.32,0.45,0.39,2026-09-09,0625,N21,nominal,2.0NRT,288.68,3.66,D
14.81159,100.05951,335.34,0.45,0.39,2026-09-09,0625,N21,nominal,2.0NRT,293.33,7.82,D
7.8874,81.05999,332,0.41,0.37,2026-09-09,0801,N21,low,2.0NRT,303.23,3.15,D
6.19265,80.83313,332.66,0.39,0.37,2026-09-09,0801,N21,nominal,2.0NRT,301.87,4.13,D
6.25292,81.03427,338.21,0.4,0.37,2026-09-09,0801,N21,nominal,2.0NRT,303.87,4.85,D
6.33823,80.99163,342.03,0.4,0.37,2026-09-09,0801,N21,nominal,2.0NRT,311.52,26.36,D
6.34158,80.99113,339.98,0.4,0.37,2026-09-09,0801,N21,nominal,2.0NRT,307.45,8.65,D
6.35144,80.9423,332.39,0.4,0.37,2026-09-09,0801,N21,low,2.0NRT,303.37,3.45,D
6.35478,80.94179,336.88,0.4,0.37,2026-09-09,0801,N21,nominal,2.0NRT,303.13,5.19,D
6.40698,80.87935,340.34,0.4,0.37,2026-09-09,0801,N21,nominal,2.0NRT,306.4,4.82,D
6.41032,80.87884,337.9,0.4,0.37,2026-09-09,0801,N21,nominal,2.0NRT,304.61,4.82,D
6.40658,80.854,339.68,0.4,0.37,2026-09-09,0801,N21,nominal,2.0NRT,306.51,7.74,D
6.46098,81.0869,334.4,0.4,0.37,2026-09-09,0801,N21,nominal,2.0NRT,304.23,2.48,D
6.46045,81.0833,336.6,0.4,0.37,2026-09-09,0801,N21,low,2.0NRT,306.67,2.94,D
6.4562,81.0546,337.68,0.4,0.37,2026-09-09,0801,N21,nominal,2.0NRT,306.58,4.72,D
6.5094,80.95144,343.31,0.4,0.37,2026-09-09,0801,N21,nominal,2.0NRT,305.82,6.59,D
6.54716,81.08868,336.47,0.4,0.37,2026-09-09,0801,N21,nominal,2.0NRT,305.33,2.73,D
6.57573,81.20997,337.74,0.4,0.37,2026-09-09,0801,N21,nominal,2.0NRT,305.5,3.9,D
6.57974,81.13117,346,0.4,0.37,2026-09-09,0801,N21,nominal,2.0NRT,305.85,5.5,D
6.59059,81.18131,338.75,0.4,0.37,2026-09-09,0801,N21,nominal,2.0NRT,307.55,6.31,D
6.58311,81.13067,339.28,0.4,0.37,2026-09-09,0801,N21,nominal,2.0NRT,305.45,5.5,D
6.56181,80.98679,333.07,0.4,0.37,2026-09-09,0801,N21,low,2.0NRT,304.78,1.87,D
6.59298,81.08121,338.33,0.4,0.37,2026-09-09,0801,N21,nominal,2.0NRT,305.03,3.27,D
6.7095,81.53876,345.65,0.41,0.37,2026-09-09,0801,N21,nominal,2.0NRT,311.42,9.45,D
6.70894,81.53505,341.64,0.41,0.37,2026-09-09,0801,N21,nominal,2.0NRT,310.25,9.45,D
6.69274,81.33363,335.08,0.41,0.37,2026-09-09,0801,N21,low,2.0NRT,305.83,3.75,D
6.71513,81.39034,341.44,0.41,0.37,2026-09-09,0801,N21,nominal,2.0NRT,309.62,13.73,D
6.71368,81.3264,343.85,0.41,0.37,2026-09-09,0801,N21,nominal,2.0NRT,307.51,15.38,D
6.7302,81.39169,348.78,0.41,0.37,2026-09-09,0801,N21,nominal,2.0NRT,310.15,26.02,D
6.72099,81.329,340.09,0.41,0.37,2026-09-09,0801,N21,nominal,2.0NRT,308.27,6.93,D
6.73523,81.40224,344.52,0.41,0.37,2026-09-09,0801,N21,nominal,2.0NRT,307.91,11.42,D
6.73863,81.40172,345.01,0.41,0.37,2026-09-09,0801,N21,nominal,2.0NRT,308.96,11.42,D
6.73456,81.32701,336.09,0.41,0.37,2026-09-09,0801,N21,nominal,2.0NRT,304.3,2.9,D
6.7385,81.33026,336.73,0.41,0.37,2026-09-09,0801,N21,low,2.0NRT,307.15,6.19,D
6.73229,81.14848,346.61,0.4,0.37,2026-09-09,0801,N21,nominal,2.0NRT,301.38,7.69,D
6.76333,81.334,350.01,0.41,0.37,2026-09-09,0801,N21,nominal,2.0NRT,308.88,26.46,D
6.80782,81.51635,340.23,0.41,0.37,2026-09-09,0801,N21,nominal,2.0NRT,308.4,17.13,D
6.74657,81.10564,336.29,0.4,0.37,2026-09-09,0801,N21,nominal,2.0NRT,302.32,5.55,D
6.80814,81.425,347.71,0.41,0.37,2026-09-09,0801,N21,nominal,2.0NRT,304.7,9.41,D
6.83122,81.48613,342.78,0.41,0.37,2026-09-09,0801,N21,nominal,2.0NRT,306.67,8.59,D
6.86099,81.56608,341.41,0.42,0.37,2026-09-09,0801,N21,nominal,2.0NRT,310.65,15.46,D
6.9029,81.49482,335.76,0.41,0.37,2026-09-09,0801,N21,nominal,2.0NRT,304.63,4.32,D
6.90927,81.46726,335.79,0.41,0.37,2026-09-09,0801,N21,nominal,2.0NRT,305.45,4.73,D
6.96611,81.35244,334.42,0.41,0.37,2026-09-09,0801,N21,nominal,2.0NRT,307.58,4,D
7.02689,81.43372,331.03,0.41,0.37,2026-09-09,0801,N21,low,2.0NRT,301.86,4.25,D
7.06246,81.55486,334.99,0.42,0.37,2026-09-09,0801,N21,nominal,2.0NRT,303.04,5.14,D
7.08177,81.39934,332.28,0.41,0.37,2026-09-09,0801,N21,low,2.0NRT,304.38,43.41,D
7.08122,81.39563,313.78,0.41,0.37,2026-09-09,0801,N21,low,2.0NRT,315.9,43.41,D
7.08463,81.3951,345.99,0.41,0.37,2026-09-09,0801,N21,nominal,2.0NRT,302.62,43.41,D
7.16563,81.68224,341.03,0.42,0.38,2026-09-09,0801,N21,nominal,2.0NRT,305.71,9.52,D
7.18486,81.55257,343.79,0.42,0.38,2026-09-09,0801,N21,nominal,2.0NRT,312.44,6.04,D
7.19104,81.57093,338.09,0.42,0.38,2026-09-09,0801,N21,nominal,2.0NRT,307.82,6.93,D
6.98227,80.1157,340.98,0.39,0.36,2026-09-09,0801,N21,nominal,2.0NRT,302.38,4.44,D
7.12797,81.07034,340.74,0.4,0.37,2026-09-09,0801,N21,nominal,2.0NRT,307.11,8.44,D
7.13188,81.07349,338.28,0.4,0.37,2026-09-09,0801,N21,nominal,2.0NRT,307.8,8.61,D
7.22384,81.65108,336.28,0.42,0.38,2026-09-09,0801,N21,low,2.0NRT,308.5,8.32,D
7.11561,80.89385,334.98,0.4,0.37,2026-09-09,0801,N21,low,2.0NRT,305.29,7.46,D
7.28317,81.05775,345.52,0.4,0.37,2026-09-09,0801,N21,nominal,2.0NRT,310.46,5.46,D
7.29643,81.10033,344.19,0.41,0.37,2026-09-09,0801,N21,nominal,2.0NRT,310.19,10.72,D
7.43342,81.7683,339.52,0.43,0.38,2026-09-09,0801,N21,nominal,2.0NRT,306.34,8.1,D
7.35643,81.09863,335.52,0.41,0.37,2026-09-09,0801,N21,low,2.0NRT,307.61,1.56,D
7.43399,81.13179,336.33,0.41,0.37,2026-09-09,0801,N21,low,2.0NRT,310.6,5.6,D
7.43344,81.12814,349.62,0.41,0.37,2026-09-09,0801,N21,nominal,2.0NRT,312.67,9.77,D
7.33038,79.99014,339.46,0.39,0.36,2026-09-09,0801,N21,nominal,2.0NRT,304.49,5.25,D
7.5457,81.36108,338.61,0.41,0.37,2026-09-09,0801,N21,nominal,2.0NRT,308.17,3.72,D
7.57748,81.38687,338.97,0.42,0.37,2026-09-09,0801,N21,low,2.0NRT,309.85,10.81,D
7.56053,81.00839,334.86,0.4,0.37,2026-09-09,0801,N21,low,2.0NRT,307.78,4.59,D
7.44558,80.23557,332.35,0.39,0.36,2026-09-09,0801,N21,low,2.0NRT,304.54,3.94,D
7.56444,81.01154,348.27,0.41,0.37,2026-09-09,0801,N21,nominal,2.0NRT,309.5,4.59,D
7.59174,81.05589,337.05,0.41,0.37,2026-09-09,0801,N21,low,2.0NRT,307.74,3.14,D
7.59119,81.05225,337.74,0.41,0.37,2026-09-09,0801,N21,low,2.0NRT,308.41,3.67,D
7.61607,81.03359,347.57,0.41,0.37,2026-09-09,0801,N21,nominal,2.0NRT,310.14,7.9,D
7.6025,80.94267,342.48,0.4,0.37,2026-09-09,0801,N21,nominal,2.0NRT,311.59,5.25,D
7.61945,81.03308,350.18,0.41,0.37,2026-09-09,0801,N21,nominal,2.0NRT,313.3,12.23,D
7.60587,80.94217,340.17,0.4,0.37,2026-09-09,0801,N21,low,2.0NRT,312.2,6.44,D
7.53921,80.2243,338.44,0.39,0.36,2026-09-09,0801,N21,nominal,2.0NRT,304.11,4.75,D
7.55054,80.18681,339.35,0.39,0.36,2026-09-09,0801,N21,nominal,2.0NRT,305.64,4.63,D
7.53552,80.06421,335.07,0.39,0.36,2026-09-09,0801,N21,nominal,2.0NRT,304.25,3.27,D
7.60002,80.13287,334.73,0.39,0.36,2026-09-09,0801,N21,nominal,2.0NRT,304.72,3.77,D
7.69218,80.7,348.86,0.4,0.37,2026-09-09,0801,N21,nominal,2.0NRT,304.85,4.32,D
7.6145,80.09136,343.81,0.39,0.36,2026-09-09,0801,N21,nominal,2.0NRT,305.01,13.12,D
7.8512,81.03577,333.78,0.41,0.37,2026-09-09,0801,N21,low,2.0NRT,304.23,2.57,D
7.75702,80.38537,337.01,0.39,0.36,2026-09-09,0801,N21,nominal,2.0NRT,306.15,3.93,D
7.75656,80.29111,330.54,0.39,0.36,2026-09-09,0801,N21,low,2.0NRT,303.77,2.11,D
7.71213,79.99374,335.65,0.39,0.36,2026-09-09,0801,N21,nominal,2.0NRT,303.52,5.61,D
7.7116,79.99026,331.49,0.39,0.36,2026-09-09,0801,N21,nominal,2.0NRT,300.56,5.61,D
7.93876,81.3868,338.41,0.42,0.38,2026-09-09,0801,N21,nominal,2.0NRT,305.48,3.96,D
7.86409,80.76196,345.08,0.4,0.37,2026-09-09,0801,N21,nominal,2.0NRT,307.94,6.79,D
7.79775,80.18073,338.29,0.39,0.36,2026-09-09,0801,N21,nominal,2.0NRT,308.03,2.83,D
7.74751,79.82487,334.86,0.39,0.36,2026-09-09,0801,N21,nominal,2.0NRT,302.15,4.79,D
7.86383,80.55338,336.89,0.4,0.37,2026-09-09,0801,N21,nominal,2.0NRT,306.3,3.3,D
7.8633,80.54983,335.83,0.4,0.37,2026-09-09,0801,N21,low,2.0NRT,306.34,3.3,D
7.80401,80.15472,335.16,0.39,0.36,2026-09-09,0801,N21,low,2.0NRT,305.33,6.91,D
7.80348,80.15122,346.52,0.39,0.36,2026-09-09,0801,N21,nominal,2.0NRT,307.01,10.79,D
7.88963,80.6115,338.22,0.4,0.37,2026-09-09,0803,N21,nominal,2.0NRT,307.4,4.3,D
7.88815,80.57883,334.76,0.4,0.37,2026-09-09,0803,N21,nominal,2.0NRT,307.01,1.7,D
7.87272,80.34135,335.5,0.39,0.36,2026-09-09,0803,N21,low,2.0NRT,307.36,3.66,D
7.88971,80.43276,342.14,0.39,0.36,2026-09-09,0803,N21,nominal,2.0NRT,308.77,5.74,D
7.87605,80.34086,332.13,0.39,0.36,2026-09-09,0803,N21,low,2.0NRT,306.87,2.69,D
7.93336,80.68137,347.16,0.4,0.37,2026-09-09,0803,N21,nominal,2.0NRT,307.52,5.36,D
7.92647,80.6348,347.5,0.4,0.37,2026-09-09,0803,N21,nominal,2.0NRT,308.11,5.29,D
7.92982,80.6343,339.16,0.4,0.37,2026-09-09,0803,N21,nominal,2.0NRT,307.05,5.29,D
7.91765,80.55211,336.86,0.4,0.37,2026-09-09,0803,N21,low,2.0NRT,307.36,3.07,D
7.83207,79.97841,335.54,0.39,0.36,2026-09-09,0803,N21,nominal,2.0NRT,303.35,3.9,D
7.86993,80.20865,337.82,0.39,0.36,2026-09-09,0803,N21,nominal,2.0NRT,306.25,2.99,D
7.8694,80.20514,334.68,0.39,0.36,2026-09-09,0803,N21,low,2.0NRT,304.83,5.68,D
8.02854,81.25826,344.67,0.42,0.37,2026-09-09,0803,N21,nominal,2.0NRT,303.2,4.07,D
7.93493,80.62255,342.33,0.4,0.37,2026-09-09,0803,N21,nominal,2.0NRT,306.93,4.92,D
7.9344,80.61898,343.61,0.4,0.37,2026-09-09,0803,N21,nominal,2.0NRT,309.83,4.92,D
7.87325,80.20815,331.08,0.39,0.36,2026-09-09,0803,N21,low,2.0NRT,305.4,2.99,D
7.93754,80.57101,348.26,0.4,0.37,2026-09-09,0803,N21,nominal,2.0NRT,308.6,8.62,D
7.93701,80.56743,336.23,0.4,0.37,2026-09-09,0803,N21,low,2.0NRT,306.85,8.62,D
7.94089,80.5705,346.13,0.4,0.37,2026-09-09,0803,N21,nominal,2.0NRT,307.64,8.62,D
8.0363,81.19235,340.39,0.41,0.37,2026-09-09,0803,N21,nominal,2.0NRT,304.91,3.23,D
7.89716,80.18658,345.52,0.39,0.36,2026-09-09,0803,N21,nominal,2.0NRT,304.11,9.55,D
7.90048,80.18609,338.89,0.39,0.36,2026-09-09,0803,N21,nominal,2.0NRT,304.54,5.93,D
7.945,80.46067,334.41,0.39,0.37,2026-09-09,0803,N21,nominal,2.0NRT,303.87,11.59,D
7.94447,80.45713,348.53,0.39,0.37,2026-09-09,0803,N21,nominal,2.0NRT,310.73,11.59,D
8.01583,80.91316,336.04,0.41,0.37,2026-09-09,0803,N21,nominal,2.0NRT,306.07,3.4,D
7.88397,80.03117,333.72,0.39,0.36,2026-09-09,0803,N21,nominal,2.0NRT,300.21,1.39,D
7.92905,80.28599,339.36,0.39,0.36,2026-09-09,0803,N21,low,2.0NRT,309.57,7.76,D
7.87903,79.95345,341.99,0.39,0.36,2026-09-09,0803,N21,nominal,2.0NRT,300.54,2.74,D
7.95569,80.44094,337.07,0.39,0.37,2026-09-09,0803,N21,low,2.0NRT,308.34,5.15,D
8.01599,80.68362,341.3,0.4,0.37,2026-09-09,0803,N21,low,2.0NRT,311.61,34.35,D
8.02066,80.64623,339.75,0.4,0.37,2026-09-09,0803,N21,nominal,2.0NRT,308.24,3.92,D
7.99612,80.34796,332.52,0.39,0.36,2026-09-09,0803,N21,low,2.0NRT,307.05,2.21,D
8.02913,80.45529,334.04,0.39,0.37,2026-09-09,0803,N21,low,2.0NRT,306.52,2.08,D
7.96181,80.00496,332.79,0.39,0.36,2026-09-09,0803,N21,low,2.0NRT,306.88,2.85,D
8.03777,80.49038,340.92,0.4,0.37,2026-09-09,0803,N21,nominal,2.0NRT,307.21,8.93,D
7.9882,80.15836,332.31,0.39,0.36,2026-09-09,0803,N21,low,2.0NRT,305.19,1.19,D
7.9698,79.96801,342.52,0.39,0.36,2026-09-09,0803,N21,nominal,2.0NRT,306.36,9.56,D
8.14641,81.13075,332.32,0.41,0.37,2026-09-09,0803,N21,low,2.0NRT,307.29,6.5,D
8.0556,80.40413,349.5,0.39,0.36,2026-09-09,0803,N21,nominal,2.0NRT,308.93,14.24,D
8.05507,80.40058,348.56,0.39,0.36,2026-09-09,0803,N21,nominal,2.0NRT,308.34,8.29,D
8.12277,80.80801,340.49,0.4,0.37,2026-09-09,0803,N21,low,2.0NRT,310.73,4.18,D
8.12223,80.80439,334.12,0.4,0.37,2026-09-09,0803,N21,low,2.0NRT,307.95,4.18,D
8.03962,80.22958,338.66,0.39,0.36,2026-09-09,0803,N21,nominal,2.0NRT,307.44,4.39,D
8.03801,80.06126,333.87,0.39,0.36,2026-09-09,0803,N21,nominal,2.0NRT,302.31,4.15,D
8.03748,80.05777,334.99,0.39,0.36,2026-09-09,0803,N21,nominal,2.0NRT,303.12,5.78,D
8.08427,80.3455,335.79,0.39,0.36,2026-09-09,0803,N21,nominal,2.0NRT,305,2.24,D
8.04974,80.00166,334.1,0.39,0.36,2026-09-09,0803,N21,low,2.0NRT,306.84,6.05,D
8.07328,80.09106,334.15,0.39,0.36,2026-09-09,0803,N21,nominal,2.0NRT,301.54,6.81,D
8.10521,80.10054,330.02,0.39,0.36,2026-09-09,0803,N21,low,2.0NRT,302.19,9.49,D
8.1251,80.09753,343.06,0.39,0.36,2026-09-09,0803,N21,nominal,2.0NRT,307.09,4.93,D
8.09668,79.90884,333.13,0.39,0.36,2026-09-09,0803,N21,nominal,2.0NRT,300.38,3.11,D
8.12842,80.09703,343.49,0.39,0.36,2026-09-09,0803,N21,nominal,2.0NRT,306.36,4.93,D
8.19609,80.50241,336.51,0.4,0.37,2026-09-09,0803,N21,nominal,2.0NRT,307.96,9.57,D
8.29782,81.01308,341.72,0.41,0.37,2026-09-09,0803,N21,nominal,2.0NRT,304.55,7.58,D
8.30122,81.01257,339.51,0.41,0.37,2026-09-09,0803,N21,nominal,2.0NRT,307.6,4.34,D
8.30068,81.00888,337.03,0.41,0.37,2026-09-09,0803,N21,low,2.0NRT,307.6,4.34,D
8.30461,81.01205,345.13,0.41,0.37,2026-09-09,0803,N21,nominal,2.0NRT,302.68,4.34,D
8.24527,80.60796,336.56,0.4,0.37,2026-09-09,0803,N21,low,2.0NRT,307.55,1.87,D
8.26489,80.6712,337.15,0.4,0.37,2026-09-09,0803,N21,low,2.0NRT,308.31,3.59,D
8.18763,80.10533,334.78,0.39,0.36,2026-09-09,0803,N21,nominal,2.0NRT,303.13,3.74,D
8.22883,80.35868,337.36,0.39,0.36,2026-09-09,0803,N21,nominal,2.0NRT,305.05,3.25,D
8.23216,80.35817,342.97,0.39,0.36,2026-09-09,0803,N21,nominal,2.0NRT,305.41,9.13,D
8.33951,81.03704,336.7,0.41,0.37,2026-09-09,0803,N21,low,2.0NRT,307.81,5.71,D
8.26458,80.32429,333.06,0.39,0.36,2026-09-09,0803,N21,low,2.0NRT,306.42,4.47,D
8.37899,81.06899,337.5,0.41,0.37,2026-09-09,0803,N21,nominal,2.0NRT,306.25,21.11,D
8.27032,80.29445,336.41,0.39,0.36,2026-09-09,0803,N21,nominal,2.0NRT,305.15,6.91,D
8.39425,81.07808,337.28,0.41,0.37,2026-09-09,0803,N21,low,2.0NRT,308.12,4.59,D
8.30576,80.48531,341.74,0.4,0.37,2026-09-09,0803,N21,nominal,2.0NRT,308.69,6.8,D
8.27751,80.29699,334.89,0.39,0.36,2026-09-09,0803,N21,nominal,2.0NRT,304.84,5.14,D
8.36069,80.76041,340.08,0.4,0.37,2026-09-09,0803,N21,nominal,2.0NRT,307.84,2.62,D
8.35364,80.67591,340.53,0.4,0.37,2026-09-09,0803,N21,nominal,2.0NRT,309.49,4.13,D
8.28111,80.16239,335.72,0.39,0.36,2026-09-09,0803,N21,nominal,2.0NRT,305.3,2.68,D
8.30893,80.28085,336.4,0.39,0.36,2026-09-09,0803,N21,low,2.0NRT,306.47,5.14,D
8.36672,80.64814,346.84,0.4,0.37,2026-09-09,0803,N21,nominal,2.0NRT,311.08,9.43,D
8.38876,80.77444,341.38,0.4,0.37,2026-09-09,0803,N21,nominal,2.0NRT,308.39,5.59,D
8.39213,80.77393,342.36,0.4,0.37,2026-09-09,0803,N21,nominal,2.0NRT,306.53,5.59,D
8.41992,80.63644,340.67,0.4,0.37,2026-09-09,0803,N21,nominal,2.0NRT,310.33,4.72,D
8.39369,80.46064,337.38,0.4,0.37,2026-09-09,0803,N21,nominal,2.0NRT,306.57,5.74,D
8.39316,80.45707,340.53,0.4,0.37,2026-09-09,0803,N21,nominal,2.0NRT,306.78,5.25,D
8.39704,80.46014,334.39,0.4,0.37,2026-09-09,0803,N21,low,2.0NRT,305.5,1.97,D
8.38202,80.29152,337.44,0.39,0.36,2026-09-09,0803,N21,nominal,2.0NRT,303.86,4.53,D
8.38482,80.28748,340.3,0.39,0.36,2026-09-09,0803,N21,nominal,2.0NRT,308.24,7.25,D
8.394,80.32594,337.38,0.39,0.36,2026-09-09,0803,N21,nominal,2.0NRT,306.8,3.14,D
8.38655,80.27634,339.26,0.39,0.36,2026-09-09,0803,N21,low,2.0NRT,309.63,3.82,D
8.38602,80.27281,334.08,0.39,0.36,2026-09-09,0803,N21,low,2.0NRT,305.39,3.82,D
8.46511,80.77786,337.32,0.4,0.37,2026-09-09,0803,N21,low,2.0NRT,307.9,5.62,D
8.48669,80.77114,337.06,0.4,0.37,2026-09-09,0803,N21,low,2.0NRT,311.45,3.38,D
8.46006,80.59005,332.07,0.4,0.37,2026-09-09,0803,N21,low,2.0NRT,304.39,3.04,D
8.40413,80.21223,336.1,0.39,0.36,2026-09-09,0803,N21,low,2.0NRT,307.32,3.67,D
8.49611,80.78838,341.81,0.4,0.37,2026-09-09,0803,N21,nominal,2.0NRT,308.14,3.03,D
8.48642,80.65241,341.57,0.4,0.37,2026-09-09,0803,N21,nominal,2.0NRT,310.93,5.66,D
8.47588,80.48859,336.08,0.4,0.37,2026-09-09,0803,N21,nominal,2.0NRT,305.55,3.31,D
8.52311,80.78428,338.29,0.4,0.37,2026-09-09,0803,N21,low,2.0NRT,309.6,5.22,D
8.50499,80.63855,339.79,0.4,0.37,2026-09-09,0803,N21,low,2.0NRT,310.52,5.95,D
8.51185,80.61539,334.94,0.4,0.37,2026-09-09,0803,N21,low,2.0NRT,306.99,0.95,D
8.56206,80.8607,343.07,0.41,0.37,2026-09-09,0803,N21,nominal,2.0NRT,309.73,5.96,D
8.50975,80.50912,336.27,0.4,0.37,2026-09-09,0803,N21,nominal,2.0NRT,306.21,3.69,D
8.50921,80.50553,332.43,0.4,0.37,2026-09-09,0803,N21,low,2.0NRT,306.7,3.12,D
8.56272,80.84184,339.67,0.41,0.37,2026-09-09,0803,N21,low,2.0NRT,311.01,4.72,D
8.50176,80.36421,337.16,0.4,0.37,2026-09-09,0803,N21,low,2.0NRT,307.66,4.89,D
8.53091,80.51325,339.52,0.4,0.37,2026-09-09,0803,N21,nominal,2.0NRT,308.47,6.26,D
8.58575,80.85715,338.77,0.41,0.37,2026-09-09,0803,N21,low,2.0NRT,309.06,4.54,D
8.5593,80.63408,337.08,0.4,0.37,2026-09-09,0803,N21,low,2.0NRT,307.33,4.4,D
8.56266,80.63358,337.53,0.4,0.37,2026-09-09,0803,N21,nominal,2.0NRT,307.37,4.4,D
8.52244,80.34608,330.05,0.4,0.37,2026-09-09,0803,N21,low,2.0NRT,301.92,1.78,D
8.49775,80.1795,336.54,0.39,0.36,2026-09-09,0803,N21,nominal,2.0NRT,305.28,7.5,D
8.60062,80.85469,336.05,0.41,0.37,2026-09-09,0803,N21,low,2.0NRT,307.79,5.44,D
8.52577,80.34558,331.74,0.4,0.37,2026-09-09,0803,N21,nominal,2.0NRT,301.9,1.78,D
8.64033,81.07941,345.07,0.41,0.37,2026-09-09,0803,N21,nominal,2.0NRT,305.26,5.66,D
8.60524,80.83898,343.16,0.41,0.37,2026-09-09,0803,N21,nominal,2.0NRT,308.41,8.03,D
8.56363,80.55566,335.76,0.4,0.37,2026-09-09,0803,N21,low,2.0NRT,307.02,2.85,D
8.5631,80.55207,336.45,0.4,0.37,2026-09-09,0803,N21,nominal,2.0NRT,306.1,2.85,D
8.56752,80.55875,338.76,0.4,0.37,2026-09-09,0803,N21,nominal,2.0NRT,306.3,3.03,D
8.56699,80.55515,348.96,0.4,0.37,2026-09-09,0803,N21,nominal,2.0NRT,307.45,8.69,D
8.57087,80.55824,333.51,0.4,0.37,2026-09-09,0803,N21,low,2.0NRT,305,3.03,D
8.59394,80.6915,336.15,0.4,0.37,2026-09-09,0803,N21,nominal,2.0NRT,304.64,4.65,D
8.5964,80.66146,339.12,0.4,0.37,2026-09-09,0803,N21,nominal,2.0NRT,307.88,3.97,D
8.55865,80.4062,347.73,0.4,0.37,2026-09-09,0803,N21,nominal,2.0NRT,304.64,9.1,D
8.64597,80.90429,335.23,0.41,0.37,2026-09-09,0803,N21,low,2.0NRT,307.72,5.05,D
8.61351,80.61445,336.58,0.4,0.37,2026-09-09,0803,N21,nominal,2.0NRT,305.22,4.42,D
8.64299,80.74363,337.9,0.4,0.37,2026-09-09,0803,N21,nominal,2.0NRT,307.46,5.54,D
8.62361,80.52087,334.6,0.4,0.37,2026-09-09,0803,N21,nominal,2.0NRT,303.46,3.33,D
8.61144,80.41646,340.46,0.4,0.37,2026-09-09,0803,N21,nominal,2.0NRT,306.84,4.07,D
8.61532,80.41953,339.38,0.4,0.37,2026-09-09,0803,N21,nominal,2.0NRT,306.72,4.02,D
8.60838,80.37315,338.16,0.4,0.37,2026-09-09,0803,N21,nominal,2.0NRT,307.53,4.58,D
8.67923,80.80169,340.78,0.41,0.37,2026-09-09,0803,N21,nominal,2.0NRT,306.27,6.54,D
8.664,80.69955,335.59,0.4,0.37,2026-09-09,0803,N21,low,2.0NRT,308.21,1.78,D
8.69385,80.807,334.41,0.41,0.37,2026-09-09,0803,N21,low,2.0NRT,306.69,3.79,D
8.67209,80.55353,343.05,0.4,0.37,2026-09-09,0803,N21,nominal,2.0NRT,306.15,6.39,D
8.65355,80.42785,333.72,0.4,0.37,2026-09-09,0803,N21,nominal,2.0NRT,302.56,4.18,D
8.6525,80.42069,340.31,0.4,0.37,2026-09-09,0803,N21,nominal,2.0NRT,305.69,6.18,D
8.69013,80.37483,338.78,0.4,0.37,2026-09-09,0803,N21,nominal,2.0NRT,305.02,7.54,D
8.68907,80.36769,338.31,0.4,0.37,2026-09-09,0803,N21,nominal,2.0NRT,307.4,6.36,D
8.78941,80.811,332.23,0.41,0.37,2026-09-09,0803,N21,low,2.0NRT,305.45,3.56,D
8.8199,80.84442,346.39,0.41,0.37,2026-09-09,0803,N21,nominal,2.0NRT,307.6,13.69,D
8.83599,80.62523,349.03,0.4,0.37,2026-09-09,0803,N21,nominal,2.0NRT,307.21,8.65,D
8.83667,80.60658,332.05,0.4,0.37,2026-09-09,0803,N21,low,2.0NRT,306.34,2.12,D
8.93253,80.89517,338.83,0.41,0.37,2026-09-09,0803,N21,nominal,2.0NRT,306.72,7.65,D
8.93199,80.89146,349.36,0.41,0.37,2026-09-09,0803,N21,nominal,2.0NRT,309.21,7.65,D
8.93145,80.88777,336.38,0.41,0.37,2026-09-09,0803,N21,low,2.0NRT,307.6,8.85,D
8.94411,80.85565,346.51,0.41,0.37,2026-09-09,0803,N21,nominal,2.0NRT,307.68,9.05,D
8.94805,80.85883,344.05,0.41,0.37,2026-09-09,0803,N21,nominal,2.0NRT,306.05,8.46,D
8.9475,80.85514,346.78,0.41,0.37,2026-09-09,0803,N21,nominal,2.0NRT,306.69,9.05,D
8.95999,80.84571,334.44,0.41,0.37,2026-09-09,0803,N21,nominal,2.0NRT,302.49,2.49,D
8.88022,80.30549,335.32,0.4,0.37,2026-09-09,0803,N21,nominal,2.0NRT,304.98,2.92,D
8.97153,80.90067,334.79,0.41,0.37,2026-09-09,0803,N21,nominal,2.0NRT,302.39,3.86,D
8.97044,80.89325,337.32,0.41,0.37,2026-09-09,0803,N21,nominal,2.0NRT,302.84,4.5,D
8.9577,80.75955,341.68,0.41,0.37,2026-09-09,0803,N21,nominal,2.0NRT,306.52,10.68,D
8.95716,80.75587,336.91,0.41,0.37,2026-09-09,0803,N21,low,2.0NRT,307.96,6.01,D
8.9469,80.68634,331.82,0.4,0.37,2026-09-09,0803,N21,low,2.0NRT,304.28,2.42,D
8.91769,80.44263,332.34,0.4,0.37,2026-09-09,0803,N21,low,2.0NRT,303.75,8.83,D
8.96852,80.73916,337.65,0.41,0.37,2026-09-09,0803,N21,nominal,2.0NRT,305.91,3.68,D
8.9719,80.73866,339.27,0.41,0.37,2026-09-09,0803,N21,nominal,2.0NRT,302,3.68,D
8.98379,80.72562,332.66,0.41,0.37,2026-09-09,0803,N21,low,2.0NRT,303.02,3.64,D
8.98771,80.72879,340.36,0.41,0.37,2026-09-09,0803,N21,nominal,2.0NRT,307.19,7.82,D
8.98717,80.72513,346.58,0.41,0.37,2026-09-09,0803,N21,nominal,2.0NRT,305.09,7.82,D
9.01265,80.67618,336.08,0.4,0.37,2026-09-09,0803,N21,low,2.0NRT,306.11,3.38,D
8.60604,77.9667,337.74,0.39,0.37,2026-09-09,0803,N21,low,2.0NRT,304.51,13.51,D
9.03759,80.72856,334.02,0.41,0.37,2026-09-09,0803,N21,nominal,2.0NRT,302.7,6.17,D
9.0372,80.7024,336.62,0.41,0.37,2026-09-09,0803,N21,nominal,2.0NRT,303.09,2.8,D
9.06139,80.70252,338.58,0.41,0.37,2026-09-09,0803,N21,nominal,2.0NRT,306.14,5.54,D
9.04945,80.07238,346.63,0.39,0.36,2026-09-09,0803,N21,nominal,2.0NRT,307.7,10.58,D
9.09781,80.2832,335.37,0.4,0.37,2026-09-09,0803,N21,low,2.0NRT,306.52,3.1,D
9.19541,80.68639,342.64,0.41,0.37,2026-09-09,0803,N21,nominal,2.0NRT,305.32,6.67,D
9.19879,80.68588,348.04,0.41,0.37,2026-09-09,0803,N21,nominal,2.0NRT,305.12,6.41,D
9.25298,80.27391,336.86,0.4,0.37,2026-09-09,0803,N21,nominal,2.0NRT,306.28,8.56,D
9.38095,80.47141,339.58,0.4,0.37,2026-09-09,0803,N21,nominal,2.0NRT,306.45,3.09,D
9.38971,80.50721,342.42,0.4,0.37,2026-09-09,0803,N21,nominal,2.0NRT,307.34,25.21,D
9.38539,80.47816,341.18,0.4,0.37,2026-09-09,0803,N21,nominal,2.0NRT,310.23,30.5,D
9.38323,80.46365,339.56,0.4,0.37,2026-09-09,0803,N21,nominal,2.0NRT,307.26,5.25,D
9.39973,80.41304,344.51,0.4,0.37,2026-09-09,0803,N21,nominal,2.0NRT,308.67,4.91,D
9.40197,80.41294,339.98,0.4,0.37,2026-09-09,0803,N21,nominal,2.0NRT,308.45,6.53,D
9.40639,80.41968,349.13,0.4,0.37,2026-09-09,0803,N21,nominal,2.0NRT,311.59,9.68,D
9.40497,80.38664,336.45,0.4,0.37,2026-09-09,0803,N21,low,2.0NRT,309.49,3.2,D
9.41557,80.38874,339.55,0.4,0.37,2026-09-09,0803,N21,nominal,2.0NRT,308.34,4.12,D
9.58811,80.33266,336.01,0.4,0.37,2026-09-09,0803,N21,nominal,2.0NRT,303.23,3.65,D
9.37343,78.79734,340.21,0.38,0.36,2026-09-09,0803,N21,nominal,2.0NRT,308.35,5.14,D
10.34697,79.31435,335.65,0.39,0.36,2026-09-09,0803,N21,nominal,2.0NRT,298.64,2.96,D
10.53991,79.67301,340.24,0.39,0.36,2026-09-09,0803,N21,nominal,2.0NRT,306.46,7.05,D
10.52183,79.2366,336.16,0.39,0.36,2026-09-09,0803,N21,nominal,2.0NRT,300.9,2.67,D
10.55722,79.22038,341,0.39,0.36,2026-09-09,0803,N21,nominal,2.0NRT,306.72,6.78,D
10.27511,77.2542,346.34,0.4,0.37,2026-09-09,0803,N21,nominal,2.0NRT,307.77,9.28,D
10.54028,77.77425,343.33,0.39,0.36,2026-09-09,0803,N21,nominal,2.0NRT,311.07,6.28,D
10.43594,77.06713,338.92,0.41,0.37,2026-09-09,0803,N21,nominal,2.0NRT,307.05,14.78,D
10.81844,79.1286,336.1,0.39,0.36,2026-09-09,0803,N21,nominal,2.0NRT,305.73,1.82,D
10.96822,79.55919,334.45,0.39,0.36,2026-09-09,0803,N21,nominal,2.0NRT,294.89,1.35,D
11.18182,79.09955,334.17,0.39,0.36,2026-09-09,0803,N21,low,2.0NRT,306.04,0.86,D
11.33365,78.77398,339.33,0.38,0.36,2026-09-09,0803,N21,nominal,2.0NRT,308.85,7.69,D
11.89375,78.74492,339.29,0.38,0.36,2026-09-09,0803,N21,nominal,2.0NRT,306.86,3.83,D
12.14694,79.87358,337.98,0.4,0.37,2026-09-09,0803,N21,nominal,2.0NRT,300.31,3.34,D
12.13256,79.73738,334.75,0.4,0.37,2026-09-09,0803,N21,nominal,2.0NRT,303.91,1.34,D
12.06441,79.20458,332.99,0.39,0.36,2026-09-09,0803,N21,low,2.0NRT,305.07,1.03,D
12.35188,79.28709,331.99,0.39,0.36,2026-09-09,0803,N21,low,2.0NRT,302.33,2.17,D
12.60612,80.15658,332.06,0.41,0.37,2026-09-09,0803,N21,nominal,2.0NRT,297.81,2.25,D
12.75158,79.99687,335.4,0.41,0.37,2026-09-09,0803,N21,nominal,2.0NRT,302.07,5.39,D
12.94421,78.92732,340.85,0.39,0.36,2026-09-09,0803,N21,nominal,2.0NRT,300.72,5.45,D
13.97606,79.91261,337.67,0.41,0.37,2026-09-09,0803,N21,nominal,2.0NRT,298.42,8.05,D
14.01298,80.09498,335.05,0.42,0.38,2026-09-09,0803,N21,nominal,2.0NRT,299.03,2.3,D
14.04119,80.04752,332.94,0.42,0.38,2026-09-09,0803,N21,nominal,2.0NRT,299.24,2.04,D
14.0464,79.93699,336.53,0.42,0.37,2026-09-09,0803,N21,nominal,2.0NRT,300.2,3.38,D
14.14412,79.71678,335.49,0.41,0.37,2026-09-09,0803,N21,nominal,2.0NRT,298.08,3.1,D
14.2691,78.73764,345.64,0.39,0.36,2026-09-09,0803,N21,nominal,2.0NRT,302.78,7.2,D
14.47654,79.68936,337.62,0.41,0.37,2026-09-09,0803,N21,nominal,2.0NRT,303.04,3.04,D
14.45214,78.27834,340.94,0.39,0.36,2026-09-09,0803,N21,nominal,2.0NRT,305.51,6,D
14.52803,78.49195,336.8,0.39,0.36,2026-09-09,0803,N21,nominal,2.0NRT,302.73,4.52,D
14.68141,79.14023,335.49,0.4,0.37,2026-09-09,0803,N21,nominal,2.0NRT,301.62,4.31,D
14.89146,79.23196,343.05,0.4,0.37,2026-09-09,0803,N21,nominal,2.0NRT,304.99,4.29,D
14.8653,78.35685,342.78,0.39,0.36,2026-09-09,0803,N21,nominal,2.0NRT,301.97,7.45,D
15.26868,78.92443,345.06,0.4,0.37,2026-09-09,0803,N21,nominal,2.0NRT,303.25,5.46,D
15.2713,78.92387,338.21,0.4,0.37,2026-09-09,0803,N21,nominal,2.0NRT,302.28,3.67,D
15.38911,78.19917,342.8,0.39,0.36,2026-09-09,0805,N21,nominal,2.0NRT,305.88,7.87,D
15.17324,76.65638,331.94,0.39,0.36,2026-09-09,0805,N21,low,2.0NRT,303.46,4.17,D
15.17712,76.65942,337.21,0.39,0.36,2026-09-09,0805,N21,low,2.0NRT,304.52,6.9,D
15.17655,76.65583,338.03,0.39,0.36,2026-09-09,0805,N21,low,2.0NRT,305.91,4.17,D
15.6227,78.10231,332.54,0.39,0.36,2026-09-09,0805,N21,low,2.0NRT,302.93,3.6,D
16.21061,78.12437,330.73,0.39,0.36,2026-09-09,0805,N21,nominal,2.0NRT,299.34,1.58,D
15.91879,75.33707,331.85,0.42,0.37,2026-09-09,0805,N21,nominal,2.0NRT,296.32,3.13,D
17.2603,80.37199,334.59,0.46,0.39,2026-09-09,0805,N21,nominal,2.0NRT,293.55,4.64,D
17.40713,80.6287,337.85,0.48,0.4,2026-09-09,0805,N21,nominal,2.0NRT,296,5.98,D
20.2128,55.70998,341.08,0.54,0.42,2026-09-09,0947,N21,low,2.0NRT,315.38,2.4,D
20.22446,55.73978,341.53,0.54,0.42,2026-09-09,0947,N21,low,2.0NRT,315.41,1.44,D
21.31359,57.74489,347.72,0.49,0.49,2026-09-09,0947,N21,nominal,2.0NRT,310.92,4.83,D
21.88991,56.84597,344.9,0.44,0.46,2026-09-09,0947,N21,nominal,2.0NRT,312.5,2.64,D
21.93662,57.07356,353.31,0.46,0.47,2026-09-09,0947,N21,nominal,2.0NRT,311.12,5.43,D
22.32656,56.49173,345.25,0.43,0.46,2026-09-09,0947,N21,nominal,2.0NRT,313.1,2.75,D
22.40509,56.99112,342.46,0.46,0.47,2026-09-09,0947,N21,nominal,2.0NRT,311.11,2.85,D
22.441,56.70162,345.46,0.44,0.46,2026-09-09,0947,N21,nominal,2.0NRT,312.67,15.86,D
22.67163,56.24901,345.95,0.42,0.45,2026-09-09,0947,N21,nominal,2.0NRT,314.32,0.83,D
22.87776,55.92584,346.43,0.4,0.44,2026-09-09,0947,N21,nominal,2.0NRT,315.8,3.47,D
22.87389,55.61401,347.04,0.38,0.43,2026-09-09,0947,N21,nominal,2.0NRT,317.01,1.79,D
24.24296,56.78511,343.97,0.47,0.48,2026-09-09,0949,N21,nominal,2.0NRT,311.25,16.72,D
24.50579,56.60859,344.66,0.46,0.47,2026-09-09,0949,N21,nominal,2.0NRT,310.38,19.75,D
24.50997,54.0196,336.88,0.49,0.41,2026-09-09,0949,N21,nominal,2.0NRT,304,7.24,D
27.16005,56.10156,345.34,0.46,0.47,2026-09-09,0949,N21,nominal,2.0NRT,309.46,17.64,D
27.16857,56.05806,344.97,0.46,0.47,2026-09-09,0949,N21,nominal,2.0NRT,308.93,11.72,D
27.16808,56.05344,347.51,0.46,0.47,2026-09-09,0949,N21,nominal,2.0NRT,308.85,11.72,D
27.76477,58.0481,344.46,0.62,0.54,2026-09-09,0949,N21,nominal,2.0NRT,312.86,12.35,D
28.67384,54.5974,345.95,0.4,0.44,2026-09-09,0949,N21,low,2.0NRT,320.35,8.64,D
29.98791,55.85825,343.36,0.49,0.48,2026-09-09,0949,N21,nominal,2.0NRT,316.48,5.86,D
33.64993,63.28728,342.9,0.74,0.76,2026-09-09,0952,N21,nominal,2.0NRT,307.35,14.48,D
33.65688,63.28618,353.87,0.74,0.76,2026-09-09,0952,N21,nominal,2.0NRT,305.1,14.48,D
33.65574,63.28552,367,0.74,0.76,2026-09-09,0952,N21,high,2.0NRT,307.06,30.77,D
37.03183,62.41824,341.44,0.68,0.74,2026-09-09,0952,N21,nominal,2.0NRT,300.1,7.26,D
38.68063,54.31601,335.56,0.5,0.49,2026-09-09,0952,N21,nominal,2.0NRT,298.06,3.96,D
38.67836,54.31433,338.92,0.5,0.49,2026-09-09,0952,N21,nominal,2.0NRT,298.45,3.18,D
18.01333,54.57144,340.44,0.45,0.39,2026-09-09,0947,N21,nominal,2.0NRT,309.48,14.04,D
18.32133,55.10527,349.25,0.48,0.4,2026-09-09,0947,N21,nominal,2.0NRT,316.23,17.92,D
18.56176,55.86838,337.18,0.53,0.42,2026-09-09,0947,N21,low,2.0NRT,310.62,3.81,D
19.26824,56.17765,340.86,0.56,0.43,2026-09-09,0947,N21,low,2.0NRT,313.41,0.8,D
23.89867,99.68642,304.74,0.41,0.37,2026-09-09,1853,N21,nominal,2.0NRT,291.18,0.87,N
24.36372,90.91956,295.87,0.43,0.62,2026-09-09,1853,N21,nominal,2.0NRT,283.9,5.1,N
23.3465,99.40974,302.46,0.42,0.37,2026-09-09,1853,N21,nominal,2.0NRT,291.23,0.73,N
23.01731,101.06796,297.66,0.39,0.36,2026-09-09,1853,N21,nominal,2.0NRT,286.6,1.03,N
14.67411,100.80193,298.69,0.4,0.37,2026-09-09,1856,N21,nominal,2.0NRT,269.68,0.92,N
39.86049,98.2515,296.24,0.47,0.48,2026-09-09,1849,N21,nominal,2.0NRT,279.62,1.35,N
39.80655,98.30309,298.14,0.47,0.47,2026-09-09,1849,N21,nominal,2.0NRT,273.54,0.71,N
25.44388,100.54715,298.95,0.4,0.37,2026-09-09,1853,N21,nominal,2.0NRT,287.97,0.49,N
25.07069,99.28516,310.8,0.43,0.38,2026-09-09,1853,N21,nominal,2.0NRT,288.57,1.8,N
24.92719,99.08746,303.54,0.44,0.38,2026-09-09,1853,N21,nominal,2.0NRT,289.45,1.02,N
24.61174,99.72247,300.85,0.42,0.37,2026-09-09,1853,N21,nominal,2.0NRT,288.8,0.66,N
21.25029,79.21022,298.98,0.47,0.4,2026-09-09,2036,N21,nominal,2.0NRT,277.22,0.68,N
21.24669,79.20949,298.56,0.47,0.4,2026-09-09,2036,N21,nominal,2.0NRT,276.29,0.47,N
21.24435,79.22292,299.97,0.47,0.4,2026-09-09,2036,N21,nominal,2.0NRT,278.08,0.93,N
22.33755,69.85572,307.43,0.43,0.46,2026-09-09,2036,N21,nominal,2.0NRT,296.21,3.92,N
22.33609,69.86825,306.67,0.43,0.46,2026-09-09,2036,N21,nominal,2.0NRT,295.83,3.88,N
22.4166,69.04057,311.53,0.49,0.48,2026-09-09,2036,N21,nominal,2.0NRT,293.83,3.8,N
21.69824,72.54119,309.48,0.46,0.39,2026-09-09,2036,N21,nominal,2.0NRT,294.41,0.34,N
20.91109,71.4589,315.52,0.51,0.41,2026-09-09,2036,N21,nominal,2.0NRT,294.87,2.43,N
19.9362,73.71065,310.84,0.4,0.37,2026-09-09,2036,N21,nominal,2.0NRT,288.79,1.65,N
19.14089,74.70187,302.59,0.39,0.36,2026-09-09,2036,N21,nominal,2.0NRT,291.5,0.6,N
39.55286,66.82745,297.69,0.49,0.65,2026-09-09,2032,N21,nominal,2.0NRT,287.24,1.46,N
19.57268,71.3616,318.98,0.49,0.41,2026-09-09,2036,N21,nominal,2.0NRT,294.08,3.65,N
39.50105,66.1497,306.43,0.54,0.68,2026-09-09,2032,N21,nominal,2.0NRT,288.18,1.58,N
19.56959,71.35637,329.76,0.49,0.41,2026-09-09,2036,N21,nominal,2.0NRT,294.34,8.49,N
39.28574,63.75482,298.1,0.72,0.76,2026-09-09,2032,N21,nominal,2.0NRT,287.28,1.41,N
19.4157,71.38811,312.49,0.49,0.4,2026-09-09,2036,N21,nominal,2.0NRT,293.37,4.64,N
39.28568,63.76328,297.77,0.72,0.76,2026-09-09,2032,N21,nominal,2.0NRT,287.2,1.25,N
19.33292,72.01788,304.74,0.46,0.39,2026-09-09,2036,N21,nominal,2.0NRT,286.88,2.07,N
39.24944,63.94619,315.89,0.71,0.75,2026-09-09,2032,N21,nominal,2.0NRT,288.11,2.73,N
19.41655,71.39067,308.02,0.49,0.4,2026-09-09,2036,N21,nominal,2.0NRT,293.39,4.06,N
39.28011,63.76232,302.97,0.72,0.76,2026-09-09,2032,N21,nominal,2.0NRT,287.49,2.54,N
19.17634,70.94287,307.62,0.51,0.41,2026-09-09,2036,N21,nominal,2.0NRT,293.1,3.76,N
39.24991,63.9454,314.07,0.71,0.75,2026-09-09,2032,N21,nominal,2.0NRT,287.75,2.47,N
18.8592,72.92779,333.14,0.42,0.38,2026-09-09,2036,N21,nominal,2.0NRT,293.61,6.95,N
38.6841,65.98532,306.41,0.54,0.68,2026-09-09,2032,N21,nominal,2.0NRT,287.5,1.68,N
18.5691,74.52812,309.94,0.39,0.36,2026-09-09,2036,N21,nominal,2.0NRT,286.75,0.78,N
38.5495,65.94534,303.74,0.54,0.68,2026-09-09,2032,N21,nominal,2.0NRT,287.92,1.25,N
18.57131,74.15503,300.17,0.39,0.36,2026-09-09,2036,N21,nominal,2.0NRT,285.69,0.78,N
38.39759,69.11194,303.15,0.36,0.58,2026-09-09,2032,N21,nominal,2.0NRT,291.76,1.15,N
18.68232,73.03611,310.26,0.41,0.37,2026-09-09,2036,N21,nominal,2.0NRT,288.2,1.89,N
38.45605,65.80096,300.67,0.55,0.68,2026-09-09,2032,N21,nominal,2.0NRT,287.71,1.44,N
17.36966,77.44419,307.87,0.44,0.38,2026-09-09,2038,N21,nominal,2.0NRT,291.95,1.27,N
37.20263,79.30354,300.27,0.39,0.36,2026-09-09,2032,N21,nominal,2.0NRT,286.76,0.46,N
17.14147,77.18481,298.98,0.43,0.38,2026-09-09,2038,N21,nominal,2.0NRT,278.76,0.75,N
36.93255,80.30405,301.15,0.38,0.36,2026-09-09,2032,N21,nominal,2.0NRT,290.69,1.23,N
17.13936,77.17619,296.48,0.43,0.38,2026-09-09,2038,N21,nominal,2.0NRT,275.9,0.2,N
38.05252,67.26421,367,0.46,0.63,2026-09-09,2032,N21,high,2.0NRT,291.84,14.57,N
16.64612,74.3112,311.23,0.38,0.36,2026-09-09,2038,N21,nominal,2.0NRT,281.17,1.12,N
38.04735,67.26196,299.41,0.46,0.63,2026-09-09,2032,N21,nominal,2.0NRT,288.98,0.63,N
16.20535,75.2086,301.51,0.39,0.36,2026-09-09,2038,N21,nominal,2.0NRT,286.59,0.5,N
35.96827,68.68578,308.53,0.36,0.58,2026-09-09,2032,N21,nominal,2.0NRT,293.2,1.36,N
15.3345,76.24483,304.05,0.41,0.37,2026-09-09,2038,N21,nominal,2.0NRT,285.39,1.01,N
33.29591,71.18521,306.68,0.49,0.49,2026-09-09,2032,N21,nominal,2.0NRT,294.41,1.32,N
15.17934,77.10276,299.91,0.45,0.39,2026-09-09,2038,N21,nominal,2.0NRT,274.83,0.49,N
32.88884,71.61807,308.36,0.46,0.47,2026-09-09,2032,N21,nominal,2.0NRT,296.89,2.7,N
15.17582,77.10212,299.97,0.45,0.39,2026-09-09,2038,N21,nominal,2.0NRT,275.48,0.49,N
32.71631,72.77657,305.63,0.39,0.44,2026-09-09,2032,N21,nominal,2.0NRT,294.64,1.37,N
15.22656,76.76188,306.18,0.43,0.38,2026-09-09,2038,N21,nominal,2.0NRT,283.54,0.93,N
32.57431,72.5625,314.95,0.4,0.44,2026-09-09,2032,N21,nominal,2.0NRT,296.68,3.31,N
32.65152,70.47442,314.64,0.53,0.5,2026-09-09,2032,N21,nominal,2.0NRT,296.34,2.28,N
15.22588,76.76585,308.09,0.43,0.38,2026-09-09,2038,N21,nominal,2.0NRT,283.36,0.93,N
32.12976,74.17651,311.63,0.49,0.41,2026-09-09,2034,N21,nominal,2.0NRT,296.82,1.62,N
15.22469,76.76201,307.78,0.43,0.38,2026-09-09,2038,N21,nominal,2.0NRT,284.03,0.91,N
31.25045,76.92875,308.54,0.39,0.37,2026-09-09,2034,N21,nominal,2.0NRT,291.56,0.86,N
15.22403,76.76599,304.43,0.43,0.38,2026-09-09,2038,N21,nominal,2.0NRT,283.15,0.91,N
30.44627,70.56583,310.24,0.49,0.49,2026-09-09,2034,N21,nominal,2.0NRT,299.15,0.99,N
15.65771,73.99008,311.64,0.38,0.36,2026-09-09,2038,N21,nominal,2.0NRT,291.68,1.11,N
28.7955,77.57259,306.2,0.38,0.36,2026-09-09,2034,N21,nominal,2.0NRT,295.08,0.67,N
15.29969,76.21921,300.04,0.41,0.37,2026-09-09,2038,N21,nominal,2.0NRT,283.39,0.38,N
28.79756,77.0705,309.65,0.39,0.36,2026-09-09,2034,N21,nominal,2.0NRT,296.9,1.42,N
15.17428,76.78569,295.68,0.43,0.38,2026-09-09,2038,N21,nominal,2.0NRT,270.33,0.5,N
28.74343,76.93484,311.66,0.39,0.36,2026-09-09,2034,N21,nominal,2.0NRT,296.06,0.84,N
15.18308,76.66891,316.49,0.43,0.38,2026-09-09,2038,N21,nominal,2.0NRT,289.13,2.27,N
28.71445,76.83309,313.92,0.39,0.36,2026-09-09,2034,N21,nominal,2.0NRT,296.37,0.8,N
15.17831,76.67618,321.15,0.43,0.38,2026-09-09,2038,N21,nominal,2.0NRT,290.42,2.21,N
28.7076,76.85604,306.71,0.39,0.36,2026-09-09,2034,N21,nominal,2.0NRT,296.32,0.23,N
15.17815,76.65582,309.9,0.43,0.38,2026-09-09,2038,N21,nominal,2.0NRT,287.86,1.13,N
29.02843,73.97974,311.65,0.47,0.4,2026-09-09,2034,N21,nominal,2.0NRT,297.19,0.97,N
15.17749,76.65976,305,0.43,0.38,2026-09-09,2038,N21,nominal,2.0NRT,287.73,1.13,N
29.02777,73.97745,308.01,0.47,0.4,2026-09-09,2034,N21,nominal,2.0NRT,297.22,1.18,N
15.17486,76.67554,313.92,0.43,0.38,2026-09-09,2038,N21,nominal,2.0NRT,289.46,2.21,N
28.3724,77.22649,329.26,0.38,0.36,2026-09-09,2034,N21,nominal,2.0NRT,295.72,2.67,N
15.17222,76.6913,309.22,0.43,0.38,2026-09-09,2038,N21,nominal,2.0NRT,287.82,1.18,N
28.35059,77.25818,315.85,0.38,0.36,2026-09-09,2034,N21,nominal,2.0NRT,295.23,0.79,N
15.1747,76.65519,310.92,0.43,0.38,2026-09-09,2038,N21,nominal,2.0NRT,288.18,1.11,N
28.3476,77.27761,308.61,0.38,0.36,2026-09-09,2034,N21,nominal,2.0NRT,295.97,0.5,N
15.17404,76.65913,304.68,0.43,0.38,2026-09-09,2038,N21,nominal,2.0NRT,287.44,1.11,N
28.3474,77.23056,311.03,0.38,0.36,2026-09-09,2034,N21,nominal,2.0NRT,295.47,0.94,N
15.16795,76.67424,305.09,0.43,0.38,2026-09-09,2038,N21,nominal,2.0NRT,289.04,1.49,N
28.27658,77.27263,307.55,0.38,0.36,2026-09-09,2034,N21,nominal,2.0NRT,295.52,0.67,N
15.13707,76.70947,305.14,0.43,0.38,2026-09-09,2038,N21,nominal,2.0NRT,289.15,0.9,N
28.27328,77.18404,308.43,0.38,0.36,2026-09-09,2034,N21,nominal,2.0NRT,295.05,0.84,N
15.10985,76.80682,299.82,0.43,0.38,2026-09-09,2038,N21,nominal,2.0NRT,282,0.49,N
27.66615,76.12916,313.39,0.39,0.36,2026-09-09,2034,N21,nominal,2.0NRT,296.94,1.7,N
15.17143,76.37894,299.47,0.42,0.38,2026-09-09,2038,N21,nominal,2.0NRT,276.59,0.69,N
28.42579,69.69822,311.67,0.53,0.5,2026-09-09,2034,N21,nominal,2.0NRT,296.91,3.01,N
15.16802,76.37833,297.09,0.42,0.38,2026-09-09,2038,N21,nominal,2.0NRT,276.77,0.48,N
28.42573,69.7007,310.64,0.52,0.5,2026-09-09,2034,N21,nominal,2.0NRT,297.49,2.93,N
14.58761,78.58028,304.51,0.54,0.42,2026-09-09,2038,N21,nominal,2.0NRT,288.43,2.93,N
26.70252,77.84946,312.5,0.39,0.36,2026-09-09,2034,N21,nominal,2.0NRT,295.17,1.1,N
13.71074,79.61864,309.33,0.43,0.46,2026-09-09,2038,N21,nominal,2.0NRT,292.15,5.99,N
27.28864,73.83879,308.89,0.46,0.39,2026-09-09,2034,N21,nominal,2.0NRT,298.62,1.22,N
13.50614,78.64854,306.17,0.56,0.43,2026-09-09,2038,N21,nominal,2.0NRT,290.47,1.72,N
26.87631,73.51521,309.13,0.47,0.4,2026-09-09,2034,N21,nominal,2.0NRT,297.11,2.1,N
12.85013,77.58395,302.4,0.5,0.41,2026-09-09,2038,N21,nominal,2.0NRT,290.51,0.41,N
26.25774,74.09557,311.02,0.44,0.38,2026-09-09,2034,N21,nominal,2.0NRT,297.57,1.41,N
12.74632,77.62019,302.49,0.51,0.41,2026-09-09,2038,N21,nominal,2.0NRT,290.22,0.65,N
25.78418,73.69784,326.09,0.45,0.39,2026-09-09,2034,N21,nominal,2.0NRT,295.97,3.1,N
12.27269,77.37935,322.92,0.5,0.41,2026-09-09,2038,N21,nominal,2.0NRT,290.57,3.41,N
26.09542,68.87901,307.88,0.55,0.51,2026-09-09,2034,N21,nominal,2.0NRT,296.98,1.59,N
11.75512,77.01227,303.35,0.48,0.4,2026-09-09,2038,N21,nominal,2.0NRT,290.01,0.43,N
25.86705,68.93176,340.24,0.55,0.51,2026-09-09,2034,N21,nominal,2.0NRT,297.18,15.87,N
11.18337,79.10139,296.98,0.44,0.46,2026-09-09,2038,N21,nominal,2.0NRT,268.22,0.75,N
24.93375,74.63393,310.89,0.41,0.37,2026-09-09,2034,N21,nominal,2.0NRT,296.43,1.73,N
10.61617,77.42035,305.44,0.53,0.42,2026-09-09,2038,N21,nominal,2.0NRT,292.75,1.51,N
24.76222,74.60638,317.7,0.41,0.37,2026-09-09,2034,N21,nominal,2.0NRT,296.84,1.7,N
8.05898,80.61339,303.42,0.62,0.54,2026-09-09,2040,N21,nominal,2.0NRT,289.58,1.18,N
25.38713,68.57884,308.45,0.57,0.52,2026-09-09,2034,N21,nominal,2.0NRT,296.01,1.72,N
7.83908,81.18146,302.94,0.34,0.56,2026-09-09,2040,N21,nominal,2.0NRT,284.09,0.46,N
24.82092,73.09148,308.04,0.47,0.39,2026-09-09,2034,N21,nominal,2.0NRT,297.03,1.51,N
7.68702,80.70467,303.39,0.32,0.54,2026-09-09,2040,N21,nominal,2.0NRT,287.32,0.93,N
25.15708,67.70364,310.63,0.32,0.55,2026-09-09,2036,N21,nominal,2.0NRT,296.59,0.62,N
7.68202,80.70406,311.65,0.32,0.54,2026-09-09,2040,N21,nominal,2.0NRT,287.66,0.93,N
25.05,67.49259,307.49,0.33,0.55,2026-09-09,2036,N21,nominal,2.0NRT,296.54,1.02,N
7.68589,80.70474,317.43,0.32,0.55,2026-09-09,2040,N21,nominal,2.0NRT,287.87,1.73,N
24.44698,72.75267,306.87,0.48,0.4,2026-09-09,2036,N21,nominal,2.0NRT,294.19,1.14,N
22.35696,82.30088,307.54,0.44,0.46,2026-09-09,2036,N21,nominal,2.0NRT,268.72,1.53,N
22.35613,82.3051,295.53,0.45,0.47,2026-09-09,2036,N21,nominal,2.0NRT,268.08,1.53,N
20.97049,86.01234,311.64,0.41,0.6,2026-09-09,2036,N21,nominal,2.0NRT,270.03,2.89,N
20.96967,86.01614,298.06,0.41,0.6,2026-09-09,2036,N21,nominal,2.0NRT,269,1.43,N
20.96883,86.01999,301.25,0.41,0.6,2026-09-09,2036,N21,nominal,2.0NRT,268.16,1.43,N
20.96677,86.00318,298.31,0.41,0.6,2026-09-09,2036,N21,nominal,2.0NRT,269.67,1.02,N
20.9651,86.01086,304.01,0.41,0.6,2026-09-09,2036,N21,nominal,2.0NRT,267.67,1.14,N
20.96053,86.00558,302.8,0.41,0.6,2026-09-09,2036,N21,nominal,2.0NRT,267.25,1.14,N
20.95217,86.04386,296.74,0.41,0.61,2026-09-09,2036,N21,nominal,2.0NRT,268.18,0.42,N
23.31435,70.48582,308.67,0.41,0.45,2026-09-09,2036,N21,nominal,2.0NRT,294.72,1.72,N
21.38877,81.64631,304.2,0.42,0.45,2026-09-09,2036,N21,nominal,2.0NRT,286.87,0.9,N
21.3777,81.68142,309.45,0.42,0.46,2026-09-09,2036,N21,nominal,2.0NRT,286.51,2.55,N
21.34633,81.66607,320.23,0.42,0.46,2026-09-09,2036,N21,nominal,2.0NRT,289.42,2.72,N
21.34837,81.6671,311.87,0.42,0.46,2026-09-09,2036,N21,nominal,2.0NRT,288.84,2.15,N
21.3112,81.592,305.52,0.42,0.45,2026-09-09,2036,N21,nominal,2.0NRT,288.88,1.64,N
21.18536,81.38883,303.04,0.41,0.45,2026-09-09,2036,N21,nominal,2.0NRT,280.43,1.26,N
21.18205,81.38406,301.54,0.41,0.45,2026-09-09,2036,N21,nominal,2.0NRT,279.74,0.97,N
21.1813,81.38794,302.62,0.41,0.45,2026-09-09,2036,N21,nominal,2.0NRT,279.84,0.97,N
22.93262,69.69446,306.52,0.45,0.47,2026-09-09,2036,N21,nominal,2.0NRT,293.4,1.75,N
22.93211,69.69884,313.33,0.45,0.47,2026-09-09,2036,N21,nominal,2.0NRT,294.1,1.75,N
22.9316,69.70322,306.17,0.45,0.47,2026-09-09,2036,N21,nominal,2.0NRT,294.01,1.18,N
21.33527,78.96882,304.59,0.46,0.39,2026-09-09,2036,N21,nominal,2.0NRT,272.35,1.31,N
21.24836,79.20725,302.72,0.47,0.4,2026-09-09,2036,N21,nominal,2.0NRT,276.31,1.44,N
39.18326,65.31277,302.54,0.58,0.52,2026-09-09,2212,N21,nominal,2.0NRT,289.46,1.18,N
39.24918,63.9473,334.42,0.49,0.49,2026-09-09,2212,N21,nominal,2.0NRT,292.16,4.29,N
39.28283,63.76419,305.37,0.48,0.48,2026-09-09,2212,N21,nominal,2.0NRT,289.57,0.96,N
38.68273,65.98927,300.1,0.33,0.55,2026-09-09,2212,N21,nominal,2.0NRT,288.79,1.09,N
38.68034,65.95668,309.65,0.32,0.55,2026-09-09,2212,N21,nominal,2.0NRT,288.85,1.62,N
39.25031,63.21315,303.84,0.45,0.47,2026-09-09,2212,N21,nominal,2.0NRT,289.87,1.36,N
39.25,63.1745,303.03,0.45,0.47,2026-09-09,2212,N21,nominal,2.0NRT,289.11,1.18,N
39.17778,63.3525,302.69,0.46,0.47,2026-09-09,2212,N21,nominal,2.0NRT,289.6,0.6,N
38.54887,65.94762,299.25,0.33,0.55,2026-09-09,2212,N21,nominal,2.0NRT,289.04,0.88,N
39.19509,63.1976,302.7,0.45,0.47,2026-09-09,2212,N21,nominal,2.0NRT,288.62,1.2,N
39.17339,63.27244,298.88,0.46,0.47,2026-09-09,2212,N21,nominal,2.0NRT,288.08,0.79,N
39.17104,63.28269,301.7,0.46,0.47,2026-09-09,2212,N21,nominal,2.0NRT,289.06,0.86,N
39.16921,63.27084,301.81,0.46,0.47,2026-09-09,2212,N21,nominal,2.0NRT,288.71,0.79,N
39.1756,63.22333,298.94,0.46,0.47,2026-09-09,2212,N21,nominal,2.0NRT,288.88,0.52,N
39.16857,63.25391,305.75,0.46,0.47,2026-09-09,2212,N21,nominal,2.0NRT,289.77,1.49,N
39.16739,63.25903,299.49,0.46,0.47,2026-09-09,2212,N21,nominal,2.0NRT,289.28,1,N
39.16204,63.26255,303.91,0.46,0.47,2026-09-09,2212,N21,nominal,2.0NRT,289.7,1,N
39.164,63.26251,302.96,0.46,0.47,2026-09-09,2212,N21,nominal,2.0NRT,289.56,0.96,N
38.94085,64.13554,301.03,0.51,0.5,2026-09-09,2212,N21,nominal,2.0NRT,290.32,0.98,N
39.105,63.4029,298.09,0.47,0.48,2026-09-09,2212,N21,nominal,2.0NRT,287.88,0.45,N
39.11612,63.33374,303.61,0.46,0.47,2026-09-09,2212,N21,nominal,2.0NRT,288.27,1.52,N
38.45214,65.80338,303.73,0.32,0.55,2026-09-09,2212,N21,nominal,2.0NRT,288.07,1.2,N
38.0499,67.2655,303.33,0.39,0.6,2026-09-09,2212,N21,nominal,2.0NRT,288.9,1.02,N
38.9088,63.79262,297.89,0.49,0.49,2026-09-09,2212,N21,nominal,2.0NRT,287.46,0.65,N
38.97442,63.46609,301.32,0.47,0.48,2026-09-09,2212,N21,nominal,2.0NRT,289.99,1.24,N
37.51874,66.41212,302.9,0.37,0.58,2026-09-09,2212,N21,nominal,2.0NRT,292.78,0.88,N
39.50852,54.32969,303.73,0.39,0.36,2026-09-09,2212,N21,nominal,2.0NRT,289.31,0.76,N
37.79897,62.54945,310.3,0.45,0.47,2026-09-09,2212,N21,nominal,2.0NRT,290.56,1.26,N
37.7948,62.54796,303.75,0.45,0.47,2026-09-09,2212,N21,nominal,2.0NRT,289.44,0.67,N
37.78873,62.535,304.49,0.45,0.47,2026-09-09,2212,N21,nominal,2.0NRT,290.08,1.29,N
37.78761,62.53997,308.53,0.45,0.47,2026-09-09,2212,N21,nominal,2.0NRT,290.04,1.57,N
37.77726,62.02938,300.01,0.43,0.46,2026-09-09,2212,N21,nominal,2.0NRT,289.12,0.7,N
37.79598,61.49427,298.33,0.4,0.44,2026-09-09,2212,N21,nominal,2.0NRT,287.04,0.66,N
37.65601,61.90672,304.97,0.42,0.45,2026-09-09,2212,N21,nominal,2.0NRT,288.87,1.34,N
38.254,58.38985,303.84,0.44,0.38,2026-09-09,2212,N21,nominal,2.0NRT,289.79,1.46,N
37.61406,61.60519,300.44,0.41,0.45,2026-09-09,2212,N21,nominal,2.0NRT,289.08,1.14,N
37.6091,61.60831,317.2,0.41,0.45,2026-09-09,2212,N21,nominal,2.0NRT,291.56,3.2,N
37.61185,61.57545,311.74,0.41,0.45,2026-09-09,2212,N21,nominal,2.0NRT,292.12,1.4,N
37.58889,61.56268,304.6,0.41,0.45,2026-09-09,2212,N21,nominal,2.0NRT,290.56,1.15,N
37.42466,62.31274,316.52,0.45,0.47,2026-09-09,2212,N21,nominal,2.0NRT,287.57,2.16,N
37.59165,61.52996,312.01,0.41,0.45,2026-09-09,2212,N21,nominal,2.0NRT,291.26,1.66,N
37.5849,61.5613,303.95,0.41,0.45,2026-09-09,2212,N21,nominal,2.0NRT,290.56,1.43,N
37.49724,61.8448,316.66,0.42,0.45,2026-09-09,2212,N21,nominal,2.0NRT,291.18,2.1,N
37.49622,61.84945,313.7,0.42,0.45,2026-09-09,2212,N21,nominal,2.0NRT,291.01,2.47,N
38.22094,57.98825,303.65,0.43,0.38,2026-09-09,2212,N21,nominal,2.0NRT,288.41,0.67,N
38.21753,57.98723,299.22,0.43,0.38,2026-09-09,2212,N21,nominal,2.0NRT,288,0.67,N
38.19315,58.10156,298.14,0.43,0.38,2026-09-09,2212,N21,nominal,2.0NRT,287.78,0.71,N
38.19167,58.05032,303.73,0.43,0.38,2026-09-09,2212,N21,nominal,2.0NRT,288.73,1.01,N
38.17912,57.98085,302.67,0.43,0.38,2026-09-09,2212,N21,nominal,2.0NRT,287.87,1.32,N
37.50846,61.01564,302.43,0.39,0.44,2026-09-09,2212,N21,nominal,2.0NRT,289.47,1.41,N
37.5019,61.02707,307.5,0.39,0.44,2026-09-09,2212,N21,nominal,2.0NRT,287.29,1.03,N
38.67959,54.31476,328.51,0.39,0.36,2026-09-09,2212,N21,nominal,2.0NRT,290.06,2.87,N
37.94556,58.58581,298.76,0.45,0.39,2026-09-09,2212,N21,nominal,2.0NRT,287.84,0.75,N
37.94236,58.56367,307.25,0.45,0.39,2026-09-09,2212,N21,nominal,2.0NRT,288.8,1.33,N
38.64729,54.27956,314,0.39,0.36,2026-09-09,2212,N21,nominal,2.0NRT,289.6,1.34,N
38.64663,54.28398,315.32,0.39,0.36,2026-09-09,2212,N21,nominal,2.0NRT,289.3,1.34,N
37.12014,62.36467,304.56,0.46,0.47,2026-09-09,2212,N21,nominal,2.0NRT,289.47,4.63,N
37.11596,62.36317,320.73,0.46,0.47,2026-09-09,2212,N21,nominal,2.0NRT,290.98,4.63,N
37.03199,62.41431,306.68,0.46,0.47,2026-09-09,2212,N21,nominal,2.0NRT,289.68,1.32,N
37.03085,62.41934,309.84,0.46,0.47,2026-09-09,2212,N21,nominal,2.0NRT,290.26,1.32,N
37.82925,58.3823,300.65,0.44,0.39,2026-09-09,2212,N21,nominal,2.0NRT,287.11,0.59,N
38.50737,54.21278,302.13,0.39,0.36,2026-09-09,2212,N21,nominal,2.0NRT,287.86,0.38,N
36.49181,61.80703,306.87,0.44,0.46,2026-09-09,2212,N21,nominal,2.0NRT,288.41,0.86,N
36.39208,61.75505,300.36,0.44,0.46,2026-09-09,2212,N21,nominal,2.0NRT,288.26,0.58,N
36.53397,60.82633,316.22,0.39,0.44,2026-09-09,2212,N21,nominal,2.0NRT,289.32,1.07,N
36.46193,60.84814,309.06,0.4,0.44,2026-09-09,2212,N21,nominal,2.0NRT,281.11,0.92,N
36.46414,60.85151,304.73,0.4,0.44,2026-09-09,2212,N21,nominal,2.0NRT,283.45,0.73,N
36.99003,56.2327,304.48,0.4,0.37,2026-09-09,2214,N21,nominal,2.0NRT,289.06,0.53,N
36.34509,58.67873,301.95,0.48,0.4,2026-09-09,2214,N21,nominal,2.0NRT,290.92,1.07,N
36.34492,58.67725,302.47,0.48,0.4,2026-09-09,2214,N21,nominal,2.0NRT,291.33,1.97,N
36.33612,58.66388,303.87,0.48,0.4,2026-09-09,2214,N21,nominal,2.0NRT,289.32,0.86,N
36.29711,54.78618,310.72,0.38,0.36,2026-09-09,2214,N21,nominal,2.0NRT,289.51,1.02,N
36.32201,54.18926,296.28,0.38,0.36,2026-09-09,2214,N21,nominal,2.0NRT,285.42,0.73,N
35.36745,59.30728,296.38,0.53,0.42,2026-09-09,2214,N21,nominal,2.0NRT,279.61,1.46,N
32.92244,60.23398,300.27,0.43,0.46,2026-09-09,2214,N21,nominal,2.0NRT,288.58,1.26,N
32.14382,54.33086,328.41,0.39,0.36,2026-09-09,2214,N21,nominal,2.0NRT,293.39,2.65,N
31.88167,54.42705,306.3,0.39,0.36,2026-09-09,2214,N21,nominal,2.0NRT,294.99,1.71,N
31.94107,54.04666,322.24,0.39,0.36,2026-09-09,2214,N21,nominal,2.0NRT,296.45,1.4,N
31.70337,55.44851,309.14,0.42,0.37,2026-09-09,2214,N21,nominal,2.0NRT,298.61,1.82,N
31.93845,54.04185,308.21,0.39,0.36,2026-09-09,2214,N21,nominal,2.0NRT,296.71,1.4,N
31.92592,54.05586,321.43,0.39,0.36,2026-09-09,2214,N21,nominal,2.0NRT,297.39,1.76,N
31.89246,54.23829,303.11,0.39,0.36,2026-09-09,2214,N21,nominal,2.0NRT,292.95,0.45,N
31.85084,54.28456,310.5,0.39,0.36,2026-09-09,2214,N21,nominal,2.0NRT,294.93,1.51,N
31.84754,54.2838,317.15,0.39,0.36,2026-09-09,2214,N21,nominal,2.0NRT,294.81,1.73,N
31.73401,54.73701,302.85,0.4,0.37,2026-09-09,2214,N21,nominal,2.0NRT,292.19,0.5,N
31.62341,54.74319,308.24,0.4,0.37,2026-09-09,2214,N21,nominal,2.0NRT,296.03,1.09,N
31.6229,54.7258,311.02,0.4,0.37,2026-09-09,2214,N21,nominal,2.0NRT,296.37,1.37,N
30.75288,56.65939,306.14,0.47,0.4,2026-09-09,2214,N21,nominal,2.0NRT,290.46,1.46,N
30.66521,56.62038,308.58,0.47,0.4,2026-09-09,2214,N21,nominal,2.0NRT,290.65,1.62,N
30.49645,56.81615,315.22,0.48,0.4,2026-09-09,2214,N21,nominal,2.0NRT,292.48,1.89,N
30.4919,56.82017,303.95,0.48,0.4,2026-09-09,2214,N21,nominal,2.0NRT,293.08,1.89,N
30.36973,57.12026,299.55,0.5,0.41,2026-09-09,2214,N21,nominal,2.0NRT,289.08,0.67,N
30.23292,56.90678,319.67,0.49,0.4,2026-09-09,2214,N21,nominal,2.0NRT,295.09,2.55,N
30.37044,56.13026,300.61,0.45,0.39,2026-09-09,2214,N21,nominal,2.0NRT,288.71,0.48,N
30.36692,56.12939,310.14,0.45,0.39,2026-09-09,2214,N21,nominal,2.0NRT,290.97,1.13,N
30.37865,55.86235,307.14,0.44,0.39,2026-09-09,2214,N21,nominal,2.0NRT,292.9,0.93,N
30.32245,55.97203,314.99,0.45,0.39,2026-09-09,2214,N21,nominal,2.0NRT,292.02,0.91,N
30.61257,54.10361,300.62,0.39,0.37,2026-09-09,2214,N21,nominal,2.0NRT,288.12,0.49,N
29.94748,56.73278,308.82,0.49,0.4,2026-09-09,2214,N21,nominal,2.0NRT,289.32,1.76,N
29.92832,56.73347,317.15,0.49,0.4,2026-09-09,2214,N21,nominal,2.0NRT,291.64,2.62,N
30.08156,55.40041,302.61,0.43,0.38,2026-09-09,2214,N21,nominal,2.0NRT,290.35,1.5,N
30.07968,55.39083,322.37,0.43,0.38,2026-09-09,2214,N21,nominal,2.0NRT,290.53,3.91,N
29.98887,55.85565,334.4,0.45,0.39,2026-09-09,2214,N21,nominal,2.0NRT,294.43,19.27,N
30.00081,55.1967,305.41,0.42,0.38,2026-09-09,2214,N21,nominal,2.0NRT,287.6,1.25,N
29.99398,55.1951,300.93,0.42,0.38,2026-09-09,2214,N21,nominal,2.0NRT,288.21,0.93,N
29.6999,55.53335,301.25,0.44,0.38,2026-09-09,2214,N21,nominal,2.0NRT,289.74,1.44,N
29.5128,55.79904,302.28,0.45,0.39,2026-09-09,2214,N21,nominal,2.0NRT,289.39,0.77,N
29.3742,55.57505,302.08,0.44,0.39,2026-09-09,2216,N21,nominal,2.0NRT,284.53,0.72,N
29.37071,55.57422,311.94,0.44,0.39,2026-09-09,2216,N21,nominal,2.0NRT,286.26,1.38,N
29.31399,55.56263,300.51,0.45,0.39,2026-09-09,2216,N21,nominal,2.0NRT,290.06,1.38,N
29.15151,55.36618,315.07,0.44,0.38,2026-09-09,2216,N21,nominal,2.0NRT,293.97,1.39,N
29.13448,55.38068,306.83,0.44,0.38,2026-09-09,2216,N21,nominal,2.0NRT,293.91,1.14,N
29.20324,54.48364,303.28,0.41,0.37,2026-09-09,2216,N21,nominal,2.0NRT,290.86,1.03,N
29.20224,54.48425,306.62,0.41,0.37,2026-09-09,2216,N21,nominal,2.0NRT,291.96,1.13,N
29.1724,54.61804,311.33,0.42,0.37,2026-09-09,2216,N21,nominal,2.0NRT,296.08,1.4,N
27.42281,56.49915,310.8,0.52,0.41,2026-09-09,2216,N21,nominal,2.0NRT,300.42,1.06,N
27.42181,56.50432,310.53,0.52,0.41,2026-09-09,2216,N21,nominal,2.0NRT,300.19,1.06,N
27.30305,56.302,317.63,0.51,0.41,2026-09-09,2216,N21,nominal,2.0NRT,300.84,1.72,N
27.17014,56.09582,313.63,0.5,0.41,2026-09-09,2216,N21,nominal,2.0NRT,301.36,1.4,N
27.16645,56.09496,312.86,0.5,0.41,2026-09-09,2216,N21,nominal,2.0NRT,302.08,1.99,N
27.16183,56.09905,336.64,0.5,0.41,2026-09-09,2216,N21,nominal,2.0NRT,302.27,4.62,N
27.16088,56.10401,320.61,0.5,0.41,2026-09-09,2216,N21,nominal,2.0NRT,301.85,4.62,N
27.17027,56.05447,319.57,0.5,0.41,2026-09-09,2216,N21,nominal,2.0NRT,301.31,1.31,N
27.15813,56.09819,331.55,0.5,0.41,2026-09-09,2216,N21,nominal,2.0NRT,301.9,7.01,N
27.16659,56.05362,314.86,0.5,0.41,2026-09-09,2216,N21,nominal,2.0NRT,301.56,1.52,N
27.16189,56.07839,313.14,0.5,0.41,2026-09-09,2216,N21,nominal,2.0NRT,301.57,1.51,N
27.16324,56.10272,312.48,0.5,0.41,2026-09-09,2216,N21,nominal,2.0NRT,301.51,5.6,N
27.15955,56.10185,340.36,0.5,0.41,2026-09-09,2216,N21,nominal,2.0NRT,302.94,5.6,N
27.16867,56.0522,315.52,0.5,0.41,2026-09-09,2216,N21,nominal,2.0NRT,301.26,1.52,N
27.16776,56.05716,317.85,0.5,0.41,2026-09-09,2216,N21,nominal,2.0NRT,301.05,1.52,N
27.16043,56.07617,311.95,0.5,0.41,2026-09-09,2216,N21,nominal,2.0NRT,301.23,1.23,N
25.97108,56.07228,313.75,0.52,0.41,2026-09-09,2216,N21,nominal,2.0NRT,302.85,2.73,N
25.96453,56.06551,316.07,0.52,0.41,2026-09-09,2216,N21,nominal,2.0NRT,304.23,1.99,N
25.96379,56.06917,316.69,0.52,0.42,2026-09-09,2216,N21,nominal,2.0NRT,303.48,1.31,N
25.55659,55.98487,317.06,0.52,0.42,2026-09-09,2216,N21,nominal,2.0NRT,303.55,2.25,N
24.50295,56.60767,338.67,0.39,0.44,2026-09-09,2216,N21,nominal,2.0NRT,303.63,5.16,N
24.50586,56.59253,316.1,0.39,0.44,2026-09-09,2216,N21,nominal,2.0NRT,303.91,1.36,N
24.47332,56.63242,314.73,0.39,0.44,2026-09-09,2216,N21,nominal,2.0NRT,301.7,1.24,N
24.4639,56.63815,314.01,0.39,0.44,2026-09-09,2216,N21,nominal,2.0NRT,302.1,1.19,N
24.45563,56.55286,315.96,0.39,0.44,2026-09-09,2216,N21,nominal,2.0NRT,302.77,1.82,N
24.60672,54.15237,330.94,0.44,0.39,2026-09-09,2216,N21,nominal,2.0NRT,304.47,1.62,N
23.9141,57.13863,309.41,0.43,0.46,2026-09-09,2216,N21,nominal,2.0NRT,299.19,0.67,N
24.00227,55.44082,316.64,0.52,0.41,2026-09-09,2216,N21,nominal,2.0NRT,302.5,3.18,N
23.19341,55.45729,334.66,0.53,0.42,2026-09-09,2216,N21,nominal,2.0NRT,300.28,6.63,N
23.18961,55.45646,315.54,0.53,0.42,2026-09-09,2216,N21,nominal,2.0NRT,301.02,3.07,N
23.31113,54.17775,345.29,0.46,0.39,2026-09-09,2216,N21,nominal,2.0NRT,304.14,14.92,N
22.87944,55.924,310.73,0.57,0.43,2026-09-09,2216,N21,nominal,2.0NRT,298.42,1.78,N
22.87297,55.61527,331.95,0.55,0.43,2026-09-09,2216,N21,nominal,2.0NRT,298.74,5.15,N
22.87224,55.61356,327.33,0.55,0.43,2026-09-09,2216,N21,nominal,2.0NRT,298.47,4.08,N
22.78218,55.81598,310.02,0.57,0.43,2026-09-09,2216,N21,nominal,2.0NRT,299.13,1.45,N
22.67063,56.25079,314.42,0.4,0.44,2026-09-09,2216,N21,nominal,2.0NRT,298.02,1.31,N
22.40391,56.9881,331.43,0.45,0.47,2026-09-09,2216,N21,nominal,2.0NRT,297.8,4.14,N
22.32942,56.49134,309.83,0.42,0.45,2026-09-09,2216,N21,nominal,2.0NRT,297.77,2.76,N
22.32533,56.49035,338.8,0.42,0.45,2026-09-09,2216,N21,nominal,2.0NRT,298.87,2.76,N
21.93523,57.07272,335.85,0.46,0.47,2026-09-09,2216,N21,nominal,2.0NRT,297.1,5.31,N
21.89234,56.84866,327.2,0.45,0.47,2026-09-09,2216,N21,nominal,2.0NRT,297.06,4.32,N
21.83331,56.67955,330.48,0.44,0.46,2026-09-09,2216,N21,nominal,2.0NRT,297.29,2.45,N
21.66175,56.41238,322.17,0.43,0.46,2026-09-09,2216,N21,nominal,2.0NRT,298.23,2.17,N
21.31247,57.74568,325.56,0.52,0.5,2026-09-09,2216,N21,nominal,2.0NRT,296.54,5.16,N
21.31346,57.74074,314.78,0.52,0.5,2026-09-09,2216,N21,nominal,2.0NRT,296.54,2.17,N
21.30154,57.80026,313.82,0.53,0.5,2026-09-09,2216,N21,nominal,2.0NRT,296.5,2.83,N
21.30586,57.70816,313.24,0.52,0.5,2026-09-09,2216,N21,nominal,2.0NRT,296.36,1.88,N
21.29732,57.68045,309.79,0.52,0.5,2026-09-09,2216,N21,nominal,2.0NRT,295.94,1.51,N
21.40989,55.74224,321.95,0.39,0.44,2026-09-09,2218,N21,nominal,2.0NRT,299.28,3.3,N
20.98784,56.77381,304.51,0.46,0.47,2026-09-09,2218,N21,nominal,2.0NRT,294.16,0.42,N
20.38586,55.6634,320.49,0.4,0.45,2026-09-09,2218,N21,nominal,2.0NRT,296.99,3.75,N
20.38469,55.64737,322.76,0.4,0.44,2026-09-09,2218,N21,nominal,2.0NRT,297.28,2.9,N
20.21275,55.71173,318.5,0.41,0.45,2026-09-09,2218,N21,nominal,2.0NRT,296.68,2.13,N
19.26868,56.17396,317.21,0.45,0.47,2026-09-09,2218,N21,nominal,2.0NRT,295.91,1.57,N
18.3238,55.10567,328,0.41,0.45,2026-09-09,2218,N21,nominal,2.0NRT,297.06,3.3,N
18.01284,54.57204,345.46,0.57,0.43,2026-09-09,2218,N21,nominal,2.0NRT,301.08,16.61,N
39.17564,68.61278,295.19,0.43,0.62,2026-09-09,2212,N21,nominal,2.0NRT,281.54,0.97,N
39.50234,66.1559,312.11,0.63,0.54,2026-09-09,2212,N21,nominal,2.0NRT,289.71,2.99,N
23.11338,98.75754,328.47,0.49,0.49,2026-09-10,0608,N21,nominal,2.0NRT,289.57,3.85,D
24.17383,99.39032,327.75,0.43,0.46,2026-09-10,0608,N21,nominal,2.0NRT,298.76,3.42,D
28.02405,96.64853,329.18,0.53,0.5,2026-09-10,0608,N21,nominal,2.0NRT,291.84,6.33,D
29.96472,101.34368,325.08,0.43,0.38,2026-09-10,0608,N21,low,2.0NRT,299.62,4.86,D
39.96891,98.99546,346.23,0.4,0.37,2026-09-10,0612,N21,nominal,2.0NRT,302.12,4.79,D
39.97144,98.98986,333.31,0.4,0.37,2026-09-10,0612,N21,nominal,2.0NRT,301.55,7.73,D
39.97224,98.99449,355.51,0.4,0.37,2026-09-10,0612,N21,low,2.0NRT,303.81,7.73,D
39.97556,98.99352,355.92,0.4,0.37,2026-09-10,0612,N21,low,2.0NRT,302.21,7.73,D
39.98362,99.0203,331.45,0.4,0.37,2026-09-10,0612,N21,nominal,2.0NRT,301.15,2.44,D
39.98694,99.01935,335.02,0.4,0.37,2026-09-10,0612,N21,nominal,2.0NRT,302.49,2.44,D
39.98615,99.01472,339.45,0.4,0.37,2026-09-10,0612,N21,nominal,2.0NRT,301.79,2.44,D
39.98536,99.01009,344.91,0.4,0.37,2026-09-10,0612,N21,nominal,2.0NRT,300.77,3.68,D
39.98457,99.00548,344.88,0.4,0.37,2026-09-10,0612,N21,nominal,2.0NRT,301.11,3.68,D
39.98378,99.00085,342.94,0.4,0.37,2026-09-10,0612,N21,nominal,2.0NRT,299.88,2.68,D
39.98789,99.00452,330.1,0.4,0.37,2026-09-10,0612,N21,low,2.0NRT,300.22,2.63,D
39.98709,98.99989,336.27,0.4,0.37,2026-09-10,0612,N21,nominal,2.0NRT,299.51,2.21,D
6.2632,80.97652,334.97,0.48,0.4,2026-09-10,0744,N21,low,2.0NRT,304.23,2.63,D
6.40709,81.31159,332.25,0.46,0.39,2026-09-10,0744,N21,low,2.0NRT,306.47,5.59,D
6.41888,81.08362,334.42,0.47,0.4,2026-09-10,0744,N21,low,2.0NRT,304.71,24.62,D
6.42442,81.04807,331.32,0.47,0.4,2026-09-10,0744,N21,low,2.0NRT,303.68,4.94,D
6.44335,81.08987,340.02,0.47,0.4,2026-09-10,0744,N21,nominal,2.0NRT,306.54,9.4,D
6.4849,81.11776,334.16,0.47,0.4,2026-09-10,0744,N21,low,2.0NRT,303.77,4.96,D
6.56282,81.06295,337.02,0.47,0.4,2026-09-10,0744,N21,low,2.0NRT,305.55,6.5,D
6.56214,81.05875,336.79,0.47,0.4,2026-09-10,0744,N21,low,2.0NRT,304.42,6.5,D
6.56508,81.05399,334.69,0.47,0.4,2026-09-10,0744,N21,low,2.0NRT,302.04,3.98,D
6.55179,80.92549,336.67,0.48,0.4,2026-09-10,0744,N21,nominal,2.0NRT,303.44,5.38,D
6.69198,81.07414,336.44,0.47,0.4,2026-09-10,0744,N21,low,2.0NRT,303.88,13.92,D
6.79421,81.27834,335.73,0.46,0.39,2026-09-10,0744,N21,nominal,2.0NRT,302.13,4.86,D
6.84055,81.55181,336.38,0.44,0.39,2026-09-10,0744,N21,nominal,2.0NRT,299.8,6.23,D
6.79362,81.27934,335.47,0.46,0.39,2026-09-10,0744,N21,nominal,2.0NRT,303.25,4.22,D
6.84137,81.55236,337.79,0.44,0.39,2026-09-10,0744,N21,nominal,2.0NRT,299.22,6.64,D
7.27058,81.12646,334.67,0.46,0.39,2026-09-10,0744,N21,nominal,2.0NRT,285.33,8.2,D
7.97727,80.36172,338.8,0.49,0.4,2026-09-10,0744,N21,nominal,2.0NRT,292.23,5.67,D
7.99352,80.1341,333.76,0.51,0.41,2026-09-10,0744,N21,nominal,2.0NRT,295.56,2.96,D
8.0018,80.11408,331.42,0.51,0.41,2026-09-10,0744,N21,nominal,2.0NRT,299.89,4.33,D
8.16179,80.40961,336.7,0.49,0.4,2026-09-10,0744,N21,nominal,2.0NRT,299.72,6.11,D
8.32863,81.36947,333.67,0.44,0.38,2026-09-10,0744,N21,nominal,2.0NRT,280.76,4.88,D
8.30825,81.03323,336.39,0.45,0.39,2026-09-10,0744,N21,nominal,2.0NRT,288.71,5.18,D
8.36626,80.27986,340.57,0.49,0.4,2026-09-10,0744,N21,nominal,2.0NRT,304.09,6.9,D
8.44602,80.63084,335.48,0.47,0.4,2026-09-10,0744,N21,nominal,2.0NRT,298.23,5.46,D
8.47801,80.75889,346.95,0.46,0.39,2026-09-10,0744,N21,nominal,2.0NRT,301.74,11.45,D
8.49768,80.283,332.12,0.49,0.4,2026-09-10,0744,N21,nominal,2.0NRT,301.04,4.91,D
8.50359,80.27306,341.02,0.49,0.4,2026-09-10,0744,N21,low,2.0NRT,301.03,12.38,D
8.57501,80.36468,335.92,0.48,0.4,2026-09-10,0744,N21,nominal,2.0NRT,304.53,5.48,D
8.57937,80.36842,332.6,0.48,0.4,2026-09-10,0744,N21,nominal,2.0NRT,301.43,3.83,D
8.57867,80.36407,334.37,0.48,0.4,2026-09-10,0744,N21,nominal,2.0NRT,303.81,6.15,D
8.72976,80.8091,338.08,0.46,0.39,2026-09-10,0744,N21,low,2.0NRT,306.03,5.51,D
8.70023,80.37247,334.56,0.48,0.4,2026-09-10,0744,N21,low,2.0NRT,306.26,7.4,D
8.8314,80.98924,344.59,0.45,0.39,2026-09-10,0744,N21,nominal,2.0NRT,301.63,10.54,D
8.83493,80.98868,346.94,0.45,0.39,2026-09-10,0744,N21,nominal,2.0NRT,304.54,10.54,D
8.83912,80.99213,330.97,0.45,0.39,2026-09-10,0744,N21,low,2.0NRT,305.18,6.01,D
8.83694,80.33418,333.87,0.48,0.4,2026-09-10,0744,N21,low,2.0NRT,302.43,3.47,D
8.94782,80.90019,336.32,0.45,0.39,2026-09-10,0744,N21,nominal,2.0NRT,301.61,3.64,D
8.41569,77.66499,335.52,0.47,0.48,2026-09-10,0744,N21,nominal,2.0NRT,302.54,3.43,D
8.43529,77.6227,336.99,0.47,0.48,2026-09-10,0744,N21,nominal,2.0NRT,304.43,1.21,D
8.95331,80.68477,336.52,0.46,0.39,2026-09-10,0744,N21,low,2.0NRT,305.09,10.13,D
8.93589,80.57632,349.52,0.47,0.4,2026-09-10,0744,N21,nominal,2.0NRT,308.18,16.47,D
8.94718,80.46166,344.44,0.47,0.4,2026-09-10,0744,N21,nominal,2.0NRT,304.57,15.06,D
8.94848,80.46294,333.45,0.47,0.4,2026-09-10,0744,N21,low,2.0NRT,303.73,10.22,D
8.61568,78.09698,336.26,0.44,0.46,2026-09-10,0744,N21,nominal,2.0NRT,293.13,4.47,D
9.02846,80.2422,350.65,0.48,0.4,2026-09-10,0744,N21,nominal,2.0NRT,302.49,7.41,D
9.02856,80.24287,342.15,0.48,0.4,2026-09-10,0744,N21,nominal,2.0NRT,302.72,8.78,D
8.90687,77.60324,339.94,0.47,0.48,2026-09-10,0744,N21,nominal,2.0NRT,306.89,3.33,D
8.90438,77.60378,333.52,0.47,0.48,2026-09-10,0744,N21,low,2.0NRT,304.14,4.95,D
9.40057,80.47038,341.83,0.47,0.4,2026-09-10,0744,N21,low,2.0NRT,303.59,10.59,D
8.96667,77.85931,348.35,0.45,0.47,2026-09-10,0744,N21,nominal,2.0NRT,309.61,14.16,D
9.4199,80.3849,353.94,0.47,0.4,2026-09-10,0744,N21,nominal,2.0NRT,306.86,24.67,D
9.44271,80.50226,335.25,0.47,0.39,2026-09-10,0744,N21,low,2.0NRT,304.36,10.15,D
9.43006,80.37888,339.92,0.47,0.4,2026-09-10,0744,N21,low,2.0NRT,305.2,10.01,D
9.2705,78.60549,343.63,0.4,0.44,2026-09-10,0744,N21,nominal,2.0NRT,304.06,2.3,D
9.36015,78.76106,339.16,0.39,0.44,2026-09-10,0744,N21,nominal,2.0NRT,302.15,1.88,D
9.24767,77.89903,342.41,0.44,0.46,2026-09-10,0744,N21,nominal,2.0NRT,308.27,12.1,D
14.50943,77.50732,345.89,0.39,0.44,2026-09-10,0746,N21,nominal,2.0NRT,301.31,6.11,D
15.17447,76.8308,341.83,0.41,0.45,2026-09-10,0746,N21,nominal,2.0NRT,297.72,3.73,D
17.3086,77.62019,333.06,0.52,0.41,2026-09-10,0746,N21,nominal,2.0NRT,285.06,8.89,D
17.30932,77.6216,330.95,0.52,0.41,2026-09-10,0746,N21,nominal,2.0NRT,284.98,8.81,D
17.70016,75.35762,335.22,0.46,0.47,2026-09-10,0746,N21,nominal,2.0NRT,297.83,3.82,D
18.63248,74.05639,331.15,0.54,0.51,2026-09-10,0748,N21,nominal,2.0NRT,291.95,4.94,D
19.92554,79.11815,332.8,0.42,0.37,2026-09-10,0748,N21,low,2.0NRT,298.29,8.46,D
22.21438,84.866,333.48,0.51,0.41,2026-09-10,0748,N21,nominal,2.0NRT,288.1,5.73,D
22.21149,84.86465,334.91,0.51,0.41,2026-09-10,0748,N21,nominal,2.0NRT,289.17,5.09,D
22.7853,86.20583,337.65,0.41,0.45,2026-09-10,0748,N21,nominal,2.0NRT,292.54,7.11,D
21.10247,72.64529,342.82,0.6,0.53,2026-09-10,0748,N21,nominal,2.0NRT,295.75,9.05,D
21.10014,72.63404,336.61,0.6,0.53,2026-09-10,0748,N21,nominal,2.0NRT,298.34,36.33,D
21.10725,72.6442,331.63,0.6,0.53,2026-09-10,0748,N21,nominal,2.0NRT,298.17,9.05,D
23.68556,86.39387,336.97,0.43,0.46,2026-09-10,0748,N21,nominal,2.0NRT,293.54,5.88,D
23.71437,86.45137,333.64,0.43,0.46,2026-09-10,0748,N21,nominal,2.0NRT,292.95,6.09,D
23.73816,86.43526,336.08,0.43,0.46,2026-09-10,0748,N21,nominal,2.0NRT,293.61,6.49,D
23.77997,86.21016,342.33,0.42,0.45,2026-09-10,0748,N21,nominal,2.0NRT,293.47,8.13,D
23.77832,86.21114,335.85,0.42,0.45,2026-09-10,0748,N21,nominal,2.0NRT,292.01,8.84,D
23.22823,69.83833,335.21,0.41,0.61,2026-09-10,0750,N21,nominal,2.0NRT,298.63,6.36,D
23.22733,69.83443,353.5,0.41,0.61,2026-09-10,0750,N21,nominal,2.0NRT,299.98,6.36,D
25.78074,73.69642,330.59,0.42,0.45,2026-09-10,0750,N21,low,2.0NRT,304.03,1.44,D
25.56557,72.19657,334.68,0.52,0.5,2026-09-10,0750,N21,nominal,2.0NRT,304.27,3.32,D
25.85574,68.94447,331.09,0.41,0.6,2026-09-10,0750,N21,low,2.0NRT,303.41,3.08,D
28.7746,71.00861,353.66,0.53,0.5,2026-09-10,0750,N21,nominal,2.0NRT,310.18,15.55,D
28.0804,67.69225,341.74,0.43,0.62,2026-09-10,0750,N21,nominal,2.0NRT,302.65,5.19,D
31.52411,73.387,343.3,0.52,0.42,2026-09-10,0750,N21,nominal,2.0NRT,304.78,3.65,D
31.40946,72.38369,331.31,0.39,0.44,2026-09-10,0750,N21,low,2.0NRT,304.65,1.68,D
31.94805,73.20129,334.13,0.52,0.42,2026-09-10,0752,N21,nominal,2.0NRT,301.08,4.43,D
31.48832,70.32721,331.98,0.51,0.49,2026-09-10,0752,N21,low,2.0NRT,304.47,4.02,D
38.05124,67.26732,344.21,0.53,0.5,2026-09-10,0752,N21,low,2.0NRT,316.75,39.31,D
37.11634,62.3631,340.17,0.51,0.66,2026-09-10,0754,N21,nominal,2.0NRT,304.01,8.02,D
20.37429,55.93542,343.39,0.38,0.36,2026-09-10,0928,N21,low,2.0NRT,313.59,0.63,D
21.00066,56.5336,341.35,0.39,0.36,2026-09-10,0930,N21,low,2.0NRT,315.9,2.66,D
21.30286,57.79819,346.1,0.42,0.38,2026-09-10,0930,N21,low,2.0NRT,316.75,1,D
24.50543,56.60693,341.73,0.41,0.37,2026-09-10,0930,N21,low,2.0NRT,314.75,28.43,D
24.60793,54.15068,333.06,0.39,0.36,2026-09-10,0930,N21,nominal,2.0NRT,305.3,2.11,D
25.30689,56.3745,332.55,0.41,0.37,2026-09-10,0930,N21,low,2.0NRT,304.55,5.14,D
27.15937,56.10202,350.12,0.41,0.37,2026-09-10,0932,N21,nominal,2.0NRT,314.27,19.51,D
27.16898,56.09613,339.28,0.41,0.37,2026-09-10,0932,N21,low,2.0NRT,311.6,13.29,D
27.1667,56.05445,341.19,0.41,0.37,2026-09-10,0932,N21,low,2.0NRT,312.55,13.54,D
27.17066,56.05797,340.64,0.41,0.37,2026-09-10,0932,N21,low,2.0NRT,312.29,13.61,D
27.17009,56.05386,339.85,0.41,0.37,2026-09-10,0932,N21,low,2.0NRT,312.5,14.19,D
27.30252,56.30356,336.8,0.42,0.37,2026-09-10,0932,N21,low,2.0NRT,309.07,5.14,D
31.84872,54.28677,345.65,0.4,0.37,2026-09-10,0932,N21,low,2.0NRT,318.84,6.99,D
37.29847,60.98022,350.51,0.61,0.54,2026-09-10,0934,N21,nominal,2.0NRT,296.19,9.2,D
37.4335,61.6326,333.34,0.33,0.56,2026-09-10,0934,N21,nominal,2.0NRT,303.33,2.12,D
37.43142,61.63263,334.95,0.33,0.56,2026-09-10,0934,N21,nominal,2.0NRT,304.47,2.29,D
30.06927,96.97865,302.95,0.41,0.61,2026-09-10,1834,N21,nominal,2.0NRT,286.68,1.61,N
22.35299,96.70353,300.27,0.35,0.57,2026-09-10,1836,N21,nominal,2.0NRT,286.94,0.93,N
18.80434,74.2586,310.09,0.41,0.45,2026-09-10,2017,N21,nominal,2.0NRT,289.83,0.77,N
15.3341,76.28777,307.32,0.44,0.38,2026-09-10,2017,N21,nominal,2.0NRT,291.88,1.69,N
15.1776,77.10484,306.7,0.41,0.37,2026-09-10,2017,N21,nominal,2.0NRT,291.49,1.38,N
15.22459,76.76285,317.18,0.42,0.38,2026-09-10,2017,N21,nominal,2.0NRT,293.41,2.43,N
15.17476,77.10052,308.85,0.41,0.37,2026-09-10,2017,N21,nominal,2.0NRT,291.91,1.38,N
15.18192,76.66852,316.12,0.42,0.38,2026-09-10,2017,N21,nominal,2.0NRT,284.73,1.24,N
15.18135,76.67244,302.51,0.42,0.38,2026-09-10,2017,N21,nominal,2.0NRT,285.75,1.24,N
15.18079,76.67635,308.84,0.42,0.38,2026-09-10,2017,N21,nominal,2.0NRT,286.89,1.76,N
15.17677,76.67976,323.76,0.42,0.38,2026-09-10,2017,N21,nominal,2.0NRT,286.41,1.45,N
15.17734,76.67583,308.41,0.42,0.38,2026-09-10,2017,N21,nominal,2.0NRT,286.12,1.45,N
15.1767,76.65572,325.35,0.42,0.38,2026-09-10,2017,N21,nominal,2.0NRT,283.32,4.18,N
15.17614,76.65965,313.93,0.42,0.38,2026-09-10,2017,N21,nominal,2.0NRT,282.92,2.24,N
15.17332,76.67924,311.98,0.42,0.38,2026-09-10,2017,N21,nominal,2.0NRT,285.1,1.45,N
15.17324,76.6552,300.7,0.42,0.38,2026-09-10,2017,N21,nominal,2.0NRT,280.61,0.62,N
15.17242,76.37626,295.13,0.43,0.38,2026-09-10,2017,N21,nominal,2.0NRT,275.68,0.79,N
15.16834,76.37976,299.18,0.43,0.38,2026-09-10,2017,N21,nominal,2.0NRT,276.73,1.41,N
14.5182,77.85088,305.51,0.39,0.36,2026-09-10,2019,N21,nominal,2.0NRT,278.07,1.11,N
8.91794,80.78244,321.13,0.47,0.4,2026-09-10,2019,N21,nominal,2.0NRT,288.03,2.52,N
9.40665,77.73219,305.49,0.38,0.36,2026-09-10,2019,N21,nominal,2.0NRT,287.51,1.52,N
8.91433,80.78183,312.43,0.47,0.4,2026-09-10,2019,N21,nominal,2.0NRT,288.52,1.68,N
7.86869,80.65234,305.24,0.47,0.4,2026-09-10,2019,N21,nominal,2.0NRT,291.58,1.17,N
7.5612,80.69749,311.69,0.48,0.4,2026-09-10,2019,N21,nominal,2.0NRT,289.05,1.61,N
7.56122,80.69533,303.98,0.48,0.4,2026-09-10,2019,N21,nominal,2.0NRT,289.1,1.26,N
7.56059,80.69923,306.98,0.48,0.4,2026-09-10,2019,N21,nominal,2.0NRT,288.56,0.9,N
6.60608,80.89038,318.94,0.5,0.41,2026-09-10,2019,N21,nominal,2.0NRT,292.11,2.95,N
6.31923,81.33753,305.83,0.54,0.42,2026-09-10,2019,N21,nominal,2.0NRT,293.63,1.23,N
39.8591,98.25239,304.59,0.39,0.59,2026-09-10,2010,N21,nominal,2.0NRT,284.32,1.49,N
39.84172,98.27334,299.62,0.39,0.59,2026-09-10,2010,N21,nominal,2.0NRT,280.07,0.81,N
39.8103,98.3027,309.84,0.39,0.6,2026-09-10,2010,N21,nominal,2.0NRT,284.9,1.88,N
39.80433,98.33843,296.65,0.4,0.6,2026-09-10,2010,N21,nominal,2.0NRT,282.97,0.75,N
39.80877,98.30044,308.48,0.39,0.6,2026-09-10,2010,N21,nominal,2.0NRT,285.71,1.86,N
37.34508,97.41013,299.32,0.41,0.61,2026-09-10,2012,N21,nominal,2.0NRT,279.36,1.09,N
39.64972,75.90019,296.34,0.58,0.52,2026-09-10,2012,N21,nominal,2.0NRT,286.07,1.23,N
35.98952,94.83158,299.25,0.33,0.55,2026-09-10,2012,N21,nominal,2.0NRT,276.3,1.29,N
35.98932,94.83054,306.1,0.33,0.55,2026-09-10,2012,N21,nominal,2.0NRT,278.04,1.24,N
36.99888,80.19262,299.57,0.49,0.4,2026-09-10,2012,N21,nominal,2.0NRT,287.77,1.12,N
33.69026,72.7108,306.77,0.38,0.59,2026-09-10,2014,N21,nominal,2.0NRT,295.12,1.45,N
32.88787,71.61549,306.45,0.44,0.62,2026-09-10,2014,N21,nominal,2.0NRT,294.03,2.79,N
32.71813,72.77424,305.15,0.37,0.58,2026-09-10,2014,N21,nominal,2.0NRT,294.19,0.77,N
32.5728,72.56274,306.18,0.38,0.59,2026-09-10,2014,N21,nominal,2.0NRT,294.5,2.87,N
32.57594,72.56072,309.97,0.38,0.59,2026-09-10,2014,N21,nominal,2.0NRT,294.62,2.66,N
31.2582,76.92317,302.06,0.41,0.45,2026-09-10,2014,N21,nominal,2.0NRT,290.46,0.56,N
31.24952,76.92664,301,0.41,0.45,2026-09-10,2014,N21,nominal,2.0NRT,290.08,0.45,N
27.22271,95.34615,303.07,0.57,0.69,2026-09-10,2014,N21,nominal,2.0NRT,288.19,0.66,N
28.77348,76.70058,310.63,0.39,0.44,2026-09-10,2014,N21,nominal,2.0NRT,294.25,1.37,N
28.3725,77.224,308.09,0.55,0.42,2026-09-10,2017,N21,nominal,2.0NRT,293.42,4.2,N
28.34398,77.23093,306.66,0.54,0.42,2026-09-10,2017,N21,nominal,2.0NRT,294.04,5.47,N
25.54182,91.23454,298.31,0.35,0.57,2026-09-10,2017,N21,nominal,2.0NRT,286.49,0.37,N
25.7813,73.69701,304.39,0.54,0.51,2026-09-10,2017,N21,nominal,2.0NRT,294.38,1.07,N
24.20646,82.52596,298.17,0.4,0.37,2026-09-10,2017,N21,nominal,2.0NRT,275.18,0.73,N
24.1596,82.56532,304.86,0.4,0.37,2026-09-10,2017,N21,nominal,2.0NRT,272.93,1.01,N
25.38704,68.58024,315.78,0.57,0.69,2026-09-10,2017,N21,nominal,2.0NRT,294.19,2.06,N
25.38452,68.58169,307.4,0.57,0.69,2026-09-10,2017,N21,nominal,2.0NRT,294.15,0.99,N
24.76426,74.60631,310.84,0.46,0.47,2026-09-10,2017,N21,nominal,2.0NRT,294.87,2.58,N
24.6628,74.63235,305.65,0.46,0.47,2026-09-10,2017,N21,nominal,2.0NRT,294.87,2.33,N
25.05117,67.49362,304.54,0.66,0.73,2026-09-10,2017,N21,nominal,2.0NRT,293.52,1.71,N
23.32822,70.2144,303.81,0.43,0.62,2026-09-10,2017,N21,nominal,2.0NRT,292.08,0.77,N
20.97612,85.16662,297.35,0.55,0.42,2026-09-10,2017,N21,nominal,2.0NRT,267.98,1.47,N
20.97515,85.17178,304.77,0.55,0.42,2026-09-10,2017,N21,nominal,2.0NRT,268.81,1.47,N
20.97034,85.17608,315.75,0.55,0.42,2026-09-10,2017,N21,nominal,2.0NRT,268.33,2.82,N
20.97036,85.15466,298.84,0.55,0.42,2026-09-10,2017,N21,nominal,2.0NRT,266.02,1,N
20.96746,85.17009,300.13,0.55,0.42,2026-09-10,2017,N21,nominal,2.0NRT,269.24,1.2,N
20.96649,85.17525,302.71,0.55,0.42,2026-09-10,2017,N21,nominal,2.0NRT,268.28,1.41,N
20.96454,85.18561,307.13,0.55,0.43,2026-09-10,2017,N21,nominal,2.0NRT,268.83,1.44,N
20.96355,85.19088,302.51,0.55,0.43,2026-09-10,2017,N21,nominal,2.0NRT,269.13,1.44,N
20.96652,85.15382,301.39,0.55,0.42,2026-09-10,2017,N21,nominal,2.0NRT,266.45,1,N
20.96458,85.16412,298.55,0.55,0.42,2026-09-10,2017,N21,nominal,2.0NRT,268.56,1.2,N
20.96361,85.16926,303.57,0.55,0.42,2026-09-10,2017,N21,nominal,2.0NRT,269.7,1.2,N
20.96264,85.17442,303.85,0.55,0.42,2026-09-10,2017,N21,nominal,2.0NRT,269.46,1.41,N
20.96069,85.18478,302.21,0.55,0.43,2026-09-10,2017,N21,nominal,2.0NRT,268.62,1.44,N
20.97784,85.17099,302.58,0.55,0.42,2026-09-10,2017,N21,nominal,2.0NRT,268.18,1.08,N
20.97306,85.17531,299.21,0.55,0.43,2026-09-10,2017,N21,nominal,2.0NRT,268.43,1.08,N
20.96922,85.17447,320.87,0.55,0.43,2026-09-10,2017,N21,nominal,2.0NRT,269.27,2.57,N
20.96911,85.15297,308.54,0.55,0.42,2026-09-10,2017,N21,nominal,2.0NRT,266.66,1.59,N
20.9663,85.16846,299.45,0.55,0.42,2026-09-10,2017,N21,nominal,2.0NRT,269.42,2.57,N
20.96348,85.18401,302.17,0.55,0.43,2026-09-10,2017,N21,nominal,2.0NRT,268.41,2.36,N
20.96254,85.18925,315.65,0.55,0.43,2026-09-10,2017,N21,nominal,2.0NRT,269.92,2.46,N
20.96246,85.16761,302.45,0.55,0.42,2026-09-10,2017,N21,nominal,2.0NRT,269.54,1.31,N
20.96152,85.17278,302.35,0.55,0.43,2026-09-10,2017,N21,nominal,2.0NRT,269.54,1.31,N
21.48548,81.76911,295.14,0.4,0.37,2026-09-10,2017,N21,nominal,2.0NRT,264.85,0.41,N
22.93333,69.69787,307.85,0.46,0.63,2026-09-10,2017,N21,nominal,2.0NRT,292.78,2.41,N
20.8086,85.2576,304.82,0.56,0.43,2026-09-10,2017,N21,nominal,2.0NRT,282.02,1.3,N
20.80473,85.25675,304.03,0.56,0.43,2026-09-10,2017,N21,nominal,2.0NRT,282.01,1.35,N
20.79309,85.25423,323.4,0.56,0.43,2026-09-10,2017,N21,nominal,2.0NRT,281.84,5.61,N
21.37694,81.64027,302.86,0.39,0.36,2026-09-10,2017,N21,nominal,2.0NRT,274.08,0.76,N
22.26423,75.13145,299.8,0.4,0.44,2026-09-10,2017,N21,nominal,2.0NRT,276.95,0.96,N
21.11273,72.63628,308.44,0.56,0.51,2026-09-10,2019,N21,nominal,2.0NRT,293.3,4.49,N
21.10685,72.64638,341.61,0.56,0.51,2026-09-10,2019,N21,nominal,2.0NRT,294.57,9.84,N
21.10329,72.63512,343.31,0.56,0.51,2026-09-10,2019,N21,nominal,2.0NRT,293.5,13.9,N
21.10214,72.64581,318.94,0.56,0.51,2026-09-10,2019,N21,nominal,2.0NRT,292.62,9.84,N
20.91126,71.4586,299.5,0.33,0.55,2026-09-10,2019,N21,nominal,2.0NRT,274.83,0.84,N
20.73192,70.91265,311.32,0.36,0.57,2026-09-10,2019,N21,nominal,2.0NRT,291.44,1.41,N
20.73184,70.91271,310.91,0.36,0.57,2026-09-10,2019,N21,nominal,2.0NRT,291.29,1.42,N
19.93538,73.71288,298.94,0.46,0.47,2026-09-10,2019,N21,nominal,2.0NRT,275.08,0.69,N
19.57022,71.3606,306.44,0.32,0.55,2026-09-10,2019,N21,nominal,2.0NRT,293.15,1.41,N
19.56989,71.36366,306.91,0.32,0.55,2026-09-10,2019,N21,nominal,2.0NRT,292.87,1.41,N
38.65778,76.16718,295.49,0.62,0.71,2026-09-10,2153,N21,nominal,2.0NRT,282.06,2.39,N
38.39579,69.11485,305.02,0.54,0.51,2026-09-10,2153,N21,nominal,2.0NRT,291.59,1.41,N
38.39666,69.11562,304.08,0.54,0.51,2026-09-10,2153,N21,nominal,2.0NRT,291.14,1.13,N
39.18237,65.31082,308.23,0.51,0.41,2026-09-10,2153,N21,nominal,2.0NRT,292.61,1.69,N
39.43369,62.99607,305.76,0.42,0.38,2026-09-10,2153,N21,nominal,2.0NRT,289.83,0.76,N
39.3056,62.97612,302.95,0.42,0.38,2026-09-10,2155,N21,nominal,2.0NRT,291.37,1.1,N
39.2823,63.04525,302.7,0.42,0.38,2026-09-10,2155,N21,nominal,2.0NRT,290.71,0.46,N
39.25127,63.21505,305.43,0.43,0.38,2026-09-10,2155,N21,nominal,2.0NRT,290.7,1.04,N
39.24874,63.20913,307.78,0.43,0.38,2026-09-10,2155,N21,nominal,2.0NRT,291.18,0.84,N
39.24817,63.17295,304.34,0.43,0.38,2026-09-10,2155,N21,nominal,2.0NRT,290.31,0.73,N
39.20349,63.27793,301.7,0.43,0.38,2026-09-10,2155,N21,nominal,2.0NRT,288.44,0.79,N
39.17857,63.35336,301.78,0.43,0.38,2026-09-10,2155,N21,nominal,2.0NRT,289.47,0.84,N
39.19655,63.19835,308.29,0.43,0.38,2026-09-10,2155,N21,nominal,2.0NRT,289.81,0.69,N
39.19474,63.20811,306.38,0.43,0.38,2026-09-10,2155,N21,nominal,2.0NRT,289.76,0.82,N
39.17653,63.30595,298.56,0.43,0.38,2026-09-10,2155,N21,nominal,2.0NRT,287.94,0.58,N
39.19876,63.19615,305.07,0.43,0.38,2026-09-10,2155,N21,nominal,2.0NRT,290.06,0.94,N
39.19609,63.2108,302.88,0.43,0.38,2026-09-10,2155,N21,nominal,2.0NRT,289.11,0.44,N
39.17153,63.28599,311.41,0.43,0.38,2026-09-10,2155,N21,nominal,2.0NRT,289.15,1.14,N
39.17631,63.22023,300.04,0.43,0.38,2026-09-10,2155,N21,nominal,2.0NRT,288.5,0.38,N
39.17006,63.25447,305.55,0.43,0.38,2026-09-10,2155,N21,nominal,2.0NRT,288.82,0.89,N
39.16663,63.25343,303.28,0.43,0.38,2026-09-10,2155,N21,nominal,2.0NRT,289.17,0.88,N
39.16573,63.25832,303.24,0.43,0.38,2026-09-10,2155,N21,nominal,2.0NRT,289.18,0.88,N
39.15493,63.31723,305.75,0.43,0.38,2026-09-10,2155,N21,nominal,2.0NRT,288.36,0.64,N
39.1614,63.26217,307.62,0.43,0.38,2026-09-10,2155,N21,nominal,2.0NRT,289.29,1.22,N
39.12895,63.41882,301.14,0.44,0.38,2026-09-10,2155,N21,nominal,2.0NRT,289.85,0.79,N
39.12745,63.3088,309.47,0.43,0.38,2026-09-10,2155,N21,nominal,2.0NRT,289.5,1.32,N
39.11512,63.33624,300.33,0.43,0.38,2026-09-10,2155,N21,nominal,2.0NRT,289.54,0.8,N
39.06625,63.38382,303.27,0.44,0.38,2026-09-10,2155,N21,nominal,2.0NRT,287.94,0.6,N
38.94062,63.75745,300.72,0.45,0.39,2026-09-10,2155,N21,nominal,2.0NRT,289.44,0.75,N
38.97274,63.46899,305.25,0.44,0.38,2026-09-10,2155,N21,nominal,2.0NRT,281.53,0.46,N
38.90842,63.79057,300.16,0.45,0.39,2026-09-10,2155,N21,nominal,2.0NRT,289.55,0.66,N
38.66784,64.77605,303.05,0.5,0.41,2026-09-10,2155,N21,nominal,2.0NRT,291.96,0.28,N
38.83686,63.82085,306.13,0.45,0.39,2026-09-10,2155,N21,nominal,2.0NRT,290.56,1,N
38.05174,67.26414,317.4,0.44,0.46,2026-09-10,2155,N21,nominal,2.0NRT,289.66,2.71,N
38.65139,63.97929,308.54,0.46,0.39,2026-09-10,2155,N21,nominal,2.0NRT,291.51,1.14,N
38.16231,64.59426,304.7,0.5,0.41,2026-09-10,2155,N21,nominal,2.0NRT,292.03,0.79,N
37.9655,65.00767,306.18,0.52,0.42,2026-09-10,2155,N21,nominal,2.0NRT,291.61,0.99,N
39.51025,54.32646,300.84,0.55,0.43,2026-09-10,2155,N21,nominal,2.0NRT,289.99,0.71,N
37.9594,62.66381,306.43,0.43,0.38,2026-09-10,2155,N21,nominal,2.0NRT,290.51,1.27,N
37.98409,61.88478,298.74,0.41,0.37,2026-09-10,2155,N21,nominal,2.0NRT,267.93,1.63,N
37.7981,62.54977,325.89,0.43,0.38,2026-09-10,2155,N21,nominal,2.0NRT,288.86,4.21,N
37.88627,62.0206,299.16,0.41,0.37,2026-09-10,2155,N21,nominal,2.0NRT,280.59,0.48,N
37.7896,62.53732,315.42,0.43,0.38,2026-09-10,2155,N21,nominal,2.0NRT,288.32,2.04,N
37.78619,62.53633,313.41,0.43,0.38,2026-09-10,2155,N21,nominal,2.0NRT,288.04,1.6,N
37.77577,62.10334,299.22,0.41,0.37,2026-09-10,2155,N21,nominal,2.0NRT,281.49,0.58,N
37.77462,62.0304,297.42,0.41,0.37,2026-09-10,2155,N21,nominal,2.0NRT,280.99,0.74,N
37.84241,61.60546,299.07,0.4,0.37,2026-09-10,2155,N21,nominal,2.0NRT,281.62,0.64,N
37.743,62.12806,308.52,0.41,0.37,2026-09-10,2155,N21,nominal,2.0NRT,282.97,0.9,N
37.72713,62.09651,312.22,0.41,0.37,2026-09-10,2155,N21,nominal,2.0NRT,278.96,1.75,N
37.67032,62.23636,317.91,0.42,0.38,2026-09-10,2155,N21,nominal,2.0NRT,287.02,1.69,N
37.79349,61.49493,299.32,0.4,0.37,2026-09-10,2155,N21,nominal,2.0NRT,280.11,0.62,N
37.65933,62.23813,307.53,0.42,0.38,2026-09-10,2155,N21,nominal,2.0NRT,288.06,1.67,N
37.65511,62.24182,301.74,0.42,0.38,2026-09-10,2155,N21,nominal,2.0NRT,287.69,0.77,N
38.25657,58.3918,309.56,0.39,0.36,2026-09-10,2155,N21,nominal,2.0NRT,292.43,1.27,N
37.63726,62.20249,305.12,0.42,0.38,2026-09-10,2155,N21,nominal,2.0NRT,288.3,0.91,N
37.63643,62.20714,304.24,0.42,0.38,2026-09-10,2155,N21,nominal,2.0NRT,288.71,0.91,N
37.62798,62.21451,303.44,0.42,0.38,2026-09-10,2155,N21,nominal,2.0NRT,289.71,0.88,N
37.6246,62.21355,303.45,0.42,0.38,2026-09-10,2155,N21,nominal,2.0NRT,289.57,0.8,N
37.62537,62.16981,324.95,0.42,0.37,2026-09-10,2155,N21,nominal,2.0NRT,290.3,2.63,N
37.62658,62.12411,301.2,0.42,0.37,2026-09-10,2155,N21,nominal,2.0NRT,287.52,0.56,N
37.61992,62.14169,306.67,0.42,0.37,2026-09-10,2155,N21,nominal,2.0NRT,289.64,1.11,N
37.61736,62.1361,312.59,0.42,0.37,2026-09-10,2155,N21,nominal,2.0NRT,290.06,1.67,N
37.65453,61.90489,301.11,0.41,0.37,2026-09-10,2155,N21,nominal,2.0NRT,273.3,0.76,N
38.67926,54.31599,317.81,0.54,0.42,2026-09-10,2155,N21,nominal,2.0NRT,290.67,2.52,N
38.22238,57.98746,303.88,0.4,0.37,2026-09-10,2155,N21,nominal,2.0NRT,290.43,0.72,N
38.2184,57.99124,303.39,0.4,0.37,2026-09-10,2155,N21,nominal,2.0NRT,290.85,0.59,N
38.26122,57.65744,313.94,0.41,0.37,2026-09-10,2155,N21,nominal,2.0NRT,291.99,1.88,N
38.24982,57.66454,305.08,0.41,0.37,2026-09-10,2155,N21,nominal,2.0NRT,291.56,0.94,N
38.19279,58.05077,307.99,0.4,0.37,2026-09-10,2155,N21,nominal,2.0NRT,291.16,1.41,N
38.64768,54.27896,321.37,0.54,0.42,2026-09-10,2155,N21,nominal,2.0NRT,290.55,1.9,N
38.64703,54.28518,302.76,0.54,0.42,2026-09-10,2155,N21,nominal,2.0NRT,289.73,1.9,N
38.1908,57.96642,304.54,0.4,0.37,2026-09-10,2155,N21,nominal,2.0NRT,290.61,0.83,N
38.18159,57.98303,301.94,0.4,0.37,2026-09-10,2155,N21,nominal,2.0NRT,289.71,1,N
38.64605,54.28458,320.96,0.54,0.42,2026-09-10,2155,N21,nominal,2.0NRT,290.2,2.31,N
38.64674,54.27838,308.55,0.54,0.42,2026-09-10,2155,N21,nominal,2.0NRT,289.75,2.08,N
38.1795,57.98504,317.81,0.4,0.37,2026-09-10,2155,N21,nominal,2.0NRT,290.81,1.12,N
37.61078,61.60508,302.56,0.4,0.37,2026-09-10,2155,N21,nominal,2.0NRT,267.92,1.65,N
37.59775,61.55905,301.49,0.4,0.37,2026-09-10,2155,N21,nominal,2.0NRT,270.62,1.06,N
37.5903,61.56171,295.22,0.4,0.37,2026-09-10,2155,N21,nominal,2.0NRT,274.43,1.08,N
37.5924,61.52932,305.14,0.4,0.37,2026-09-10,2155,N21,nominal,2.0NRT,266.52,1.41,N
37.58363,61.55988,301.47,0.4,0.37,2026-09-10,2155,N21,nominal,2.0NRT,276.16,1.47,N
37.50135,61.99,301.81,0.41,0.37,2026-09-10,2155,N21,nominal,2.0NRT,289.83,0.79,N
37.48042,62.00828,307.43,0.41,0.37,2026-09-10,2155,N21,nominal,2.0NRT,289.91,1.32,N
37.42293,62.30928,327.72,0.42,0.38,2026-09-10,2155,N21,nominal,2.0NRT,290.37,2.94,N
37.48276,61.97514,311.12,0.41,0.37,2026-09-10,2155,N21,nominal,2.0NRT,290.07,0.91,N
37.49873,61.84505,319.29,0.41,0.37,2026-09-10,2155,N21,nominal,2.0NRT,287.2,1.96,N
37.49792,61.84962,310.23,0.41,0.37,2026-09-10,2155,N21,nominal,2.0NRT,286.72,2.29,N
37.40508,62.30913,305.52,0.42,0.38,2026-09-10,2155,N21,nominal,2.0NRT,289.15,0.92,N
37.39317,62.3156,302.16,0.42,0.38,2026-09-10,2155,N21,nominal,2.0NRT,289.74,0.77,N
37.93952,58.56188,311.62,0.39,0.36,2026-09-10,2155,N21,nominal,2.0NRT,290.13,1.42,N
37.51153,61.01591,315.46,0.39,0.37,2026-09-10,2155,N21,nominal,2.0NRT,285.39,1.82,N
37.71522,59.21851,301.57,0.38,0.36,2026-09-10,2155,N21,nominal,2.0NRT,289.84,0.61,N
37.82905,58.38422,302.18,0.39,0.36,2026-09-10,2155,N21,nominal,2.0NRT,289.34,1.42,N
37.34909,61.36382,311.43,0.4,0.37,2026-09-10,2155,N21,nominal,2.0NRT,290.86,1.61,N
37.11887,62.36411,328.23,0.43,0.38,2026-09-10,2155,N21,nominal,2.0NRT,292.42,4.24,N
37.11545,62.36312,308.87,0.43,0.38,2026-09-10,2155,N21,nominal,2.0NRT,291.36,4.24,N
37.03409,62.41451,302.09,0.43,0.38,2026-09-10,2155,N21,nominal,2.0NRT,290.66,1.07,N
37.03321,62.41925,307.8,0.43,0.38,2026-09-10,2155,N21,nominal,2.0NRT,291.19,2.13,N
37.02979,62.41827,303.04,0.43,0.38,2026-09-10,2155,N21,nominal,2.0NRT,291.17,1.92,N
37.34038,58.04642,301.67,0.39,0.37,2026-09-10,2153,N21,nominal,2.0NRT,288.73,0.73,N
35.90719,62.96467,302.53,0.46,0.39,2026-09-10,2153,N21,nominal,2.0NRT,284.95,1.05,N
36.4274,59.70339,299.75,0.39,0.36,2026-09-10,2153,N21,nominal,2.0NRT,288.1,0.49,N
36.27162,59.65047,312.06,0.39,0.36,2026-09-10,2153,N21,nominal,2.0NRT,290.32,1.03,N
36.23838,59.73034,300.41,0.39,0.36,2026-09-10,2153,N21,nominal,2.0NRT,289.08,1.16,N
36.34203,58.67614,312.79,0.39,0.36,2026-09-10,2153,N21,nominal,2.0NRT,289.09,1.18,N
36.33875,58.67538,300.48,0.39,0.36,2026-09-10,2153,N21,nominal,2.0NRT,288.21,1.18,N
36.336,58.66769,299.93,0.39,0.36,2026-09-10,2153,N21,nominal,2.0NRT,289.07,0.64,N
36.27857,58.77724,298.54,0.38,0.36,2026-09-10,2153,N21,nominal,2.0NRT,285.31,0.69,N
35.57712,59.99028,301.34,0.39,0.36,2026-09-10,2153,N21,nominal,2.0NRT,286.66,0.74,N
36.29759,54.7874,306.07,0.48,0.4,2026-09-10,2153,N21,nominal,2.0NRT,288.55,1.21,N
35.3547,60.21574,297.6,0.39,0.36,2026-09-10,2153,N21,nominal,2.0NRT,283.85,0.63,N
33.75271,59.14716,303.73,0.39,0.36,2026-09-10,2153,N21,nominal,2.0NRT,288.01,0.87,N
33.62935,59.16826,305.32,0.39,0.36,2026-09-10,2155,N21,nominal,2.0NRT,290.04,1.06,N
32.92351,60.23079,303.92,0.41,0.37,2026-09-10,2155,N21,nominal,2.0NRT,290.99,0.65,N
33.04216,56.84698,310.64,0.39,0.36,2026-09-10,2155,N21,nominal,2.0NRT,298.02,1.71,N
33.04156,56.85116,310.21,0.39,0.36,2026-09-10,2155,N21,nominal,2.0NRT,297.07,1.41,N
30.06364,66.98246,301.09,0.32,0.55,2026-09-10,2155,N21,nominal,2.0NRT,290.37,0.5,N
31.94113,54.04386,309.62,0.47,0.4,2026-09-10,2155,N21,nominal,2.0NRT,295.19,1.88,N
31.92842,54.05685,311.78,0.47,0.4,2026-09-10,2155,N21,nominal,2.0NRT,295.39,1.38,N
31.84817,54.28685,314.79,0.46,0.39,2026-09-10,2155,N21,nominal,2.0NRT,297.49,1.66,N
31.43214,56.48985,306.08,0.39,0.36,2026-09-10,2155,N21,nominal,2.0NRT,290.95,0.69,N
31.62383,54.74239,307.93,0.44,0.38,2026-09-10,2155,N21,nominal,2.0NRT,295.89,1.36,N
31.62276,54.72332,308.65,0.44,0.38,2026-09-10,2155,N21,nominal,2.0NRT,293.96,1.52,N
30.96833,56.4524,303.8,0.39,0.36,2026-09-10,2155,N21,nominal,2.0NRT,292.57,0.55,N
30.7548,56.65356,328.22,0.39,0.36,2026-09-10,2155,N21,nominal,2.0NRT,294.07,1.95,N
30.75419,56.65758,309.04,0.39,0.36,2026-09-10,2155,N21,nominal,2.0NRT,294.62,1.95,N
30.66482,56.61916,315.05,0.39,0.36,2026-09-10,2155,N21,nominal,2.0NRT,289.72,1.59,N
30.73229,55.38777,307.15,0.41,0.37,2026-09-10,2155,N21,nominal,2.0NRT,292.13,0.47,N
30.49861,56.81836,314.08,0.39,0.36,2026-09-10,2155,N21,nominal,2.0NRT,295.29,1.9,N
30.49143,56.82103,306.75,0.39,0.36,2026-09-10,2155,N21,nominal,2.0NRT,294.81,1.21,N
30.2379,57.56156,304.35,0.38,0.36,2026-09-10,2155,N21,nominal,2.0NRT,293.31,0.5,N
30.36982,56.12933,307.07,0.39,0.36,2026-09-10,2155,N21,nominal,2.0NRT,289.96,1.34,N
30.23352,56.90628,307.68,0.39,0.36,2026-09-10,2155,N21,nominal,2.0NRT,292.25,1.58,N
30.23292,56.91024,314.88,0.39,0.36,2026-09-10,2155,N21,nominal,2.0NRT,291.51,1.58,N
30.1909,57.16248,297.53,0.38,0.36,2026-09-10,2155,N21,nominal,2.0NRT,287.02,0.72,N
30.38109,55.86258,303.13,0.4,0.37,2026-09-10,2155,N21,nominal,2.0NRT,289.65,0.78,N
30.37774,55.86195,309.92,0.4,0.37,2026-09-10,2155,N21,nominal,2.0NRT,290.85,0.78,N
30.3251,56.22495,306.02,0.39,0.36,2026-09-10,2155,N21,nominal,2.0NRT,290.74,0.68,N
30.32451,56.22899,300.51,0.39,0.36,2026-09-10,2155,N21,nominal,2.0NRT,290.39,0.68,N
30.21031,56.79136,307.01,0.39,0.36,2026-09-10,2155,N21,nominal,2.0NRT,292.59,1.27,N
30.32393,55.97401,308.92,0.4,0.37,2026-09-10,2155,N21,nominal,2.0NRT,291.29,1.08,N
29.47712,60.80721,306.77,0.46,0.39,2026-09-10,2155,N21,nominal,2.0NRT,292.32,1.1,N
30.21786,55.98006,304.67,0.4,0.37,2026-09-10,2155,N21,nominal,2.0NRT,290.44,0.84,N
30.21394,55.98352,308.98,0.4,0.37,2026-09-10,2155,N21,nominal,2.0NRT,290.73,0.99,N
29.94981,56.73419,305.89,0.39,0.36,2026-09-10,2155,N21,nominal,2.0NRT,288.24,1.52,N
29.92622,56.73352,317.88,0.39,0.36,2026-09-10,2155,N21,nominal,2.0NRT,291.89,2.13,N
30.07975,55.39762,304.44,0.41,0.37,2026-09-10,2155,N21,nominal,2.0NRT,290.27,1.83,N
29.99203,55.85363,309.53,0.4,0.37,2026-09-10,2155,N21,nominal,2.0NRT,288.78,1.16,N
29.99145,55.85765,295.75,0.4,0.37,2026-09-10,2155,N21,nominal,2.0NRT,285.53,0.48,N
29.98812,55.85701,336.68,0.4,0.37,2026-09-10,2155,N21,nominal,2.0NRT,295.75,28.58,N
29.9887,55.85299,301.4,0.4,0.37,2026-09-10,2155,N21,nominal,2.0NRT,286.07,10.5,N
29.98262,55.84773,295.59,0.4,0.37,2026-09-10,2155,N21,nominal,2.0NRT,285.23,0.57,N
29.99886,55.19786,306.42,0.41,0.37,2026-09-10,2155,N21,nominal,2.0NRT,287.03,1.15,N
29.99547,55.19725,305.57,0.41,0.37,2026-09-10,2155,N21,nominal,2.0NRT,288.21,1.15,N
29.70169,55.53555,301.09,0.4,0.37,2026-09-10,2155,N21,nominal,2.0NRT,288.69,1.59,N
29.69893,55.5308,300.06,0.4,0.37,2026-09-10,2155,N21,nominal,2.0NRT,289.08,1.06,N
29.51369,55.79933,305.57,0.4,0.37,2026-09-10,2155,N21,nominal,2.0NRT,288.95,1.19,N
29.4517,55.71368,296.84,0.4,0.37,2026-09-10,2155,N21,nominal,2.0NRT,286.58,0.49,N
28.98232,58.71207,311.42,0.4,0.37,2026-09-10,2155,N21,nominal,2.0NRT,299.76,2.55,N
28.98164,58.71614,314.38,0.4,0.37,2026-09-10,2155,N21,nominal,2.0NRT,299.53,2.53,N
27.17114,67.17469,304.33,0.39,0.59,2026-09-10,2155,N21,nominal,2.0NRT,291.56,0.74,N
29.15136,55.3678,313.75,0.4,0.37,2026-09-10,2155,N21,nominal,2.0NRT,289.61,2,N
29.13224,55.38112,305.17,0.4,0.37,2026-09-10,2155,N21,nominal,2.0NRT,290.9,1.46,N
29.20131,54.48505,302.69,0.43,0.38,2026-09-10,2155,N21,nominal,2.0NRT,288.31,0.85,N
29.17279,54.61563,324,0.42,0.38,2026-09-10,2155,N21,nominal,2.0NRT,292.12,2.36,N
27.22844,60.48785,312.47,0.48,0.4,2026-09-10,2155,N21,nominal,2.0NRT,300.02,3.03,N
25.38611,68.58448,311.26,0.52,0.67,2026-09-10,2155,N21,nominal,2.0NRT,293.82,1.49,N
27.12348,59.07714,309.34,0.42,0.38,2026-09-10,2155,N21,nominal,2.0NRT,297.6,1.38,N
27.37607,57.24317,335.09,0.39,0.36,2026-09-10,2155,N21,nominal,2.0NRT,300.66,4.32,N
27.13778,57.45205,312.54,0.39,0.36,2026-09-10,2155,N21,nominal,2.0NRT,299.34,0.9,N
25.05044,67.49399,319.65,0.45,0.63,2026-09-10,2155,N21,nominal,2.0NRT,295.42,3.17,N
27.1672,56.09761,320.24,0.39,0.36,2026-09-10,2155,N21,nominal,2.0NRT,302.91,2.2,N
27.17036,56.05457,322.16,0.39,0.36,2026-09-10,2155,N21,nominal,2.0NRT,301.88,1.15,N
27.16331,56.10085,320.09,0.39,0.36,2026-09-10,2155,N21,nominal,2.0NRT,302.4,4.14,N
27.16002,56.10022,339.34,0.39,0.36,2026-09-10,2155,N21,nominal,2.0NRT,303.96,4.14,N
27.15944,56.10407,321.76,0.39,0.36,2026-09-10,2155,N21,nominal,2.0NRT,302.54,4.14,N
27.16706,56.05394,317.35,0.39,0.36,2026-09-10,2155,N21,nominal,2.0NRT,302.54,1.15,N
27.16061,56.09636,313.67,0.39,0.36,2026-09-10,2155,N21,nominal,2.0NRT,303.06,1.45,N
26.9581,55.54263,319.42,0.39,0.36,2026-09-10,2155,N21,nominal,2.0NRT,303.4,1.79,N
25.97295,56.0706,322.56,0.38,0.36,2026-09-10,2157,N21,nominal,2.0NRT,306.3,2.08,N
23.0551,69.99067,302.86,0.71,0.75,2026-09-10,2157,N21,nominal,2.0NRT,291.71,1.78,N
22.93361,69.70084,302.36,0.69,0.74,2026-09-10,2157,N21,nominal,2.0NRT,291.72,2.08,N
22.93134,69.69849,304.45,0.69,0.74,2026-09-10,2157,N21,nominal,2.0NRT,291.68,1.88,N
25.90338,54.53211,316.38,0.4,0.37,2026-09-10,2157,N21,nominal,2.0NRT,302.45,0.85,N
25.57006,55.98903,316.49,0.38,0.36,2026-09-10,2157,N21,nominal,2.0NRT,304.38,1.17,N
25.70181,54.30185,320.31,0.41,0.37,2026-09-10,2157,N21,nominal,2.0NRT,303.91,1.14,N
25.30895,56.37288,330.54,0.38,0.36,2026-09-10,2157,N21,nominal,2.0NRT,302.55,3.44,N
25.59982,54.42432,321.67,0.4,0.37,2026-09-10,2157,N21,nominal,2.0NRT,303.89,1.61,N
25.15641,55.24301,313.78,0.39,0.36,2026-09-10,2157,N21,nominal,2.0NRT,302.74,0.94,N
24.98909,55.62699,334.51,0.38,0.36,2026-09-10,2157,N21,nominal,2.0NRT,303.17,3.14,N
25.06249,55.12073,326.86,0.39,0.36,2026-09-10,2157,N21,nominal,2.0NRT,302.9,2.37,N
25.02342,55.08619,319.1,0.39,0.36,2026-09-10,2157,N21,nominal,2.0NRT,303.47,1.66,N
24.50454,56.60842,329.44,0.39,0.36,2026-09-10,2157,N21,nominal,2.0NRT,308.64,13.45,N
24.50697,56.59327,319.29,0.39,0.36,2026-09-10,2157,N21,nominal,2.0NRT,305.74,1.31,N
24.50515,56.60463,316.42,0.39,0.36,2026-09-10,2157,N21,nominal,2.0NRT,305.65,7.37,N
24.47327,56.63363,318.17,0.39,0.36,2026-09-10,2157,N21,nominal,2.0NRT,302.74,1.26,N
24.46545,56.63994,313.83,0.39,0.36,2026-09-10,2157,N21,nominal,2.0NRT,303.32,1.05,N
24.45578,56.55222,323.38,0.39,0.36,2026-09-10,2157,N21,nominal,2.0NRT,304.18,2.72,N
24.60622,54.15051,317.14,0.4,0.37,2026-09-10,2157,N21,nominal,2.0NRT,304.61,0.68,N
24.50975,54.01631,332.23,0.41,0.37,2026-09-10,2157,N21,nominal,2.0NRT,305.31,4.54,N
24.50918,54.0203,324.74,0.41,0.37,2026-09-10,2157,N21,nominal,2.0NRT,304.56,4.54,N
24.50863,54.01701,331.45,0.41,0.37,2026-09-10,2157,N21,nominal,2.0NRT,305.16,7.97,N
23.55551,58.20056,311.69,0.43,0.38,2026-09-10,2157,N21,nominal,2.0NRT,300.94,0.81,N
23.48215,58.28161,314.59,0.43,0.38,2026-09-10,2157,N21,nominal,2.0NRT,302.48,0.69,N
23.19066,55.45567,330.49,0.38,0.36,2026-09-10,2157,N21,nominal,2.0NRT,302.77,3.53,N
23.19009,55.45938,325.54,0.38,0.36,2026-09-10,2157,N21,nominal,2.0NRT,303.31,4.17,N
23.31234,54.17747,341.58,0.4,0.37,2026-09-10,2157,N21,nominal,2.0NRT,303.75,14.72,N
23.309,54.1769,317.04,0.4,0.37,2026-09-10,2157,N21,nominal,2.0NRT,300.71,1.98,N
22.87842,55.92655,322.32,0.39,0.36,2026-09-10,2157,N21,nominal,2.0NRT,301.36,2,N
22.87327,55.61612,329.23,0.38,0.36,2026-09-10,2157,N21,nominal,2.0NRT,300.56,2.17,N
22.87385,55.61241,310.72,0.38,0.36,2026-09-10,2157,N21,nominal,2.0NRT,299.83,1.92,N
22.67334,56.25012,324.99,0.39,0.36,2026-09-10,2157,N21,nominal,2.0NRT,301.14,1.63,N
22.78185,54.72894,312.74,0.39,0.36,2026-09-10,2157,N21,nominal,2.0NRT,300.66,1.02,N
22.40598,56.99115,321.25,0.4,0.37,2026-09-10,2157,N21,nominal,2.0NRT,299.59,1.21,N
22.40662,56.98729,319.35,0.4,0.37,2026-09-10,2157,N21,nominal,2.0NRT,299.6,1.21,N
22.40262,56.99052,310.18,0.4,0.37,2026-09-10,2157,N21,nominal,2.0NRT,299.17,1.21,N
22.32777,56.48865,331.6,0.39,0.36,2026-09-10,2157,N21,nominal,2.0NRT,302.12,3.73,N
22.29047,56.52829,318.5,0.39,0.36,2026-09-10,2157,N21,nominal,2.0NRT,300.62,1.57,N
22.52637,54.05105,323.88,0.4,0.37,2026-09-10,2157,N21,nominal,2.0NRT,300.81,2.61,N
21.9384,57.0726,331.41,0.41,0.37,2026-09-10,2157,N21,nominal,2.0NRT,299.49,6.72,N
21.89077,56.84788,330.71,0.4,0.37,2026-09-10,2157,N21,nominal,2.0NRT,300.44,8.19,N
21.83572,56.6793,311.51,0.4,0.37,2026-09-10,2157,N21,nominal,2.0NRT,298.87,2.24,N
21.83508,56.68312,309.48,0.4,0.37,2026-09-10,2157,N21,nominal,2.0NRT,299.15,4.2,N
21.83238,56.67867,316.33,0.4,0.37,2026-09-10,2157,N21,nominal,2.0NRT,299.01,2.24,N
21.73439,57.09122,320.55,0.41,0.37,2026-09-10,2157,N21,nominal,2.0NRT,298.65,1.58,N
21.70313,56.47171,324.36,0.4,0.37,2026-09-10,2157,N21,nominal,2.0NRT,299.69,1.8,N
21.61624,56.06127,318.05,0.39,0.36,2026-09-10,2157,N21,nominal,2.0NRT,301.46,0.79,N
21.4633,56.9682,335.02,0.41,0.37,2026-09-10,2157,N21,nominal,2.0NRT,298.98,7.16,N
21.33468,57.72313,322.53,0.43,0.38,2026-09-10,2157,N21,nominal,2.0NRT,296.99,6.04,N
21.45872,56.99545,310.87,0.41,0.37,2026-09-10,2157,N21,nominal,2.0NRT,298.22,4.55,N
21.32082,57.72042,310.41,0.43,0.38,2026-09-10,2157,N21,nominal,2.0NRT,294.22,4.68,N
21.31307,57.74443,320.98,0.43,0.38,2026-09-10,2157,N21,nominal,2.0NRT,291.07,4.15,N
20.98808,56.77382,304.21,0.41,0.37,2026-09-10,2157,N21,nominal,2.0NRT,294.13,1.48,N
20.55832,56.41884,311.33,0.4,0.37,2026-09-10,2157,N21,nominal,2.0NRT,298.77,0.7,N
20.38874,55.66162,332.52,0.39,0.36,2026-09-10,2157,N21,nominal,2.0NRT,299.53,2.99,N
20.38449,55.64569,328.92,0.39,0.36,2026-09-10,2157,N21,nominal,2.0NRT,299.82,2.21,N
20.21376,55.71089,328.97,0.39,0.36,2026-09-10,2157,N21,nominal,2.0NRT,299.06,2.86,N
19.26917,56.17653,312.51,0.4,0.37,2026-09-10,2157,N21,nominal,2.0NRT,297.93,0.71,N
18.55526,55.8717,311.15,0.4,0.37,2026-09-10,2159,N21,nominal,2.0NRT,296.39,0.99,N
18.32384,55.10721,307.85,0.39,0.36,2026-09-10,2159,N21,nominal,2.0NRT,296.42,0.75,N
18.32054,55.10663,329.21,0.39,0.36,2026-09-10,2159,N21,nominal,2.0NRT,297.72,2.76,N
18.01432,54.57069,330.94,0.38,0.36,2026-09-10,2159,N21,nominal,2.0NRT,297.35,8.55,N
18.01375,54.5743,329.35,0.38,0.36,2026-09-10,2159,N21,nominal,2.0NRT,302.42,8.55,N
18.01103,54.57013,310.64,0.38,0.36,2026-09-10,2159,N21,nominal,2.0NRT,296.27,1.02,N
18.01046,54.57373,314.63,0.38,0.36,2026-09-10,2159,N21,nominal,2.0NRT,296.46,1.02,N
21.44212,101.18141,331.29,0.37,0.58,2026-09-11,0548,N21,nominal,2.0NRT,286.09,3.01,D
27.80422,96.25511,335.35,0.54,0.68,2026-09-11,0550,N21,nominal,2.0NRT,290.41,5.56,D
28.04317,96.47542,330.4,0.52,0.67,2026-09-11,0550,N21,nominal,2.0NRT,289.79,4.29,D
6.23675,80.86526,334.31,0.33,0.55,2026-09-11,0726,N21,nominal,2.0NRT,297.17,4.12,D
6.33034,80.99194,351.23,0.32,0.55,2026-09-11,0726,N21,nominal,2.0NRT,300.49,4.99,D
6.35857,80.94335,340.79,0.32,0.55,2026-09-11,0726,N21,nominal,2.0NRT,300.35,3.97,D
6.42279,81.28326,336.83,0.61,0.53,2026-09-11,0726,N21,nominal,2.0NRT,297.09,9.28,D
6.53911,80.9467,331.79,0.32,0.55,2026-09-11,0726,N21,nominal,2.0NRT,299.72,2,D
6.70483,81.3157,344.06,0.6,0.53,2026-09-11,0726,N21,nominal,2.0NRT,304.49,17.86,D
6.67181,81.1211,330.05,0.62,0.54,2026-09-11,0726,N21,nominal,2.0NRT,299.65,6.5,D
6.74071,81.49876,344.26,0.58,0.52,2026-09-11,0726,N21,nominal,2.0NRT,306.82,9.91,D
6.70966,81.31493,350.75,0.6,0.53,2026-09-11,0726,N21,nominal,2.0NRT,301.99,9.5,D
6.71541,81.3196,332.8,0.6,0.53,2026-09-11,0726,N21,nominal,2.0NRT,302.49,9.5,D
6.78033,81.56044,333.59,0.58,0.52,2026-09-11,0726,N21,low,2.0NRT,304.08,4.9,D
6.75315,81.36772,345.31,0.59,0.53,2026-09-11,0726,N21,nominal,2.0NRT,304.12,15.74,D
6.78106,81.55669,336.12,0.57,0.52,2026-09-11,0726,N21,nominal,2.0NRT,304,4.65,D
6.75334,81.36961,339.08,0.59,0.53,2026-09-11,0726,N21,nominal,2.0NRT,302.15,8.71,D
6.75242,81.36433,343.11,0.59,0.53,2026-09-11,0726,N21,nominal,2.0NRT,304.08,8.71,D
6.76568,81.38377,330.37,0.59,0.53,2026-09-11,0726,N21,low,2.0NRT,302.43,3.62,D
6.8919,81.63732,341.36,0.57,0.52,2026-09-11,0726,N21,nominal,2.0NRT,303.3,6.6,D
6.89411,81.63881,341.13,0.56,0.52,2026-09-11,0726,N21,nominal,2.0NRT,302.64,3.22,D
6.95228,81.63975,341.12,0.56,0.52,2026-09-11,0726,N21,nominal,2.0NRT,304.17,6.6,D
7.06148,81.55836,339.75,0.57,0.52,2026-09-11,0726,N21,nominal,2.0NRT,301.96,3.81,D
7.04393,81.3398,339.54,0.59,0.53,2026-09-11,0726,N21,nominal,2.0NRT,300.12,9.34,D
7.34159,81.73363,332.62,0.55,0.51,2026-09-11,0726,N21,low,2.0NRT,303.86,5.02,D
7.36861,81.83842,333.38,0.54,0.51,2026-09-11,0726,N21,nominal,2.0NRT,301.47,2.84,D
7.29534,80.90753,332.06,0.63,0.54,2026-09-11,0726,N21,nominal,2.0NRT,298.48,9.43,D
7.46992,81.26645,341.78,0.59,0.53,2026-09-11,0726,N21,nominal,2.0NRT,303.26,9.36,D
7.4696,81.26337,341.38,0.59,0.53,2026-09-11,0726,N21,nominal,2.0NRT,303.06,9.11,D
7.60043,81.70636,333.79,0.54,0.51,2026-09-11,0726,N21,low,2.0NRT,305.02,4,D
7.50373,81.0055,343.1,0.61,0.53,2026-09-11,0726,N21,nominal,2.0NRT,304.16,20.32,D
7.58117,81.05603,346.56,0.6,0.53,2026-09-11,0726,N21,nominal,2.0NRT,304.26,7.49,D
7.58505,81.0498,333.23,0.6,0.53,2026-09-11,0726,N21,nominal,2.0NRT,302.7,7.49,D
7.59083,81.05435,341.08,0.6,0.53,2026-09-11,0726,N21,nominal,2.0NRT,301.6,12.93,D
7.58989,81.04897,342.75,0.6,0.53,2026-09-11,0726,N21,nominal,2.0NRT,305.96,12.93,D
7.59566,81.05355,341.84,0.6,0.53,2026-09-11,0726,N21,nominal,2.0NRT,303.1,12.93,D
7.59472,81.04814,330.11,0.6,0.53,2026-09-11,0726,N21,low,2.0NRT,302.78,12.93,D
7.70587,81.54907,335.39,0.56,0.51,2026-09-11,0726,N21,low,2.0NRT,306.63,5.25,D
7.63271,81.00848,342.55,0.61,0.53,2026-09-11,0726,N21,nominal,2.0NRT,300.98,17.66,D
7.70216,81.24224,355.84,0.58,0.52,2026-09-11,0726,N21,nominal,2.0NRT,306.47,21.8,D
7.70227,81.2403,343.05,0.58,0.52,2026-09-11,0726,N21,nominal,2.0NRT,306.83,24.75,D
7.75739,81.04642,333.01,0.6,0.53,2026-09-11,0726,N21,nominal,2.0NRT,302.07,3.09,D
7.75616,81.04324,333.1,0.6,0.53,2026-09-11,0726,N21,nominal,2.0NRT,302.6,3.9,D
7.72287,80.65866,331.59,0.32,0.55,2026-09-11,0726,N21,nominal,2.0NRT,296.39,2.6,D
7.78214,80.61802,340.18,0.32,0.55,2026-09-11,0726,N21,nominal,2.0NRT,298.24,8.07,D
7.76149,80.46893,331.17,0.33,0.55,2026-09-11,0726,N21,nominal,2.0NRT,295.3,5.2,D
7.76651,80.46803,339.65,0.33,0.55,2026-09-11,0726,N21,nominal,2.0NRT,295.01,2.93,D
7.9272,81.20104,343.9,0.58,0.52,2026-09-11,0726,N21,nominal,2.0NRT,302.25,9.78,D
7.76352,80.10153,330.15,0.35,0.57,2026-09-11,0726,N21,nominal,2.0NRT,296.6,2.2,D
7.96143,81.2007,332,0.58,0.52,2026-09-11,0726,N21,nominal,2.0NRT,301.14,2.71,D
7.96052,81.19545,331.99,0.58,0.52,2026-09-11,0726,N21,low,2.0NRT,302.71,4.8,D
7.95961,81.19024,332.3,0.58,0.52,2026-09-11,0726,N21,low,2.0NRT,302.9,4.8,D
7.96528,81.19466,330.75,0.58,0.52,2026-09-11,0726,N21,low,2.0NRT,302.72,4.8,D
7.96914,81.18865,333.18,0.58,0.52,2026-09-11,0726,N21,nominal,2.0NRT,302.27,5.15,D
8.02262,81.30133,331.31,0.57,0.52,2026-09-11,0726,N21,low,2.0NRT,304.88,4.39,D
8.02483,81.304,330.92,0.57,0.52,2026-09-11,0726,N21,low,2.0NRT,303.01,6.72,D
7.86603,80.21651,336.47,0.34,0.56,2026-09-11,0726,N21,nominal,2.0NRT,296.01,1.27,D
8.00678,80.95213,332.53,0.6,0.53,2026-09-11,0726,N21,nominal,2.0NRT,298.26,4.32,D
7.86162,80.01357,335.91,0.35,0.57,2026-09-11,0726,N21,nominal,2.0NRT,297.65,6.27,D
7.89316,80.01147,367,0.35,0.57,2026-09-11,0726,N21,high,2.0NRT,297.45,13.53,D
7.89261,80.00832,336.03,0.35,0.57,2026-09-11,0726,N21,nominal,2.0NRT,296.45,13.53,D
8.14744,81.34031,336.64,0.56,0.52,2026-09-11,0726,N21,nominal,2.0NRT,301.9,12.16,D
8.14977,81.34171,331.74,0.56,0.52,2026-09-11,0726,N21,nominal,2.0NRT,300.83,8.72,D
8.02955,80.58305,334.53,0.32,0.55,2026-09-11,0726,N21,nominal,2.0NRT,296.79,12.23,D
8.03451,80.58224,367,0.32,0.55,2026-09-11,0726,N21,high,2.0NRT,296.9,12.23,D
7.95415,80.10401,335.43,0.35,0.56,2026-09-11,0726,N21,nominal,2.0NRT,298.02,6.79,D
7.9765,80.17004,355.35,0.34,0.56,2026-09-11,0726,N21,nominal,2.0NRT,298.15,6.16,D
7.96473,80.04477,334.68,0.35,0.57,2026-09-11,0726,N21,nominal,2.0NRT,297.53,3.02,D
8.22174,81.02438,339.9,0.59,0.53,2026-09-11,0726,N21,nominal,2.0NRT,300.38,7.89,D
8.22999,80.67237,341.78,0.63,0.54,2026-09-11,0726,N21,nominal,2.0NRT,298.99,9.52,D
8.23185,80.67056,339.54,0.63,0.54,2026-09-11,0726,N21,nominal,2.0NRT,298.65,9.01,D
8.32473,81.02138,341.73,0.59,0.53,2026-09-11,0726,N21,nominal,2.0NRT,299.65,8.15,D
8.24239,80.55995,351.1,0.32,0.54,2026-09-11,0726,N21,nominal,2.0NRT,296.94,9.17,D
8.31783,80.31797,338.65,0.33,0.55,2026-09-11,0726,N21,nominal,2.0NRT,299.06,3.64,D
8.46777,81.13238,340.6,0.58,0.52,2026-09-11,0726,N21,nominal,2.0NRT,297.76,8.26,D
8.31679,80.25421,332.65,0.33,0.55,2026-09-11,0726,N21,nominal,2.0NRT,299.22,6.52,D
8.40434,80.71754,340.95,0.62,0.54,2026-09-11,0726,N21,nominal,2.0NRT,300.13,8.35,D
8.3213,80.2504,332.07,0.33,0.56,2026-09-11,0726,N21,nominal,2.0NRT,298.22,4.77,D
8.32876,80.23387,339.45,0.33,0.56,2026-09-11,0726,N21,nominal,2.0NRT,298.96,7.23,D
8.32823,80.23088,342.45,0.33,0.56,2026-09-11,0726,N21,nominal,2.0NRT,297.58,5.46,D
8.38243,80.42065,338.16,0.32,0.55,2026-09-11,0726,N21,nominal,2.0NRT,299.58,3.18,D
8.38192,80.41776,331.62,0.32,0.55,2026-09-11,0726,N21,nominal,2.0NRT,300.05,3.18,D
8.36492,80.20286,331.59,0.34,0.56,2026-09-11,0726,N21,nominal,2.0NRT,297.97,2.81,D
8.50053,80.86825,342.17,0.6,0.53,2026-09-11,0726,N21,nominal,2.0NRT,300.3,13.46,D
8.42402,80.53297,331.06,0.63,0.54,2026-09-11,0726,N21,nominal,2.0NRT,299.26,8.83,D
8.4992,80.86546,341.78,0.6,0.53,2026-09-11,0726,N21,nominal,2.0NRT,299.15,12.46,D
8.42012,80.31292,330.4,0.33,0.55,2026-09-11,0726,N21,nominal,2.0NRT,298.46,4.12,D
8.41959,80.30999,332.9,0.33,0.55,2026-09-11,0726,N21,nominal,2.0NRT,299.22,3.31,D
8.55598,80.87775,335.73,0.6,0.53,2026-09-11,0726,N21,nominal,2.0NRT,299.47,5.35,D
8.48778,80.46198,343.36,0.32,0.55,2026-09-11,0726,N21,nominal,2.0NRT,297.3,5.09,D
8.50601,80.53648,339.22,0.63,0.54,2026-09-11,0726,N21,nominal,2.0NRT,298.75,10.21,D
8.59022,80.93218,339.24,0.59,0.53,2026-09-11,0726,N21,nominal,2.0NRT,296.28,10.06,D
8.57594,80.76398,336.03,0.61,0.53,2026-09-11,0726,N21,nominal,2.0NRT,298.82,7.74,D
8.57436,80.76235,336.16,0.61,0.53,2026-09-11,0726,N21,nominal,2.0NRT,298.61,7.34,D
8.49171,80.13688,330.79,0.34,0.56,2026-09-11,0726,N21,nominal,2.0NRT,298.41,4.54,D
8.65176,81.00031,335.77,0.58,0.52,2026-09-11,0726,N21,nominal,2.0NRT,297.78,5.52,D
8.50888,80.17417,354.53,0.33,0.56,2026-09-11,0726,N21,nominal,2.0NRT,297.06,10.01,D
8.59064,80.60149,333.61,0.62,0.54,2026-09-11,0726,N21,nominal,2.0NRT,299.02,7.12,D
8.61894,80.47482,341.77,0.64,0.54,2026-09-11,0726,N21,nominal,2.0NRT,298.36,11.07,D
8.60761,80.38096,333.57,0.32,0.55,2026-09-11,0726,N21,nominal,2.0NRT,297.15,2.75,D
8.64861,80.37698,332.81,0.32,0.55,2026-09-11,0726,N21,nominal,2.0NRT,297.87,2.77,D
8.83713,80.99182,342.96,0.58,0.52,2026-09-11,0726,N21,nominal,2.0NRT,298.02,6.93,D
8.73159,80.35374,332.03,0.32,0.55,2026-09-11,0726,N21,nominal,2.0NRT,296.72,2.52,D
8.83843,80.99353,342.38,0.58,0.52,2026-09-11,0726,N21,nominal,2.0NRT,298.58,9.53,D
8.82634,80.8719,330.43,0.59,0.53,2026-09-11,0726,N21,nominal,2.0NRT,299.54,8.93,D
8.73255,80.35361,331.42,0.32,0.55,2026-09-11,0726,N21,nominal,2.0NRT,296.56,2.9,D
8.71072,80.17675,342.12,0.33,0.55,2026-09-11,0726,N21,nominal,2.0NRT,297.06,3.48,D
8.86342,80.68942,337.74,0.61,0.53,2026-09-11,0726,N21,nominal,2.0NRT,296.15,6.84,D
8.87713,80.65346,343.41,0.61,0.54,2026-09-11,0726,N21,nominal,2.0NRT,298.55,27.45,D
8.88096,80.65672,341.19,0.61,0.53,2026-09-11,0726,N21,nominal,2.0NRT,296.22,13.05,D
8.87997,80.6513,335.16,0.61,0.53,2026-09-11,0726,N21,nominal,2.0NRT,297.07,11.41,D
8.94751,80.86004,330.31,0.59,0.53,2026-09-11,0726,N21,nominal,2.0NRT,294.58,7.29,D
9.11983,80.27057,340.54,0.32,0.55,2026-09-11,0726,N21,nominal,2.0NRT,292.24,2.86,D
22.57294,85.89919,333.56,0.39,0.36,2026-09-11,0731,N21,nominal,2.0NRT,298.02,6.26,D
22.57568,85.89491,327.48,0.39,0.36,2026-09-11,0731,N21,nominal,2.0NRT,289.86,2.21,D
22.35861,82.30355,339.08,0.45,0.39,2026-09-11,0731,N21,nominal,2.0NRT,297.05,8.07,D
21.09986,72.63593,367,0.6,0.71,2026-09-11,0731,N21,high,2.0NRT,292.5,16.4,D
21.10254,72.64712,332.28,0.6,0.71,2026-09-11,0731,N21,nominal,2.0NRT,291.89,16.69,D
23.69744,86.0788,332.04,0.39,0.36,2026-09-11,0731,N21,nominal,2.0NRT,292.01,3.98,D
27.76085,96.31447,367,0.5,0.66,2026-09-11,0729,N21,high,2.0NRT,291.15,12.89,D
27.76173,96.05025,367,0.49,0.65,2026-09-11,0729,N21,high,2.0NRT,291.32,30.46,D
27.99753,94.20003,331.57,0.37,0.58,2026-09-11,0729,N21,nominal,2.0NRT,292.63,5.08,D
27.99705,94.19421,334.8,0.37,0.58,2026-09-11,0729,N21,nominal,2.0NRT,292.46,4.76,D
27.99545,94.19669,367,0.37,0.58,2026-09-11,0729,N21,high,2.0NRT,293.37,7.15,D
27.75248,74.47375,350.83,0.33,0.55,2026-09-11,0731,N21,nominal,2.0NRT,304.33,6.72,D
27.75231,74.47518,336.59,0.33,0.55,2026-09-11,0731,N21,nominal,2.0NRT,302.78,5.24,D
27.75157,74.47194,343.81,0.33,0.55,2026-09-11,0731,N21,nominal,2.0NRT,303.68,3.31,D
27.75653,74.47059,337.62,0.33,0.55,2026-09-11,0731,N21,nominal,2.0NRT,304.01,3.31,D
27.50222,69.06162,348.59,0.71,0.75,2026-09-11,0731,N21,nominal,2.0NRT,304.93,11.92,D
27.50323,69.05852,336.53,0.71,0.75,2026-09-11,0731,N21,nominal,2.0NRT,303.79,15.12,D
30.62286,73.82132,336.28,0.63,0.54,2026-09-11,0731,N21,nominal,2.0NRT,299.96,9,D
30.85914,74.36917,347.79,0.57,0.52,2026-09-11,0731,N21,nominal,2.0NRT,301.96,21.78,D
30.98748,74.20461,340.2,0.58,0.52,2026-09-11,0731,N21,nominal,2.0NRT,300.65,9.25,D
31.11475,74.66734,339.31,0.55,0.51,2026-09-11,0731,N21,nominal,2.0NRT,298.98,4.29,D
30.98889,74.20782,339.84,0.58,0.52,2026-09-11,0731,N21,nominal,2.0NRT,300.87,14.78,D
31.1145,74.67035,339.39,0.54,0.51,2026-09-11,0731,N21,nominal,2.0NRT,298.55,6.49,D
31.61751,76.18054,331.97,0.44,0.46,2026-09-11,0731,N21,nominal,2.0NRT,296.42,5.4,D
31.61656,76.17597,335.25,0.44,0.46,2026-09-11,0731,N21,nominal,2.0NRT,295.54,4.46,D
31.39054,75.07154,331.47,0.51,0.49,2026-09-11,0731,N21,nominal,2.0NRT,298.9,4.44,D
31.32291,74.4838,342.04,0.55,0.51,2026-09-11,0731,N21,nominal,2.0NRT,299.68,7.71,D
34.15691,74.18864,340.37,0.5,0.49,2026-09-11,0731,N21,nominal,2.0NRT,301.25,5.54,D
36.96885,81.35052,345.07,0.38,0.36,2026-09-11,0733,N21,nominal,2.0NRT,308.57,6.01,D
37.46239,79.76942,338.2,0.39,0.37,2026-09-11,0733,N21,low,2.0NRT,311.98,5.36,D
37.33757,78.96882,367,0.41,0.37,2026-09-11,0733,N21,high,2.0NRT,309.23,13.78,D
37.47524,79.74318,337.39,0.39,0.37,2026-09-11,0733,N21,low,2.0NRT,311.09,2.8,D
38.05146,67.2643,367,0.47,0.64,2026-09-11,0733,N21,high,2.0NRT,308.14,29.24,D
38.05122,67.26257,347.58,0.47,0.64,2026-09-11,0733,N21,nominal,2.0NRT,305.39,11.8,D
18.01371,54.57443,345.9,0.47,0.48,2026-09-11,0909,N21,low,2.0NRT,319.63,8.8,D
18.32261,55.1055,350.05,0.43,0.46,2026-09-11,0909,N21,nominal,2.0NRT,317.94,3.36,D
21.1052,72.64534,331.35,0.56,0.68,2026-09-11,0909,N21,nominal,2.0NRT,290.15,9.33,D
21.10432,72.6347,328.58,0.55,0.68,2026-09-11,0909,N21,nominal,2.0NRT,289.42,9.4,D
22.93165,69.69714,335.59,0.37,0.58,2026-09-11,0909,N21,nominal,2.0NRT,300.53,4.55,D
28.05424,69.36775,336.04,0.4,0.6,2026-09-11,0911,N21,low,2.0NRT,306.89,7.06,D
23.40523,71.8103,332.64,0.52,0.67,2026-09-11,0909,N21,nominal,2.0NRT,292.92,7.8,D
24.35433,69.38046,331.47,0.37,0.58,2026-09-11,0909,N21,nominal,2.0NRT,300.44,1.42,D
24.22493,67.64735,336.14,0.57,0.52,2026-09-11,0909,N21,nominal,2.0NRT,303.45,3.89,D
25.51265,67.26696,344.73,0.56,0.51,2026-09-11,0911,N21,nominal,2.0NRT,314.66,11.89,D
25.87083,68.93423,346.81,0.36,0.57,2026-09-11,0911,N21,nominal,2.0NRT,304.52,4.91,D
25.87052,68.93066,343.6,0.36,0.57,2026-09-11,0911,N21,nominal,2.0NRT,304.43,4.91,D
25.92188,69.27729,331.42,0.38,0.59,2026-09-11,0911,N21,low,2.0NRT,304.37,3.36,D
24.5061,56.60598,340.45,0.44,0.38,2026-09-11,0911,N21,low,2.0NRT,311.89,15.37,D
26.26696,67.98381,339.03,0.63,0.54,2026-09-11,0911,N21,nominal,2.0NRT,307.96,17.77,D
26.26263,67.98284,347.97,0.63,0.54,2026-09-11,0911,N21,nominal,2.0NRT,309.6,11.62,D
24.50921,54.01998,340.55,0.39,0.44,2026-09-11,0911,N21,nominal,2.0NRT,305.37,7.98,D
25.78777,61.39534,340.44,0.42,0.37,2026-09-11,0911,N21,nominal,2.0NRT,310.01,6.47,D
27.1582,56.10196,339.05,0.43,0.38,2026-09-11,0911,N21,low,2.0NRT,310.6,6.95,D
27.16164,56.10123,341.88,0.43,0.38,2026-09-11,0911,N21,nominal,2.0NRT,311.58,6.95,D
27.50557,69.06078,353.18,0.38,0.59,2026-09-11,0911,N21,nominal,2.0NRT,311.81,8.64,D
27.63523,68.38776,367,0.35,0.57,2026-09-11,0911,N21,high,2.0NRT,310.55,9.84,D
27.63493,68.38425,352.41,0.35,0.57,2026-09-11,0911,N21,nominal,2.0NRT,310.04,10.44,D
32.87411,66.80341,349.61,0.32,0.55,2026-09-11,0913,N21,nominal,2.0NRT,309.51,7.1,D
34.03811,62.67641,342.83,0.38,0.43,2026-09-11,0913,N21,nominal,2.0NRT,313.25,2.38,D
36.34269,58.67645,340.37,0.42,0.37,2026-09-11,0913,N21,low,2.0NRT,314.08,4.93,D
37.11929,62.36218,337.24,0.4,0.44,2026-09-11,0913,N21,low,2.0NRT,308.11,7.59,D
37.19067,60.36482,337.72,0.48,0.4,2026-09-11,0913,N21,nominal,2.0NRT,303.36,4.05,D
37.42373,62.31125,331.37,0.4,0.44,2026-09-11,0913,N21,nominal,2.0NRT,300.92,2.38,D
37.62432,62.16964,334.46,0.4,0.44,2026-09-11,0913,N21,low,2.0NRT,305.21,3.13,D
37.64672,62.23005,339.37,0.4,0.44,2026-09-11,0913,N21,nominal,2.0NRT,303.72,2.86,D
37.63339,62.0958,338.87,0.39,0.44,2026-09-11,0913,N21,nominal,2.0NRT,304.16,3.75,D
37.72837,62.09574,337.31,0.39,0.44,2026-09-11,0913,N21,nominal,2.0NRT,306.24,4.98,D
37.78796,62.53749,337.18,0.42,0.45,2026-09-11,0913,N21,nominal,2.0NRT,306.76,4.13,D
37.79758,62.55035,338.92,0.42,0.45,2026-09-11,0913,N21,nominal,2.0NRT,308.16,3.94,D
37.72241,60.55003,332.92,0.5,0.41,2026-09-11,0913,N21,low,2.0NRT,306.71,2.22,D
39.28229,56.1251,336.19,0.39,0.36,2026-09-11,0915,N21,low,2.0NRT,309.32,2.83,D
23.01593,101.06819,303.07,0.38,0.59,2026-09-11,1815,N21,nominal,2.0NRT,286.94,2.18,N
15.33156,76.28658,296.84,0.55,0.51,2026-09-11,2000,N21,nominal,2.0NRT,278.41,0.75,N
13.44537,80.09873,300.75,0.46,0.39,2026-09-11,2000,N21,nominal,2.0NRT,278.86,0.39,N
11.63575,77.78219,311.22,0.4,0.44,2026-09-11,2000,N21,nominal,2.0NRT,281.38,1.59,N
29.12307,75.77782,304.05,0.44,0.62,2026-09-11,1955,N21,nominal,2.0NRT,288.09,1.31,N
11.63526,77.78582,305.27,0.39,0.44,2026-09-11,2000,N21,nominal,2.0NRT,281.28,1.59,N
25.54349,91.23439,297.52,0.55,0.42,2026-09-11,1955,N21,nominal,2.0NRT,283.72,0.92,N
9.33208,77.42133,306.37,0.39,0.44,2026-09-11,2002,N21,nominal,2.0NRT,285.64,0.57,N
24.11981,86.86299,304.79,0.39,0.36,2026-09-11,1957,N21,nominal,2.0NRT,284.87,0.67,N
7.21097,80.88227,306.21,0.39,0.36,2026-09-11,2002,N21,nominal,2.0NRT,291.16,0.9,N
24.11712,86.85856,305.53,0.39,0.36,2026-09-11,1957,N21,nominal,2.0NRT,284.78,1.12,N
7.01476,81.53342,308.97,0.38,0.36,2026-09-11,2002,N21,nominal,2.0NRT,293.12,0.68,N
24.1132,86.86172,303.61,0.39,0.36,2026-09-11,1957,N21,nominal,2.0NRT,285.19,1.12,N
6.86912,81.53126,314.56,0.38,0.36,2026-09-11,2002,N21,nominal,2.0NRT,293.42,3.13,N
23.69311,87.11726,303.4,0.4,0.37,2026-09-11,1957,N21,nominal,2.0NRT,281.33,0.85,N
6.86858,81.53471,310.71,0.38,0.36,2026-09-11,2002,N21,nominal,2.0NRT,292.88,2.84,N
7.03347,79.88908,308.42,0.41,0.37,2026-09-11,2002,N21,nominal,2.0NRT,288.01,1.44,N
23.69248,87.1211,305.1,0.4,0.37,2026-09-11,1957,N21,nominal,2.0NRT,281.16,0.85,N
23.69186,87.12494,302.73,0.4,0.37,2026-09-11,1957,N21,nominal,2.0NRT,279.05,1.16,N
23.68916,87.12046,303.64,0.4,0.37,2026-09-11,1957,N21,nominal,2.0NRT,280.64,0.85,N
23.80618,86.33095,309.99,0.39,0.36,2026-09-11,1957,N21,nominal,2.0NRT,287.51,2.48,N
23.80289,86.33033,341.03,0.39,0.36,2026-09-11,1957,N21,nominal,2.0NRT,289.69,2.48,N
23.80349,86.32658,305.26,0.39,0.36,2026-09-11,1957,N21,nominal,2.0NRT,287.66,2.48,N
23.79602,86.35221,319.74,0.39,0.36,2026-09-11,1957,N21,nominal,2.0NRT,288.3,2.67,N
23.66558,87.15948,305.32,0.4,0.37,2026-09-11,1957,N21,nominal,2.0NRT,276.4,0.85,N
23.66289,87.155,314.51,0.4,0.37,2026-09-11,1957,N21,nominal,2.0NRT,275.36,2.3,N
23.66225,87.15884,302.59,0.4,0.37,2026-09-11,1957,N21,nominal,2.0NRT,276.46,0.85,N
23.78287,86.39221,305.72,0.39,0.36,2026-09-11,1957,N21,nominal,2.0NRT,288.49,1.54,N
23.78256,86.37284,306.24,0.39,0.36,2026-09-11,1957,N21,nominal,2.0NRT,288.52,0.93,N
23.78017,86.38784,312.82,0.39,0.36,2026-09-11,1957,N21,nominal,2.0NRT,288.94,1.58,N
23.77957,86.3916,316.23,0.39,0.36,2026-09-11,1957,N21,nominal,2.0NRT,289.16,1.54,N
23.77687,86.38723,320.22,0.39,0.36,2026-09-11,1957,N21,nominal,2.0NRT,289.47,2.52,N
23.77927,86.37223,308.96,0.39,0.36,2026-09-11,1957,N21,nominal,2.0NRT,289.2,1.36,N
23.7673,86.40474,321.37,0.39,0.36,2026-09-11,1957,N21,nominal,2.0NRT,288.21,2.71,N
23.77388,86.36349,319.54,0.39,0.36,2026-09-11,1957,N21,nominal,2.0NRT,289.66,1.65,N
23.76789,86.401,311.15,0.39,0.36,2026-09-11,1957,N21,nominal,2.0NRT,288.04,1.45,N
23.764,86.40412,337.11,0.39,0.36,2026-09-11,1957,N21,nominal,2.0NRT,288.8,2.71,N
23.7658,86.39287,310.35,0.39,0.36,2026-09-11,1957,N21,nominal,2.0NRT,289.44,1.9,N
23.7646,86.40038,307.69,0.39,0.36,2026-09-11,1957,N21,nominal,2.0NRT,287.48,1.45,N
23.7634,86.40787,313.48,0.39,0.36,2026-09-11,1957,N21,nominal,2.0NRT,287.57,2.71,N
23.76071,86.4035,320.94,0.39,0.36,2026-09-11,1957,N21,nominal,2.0NRT,287.7,1.93,N
23.76131,86.39976,312.3,0.39,0.36,2026-09-11,1957,N21,nominal,2.0NRT,287.4,2.69,N
23.75741,86.40289,318.42,0.39,0.36,2026-09-11,1957,N21,nominal,2.0NRT,288.06,1.93,N
23.75472,86.39852,304.43,0.39,0.36,2026-09-11,1957,N21,nominal,2.0NRT,287.79,1.25,N
23.75172,86.41727,316.26,0.39,0.36,2026-09-11,1957,N21,nominal,2.0NRT,287.47,2.61,N
23.78123,86.21062,321.15,0.39,0.36,2026-09-11,1957,N21,nominal,2.0NRT,289.85,2.91,N
23.77794,86.21,323.72,0.39,0.36,2026-09-11,1957,N21,nominal,2.0NRT,290.51,2.02,N
23.66392,86.91837,301.29,0.39,0.36,2026-09-11,1957,N21,nominal,2.0NRT,280.27,0.94,N
23.73884,86.43418,327.36,0.39,0.36,2026-09-11,1957,N21,nominal,2.0NRT,288.32,3.09,N
23.77465,86.20938,308.18,0.39,0.36,2026-09-11,1957,N21,nominal,2.0NRT,289.62,2.02,N
23.73554,86.43355,321.97,0.39,0.36,2026-09-11,1957,N21,nominal,2.0NRT,288.15,1.84,N
23.77314,86.19756,316.19,0.38,0.36,2026-09-11,1957,N21,nominal,2.0NRT,288.53,2.01,N
23.77195,86.20503,303.16,0.38,0.36,2026-09-11,1957,N21,nominal,2.0NRT,287.12,0.61,N
23.73614,86.4298,312.63,0.39,0.36,2026-09-11,1957,N21,nominal,2.0NRT,287.34,1.84,N
23.7247,86.50117,301.85,0.39,0.36,2026-09-11,1957,N21,nominal,2.0NRT,280.65,0.45,N
23.72445,86.4392,310.37,0.39,0.36,2026-09-11,1957,N21,nominal,2.0NRT,286.94,1.47,N
23.71726,86.4417,311.89,0.39,0.36,2026-09-11,1957,N21,nominal,2.0NRT,287.04,2.08,N
23.71697,86.42233,310.16,0.39,0.36,2026-09-11,1957,N21,nominal,2.0NRT,287.63,1,N
23.71276,86.44859,310.25,0.39,0.36,2026-09-11,1957,N21,nominal,2.0NRT,285.26,1.58,N
23.71216,86.45234,317.83,0.39,0.36,2026-09-11,1957,N21,nominal,2.0NRT,284.88,1.58,N
23.71368,86.42171,308.73,0.39,0.36,2026-09-11,1957,N21,nominal,2.0NRT,288.01,1,N
23.70947,86.44797,315.12,0.39,0.36,2026-09-11,1957,N21,nominal,2.0NRT,285.71,1.58,N
23.56043,87.23938,315.45,0.4,0.37,2026-09-11,1957,N21,nominal,2.0NRT,281.54,1.58,N
23.5598,87.24324,304.7,0.4,0.37,2026-09-11,1957,N21,nominal,2.0NRT,280.54,0.94,N
23.55709,87.23873,307.57,0.4,0.37,2026-09-11,1957,N21,nominal,2.0NRT,281.24,0.97,N
23.54914,87.24515,301.77,0.4,0.37,2026-09-11,1957,N21,nominal,2.0NRT,281.25,0.92,N
23.67711,86.39232,298.21,0.39,0.36,2026-09-11,1957,N21,nominal,2.0NRT,281.69,0.97,N
23.56173,87.08474,310.35,0.4,0.37,2026-09-11,1957,N21,nominal,2.0NRT,283.76,1.68,N
23.48449,87.36453,300.17,0.4,0.37,2026-09-11,1957,N21,nominal,2.0NRT,276.86,1.42,N
24.20588,82.52586,301.82,0.46,0.39,2026-09-11,1957,N21,nominal,2.0NRT,284.2,0.79,N
23.48179,87.35999,307.59,0.4,0.37,2026-09-11,1957,N21,nominal,2.0NRT,278.41,1.54,N
23.48114,87.36388,300.63,0.4,0.37,2026-09-11,1957,N21,nominal,2.0NRT,276.79,0.71,N
24.18079,82.6594,306.02,0.46,0.39,2026-09-11,1957,N21,nominal,2.0NRT,284.58,1.48,N
24.16286,82.62945,302.19,0.46,0.39,2026-09-11,1957,N21,nominal,2.0NRT,283.2,0.73,N
23.70923,85.42641,301.3,0.38,0.36,2026-09-11,1957,N21,nominal,2.0NRT,284.58,0.56,N
23.69636,85.28938,299.63,0.39,0.36,2026-09-11,1957,N21,nominal,2.0NRT,281.59,0.96,N
22.60839,85.91376,315.08,0.39,0.36,2026-09-11,1957,N21,nominal,2.0NRT,287.89,2.18,N
22.37877,87.27782,322.13,0.41,0.37,2026-09-11,1957,N21,nominal,2.0NRT,280.84,2.33,N
22.37811,87.28172,317.49,0.41,0.37,2026-09-11,1957,N21,nominal,2.0NRT,281.41,2.33,N
22.3754,87.27717,308.31,0.41,0.37,2026-09-11,1957,N21,nominal,2.0NRT,281.38,0.83,N
22.37475,87.28107,301.4,0.41,0.37,2026-09-11,1957,N21,nominal,2.0NRT,281.29,0.83,N
22.36809,87.29993,304.77,0.41,0.37,2026-09-11,1957,N21,nominal,2.0NRT,283.04,1.36,N
22.36472,87.29928,324.69,0.41,0.37,2026-09-11,1957,N21,nominal,2.0NRT,284.86,2.24,N
22.36406,87.30318,311.16,0.41,0.37,2026-09-11,1957,N21,nominal,2.0NRT,284.17,2.24,N
22.35592,87.28951,302.91,0.41,0.37,2026-09-11,1957,N21,nominal,2.0NRT,282.92,1.54,N
22.57343,85.8956,320.43,0.38,0.36,2026-09-11,1957,N21,nominal,2.0NRT,287.11,1.62,N
22.57401,85.8919,309.25,0.38,0.36,2026-09-11,1957,N21,nominal,2.0NRT,286.14,1.34,N
22.57284,85.89931,305.63,0.39,0.36,2026-09-11,1957,N21,nominal,2.0NRT,285.67,1.62,N
22.24044,87.3886,314.37,0.41,0.37,2026-09-11,1957,N21,nominal,2.0NRT,285.48,1.16,N
22.21299,84.84327,314.26,0.39,0.36,2026-09-11,1957,N21,nominal,2.0NRT,285.79,0.98,N
22.21017,84.86185,307.55,0.39,0.36,2026-09-11,1957,N21,nominal,2.0NRT,289.2,0.97,N
22.20574,84.86871,320.35,0.39,0.36,2026-09-11,1957,N21,nominal,2.0NRT,288.65,2.16,N
22.20687,84.86127,306.37,0.39,0.36,2026-09-11,1957,N21,nominal,2.0NRT,289.07,0.97,N
21.76534,85.58006,305.93,0.38,0.36,2026-09-11,1957,N21,nominal,2.0NRT,289.01,0.96,N
21.87796,83.54762,304.22,0.41,0.37,2026-09-11,1957,N21,nominal,2.0NRT,286.92,0.88,N
21.87683,83.55544,308.71,0.41,0.37,2026-09-11,1957,N21,nominal,2.0NRT,287.96,1.66,N
20.99756,86.01261,307.32,0.39,0.36,2026-09-11,1957,N21,nominal,2.0NRT,271.25,1.12,N
20.99696,86.01632,307.58,0.39,0.36,2026-09-11,1957,N21,nominal,2.0NRT,271.22,0.89,N
21.0805,85.0334,310.31,0.38,0.36,2026-09-11,1957,N21,nominal,2.0NRT,286.59,1.57,N
21.07936,85.04073,306.61,0.38,0.36,2026-09-11,1957,N21,nominal,2.0NRT,284.37,1.32,N
21.07664,85.03648,309.74,0.38,0.36,2026-09-11,1957,N21,nominal,2.0NRT,286.75,1.57,N
21.0755,85.04382,305.95,0.38,0.36,2026-09-11,1957,N21,nominal,2.0NRT,282.16,1.32,N
21.07493,85.04748,302.27,0.38,0.36,2026-09-11,1957,N21,nominal,2.0NRT,281.44,0.74,N
21.07221,85.04323,305.32,0.38,0.36,2026-09-11,1957,N21,nominal,2.0NRT,280.3,1.01,N
20.95472,85.0117,305.7,0.38,0.36,2026-09-11,1957,N21,nominal,2.0NRT,284.47,1.51,N
21.16783,72.66529,338.24,0.57,0.69,2026-09-11,1957,N21,nominal,2.0NRT,281.21,8.96,N
21.16739,72.67079,304.39,0.57,0.69,2026-09-11,1957,N21,nominal,2.0NRT,280.95,5.82,N
21.16521,72.6657,336.35,0.57,0.69,2026-09-11,1957,N21,nominal,2.0NRT,281.14,8.02,N
21.10931,72.64422,302.54,0.57,0.69,2026-09-11,1957,N21,nominal,2.0NRT,280.23,5.81,N
21.10294,72.64367,335,0.57,0.69,2026-09-11,1957,N21,nominal,2.0NRT,279.99,5.81,N
21.10385,72.63268,302.78,0.57,0.69,2026-09-11,1957,N21,nominal,2.0NRT,279.84,3.16,N
21.10339,72.63818,302.27,0.57,0.69,2026-09-11,1957,N21,nominal,2.0NRT,279.23,3.16,N
19.02263,72.88951,304.46,0.52,0.67,2026-09-11,1957,N21,nominal,2.0NRT,288.33,1.35,N
17.14091,77.17721,303.44,0.51,0.49,2026-09-11,2000,N21,nominal,2.0NRT,288.15,1.62,N
39.86083,98.25616,305.66,0.45,0.47,2026-09-11,1951,N21,nominal,2.0NRT,285,2.29,N
39.8427,98.27654,309.95,0.45,0.47,2026-09-11,1951,N21,nominal,2.0NRT,282.91,1.08,N
39.81327,98.28704,297.72,0.45,0.47,2026-09-11,1951,N21,nominal,2.0NRT,286,1.01,N
39.81209,98.29217,300.16,0.45,0.47,2026-09-11,1951,N21,nominal,2.0NRT,287.93,1.01,N
39.81091,98.29729,308.19,0.45,0.47,2026-09-11,1951,N21,nominal,2.0NRT,287.39,1.35,N
39.80973,98.30242,301.18,0.45,0.47,2026-09-11,1951,N21,nominal,2.0NRT,287.53,1.35,N
39.8143,98.28647,299.48,0.45,0.47,2026-09-11,1951,N21,nominal,2.0NRT,285.97,1.82,N
39.81315,98.2916,300.32,0.45,0.47,2026-09-11,1951,N21,nominal,2.0NRT,288.45,1.77,N
39.812,98.29675,310.21,0.45,0.47,2026-09-11,1951,N21,nominal,2.0NRT,287.29,1.77,N
39.81084,98.3019,299.89,0.45,0.47,2026-09-11,1951,N21,nominal,2.0NRT,287.06,1.31,N
39.78904,98.29874,306.42,0.45,0.47,2026-09-11,1951,N21,nominal,2.0NRT,284.8,0.94,N
39.79314,97.88637,296.6,0.43,0.46,2026-09-11,1951,N21,nominal,2.0NRT,284.39,1.29,N
39.79203,97.89127,295.93,0.43,0.46,2026-09-11,1951,N21,nominal,2.0NRT,285.35,1.02,N
39.79128,97.88824,296.38,0.43,0.46,2026-09-11,1951,N21,nominal,2.0NRT,284.78,1.64,N
38.92426,88.3278,303.27,0.4,0.37,2026-09-11,1951,N21,nominal,2.0NRT,289.96,1.22,N
33.62949,59.16825,301.2,0.47,0.4,2026-09-11,2136,N21,nominal,2.0NRT,289.26,0.77,N
33.04299,56.85024,307.27,0.4,0.44,2026-09-11,2136,N21,nominal,2.0NRT,295.15,2.02,N
32.63565,59.75596,300.28,0.44,0.38,2026-09-11,2136,N21,nominal,2.0NRT,287,0.86,N
31.94024,54.04279,305.99,0.56,0.52,2026-09-11,2136,N21,nominal,2.0NRT,294.67,2.23,N
31.62399,54.7236,305.87,0.51,0.49,2026-09-11,2136,N21,nominal,2.0NRT,293.5,1.24,N
31.43337,56.48943,305.86,0.4,0.44,2026-09-11,2136,N21,nominal,2.0NRT,290.78,0.91,N
31.43313,56.49082,305.16,0.4,0.44,2026-09-11,2136,N21,nominal,2.0NRT,290.47,0.92,N
30.75656,56.65956,304.64,0.39,0.44,2026-09-11,2138,N21,nominal,2.0NRT,294.15,1.42,N
30.75258,56.65891,308.03,0.39,0.44,2026-09-11,2138,N21,nominal,2.0NRT,294.39,1.42,N
30.15531,60.73426,312.27,0.4,0.37,2026-09-11,2138,N21,nominal,2.0NRT,297.28,1.21,N
30.66531,56.62253,304.62,0.39,0.44,2026-09-11,2138,N21,nominal,2.0NRT,291.78,1.57,N
28.42666,69.69976,308.44,0.53,0.5,2026-09-11,2138,N21,nominal,2.0NRT,297.18,2.13,N
30.3699,56.12595,301.97,0.41,0.45,2026-09-11,2138,N21,nominal,2.0NRT,291.33,1.58,N
30.37734,55.86461,306.88,0.42,0.45,2026-09-11,2138,N21,nominal,2.0NRT,291.75,0.84,N
30.23328,56.91058,320.94,0.55,0.43,2026-09-11,2138,N21,nominal,2.0NRT,293.88,2.55,N
30.32385,55.9724,308.91,0.42,0.45,2026-09-11,2138,N21,nominal,2.0NRT,291.57,1.32,N
28.05321,69.36735,312.98,0.52,0.5,2026-09-11,2138,N21,nominal,2.0NRT,297.76,1.98,N
30.21497,55.98651,304.18,0.41,0.45,2026-09-11,2138,N21,nominal,2.0NRT,292.07,0.67,N
29.4754,60.80724,312.81,0.39,0.36,2026-09-11,2138,N21,nominal,2.0NRT,293.49,1.15,N
30.08331,55.39608,324.24,0.45,0.47,2026-09-11,2138,N21,nominal,2.0NRT,288.77,4.37,N
30.08284,55.40068,316.77,0.44,0.46,2026-09-11,2138,N21,nominal,2.0NRT,288.09,4.37,N
29.9264,56.73394,317.43,0.56,0.43,2026-09-11,2138,N21,nominal,2.0NRT,293.58,3.98,N
29.99089,55.85566,341.94,0.42,0.45,2026-09-11,2138,N21,nominal,2.0NRT,292.03,12.12,N
29.98676,55.85503,319.05,0.42,0.45,2026-09-11,2138,N21,nominal,2.0NRT,289.96,2.55,N
39.70724,67.1113,299.32,0.4,0.37,2026-09-11,2133,N21,nominal,2.0NRT,287.2,0.47,N
39.17803,68.61366,295.26,0.45,0.39,2026-09-11,2133,N21,nominal,2.0NRT,281.71,0.58,N
39.18168,65.31145,323.55,0.39,0.36,2026-09-11,2133,N21,nominal,2.0NRT,290.32,1.3,N
39.43311,62.99338,306.76,0.4,0.37,2026-09-11,2133,N21,nominal,2.0NRT,286.3,1.16,N
38.39628,69.11146,304.98,0.48,0.4,2026-09-11,2133,N21,nominal,2.0NRT,292.05,1.2,N
38.3254,68.98649,305.48,0.48,0.4,2026-09-11,2133,N21,nominal,2.0NRT,292.88,1.31,N
39.28229,63.04685,305.66,0.4,0.37,2026-09-11,2133,N21,nominal,2.0NRT,287.99,1.03,N
39.27141,63.12487,306.02,0.4,0.37,2026-09-11,2133,N21,nominal,2.0NRT,289.27,0.63,N
39.25191,63.21474,303.75,0.4,0.37,2026-09-11,2133,N21,nominal,2.0NRT,288.81,1.05,N
39.24922,63.2094,311.04,0.4,0.37,2026-09-11,2133,N21,nominal,2.0NRT,289.88,1.05,N
39.2489,63.1733,308.95,0.4,0.37,2026-09-11,2133,N21,nominal,2.0NRT,289.8,1.07,N
39.20334,63.27558,303.33,0.4,0.37,2026-09-11,2133,N21,nominal,2.0NRT,287.35,0.86,N
30.001,55.19707,300.42,0.46,0.47,2026-09-11,2138,N21,nominal,2.0NRT,288.76,1.61,N
39.18639,63.37,297.74,0.39,0.36,2026-09-11,2133,N21,nominal,2.0NRT,287.67,0.41,N
39.18631,63.34659,299.44,0.39,0.37,2026-09-11,2133,N21,nominal,2.0NRT,287.7,0.75,N
39.19206,63.28234,305.52,0.4,0.37,2026-09-11,2133,N21,nominal,2.0NRT,288.62,0.98,N
39.17902,63.34955,307.48,0.39,0.37,2026-09-11,2133,N21,nominal,2.0NRT,289.07,0.8,N
39.19703,63.19893,300.09,0.4,0.37,2026-09-11,2133,N21,nominal,2.0NRT,286.97,0.54,N
39.19574,63.20805,302.95,0.4,0.37,2026-09-11,2133,N21,nominal,2.0NRT,288.01,0.84,N
39.1867,63.2717,296.47,0.4,0.37,2026-09-11,2133,N21,nominal,2.0NRT,286.42,0.33,N
39.17819,63.30722,303.22,0.39,0.37,2026-09-11,2133,N21,nominal,2.0NRT,287.94,0.41,N
39.17725,63.24134,302.61,0.4,0.37,2026-09-11,2133,N21,nominal,2.0NRT,287.86,0.69,N
39.17144,63.2822,304.5,0.4,0.37,2026-09-11,2133,N21,nominal,2.0NRT,288.4,0.69,N
39.1708,63.28674,299.31,0.4,0.37,2026-09-11,2133,N21,nominal,2.0NRT,287.58,1.05,N
39.1765,63.22237,306.71,0.4,0.37,2026-09-11,2133,N21,nominal,2.0NRT,288.92,0.94,N
39.16801,63.25795,308.6,0.4,0.37,2026-09-11,2133,N21,nominal,2.0NRT,289.49,1.29,N
39.16404,63.2617,317.57,0.4,0.37,2026-09-11,2133,N21,nominal,2.0NRT,289.33,1.84,N
39.15566,63.32067,310.22,0.39,0.37,2026-09-11,2133,N21,nominal,2.0NRT,288.54,0.67,N
39.13037,63.4734,300.35,0.39,0.36,2026-09-11,2133,N21,nominal,2.0NRT,288.34,0.86,N
39.12503,63.46283,299.5,0.39,0.36,2026-09-11,2133,N21,nominal,2.0NRT,287.68,0.53,N
39.12817,63.41697,307.89,0.39,0.36,2026-09-11,2133,N21,nominal,2.0NRT,288.39,1.43,N
39.12638,63.30912,308.02,0.39,0.37,2026-09-11,2133,N21,nominal,2.0NRT,288.04,1.45,N
39.08573,63.47889,300.08,0.39,0.36,2026-09-11,2133,N21,nominal,2.0NRT,287.17,0.4,N
39.07625,63.4022,301.58,0.39,0.36,2026-09-11,2133,N21,nominal,2.0NRT,287.78,0.66,N
38.67927,65.95367,307.96,0.39,0.36,2026-09-11,2133,N21,nominal,2.0NRT,289.57,1.12,N
39.06492,63.38556,300.58,0.39,0.36,2026-09-11,2133,N21,nominal,2.0NRT,288.28,0.78,N
39.01542,63.70288,305.24,0.39,0.36,2026-09-11,2133,N21,nominal,2.0NRT,288.18,0.55,N
38.94105,64.13446,299.56,0.39,0.36,2026-09-11,2133,N21,nominal,2.0NRT,289.26,0.41,N
38.97047,63.59293,301.4,0.39,0.36,2026-09-11,2133,N21,nominal,2.0NRT,288.39,0.66,N
38.97486,63.469,314.27,0.39,0.36,2026-09-11,2133,N21,nominal,2.0NRT,290.09,1.26,N
38.91526,63.80538,298.83,0.39,0.36,2026-09-11,2133,N21,nominal,2.0NRT,288.42,0.54,N
38.91063,63.79048,299.77,0.39,0.36,2026-09-11,2133,N21,nominal,2.0NRT,287.84,0.32,N
38.54982,65.94861,304.62,0.39,0.36,2026-09-11,2133,N21,nominal,2.0NRT,289.83,0.68,N
38.87177,63.79948,305.9,0.39,0.36,2026-09-11,2133,N21,nominal,2.0NRT,287.98,1.01,N
38.83819,63.81889,307.17,0.39,0.36,2026-09-11,2133,N21,nominal,2.0NRT,288.72,1.14,N
38.83214,63.81413,301.13,0.39,0.36,2026-09-11,2133,N21,nominal,2.0NRT,288.75,0.62,N
38.78277,63.91658,302.89,0.39,0.36,2026-09-11,2133,N21,nominal,2.0NRT,287.76,0.62,N
38.45398,65.80386,307.5,0.39,0.36,2026-09-11,2133,N21,nominal,2.0NRT,291.52,1.17,N
38.47993,65.62685,316.49,0.39,0.36,2026-09-11,2133,N21,nominal,2.0NRT,292.2,1.94,N
29.70002,55.53241,311.18,0.43,0.46,2026-09-11,2138,N21,nominal,2.0NRT,290.8,1.71,N
38.65094,63.97778,309.94,0.39,0.36,2026-09-11,2133,N21,nominal,2.0NRT,289.5,0.64,N
38.05099,67.26451,333.19,0.42,0.38,2026-09-11,2133,N21,nominal,2.0NRT,293.23,18.88,N
39.50745,54.32682,305.77,0.32,0.55,2026-09-11,2133,N21,nominal,2.0NRT,288.83,0.46,N
39.50834,54.32902,301.97,0.32,0.55,2026-09-11,2133,N21,nominal,2.0NRT,288.77,0.59,N
38.24596,64.44021,306.9,0.38,0.36,2026-09-11,2133,N21,nominal,2.0NRT,290.25,0.93,N
38.16671,64.57531,309.14,0.38,0.36,2026-09-11,2133,N21,nominal,2.0NRT,289.52,0.88,N
38.13074,64.67432,312.95,0.38,0.36,2026-09-11,2133,N21,nominal,2.0NRT,290.42,1.17,N
38.12049,64.73929,308.43,0.38,0.36,2026-09-11,2133,N21,nominal,2.0NRT,290,0.62,N
38.06372,65.09466,307.72,0.39,0.36,2026-09-11,2133,N21,nominal,2.0NRT,289.49,0.52,N
38.11805,64.71164,306.92,0.38,0.36,2026-09-11,2133,N21,nominal,2.0NRT,290.36,0.92,N
38.08935,64.87099,302.65,0.38,0.36,2026-09-11,2133,N21,nominal,2.0NRT,288.82,0.84,N
38.05782,64.87647,301.5,0.38,0.36,2026-09-11,2133,N21,nominal,2.0NRT,290.56,0.63,N
38.05109,64.89728,300.9,0.38,0.36,2026-09-11,2133,N21,nominal,2.0NRT,290.03,0.82,N
37.9956,65.00936,302.52,0.39,0.36,2026-09-11,2133,N21,nominal,2.0NRT,290.1,0.75,N
37.96485,65.00735,316.27,0.39,0.36,2026-09-11,2133,N21,nominal,2.0NRT,291.61,1.53,N
37.88203,65.13956,304.34,0.39,0.36,2026-09-11,2133,N21,nominal,2.0NRT,290.13,0.89,N
37.88721,65.08668,308.76,0.39,0.36,2026-09-11,2133,N21,nominal,2.0NRT,290.47,0.96,N
37.82609,65.16778,303.68,0.39,0.36,2026-09-11,2133,N21,nominal,2.0NRT,290.41,1.02,N
37.82539,65.17211,312.43,0.39,0.36,2026-09-11,2133,N21,nominal,2.0NRT,291.05,1.02,N
37.72874,65.50998,301.37,0.39,0.36,2026-09-11,2133,N21,nominal,2.0NRT,291.35,0.79,N
37.96004,62.6655,314.75,0.4,0.37,2026-09-11,2133,N21,nominal,2.0NRT,291.17,1.76,N
37.9903,61.88268,317.36,0.42,0.37,2026-09-11,2133,N21,nominal,2.0NRT,289.87,1.42,N
37.98283,61.88594,302.79,0.42,0.37,2026-09-11,2133,N21,nominal,2.0NRT,289.49,0.97,N
38.68195,54.31569,340.96,0.32,0.54,2026-09-11,2133,N21,nominal,2.0NRT,291.42,3.1,N
37.88742,62.02219,309.55,0.41,0.37,2026-09-11,2133,N21,nominal,2.0NRT,289.48,1.22,N
38.68229,54.31409,319.59,0.64,0.54,2026-09-11,2133,N21,nominal,2.0NRT,289.44,3.4,N
37.79681,62.5499,334.86,0.4,0.37,2026-09-11,2133,N21,nominal,2.0NRT,291.48,4.3,N
38.64907,54.28291,336.73,0.32,0.54,2026-09-11,2133,N21,nominal,2.0NRT,291.22,1.9,N
37.78802,62.53865,336.07,0.4,0.37,2026-09-11,2133,N21,nominal,2.0NRT,291.8,4.55,N
38.64932,54.27923,299.57,0.32,0.54,2026-09-11,2133,N21,nominal,2.0NRT,289.04,1.9,N
38.25476,58.39041,308.85,0.38,0.43,2026-09-11,2133,N21,nominal,2.0NRT,292.8,1.57,N
37.84452,61.60596,306.31,0.42,0.38,2026-09-11,2133,N21,nominal,2.0NRT,290.2,1.28,N
37.77513,62.10311,304.66,0.41,0.37,2026-09-11,2133,N21,nominal,2.0NRT,289.88,1.06,N
37.77779,62.02931,311.56,0.41,0.37,2026-09-11,2133,N21,nominal,2.0NRT,290.21,1.29,N
37.74285,62.13124,315.08,0.41,0.37,2026-09-11,2133,N21,nominal,2.0NRT,290.39,1.01,N
38.26195,57.65798,303.99,0.42,0.45,2026-09-11,2133,N21,nominal,2.0NRT,292.62,1.5,N
37.74027,62.0737,306.6,0.41,0.37,2026-09-11,2133,N21,nominal,2.0NRT,289.34,0.89,N
38.2527,57.66655,301.35,0.42,0.45,2026-09-11,2133,N21,nominal,2.0NRT,290.84,0.93,N
38.22098,57.98693,303.82,0.4,0.44,2026-09-11,2133,N21,nominal,2.0NRT,289.13,1.06,N
37.72695,62.09461,329.8,0.41,0.37,2026-09-11,2133,N21,nominal,2.0NRT,291.8,3.23,N
29.5133,55.79637,303.21,0.42,0.45,2026-09-11,2138,N21,nominal,2.0NRT,291.74,1.07,N
38.19289,58.10238,297.31,0.39,0.44,2026-09-11,2133,N21,nominal,2.0NRT,287.26,0.74,N
38.19382,58.05211,300.07,0.4,0.44,2026-09-11,2133,N21,nominal,2.0NRT,289.89,0.81,N
37.79662,61.49487,303.79,0.43,0.38,2026-09-11,2133,N21,nominal,2.0NRT,290.42,1.28,N
37.74885,61.85533,304.89,0.42,0.37,2026-09-11,2133,N21,nominal,2.0NRT,288.71,0.6,N
38.17981,57.98534,300.35,0.4,0.44,2026-09-11,2133,N21,nominal,2.0NRT,287.86,0.9,N
37.66902,62.23815,321.04,0.41,0.37,2026-09-11,2133,N21,nominal,2.0NRT,290.93,2.08,N
37.66165,62.24126,312.44,0.41,0.37,2026-09-11,2133,N21,nominal,2.0NRT,289.27,2.38,N
37.65765,62.2451,302.63,0.41,0.37,2026-09-11,2133,N21,nominal,2.0NRT,288.12,0.59,N
37.63795,62.20533,321.18,0.41,0.37,2026-09-11,2133,N21,nominal,2.0NRT,290.23,1.95,N
28.99613,58.47625,322.58,0.45,0.39,2026-09-11,2138,N21,nominal,2.0NRT,298.65,4.11,N
37.62655,62.2123,309.04,0.41,0.37,2026-09-11,2133,N21,nominal,2.0NRT,290.25,0.97,N
37.62592,62.21687,305.27,0.41,0.37,2026-09-11,2133,N21,nominal,2.0NRT,289.49,0.97,N
37.62549,62.16967,328.06,0.41,0.37,2026-09-11,2133,N21,nominal,2.0NRT,291.54,2.94,N
29.15154,55.36567,305.82,0.44,0.46,2026-09-11,2138,N21,nominal,2.0NRT,291.67,1.45,N
37.6547,61.90502,319.02,0.41,0.37,2026-09-11,2133,N21,nominal,2.0NRT,291.76,2.38,N
37.62442,62.12694,313.19,0.41,0.37,2026-09-11,2133,N21,nominal,2.0NRT,290.45,1.07,N
37.61914,62.13998,318.21,0.41,0.37,2026-09-11,2133,N21,nominal,2.0NRT,291.89,2.36,N
37.63013,61.95717,301.09,0.41,0.37,2026-09-11,2133,N21,nominal,2.0NRT,290.34,0.7,N
37.63011,61.72171,299.94,0.42,0.38,2026-09-11,2133,N21,nominal,2.0NRT,287.57,0.49,N
29.13514,55.35898,309.09,0.44,0.46,2026-09-11,2138,N21,nominal,2.0NRT,296.91,2.2,N
37.60415,61.70929,302.64,0.42,0.38,2026-09-11,2133,N21,nominal,2.0NRT,288.55,0.69,N
29.13277,55.38125,303.2,0.43,0.46,2026-09-11,2138,N21,nominal,2.0NRT,292.22,0.81,N
37.61405,61.60945,301.03,0.42,0.38,2026-09-11,2133,N21,nominal,2.0NRT,289.64,1.34,N
37.61061,61.60874,326.9,0.42,0.38,2026-09-11,2133,N21,nominal,2.0NRT,290.81,1.34,N
37.61506,61.57553,308.06,0.42,0.38,2026-09-11,2133,N21,nominal,2.0NRT,290.03,1.02,N
37.61315,61.58978,299.16,0.42,0.38,2026-09-11,2133,N21,nominal,2.0NRT,288.73,0.62,N
37.61252,61.59452,301.49,0.42,0.38,2026-09-11,2133,N21,nominal,2.0NRT,289.38,0.62,N
37.61162,61.57483,311.32,0.42,0.38,2026-09-11,2133,N21,nominal,2.0NRT,290.65,1.55,N
37.60781,61.60329,300.99,0.42,0.38,2026-09-11,2133,N21,nominal,2.0NRT,290.65,0.91,N
37.60718,61.60802,306.97,0.42,0.38,2026-09-11,2133,N21,nominal,2.0NRT,290.22,1.04,N
37.55605,61.93444,303.75,0.41,0.37,2026-09-11,2133,N21,nominal,2.0NRT,289.58,0.66,N
37.60383,61.55368,306.05,0.42,0.38,2026-09-11,2133,N21,nominal,2.0NRT,290.55,0.94,N
37.59632,61.55701,303.82,0.42,0.38,2026-09-11,2133,N21,nominal,2.0NRT,289.7,0.84,N
37.59569,61.56176,304.16,0.42,0.38,2026-09-11,2133,N21,nominal,2.0NRT,288.78,0.84,N
37.59666,61.52775,301.16,0.42,0.38,2026-09-11,2133,N21,nominal,2.0NRT,289,1.54,N
37.59322,61.52704,326.52,0.42,0.38,2026-09-11,2133,N21,nominal,2.0NRT,291.54,1.54,N
37.59259,61.5318,299.68,0.42,0.38,2026-09-11,2133,N21,nominal,2.0NRT,288.78,1.54,N
37.58881,61.56034,308.45,0.42,0.38,2026-09-11,2133,N21,nominal,2.0NRT,290.47,1.09,N
37.94283,58.56177,304.54,0.56,0.43,2026-09-11,2133,N21,nominal,2.0NRT,289.14,1.89,N
37.58852,61.53585,302.19,0.42,0.38,2026-09-11,2133,N21,nominal,2.0NRT,289.94,0.78,N
37.58537,61.55963,319.38,0.42,0.38,2026-09-11,2133,N21,nominal,2.0NRT,291.09,1.27,N
37.58193,61.55891,301.01,0.42,0.38,2026-09-11,2133,N21,nominal,2.0NRT,290.77,1.27,N
37.49969,61.98906,301.9,0.41,0.37,2026-09-11,2133,N21,nominal,2.0NRT,289.67,0.56,N
37.48398,61.97622,302.38,0.41,0.37,2026-09-11,2133,N21,nominal,2.0NRT,290.19,0.93,N
37.47961,62.00849,308.13,0.41,0.37,2026-09-11,2133,N21,nominal,2.0NRT,290.1,1.18,N
27.22705,60.49046,317.83,0.39,0.36,2026-09-11,2138,N21,nominal,2.0NRT,301.74,1.65,N
37.49802,61.84573,326.98,0.41,0.37,2026-09-11,2133,N21,nominal,2.0NRT,292.26,2.34,N
24.68875,73.00188,303.27,0.51,0.66,2026-09-11,2138,N21,nominal,2.0NRT,286.3,1.46,N
37.4974,61.85039,315.78,0.41,0.37,2026-09-11,2133,N21,nominal,2.0NRT,291.35,2.34,N
37.42432,62.31134,330.42,0.4,0.37,2026-09-11,2133,N21,nominal,2.0NRT,289.57,3.59,N
37.40614,62.30888,307.68,0.4,0.37,2026-09-11,2133,N21,nominal,2.0NRT,288.44,0.94,N
37.39479,62.31572,305.03,0.4,0.37,2026-09-11,2133,N21,nominal,2.0NRT,289.63,1.04,N
27.4199,56.50249,310.62,0.54,0.42,2026-09-11,2138,N21,nominal,2.0NRT,299.81,3.5,N
37.63281,60.337,298.37,0.46,0.39,2026-09-11,2133,N21,nominal,2.0NRT,286.72,0.72,N
25.38727,68.58311,306.55,0.53,0.5,2026-09-11,2138,N21,nominal,2.0NRT,278.76,1.53,N
36.69976,65.96154,303.73,0.4,0.37,2026-09-11,2133,N21,nominal,2.0NRT,291.3,1.08,N
37.21952,62.39553,301.14,0.4,0.37,2026-09-11,2133,N21,nominal,2.0NRT,288.26,0.46,N
37.34828,61.36369,317.15,0.43,0.38,2026-09-11,2133,N21,nominal,2.0NRT,290.95,1.83,N
37.36647,61.0549,300.71,0.44,0.38,2026-09-11,2133,N21,nominal,2.0NRT,290.18,0.7,N
37.11903,62.36207,328.69,0.4,0.37,2026-09-11,2133,N21,nominal,2.0NRT,292.22,6.9,N
27.30031,56.30471,314.12,0.55,0.43,2026-09-11,2138,N21,nominal,2.0NRT,299.93,4.95,N
37.11506,62.36581,315.07,0.4,0.37,2026-09-11,2133,N21,nominal,2.0NRT,290.58,1.58,N
37.034,62.41392,303.08,0.4,0.37,2026-09-11,2133,N21,nominal,2.0NRT,290.48,1.21,N
37.03337,62.41837,316,0.4,0.37,2026-09-11,2133,N21,nominal,2.0NRT,292.09,2.8,N
37.03002,62.41764,308.38,0.4,0.37,2026-09-11,2133,N21,nominal,2.0NRT,291.85,2.8,N
37.45452,57.68911,307.76,0.41,0.45,2026-09-11,2133,N21,nominal,2.0NRT,287.68,1.17,N
36.99212,56.23073,305.65,0.48,0.48,2026-09-11,2136,N21,nominal,2.0NRT,287.6,1.52,N
36.46465,60.85094,303.82,0.43,0.38,2026-09-11,2136,N21,nominal,2.0NRT,290.74,0.96,N
36.94522,54.88644,314.1,0.57,0.52,2026-09-11,2136,N21,nominal,2.0NRT,290.14,1.98,N
35.94688,62.92023,305.72,0.39,0.36,2026-09-11,2136,N21,nominal,2.0NRT,292.76,0.51,N
35.90601,62.96573,314.83,0.39,0.36,2026-09-11,2136,N21,nominal,2.0NRT,290.75,0.84,N
36.27072,59.64868,303.31,0.48,0.4,2026-09-11,2136,N21,nominal,2.0NRT,289.32,0.71,N
36.23883,59.72923,300.79,0.48,0.4,2026-09-11,2136,N21,nominal,2.0NRT,288,0.73,N
36.23839,59.7327,302.08,0.47,0.4,2026-09-11,2136,N21,nominal,2.0NRT,288.37,1.38,N
36.33782,58.66423,298.34,0.53,0.42,2026-09-11,2136,N21,nominal,2.0NRT,288.33,0.66,N
36.29556,54.78465,299.72,0.57,0.52,2026-09-11,2136,N21,nominal,2.0NRT,286.66,0.87,N
33.23782,73.32808,302.18,0.34,0.56,2026-09-11,2136,N21,nominal,2.0NRT,289.27,0.51,N
35.17846,60.93049,299.74,0.42,0.38,2026-09-11,2136,N21,nominal,2.0NRT,289.73,0.45,N
35.36656,59.30439,302.48,0.48,0.4,2026-09-11,2136,N21,nominal,2.0NRT,288.23,1.08,N
27.16905,56.0951,310.64,0.56,0.43,2026-09-11,2138,N21,nominal,2.0NRT,300.61,3.73,N
32.72242,72.92347,300.7,0.33,0.55,2026-09-11,2136,N21,nominal,2.0NRT,289.83,1.65,N
27.17071,56.05364,330.83,0.56,0.43,2026-09-11,2138,N21,nominal,2.0NRT,300.85,7.08,N
27.16676,56.05306,332.46,0.56,0.43,2026-09-11,2138,N21,nominal,2.0NRT,301.51,8.35,N
32.88718,71.61486,305.81,0.55,0.51,2026-09-11,2136,N21,nominal,2.0NRT,290.29,4.06,N
27.16064,56.10391,327.59,0.56,0.43,2026-09-11,2138,N21,nominal,2.0NRT,301.24,6.73,N
27.16133,56.09826,317.4,0.56,0.43,2026-09-11,2138,N21,nominal,2.0NRT,301.46,5.85,N
25.15746,67.70269,311.89,0.47,0.48,2026-09-11,2138,N21,nominal,2.0NRT,295.25,1.47,N
25.04999,67.49283,315.87,0.46,0.47,2026-09-11,2138,N21,nominal,2.0NRT,296.07,2.75,N
24.99128,66.93037,311.91,0.43,0.46,2026-09-11,2138,N21,nominal,2.0NRT,295.37,1.77,N
25.97496,56.06807,320.72,0.55,0.42,2026-09-11,2138,N21,nominal,2.0NRT,304.42,2.05,N
25.96718,56.06693,315.04,0.55,0.42,2026-09-11,2138,N21,nominal,2.0NRT,304.19,1.94,N
23.31297,70.1991,305.38,0.37,0.58,2026-09-11,2138,N21,nominal,2.0NRT,294.24,0.85,N
25.90217,54.53279,323.23,0.44,0.46,2026-09-11,2138,N21,nominal,2.0NRT,302.65,0.63,N
23.11865,70.08547,318.92,0.36,0.58,2026-09-11,2138,N21,nominal,2.0NRT,288.45,2.13,N
25.30843,56.37255,325.9,0.52,0.41,2026-09-11,2138,N21,nominal,2.0NRT,300.45,6.65,N
25.30895,56.36982,313.01,0.52,0.41,2026-09-11,2138,N21,nominal,2.0NRT,300.33,3.1,N
25.30831,56.37482,314.61,0.52,0.41,2026-09-11,2138,N21,nominal,2.0NRT,299.56,3.1,N
22.93487,69.70141,303.23,0.35,0.56,2026-09-11,2138,N21,nominal,2.0NRT,289.85,1.1,N
22.93052,69.69683,309.17,0.35,0.56,2026-09-11,2138,N21,nominal,2.0NRT,290.64,0.79,N
22.33359,69.86769,305.68,0.37,0.58,2026-09-11,2138,N21,nominal,2.0NRT,288.86,1.95,N
22.3335,69.86754,305.97,0.37,0.58,2026-09-11,2138,N21,nominal,2.0NRT,288.91,1.92,N
24.50638,56.60736,331.63,0.49,0.4,2026-09-11,2138,N21,nominal,2.0NRT,301.95,3.21,N
24.50331,56.60196,315.69,0.49,0.41,2026-09-11,2138,N21,nominal,2.0NRT,301.68,3.21,N
24.50267,56.6068,313.66,0.49,0.4,2026-09-11,2138,N21,nominal,2.0NRT,301.25,3.21,N
24.47295,56.63185,311.45,0.49,0.4,2026-09-11,2138,N21,nominal,2.0NRT,300.6,0.81,N
24.45317,56.55006,310.94,0.5,0.41,2026-09-11,2138,N21,nominal,2.0NRT,300.39,1.21,N
24.50933,54.01677,323.72,0.46,0.47,2026-09-11,2138,N21,nominal,2.0NRT,304.43,1.43,N
21.16577,72.6686,324.7,0.58,0.7,2026-09-11,2138,N21,nominal,2.0NRT,276.16,7.51,N
21.16448,72.67401,335.15,0.58,0.7,2026-09-11,2138,N21,nominal,2.0NRT,276.94,7.51,N
21.16195,72.67301,331.97,0.58,0.7,2026-09-11,2138,N21,nominal,2.0NRT,275.71,7.13,N
21.16321,72.66759,306.16,0.58,0.7,2026-09-11,2138,N21,nominal,2.0NRT,276.2,5.75,N
21.10851,72.64623,300.23,0.58,0.7,2026-09-11,2138,N21,nominal,2.0NRT,275.96,1.73,N
21.1023,72.64445,325.85,0.58,0.7,2026-09-11,2138,N21,nominal,2.0NRT,275.78,4.61,N
23.55439,58.19946,314.36,0.42,0.37,2026-09-11,2138,N21,nominal,2.0NRT,300.72,1.1,N
23.48341,58.27998,319.68,0.41,0.37,2026-09-11,2138,N21,nominal,2.0NRT,302.34,1.61,N
20.90911,71.45748,302.22,0.49,0.65,2026-09-11,2138,N21,nominal,2.0NRT,285.49,1.27,N
23.19084,55.4549,329.7,0.55,0.42,2026-09-11,2140,N21,nominal,2.0NRT,301.13,3.03,N
23.19018,55.46022,313.35,0.55,0.42,2026-09-11,2140,N21,nominal,2.0NRT,301.23,3.03,N
23.3131,54.17493,313.12,0.43,0.46,2026-09-11,2140,N21,nominal,2.0NRT,301.94,3.05,N
23.31275,54.1751,314.29,0.43,0.46,2026-09-11,2140,N21,nominal,2.0NRT,301.85,3.46,N
23.31225,54.17933,310.98,0.43,0.46,2026-09-11,2140,N21,nominal,2.0NRT,299.8,1.45,N
22.87794,55.92257,323.56,0.51,0.41,2026-09-11,2140,N21,nominal,2.0NRT,300.66,1.55,N
22.87732,55.92548,315.26,0.51,0.41,2026-09-11,2140,N21,nominal,2.0NRT,300.67,1.59,N
22.87462,55.61585,321.24,0.53,0.42,2026-09-11,2140,N21,nominal,2.0NRT,297.93,3.68,N
22.7835,55.8149,314.21,0.52,0.41,2026-09-11,2140,N21,nominal,2.0NRT,299.27,1.31,N
22.67349,56.24825,323.46,0.49,0.4,2026-09-11,2140,N21,nominal,2.0NRT,301.1,1.88,N
22.40522,56.98984,331.79,0.45,0.39,2026-09-11,2140,N21,nominal,2.0NRT,300.36,3.15,N
22.34695,56.43388,321.95,0.48,0.4,2026-09-11,2140,N21,nominal,2.0NRT,299.94,5.73,N
22.32804,56.4918,325.8,0.47,0.4,2026-09-11,2140,N21,nominal,2.0NRT,299.22,7.32,N
19.37215,71.35577,322.79,0.52,0.67,2026-09-11,2140,N21,nominal,2.0NRT,291.2,7.94,N
19.37163,71.35265,336.4,0.53,0.67,2026-09-11,2140,N21,nominal,2.0NRT,291.25,4.62,N
19.37056,71.35753,305.87,0.53,0.67,2026-09-11,2140,N21,nominal,2.0NRT,290.84,4.62,N
21.93808,57.07529,329.35,0.44,0.39,2026-09-11,2140,N21,nominal,2.0NRT,298.97,5.84,N
22.0115,56.43026,310.7,0.47,0.4,2026-09-11,2140,N21,nominal,2.0NRT,298.76,1,N
21.89068,56.84524,328.97,0.45,0.39,2026-09-11,2140,N21,nominal,2.0NRT,299.77,5.48,N
21.83303,56.67957,319.24,0.46,0.39,2026-09-11,2140,N21,nominal,2.0NRT,299.23,1.34,N
21.70329,56.47228,315.48,0.47,0.4,2026-09-11,2140,N21,nominal,2.0NRT,298.81,1.73,N
21.61636,56.0628,314.04,0.49,0.4,2026-09-11,2140,N21,nominal,2.0NRT,301.36,0.92,N
21.33203,57.72297,321.13,0.42,0.37,2026-09-11,2140,N21,nominal,2.0NRT,297.78,1.55,N
21.32177,57.7213,308.35,0.42,0.37,2026-09-11,2140,N21,nominal,2.0NRT,297.85,0.63,N
21.31835,57.72074,315.12,0.42,0.37,2026-09-11,2140,N21,nominal,2.0NRT,298.2,0.88,N
21.31149,57.74402,341.36,0.41,0.37,2026-09-11,2140,N21,nominal,2.0NRT,298.23,4.69,N
21.30349,57.79941,321.04,0.41,0.37,2026-09-11,2140,N21,nominal,2.0NRT,298.18,1.44,N
21.31092,57.74799,313.4,0.41,0.37,2026-09-11,2140,N21,nominal,2.0NRT,297.06,1.79,N
21.30639,57.70659,321.26,0.42,0.37,2026-09-11,2140,N21,nominal,2.0NRT,297.85,1.58,N
21.29613,57.68049,312.48,0.42,0.37,2026-09-11,2140,N21,nominal,2.0NRT,297.6,0.72,N
21.33245,56.6997,309.14,0.45,0.39,2026-09-11,2140,N21,nominal,2.0NRT,298.88,0.77,N
20.5575,56.42139,312.45,0.46,0.39,2026-09-11,2140,N21,nominal,2.0NRT,296.56,3.16,N
20.37625,55.93442,317.98,0.48,0.4,2026-09-11,2140,N21,nominal,2.0NRT,297.96,4.99,N
20.38679,55.66132,326.08,0.5,0.41,2026-09-11,2140,N21,nominal,2.0NRT,297.69,7.15,N
20.38496,55.64657,322.49,0.5,0.41,2026-09-11,2140,N21,nominal,2.0NRT,297.49,6.74,N
20.21264,55.71193,318.52,0.49,0.4,2026-09-11,2140,N21,nominal,2.0NRT,293.45,4.29,N
19.26716,56.17271,317.99,0.46,0.39,2026-09-11,2140,N21,nominal,2.0NRT,297.92,1.13,N
18.32453,55.1044,311.58,0.5,0.41,2026-09-11,2140,N21,nominal,2.0NRT,296.44,3.21,N
18.32079,55.10386,334.83,0.5,0.41,2026-09-11,2140,N21,nominal,2.0NRT,297.68,3.21,N
18.17424,55.24569,309.31,0.49,0.4,2026-09-11,2140,N21,nominal,2.0NRT,295.17,2,N
18.01343,54.57292,340.58,0.53,0.42,2026-09-11,2140,N21,nominal,2.0NRT,293.66,9.2,N
17.03988,54.49001,308.3,0.52,0.42,2026-09-11,2140,N21,nominal,2.0NRT,293.51,1.93,N
38.68212,54.31467,327.83,0.53,0.67,2026-09-11,2316,N21,nominal,2.0NRT,289.16,3.15,N
38.64665,54.27733,307.8,0.53,0.67,2026-09-11,2316,N21,nominal,2.0NRT,288.27,2.15,N
38.64493,54.28305,313.25,0.53,0.67,2026-09-11,2316,N21,nominal,2.0NRT,287.84,2.15,N
38.64567,54.28023,324.73,0.53,0.67,2026-09-11,2316,N21,nominal,2.0NRT,289.45,2.85,N
37.29653,55.48342,298.8,0.67,0.74,2026-09-11,2316,N21,nominal,2.0NRT,287.83,1.26,N
37.29299,55.48129,298.61,0.67,0.74,2026-09-11,2316,N21,nominal,2.0NRT,287.94,1.27,N
36.99172,56.23029,295.36,0.75,0.77,2026-09-11,2316,N21,nominal,2.0NRT,284.18,0.57,N
36.94189,54.88955,299.8,0.64,0.72,2026-09-11,2316,N21,nominal,2.0NRT,287.94,1.38,N
7.42443,81.5742,355.4,0.72,0.76,2026-09-12,0845,N21,nominal,2.0NRT,286.09,19.62,D
7.94965,81.16211,330.23,0.69,0.74,2026-09-12,0845,N21,nominal,2.0NRT,292.2,6.89,D
7.96745,81.08487,334.77,0.68,0.74,2026-09-12,0845,N21,nominal,2.0NRT,291.81,6.95,D
7.82129,79.89932,333.92,0.56,0.69,2026-09-12,0845,N21,nominal,2.0NRT,292.56,5.85,D
7.81918,79.90168,332.21,0.56,0.69,2026-09-12,0845,N21,nominal,2.0NRT,292.18,7.27,D
7.86066,79.92656,330.14,0.56,0.69,2026-09-12,0845,N21,nominal,2.0NRT,292.48,3.53,D
7.91105,80.07076,334.4,0.58,0.7,2026-09-12,0845,N21,nominal,2.0NRT,293.01,5.36,D
8.17655,80.60171,367,0.63,0.72,2026-09-12,0845,N21,high,2.0NRT,292.47,21.29,D
8.22425,80.55553,367,0.63,0.72,2026-09-12,0845,N21,high,2.0NRT,293.23,18.81,D
8.18016,79.91205,331.16,0.57,0.69,2026-09-12,0845,N21,nominal,2.0NRT,294.06,9.38,D
8.22284,80.55346,352.38,0.63,0.72,2026-09-12,0845,N21,nominal,2.0NRT,292.7,13.85,D
8.22942,80.5527,333.56,0.63,0.72,2026-09-12,0845,N21,nominal,2.0NRT,292.64,5.86,D
8.17673,79.90968,332.24,0.57,0.69,2026-09-12,0845,N21,nominal,2.0NRT,294.21,7.87,D
8.24815,80.27408,332.29,0.6,0.71,2026-09-12,0845,N21,nominal,2.0NRT,294.42,3.14,D
8.4721,80.47921,334.47,0.63,0.72,2026-09-12,0848,N21,nominal,2.0NRT,292.08,9.06,D
8.51389,80.60078,336.95,0.64,0.72,2026-09-12,0848,N21,nominal,2.0NRT,292.22,9.02,D
8.5061,80.53806,331.64,0.63,0.72,2026-09-12,0848,N21,nominal,2.0NRT,291.19,9.67,D
8.53039,80.25745,339.81,0.61,0.71,2026-09-12,0848,N21,nominal,2.0NRT,291.61,11.51,D
8.53139,80.2601,335.51,0.61,0.71,2026-09-12,0848,N21,nominal,2.0NRT,292.62,10.7,D
8.38151,77.63257,336.2,0.4,0.6,2026-09-12,0848,N21,nominal,2.0NRT,299.49,2.87,D
8.76355,80.2114,345.58,0.61,0.71,2026-09-12,0848,N21,nominal,2.0NRT,293.02,12.8,D
8.63273,77.95695,343.66,0.42,0.61,2026-09-12,0848,N21,nominal,2.0NRT,295.92,5.13,D
9.01183,79.85493,339.29,0.58,0.7,2026-09-12,0848,N21,nominal,2.0NRT,292.82,8.15,D
8.84051,77.56339,351.95,0.4,0.6,2026-09-12,0848,N21,nominal,2.0NRT,300.81,6.23,D
8.9391,77.54266,330.88,0.4,0.6,2026-09-12,0848,N21,low,2.0NRT,300.98,3.16,D
9.01281,77.36678,330.69,0.39,0.59,2026-09-12,0848,N21,nominal,2.0NRT,295.58,2.23,D
9.273,77.95239,335.16,0.43,0.62,2026-09-12,0848,N21,nominal,2.0NRT,291.48,2.97,D
9.2401,77.48399,330.96,0.4,0.6,2026-09-12,0848,N21,nominal,2.0NRT,293.2,4.15,D
9.23561,77.48406,333.74,0.4,0.6,2026-09-12,0848,N21,nominal,2.0NRT,291.22,4.11,D
9.80803,77.91698,330.79,0.44,0.62,2026-09-12,0848,N21,nominal,2.0NRT,295.02,2.8,D
9.81062,77.91656,332.04,0.44,0.62,2026-09-12,0848,N21,nominal,2.0NRT,296.33,5.64,D
31.43671,72.1857,334.55,0.33,0.56,2026-09-12,0854,N21,nominal,2.0NRT,294.05,1.98,D
31.6539,74.51457,352.95,0.46,0.64,2026-09-12,0854,N21,nominal,2.0NRT,294.19,7.67,D
31.93465,72.30624,330.08,0.34,0.56,2026-09-12,0854,N21,nominal,2.0NRT,292.59,3,D
29.99069,55.85402,344.37,0.45,0.47,2026-09-12,0854,N21,nominal,2.0NRT,315.1,8.05,D
35.96947,71.78416,367,0.35,0.57,2026-09-12,0856,N21,high,2.0NRT,301.15,7.21,D
35.96994,71.7915,336.15,0.35,0.57,2026-09-12,0856,N21,nominal,2.0NRT,303.12,7.21,D
35.97527,71.79267,367,0.35,0.57,2026-09-12,0856,N21,high,2.0NRT,308.28,11.09,D
35.97488,71.78667,367,0.35,0.57,2026-09-12,0856,N21,high,2.0NRT,300.78,11.09,D
35.83797,62.98821,352.04,0.4,0.37,2026-09-12,0856,N21,nominal,2.0NRT,313.46,8.88,D
36.13992,58.84185,335.96,0.41,0.37,2026-09-12,0856,N21,low,2.0NRT,307.91,1.29,D
37.11978,62.36319,340.8,0.4,0.37,2026-09-12,0856,N21,low,2.0NRT,315.69,13.05,D
37.06341,60.5117,333.69,0.38,0.36,2026-09-12,0856,N21,low,2.0NRT,307.1,1.86,D
36.81527,58.81834,335.15,0.4,0.37,2026-09-12,0856,N21,nominal,2.0NRT,306.32,2.66,D
37.42479,62.31087,333.46,0.4,0.37,2026-09-12,0856,N21,nominal,2.0NRT,304.87,3.59,D
38.05286,67.26293,343.76,0.42,0.45,2026-09-12,0856,N21,low,2.0NRT,314.53,4.99,D
37.34846,61.36478,339.44,0.39,0.36,2026-09-12,0856,N21,low,2.0NRT,311.97,3.13,D
37.43167,61.63244,338.24,0.39,0.36,2026-09-12,0856,N21,low,2.0NRT,310.55,2.7,D
37.49663,61.84904,340.96,0.39,0.36,2026-09-12,0856,N21,nominal,2.0NRT,307.9,2.83,D
37.62598,62.16826,335.97,0.4,0.37,2026-09-12,0856,N21,low,2.0NRT,309.17,3.95,D
37.3386,60.08815,335.22,0.39,0.36,2026-09-12,0856,N21,low,2.0NRT,307.6,6.03,D
37.66982,62.2369,339.33,0.4,0.37,2026-09-12,0856,N21,nominal,2.0NRT,309.6,3.53,D
37.50307,61.02753,339.42,0.38,0.36,2026-09-12,0856,N21,low,2.0NRT,311.89,4.17,D
37.58446,61.55932,336.11,0.39,0.36,2026-09-12,0856,N21,low,2.0NRT,310.39,3.78,D
37.51162,61.0166,343.54,0.38,0.36,2026-09-12,0856,N21,nominal,2.0NRT,312.86,5.77,D
37.5046,60.94695,340.49,0.38,0.36,2026-09-12,0856,N21,nominal,2.0NRT,310.12,6.77,D
37.59387,61.53016,343.3,0.39,0.36,2026-09-12,0856,N21,nominal,2.0NRT,312.48,5.71,D
38.10014,65.47452,333.69,0.51,0.41,2026-09-12,0856,N21,low,2.0NRT,307.66,3.83,D
38.09949,65.4687,347.19,0.51,0.41,2026-09-12,0856,N21,nominal,2.0NRT,312.41,8.79,D
37.60849,61.60792,344.3,0.39,0.36,2026-09-12,0856,N21,nominal,2.0NRT,311.17,4.12,D
37.65441,61.90574,336.31,0.39,0.36,2026-09-12,0856,N21,nominal,2.0NRT,309.71,3.46,D
37.6132,61.59331,335.58,0.39,0.36,2026-09-12,0856,N21,low,2.0NRT,309.12,2.43,D
37.61398,61.57509,339.9,0.39,0.36,2026-09-12,0856,N21,low,2.0NRT,310,2.94,D
37.36866,59.95559,336.79,0.39,0.36,2026-09-12,0856,N21,low,2.0NRT,308.64,2.51,D
37.78856,62.53884,343.56,0.4,0.37,2026-09-12,0856,N21,nominal,2.0NRT,311.04,7,D
37.72773,62.09266,336.86,0.4,0.37,2026-09-12,0856,N21,low,2.0NRT,310.08,5.19,D
37.45803,59.87213,335.35,0.39,0.36,2026-09-12,0856,N21,low,2.0NRT,306.91,2.48,D
37.6338,60.33918,334.61,0.38,0.36,2026-09-12,0856,N21,low,2.0NRT,306.79,2.1,D
37.87616,61.71781,337.22,0.39,0.36,2026-09-12,0856,N21,low,2.0NRT,307.57,1.97,D
37.99106,61.88045,341.04,0.39,0.36,2026-09-12,0856,N21,low,2.0NRT,312.81,6.54,D
37.74343,59.32978,335.67,0.39,0.36,2026-09-12,0856,N21,low,2.0NRT,308.67,7.09,D
37.92375,58.53602,337.5,0.4,0.37,2026-09-12,0856,N21,low,2.0NRT,308.5,2.48,D
37.94106,58.56561,335.49,0.4,0.37,2026-09-12,0856,N21,low,2.0NRT,309.38,3.78,D
37.65428,55.63827,335.67,0.5,0.41,2026-09-12,0856,N21,low,2.0NRT,305.68,7.72,D
39.18974,65.27295,343.7,0.52,0.41,2026-09-12,0856,N21,nominal,2.0NRT,315.5,6.36,D
38.49046,57.6496,337.38,0.42,0.37,2026-09-12,0856,N21,low,2.0NRT,311.78,3,D
39.29274,56.24546,338.88,0.45,0.39,2026-09-12,0856,N21,nominal,2.0NRT,310.84,7.9,D
6.62034,80.86146,335.6,0.69,0.74,2026-09-12,0705,N21,nominal,2.0NRT,289.54,9.44,D
6.70589,81.02266,345.97,0.67,0.74,2026-09-12,0705,N21,nominal,2.0NRT,289.83,11.03,D
7.64065,81.0046,334.48,0.65,0.73,2026-09-12,0705,N21,nominal,2.0NRT,291.32,13.08,D
7.73657,81.04612,367,0.64,0.72,2026-09-12,0705,N21,high,2.0NRT,294.74,35.46,D
7.73534,81.04542,354.29,0.64,0.72,2026-09-12,0705,N21,nominal,2.0NRT,294.29,22.31,D
7.99596,81.07281,332.97,0.63,0.72,2026-09-12,0705,N21,nominal,2.0NRT,292.07,7.48,D
7.99491,81.06725,334.84,0.63,0.72,2026-09-12,0705,N21,nominal,2.0NRT,291.78,7.48,D
7.80653,79.93188,334.09,0.76,0.77,2026-09-12,0705,N21,nominal,2.0NRT,290.43,7.33,D
8.00538,80.94382,333.27,0.64,0.72,2026-09-12,0705,N21,nominal,2.0NRT,292.43,9.43,D
8.06483,81.00875,337.46,0.64,0.72,2026-09-12,0705,N21,nominal,2.0NRT,291.54,5.07,D
8.06398,81.00715,344.74,0.63,0.72,2026-09-12,0705,N21,nominal,2.0NRT,291.54,7.16,D
8.11225,81.11897,333.05,0.62,0.72,2026-09-12,0705,N21,nominal,2.0NRT,291.63,11.26,D
8.22898,81.02676,338.61,0.63,0.72,2026-09-12,0705,N21,nominal,2.0NRT,291.67,14.88,D
8.37628,80.63567,340.64,0.67,0.73,2026-09-12,0705,N21,nominal,2.0NRT,288.41,16.35,D
8.38111,80.63701,341.41,0.66,0.73,2026-09-12,0705,N21,nominal,2.0NRT,287.63,15.39,D
8.4907,80.74339,332.45,0.65,0.73,2026-09-12,0705,N21,nominal,2.0NRT,268.53,19.34,D
8.823,80.86677,332.54,0.63,0.72,2026-09-12,0705,N21,nominal,2.0NRT,288.27,5.41,D
9.01332,79.85774,339.15,0.73,0.76,2026-09-12,0707,N21,nominal,2.0NRT,290.89,14.78,D
9.11475,80.29814,340.92,0.68,0.74,2026-09-12,0707,N21,nominal,2.0NRT,291.98,9.59,D
9.24255,80.70767,339.86,0.63,0.72,2026-09-12,0707,N21,nominal,2.0NRT,292.32,14.99,D
9.40922,80.42326,344.76,0.66,0.73,2026-09-12,0707,N21,nominal,2.0NRT,291.43,13.27,D
9.40808,80.41743,339.5,0.66,0.73,2026-09-12,0707,N21,nominal,2.0NRT,291.21,13.27,D
9.40651,80.41932,367,0.66,0.73,2026-09-12,0707,N21,high,2.0NRT,291.91,29.65,D
15.03069,100.16952,334.56,0.63,0.54,2026-09-12,0707,N21,nominal,2.0NRT,291.35,7.28,D
15.68997,100.35992,336.76,0.33,0.55,2026-09-12,0707,N21,nominal,2.0NRT,292.71,4.06,D
15.81598,99.92057,330.3,0.62,0.54,2026-09-12,0707,N21,nominal,2.0NRT,291.02,7.8,D
15.8132,99.91872,331.78,0.62,0.54,2026-09-12,0707,N21,nominal,2.0NRT,290.83,5.94,D
16.12683,99.67948,331.19,0.6,0.53,2026-09-12,0707,N21,nominal,2.0NRT,288.49,3.67,D
16.12045,99.62393,332.53,0.59,0.53,2026-09-12,0707,N21,nominal,2.0NRT,291.68,4.85,D
16.22456,100.18066,335.3,0.32,0.55,2026-09-12,0707,N21,nominal,2.0NRT,291.01,3.06,D
16.45716,99.99076,333.07,0.64,0.54,2026-09-12,0707,N21,nominal,2.0NRT,291.9,4.45,D
16.62766,99.9641,335.74,0.32,0.54,2026-09-12,0707,N21,nominal,2.0NRT,292.95,2.44,D
17.08088,99.87529,339.71,0.64,0.54,2026-09-12,0707,N21,nominal,2.0NRT,293.44,12.83,D
17.07671,99.87546,335.43,0.32,0.54,2026-09-12,0707,N21,nominal,2.0NRT,293.75,5.38,D
17.07639,99.87249,338.28,0.32,0.54,2026-09-12,0707,N21,nominal,2.0NRT,293.62,5.38,D
17.11051,99.95311,336.04,0.32,0.55,2026-09-12,0707,N21,nominal,2.0NRT,293.43,3.46,D
17.20529,99.98261,339.59,0.32,0.55,2026-09-12,0707,N21,nominal,2.0NRT,293.33,3.39,D
17.27375,100.00191,344.5,0.33,0.55,2026-09-12,0707,N21,nominal,2.0NRT,293.33,4.4,D
17.27845,99.99824,331.28,0.33,0.55,2026-09-12,0707,N21,nominal,2.0NRT,293.21,3.1,D
17.36758,100.02119,330.13,0.33,0.55,2026-09-12,0707,N21,nominal,2.0NRT,292.9,2.07,D
19.74163,99.53963,335.76,0.33,0.55,2026-09-12,0709,N21,nominal,2.0NRT,293.45,4.64,D
21.39962,100.38366,326.8,0.39,0.59,2026-09-12,0709,N21,nominal,2.0NRT,295.56,3.33,D
21.4207,100.49366,330.34,0.4,0.6,2026-09-12,0709,N21,nominal,2.0NRT,292.63,3.91,D
22.78984,86.20039,332.01,0.49,0.4,2026-09-12,0709,N21,nominal,2.0NRT,291.62,4.25,D
24.19735,82.71543,330.3,0.48,0.48,2026-09-12,0709,N21,nominal,2.0NRT,292.45,3.65,D
27.74572,96.28419,337.11,0.51,0.49,2026-09-12,0712,N21,nominal,2.0NRT,292.94,3.97,D
27.9212,96.75629,367,0.55,0.51,2026-09-12,0712,N21,high,2.0NRT,297.66,20.58,D
27.98864,95.93889,331.25,0.49,0.48,2026-09-12,0712,N21,nominal,2.0NRT,294.31,4.11,D
31.71096,74.98926,331.99,0.48,0.64,2026-09-12,0714,N21,nominal,2.0NRT,291.72,4.81,D
31.72677,74.97857,329.29,0.48,0.64,2026-09-12,0714,N21,nominal,2.0NRT,291.47,6.54,D
31.96281,74.84226,331.6,0.48,0.65,2026-09-12,0714,N21,nominal,2.0NRT,291.36,3,D
39.18817,72.36723,345.17,0.42,0.61,2026-09-12,0716,N21,nominal,2.0NRT,310.22,9.07,D
39.78973,97.88715,331.26,0.4,0.6,2026-09-12,0533,N21,nominal,2.0NRT,300.97,3.25,D
19.37202,71.35451,340.83,0.42,0.46,2026-09-12,0850,N21,nominal,2.0NRT,290.13,8.29,D
17.88666,54.48549,340.49,0.49,0.65,2026-09-12,0850,N21,nominal,2.0NRT,309.86,1.94,D
18.32258,55.10679,339.15,0.44,0.62,2026-09-12,0850,N21,low,2.0NRT,313.81,2.07,D
18.32172,55.10277,340.84,0.44,0.62,2026-09-12,0850,N21,low,2.0NRT,313.35,2.07,D
20.0236,56.15105,339.36,0.35,0.56,2026-09-12,0852,N21,low,2.0NRT,311.26,1.31,D
20.22541,55.73894,340.02,0.36,0.58,2026-09-12,0852,N21,low,2.0NRT,310.79,2.2,D
20.38971,55.66183,343.75,0.37,0.58,2026-09-12,0852,N21,nominal,2.0NRT,311.62,2.22,D
22.85335,69.71429,334.46,0.56,0.43,2026-09-12,0852,N21,nominal,2.0NRT,298.41,3.25,D
23.05704,69.18311,336.55,0.53,0.42,2026-09-12,0852,N21,nominal,2.0NRT,300.52,3.99,D
23.2305,69.8563,337.99,0.39,0.44,2026-09-12,0852,N21,nominal,2.0NRT,302.25,7.15,D
21.31284,57.74361,341.49,0.52,0.5,2026-09-12,0852,N21,nominal,2.0NRT,308.92,6.4,D
21.31041,57.74547,339.71,0.51,0.5,2026-09-12,0852,N21,nominal,2.0NRT,308.03,6.36,D
23.70831,68.89656,338.83,0.52,0.42,2026-09-12,0852,N21,nominal,2.0NRT,305.09,6.33,D
23.7121,68.89597,338.73,0.52,0.42,2026-09-12,0852,N21,nominal,2.0NRT,305.82,5.25,D
21.93653,57.07247,344.78,0.55,0.51,2026-09-12,0852,N21,nominal,2.0NRT,313.01,16.15,D
21.93559,57.07457,344.68,0.55,0.51,2026-09-12,0852,N21,nominal,2.0NRT,312.66,4.42,D
21.9436,56.03426,339.67,0.32,0.55,2026-09-12,0852,N21,low,2.0NRT,312.63,4.41,D
21.94454,56.03281,340.67,0.32,0.55,2026-09-12,0852,N21,low,2.0NRT,312.24,0.95,D
22.40475,56.9885,345.43,0.55,0.51,2026-09-12,0852,N21,nominal,2.0NRT,314,8.69,D
22.34493,56.43538,344.67,0.6,0.53,2026-09-12,0852,N21,nominal,2.0NRT,314.6,7.02,D
22.34442,56.43423,349.6,0.59,0.53,2026-09-12,0852,N21,nominal,2.0NRT,314.3,10.5,D
22.44027,56.70106,345.33,0.57,0.52,2026-09-12,0852,N21,low,2.0NRT,316.19,24.67,D
24.70806,67.84223,341.3,0.47,0.4,2026-09-12,0852,N21,low,2.0NRT,312.4,9.87,D
24.82654,68.06606,342.1,0.49,0.4,2026-09-12,0852,N21,nominal,2.0NRT,311.04,15.75,D
24.83513,68.07449,348.36,0.49,0.4,2026-09-12,0852,N21,nominal,2.0NRT,315.85,12.79,D
22.87603,55.92527,347.84,0.63,0.54,2026-09-12,0852,N21,nominal,2.0NRT,315.64,7.34,D
22.88089,55.92411,346.77,0.63,0.54,2026-09-12,0852,N21,low,2.0NRT,317.66,7.34,D
22.87282,55.61406,367,0.33,0.55,2026-09-12,0852,N21,high,2.0NRT,317.35,3.53,D
22.92446,55.80603,346.17,0.64,0.54,2026-09-12,0852,N21,low,2.0NRT,318.19,3.93,D
24.92111,66.94928,335.91,0.44,0.38,2026-09-12,0852,N21,low,2.0NRT,310.24,2.5,D
24.91902,66.95054,337.24,0.44,0.38,2026-09-12,0852,N21,low,2.0NRT,310.98,2.21,D
22.68104,54.1482,355.29,0.41,0.61,2026-09-12,0852,N21,low,2.0NRT,314.19,5.27,D
22.68645,54.14673,367,0.41,0.61,2026-09-12,0852,N21,high,2.0NRT,315,6.18,D
25.31203,69.17378,332.44,0.56,0.43,2026-09-12,0852,N21,low,2.0NRT,306.79,4.39,D
25.31208,69.17742,338.01,0.56,0.43,2026-09-12,0852,N21,nominal,2.0NRT,306.51,5.03,D
23.18954,55.45882,354.02,0.33,0.55,2026-09-12,0852,N21,nominal,2.0NRT,315.51,4.17,D
23.18886,55.45568,351.01,0.33,0.55,2026-09-12,0852,N21,nominal,2.0NRT,315.39,4.17,D
23.19451,55.4576,345.69,0.33,0.55,2026-09-12,0852,N21,low,2.0NRT,316.23,3.67,D
25.97624,68.75241,336.12,0.54,0.42,2026-09-12,0852,N21,nominal,2.0NRT,309.68,5.06,D
24.50722,56.60921,336.06,0.53,0.5,2026-09-12,0852,N21,nominal,2.0NRT,303.01,7.2,D
24.06393,54.31828,350.53,0.37,0.58,2026-09-12,0852,N21,nominal,2.0NRT,309.74,2.71,D
27.60912,68.40923,337.98,0.54,0.42,2026-09-12,0852,N21,nominal,2.0NRT,306.69,12.4,D
27.71588,68.99443,338.71,0.39,0.44,2026-09-12,0852,N21,low,2.0NRT,310.17,7.86,D
28.05107,69.37104,341,0.41,0.45,2026-09-12,0852,N21,nominal,2.0NRT,306.18,5.08,D
28.22972,69.52414,348.33,0.42,0.46,2026-09-12,0852,N21,nominal,2.0NRT,309.98,7.31,D
28.15902,67.64606,340.78,0.5,0.41,2026-09-12,0852,N21,nominal,2.0NRT,310.75,9.8,D
26.88061,57.22543,336.12,0.43,0.46,2026-09-12,0854,N21,nominal,2.0NRT,305.21,5.23,D
27.16561,56.98075,332.98,0.44,0.46,2026-09-12,0854,N21,low,2.0NRT,304.7,1.98,D
29.35258,71.12714,341.85,0.55,0.51,2026-09-12,0854,N21,nominal,2.0NRT,302.06,6.37,D
27.16001,56.1036,336.99,0.5,0.49,2026-09-12,0854,N21,nominal,2.0NRT,306.05,2.9,D
27.1673,56.05,334.3,0.5,0.49,2026-09-12,0854,N21,low,2.0NRT,305.49,3.66,D
29.50663,67.94444,340.5,0.54,0.42,2026-09-12,0854,N21,low,2.0NRT,314.42,16.58,D
30.67366,72.12801,331.19,0.32,0.55,2026-09-12,0854,N21,nominal,2.0NRT,295.72,2.49,D
31.11121,74.61674,330.01,0.47,0.64,2026-09-12,0854,N21,nominal,2.0NRT,293.41,5.16,D
31.12541,74.65491,352.97,0.47,0.64,2026-09-12,0854,N21,nominal,2.0NRT,293.6,10.59,D
31.11015,74.6165,330.77,0.47,0.64,2026-09-12,0854,N21,nominal,2.0NRT,293.32,3.68,D
31.1241,74.65465,343.81,0.47,0.64,2026-09-12,0854,N21,nominal,2.0NRT,293.6,9.36,D
31.35772,74.54604,355.26,0.46,0.64,2026-09-12,0854,N21,nominal,2.0NRT,294.68,9.77,D
26.57732,101.65968,337.25,0.76,0.77,2026-09-12,1756,N21,nominal,2.0NRT,283.53,24.21,N
26.57691,101.66792,330.24,0.76,0.77,2026-09-12,1756,N21,nominal,2.0NRT,283.84,20.56,N
26.56161,101.68928,295.6,0.76,0.77,2026-09-12,1756,N21,nominal,2.0NRT,284.77,5.63,N
27.37792,95.33338,310.02,0.48,0.4,2026-09-12,1938,N21,nominal,2.0NRT,282.06,1.93,N
26.0075,101.71265,300.06,0.39,0.59,2026-09-12,1938,N21,nominal,2.0NRT,286.68,0.76,N
8.97767,80.67373,304.19,0.48,0.48,2026-09-12,1942,N21,nominal,2.0NRT,284.18,1.16,N
27.37759,95.08962,308.47,0.46,0.39,2026-09-12,1938,N21,nominal,2.0NRT,290.81,1.35,N
7.37025,81.38673,311.58,0.41,0.45,2026-09-12,1945,N21,nominal,2.0NRT,290.38,2.06,N
27.32448,95.27667,306.73,0.47,0.4,2026-09-12,1938,N21,nominal,2.0NRT,284.41,1.41,N
7.00607,81.56921,309.28,0.39,0.44,2026-09-12,1945,N21,nominal,2.0NRT,290.8,1.11,N
6.61667,80.86543,337.86,0.43,0.46,2026-09-12,1945,N21,nominal,2.0NRT,290.23,4.75,N
25.53378,100.57959,302.02,0.34,0.56,2026-09-12,1938,N21,nominal,2.0NRT,285.25,0.59,N
25.44162,100.548,296.61,0.34,0.56,2026-09-12,1938,N21,nominal,2.0NRT,284.42,0.34,N
28.36982,77.22448,307.09,0.69,0.74,2026-09-12,1938,N21,nominal,2.0NRT,285.15,2.5,N
28.34895,77.23016,304.16,0.69,0.74,2026-09-12,1938,N21,nominal,2.0NRT,281.34,1.44,N
28.34749,77.23125,303.91,0.69,0.74,2026-09-12,1938,N21,nominal,2.0NRT,281.95,1.4,N
24.61219,99.72503,301.2,0.63,0.54,2026-09-12,1938,N21,nominal,2.0NRT,286.3,2.03,N
23.90819,100.0061,309.37,0.34,0.56,2026-09-12,1938,N21,nominal,2.0NRT,285.7,1.11,N
25.54086,91.23626,304.56,0.38,0.36,2026-09-12,1938,N21,nominal,2.0NRT,287.27,0.72,N
23.51796,100.70705,300.42,0.38,0.59,2026-09-12,1938,N21,nominal,2.0NRT,286.3,0.4,N
26.64382,79.47578,303.94,0.48,0.65,2026-09-12,1938,N21,nominal,2.0NRT,283.93,1.16,N
24.65422,91.93871,307.82,0.39,0.36,2026-09-12,1938,N21,nominal,2.0NRT,291.26,2.47,N
25.43429,86.08202,306.85,0.55,0.42,2026-09-12,1938,N21,nominal,2.0NRT,277.1,1.82,N
25.43283,86.08572,304.67,0.55,0.42,2026-09-12,1938,N21,nominal,2.0NRT,275.73,1.25,N
22.62941,100.73312,296.8,0.4,0.6,2026-09-12,1938,N21,nominal,2.0NRT,284.94,0.7,N
24.9241,84.15478,306.06,0.46,0.47,2026-09-12,1938,N21,nominal,2.0NRT,288.32,2.16,N
24.11474,86.85886,310.26,0.48,0.4,2026-09-12,1938,N21,nominal,2.0NRT,291.01,1.67,N
23.80521,86.33162,311.78,0.51,0.41,2026-09-12,1938,N21,nominal,2.0NRT,291.13,2.15,N
23.8027,86.32107,305.09,0.51,0.41,2026-09-12,1938,N21,nominal,2.0NRT,290.9,3.65,N
23.80145,86.33105,315.03,0.51,0.41,2026-09-12,1938,N21,nominal,2.0NRT,291.35,2.15,N
23.79897,86.35081,308.55,0.51,0.41,2026-09-12,1938,N21,nominal,2.0NRT,291.08,2.35,N
22.01131,97.17485,309.8,0.49,0.49,2026-09-12,1938,N21,nominal,2.0NRT,289.1,1.06,N
24.20323,82.71207,300.17,0.56,0.51,2026-09-12,1938,N21,nominal,2.0NRT,287.25,1.13,N
23.79522,86.35023,305.82,0.51,0.41,2026-09-12,1938,N21,nominal,2.0NRT,290.46,2.08,N
23.79459,86.3552,314.05,0.51,0.41,2026-09-12,1938,N21,nominal,2.0NRT,290.77,2.08,N
24.19791,82.71751,299.47,0.56,0.51,2026-09-12,1938,N21,nominal,2.0NRT,286.45,1.13,N
23.77901,86.38809,325.06,0.5,0.41,2026-09-12,1938,N21,nominal,2.0NRT,291.53,5.58,N
23.79399,86.35288,314.24,0.51,0.41,2026-09-12,1938,N21,nominal,2.0NRT,291.13,3.8,N
23.78131,86.3912,305.36,0.5,0.41,2026-09-12,1938,N21,nominal,2.0NRT,289,2.22,N
23.77757,86.39063,324.18,0.5,0.41,2026-09-12,1938,N21,nominal,2.0NRT,290.79,2.22,N
22.0123,97.17339,307.9,0.49,0.49,2026-09-12,1938,N21,nominal,2.0NRT,288.74,1.67,N
23.77963,86.34565,308.03,0.51,0.41,2026-09-12,1938,N21,nominal,2.0NRT,290.89,1.96,N
23.77447,86.38514,309.93,0.5,0.41,2026-09-12,1938,N21,nominal,2.0NRT,290.94,2.69,N
23.7733,86.36485,329.62,0.5,0.41,2026-09-12,1938,N21,nominal,2.0NRT,291.61,6.91,N
24.20655,82.711,299.91,0.56,0.51,2026-09-12,1938,N21,nominal,2.0NRT,287.13,2.98,N
23.76816,86.40417,304.37,0.5,0.41,2026-09-12,1938,N21,nominal,2.0NRT,288.43,1.58,N
23.66463,87.15403,320.98,0.46,0.39,2026-09-12,1938,N21,nominal,2.0NRT,291.59,4.14,N
23.76442,86.40362,318.44,0.5,0.41,2026-09-12,1938,N21,nominal,2.0NRT,290.18,3.03,N
23.66402,87.15853,312.58,0.46,0.39,2026-09-12,1938,N21,nominal,2.0NRT,291.01,3.48,N
24.19647,82.71571,301.49,0.56,0.51,2026-09-12,1938,N21,nominal,2.0NRT,286.56,2.58,N
23.76132,86.39812,311.86,0.5,0.41,2026-09-12,1938,N21,nominal,2.0NRT,290.76,3.03,N
23.78197,86.20911,304.93,0.51,0.41,2026-09-12,1938,N21,nominal,2.0NRT,290.4,1.77,N
23.7782,86.20853,312.53,0.51,0.41,2026-09-12,1938,N21,nominal,2.0NRT,291.84,1.77,N
23.71263,86.45056,298.49,0.5,0.41,2026-09-12,1938,N21,nominal,2.0NRT,281.64,1.05,N
23.71265,86.42067,300.67,0.5,0.41,2026-09-12,1938,N21,nominal,2.0NRT,282.85,1.47,N
23.61067,87.14558,303.05,0.46,0.39,2026-09-12,1938,N21,nominal,2.0NRT,291,1.73,N
23.75639,85.85545,312.34,0.54,0.42,2026-09-12,1938,N21,nominal,2.0NRT,291.16,2.27,N
23.63277,86.83619,304.68,0.48,0.4,2026-09-12,1938,N21,nominal,2.0NRT,290.8,1.35,N
23.75253,85.85485,307.19,0.54,0.42,2026-09-12,1938,N21,nominal,2.0NRT,290.49,2.27,N
23.68587,86.39157,316.58,0.5,0.41,2026-09-12,1938,N21,nominal,2.0NRT,290.46,3.52,N
23.6815,86.39594,308.52,0.5,0.41,2026-09-12,1938,N21,nominal,2.0NRT,288.6,1.75,N
23.67776,86.39534,309.66,0.5,0.41,2026-09-12,1938,N21,nominal,2.0NRT,289.52,1.75,N
23.67715,86.40022,313.21,0.5,0.41,2026-09-12,1938,N21,nominal,2.0NRT,288.22,1.75,N
23.56176,87.23847,305.55,0.46,0.39,2026-09-12,1938,N21,nominal,2.0NRT,290.57,1.55,N
23.78896,85.55489,297.8,0.56,0.43,2026-09-12,1938,N21,nominal,2.0NRT,282.55,0.13,N
23.67982,86.39861,304.16,0.5,0.41,2026-09-12,1938,N21,nominal,2.0NRT,287.42,2.34,N
23.67609,86.39803,316.36,0.5,0.41,2026-09-12,1938,N21,nominal,2.0NRT,290.22,2.34,N
23.55922,87.24014,337.8,0.46,0.39,2026-09-12,1938,N21,nominal,2.0NRT,291.44,6.35,N
23.55564,87.23958,305.83,0.46,0.39,2026-09-12,1938,N21,nominal,2.0NRT,290.97,6.35,N
23.83998,84.9466,299.11,0.4,0.44,2026-09-12,1938,N21,nominal,2.0NRT,280.75,0.52,N
23.69873,86.07649,306.19,0.52,0.42,2026-09-12,1938,N21,nominal,2.0NRT,285.61,1.38,N
23.6809,86.09462,316.23,0.52,0.42,2026-09-12,1938,N21,nominal,2.0NRT,289.67,3.23,N
23.67839,86.08393,306,0.52,0.42,2026-09-12,1938,N21,nominal,2.0NRT,290.42,2.62,N
23.6758,86.10421,319.64,0.52,0.41,2026-09-12,1938,N21,nominal,2.0NRT,290.46,4,N
23.62885,86.29082,311.18,0.51,0.41,2026-09-12,1938,N21,nominal,2.0NRT,290.73,2.59,N
23.48412,87.36367,322.15,0.45,0.39,2026-09-12,1938,N21,nominal,2.0NRT,290.37,1.61,N
23.48116,87.35871,307.62,0.45,0.39,2026-09-12,1938,N21,nominal,2.0NRT,290.98,1.61,N
23.48057,87.3631,310.26,0.45,0.39,2026-09-12,1938,N21,nominal,2.0NRT,290.82,1.61,N
23.82537,84.57391,305.57,0.42,0.46,2026-09-12,1938,N21,nominal,2.0NRT,282.86,2.05,N
23.71344,85.28403,297.42,0.38,0.44,2026-09-12,1938,N21,nominal,2.0NRT,278.36,0.63,N
23.69675,85.35658,300.75,0.57,0.43,2026-09-12,1938,N21,nominal,2.0NRT,285.16,1.34,N
23.69543,85.36773,301.91,0.57,0.43,2026-09-12,1938,N21,nominal,2.0NRT,284.77,1.12,N
23.55113,86.54237,306.62,0.49,0.4,2026-09-12,1938,N21,nominal,2.0NRT,291.04,1.9,N
23.69687,85.3662,299.75,0.57,0.43,2026-09-12,1938,N21,nominal,2.0NRT,283.65,1.44,N
23.69436,85.28903,301.44,0.38,0.43,2026-09-12,1938,N21,nominal,2.0NRT,283.41,1.08,N
23.72049,85.0099,304.51,0.4,0.44,2026-09-12,1938,N21,nominal,2.0NRT,287.54,1.38,N
23.65528,85.50589,307.56,0.56,0.43,2026-09-12,1938,N21,nominal,2.0NRT,289.34,1.48,N
23.61031,85.67498,302.31,0.55,0.42,2026-09-12,1938,N21,nominal,2.0NRT,288.46,0.87,N
23.6687,84.99474,303.6,0.4,0.44,2026-09-12,1938,N21,nominal,2.0NRT,287.36,0.75,N
23.66419,84.99803,310.08,0.4,0.44,2026-09-12,1938,N21,nominal,2.0NRT,288.78,2.25,N
21.59062,96.22943,306.12,0.44,0.46,2026-09-12,1938,N21,nominal,2.0NRT,291.41,1.23,N
22.87329,88.21279,308.67,0.42,0.37,2026-09-12,1938,N21,nominal,2.0NRT,290.98,2.4,N
22.87513,86.0611,309.14,0.51,0.41,2026-09-12,1938,N21,nominal,2.0NRT,291.45,1.85,N
22.79863,86.20203,305.59,0.5,0.41,2026-09-12,1938,N21,nominal,2.0NRT,291.21,1.33,N
22.80953,86.08892,304.7,0.51,0.41,2026-09-12,1938,N21,nominal,2.0NRT,291.09,1.29,N
22.79488,86.20152,310.47,0.5,0.41,2026-09-12,1938,N21,nominal,2.0NRT,291.17,3.42,N
22.79051,86.20585,307.16,0.5,0.41,2026-09-12,1938,N21,nominal,2.0NRT,291.62,1.42,N
22.78988,86.21069,310.1,0.5,0.41,2026-09-12,1938,N21,nominal,2.0NRT,291.36,1.42,N
20.74386,98.32019,303.49,0.62,0.54,2026-09-12,1938,N21,nominal,2.0NRT,287.49,0.64,N
22.6084,85.91337,309.13,0.52,0.41,2026-09-12,1938,N21,nominal,2.0NRT,291.35,1.98,N
22.59007,85.90559,305.68,0.52,0.41,2026-09-12,1938,N21,nominal,2.0NRT,290.87,1.33,N
22.57237,85.89285,327.34,0.52,0.41,2026-09-12,1938,N21,nominal,2.0NRT,291.65,5.38,N
22.57173,85.89788,317.6,0.52,0.41,2026-09-12,1938,N21,nominal,2.0NRT,291.87,2.5,N
22.37967,87.27942,306.06,0.44,0.39,2026-09-12,1938,N21,nominal,2.0NRT,291.39,2.33,N
22.37614,87.27886,341.63,0.44,0.39,2026-09-12,1938,N21,nominal,2.0NRT,294.93,8.55,N
22.36618,87.29916,324.67,0.44,0.39,2026-09-12,1938,N21,nominal,2.0NRT,292.84,2.48,N
22.3656,87.30343,309.77,0.44,0.39,2026-09-12,1938,N21,nominal,2.0NRT,291.59,3.94,N
22.36266,87.2986,308.58,0.44,0.39,2026-09-12,1938,N21,nominal,2.0NRT,291.66,2.48,N
22.36585,87.29993,325.94,0.44,0.39,2026-09-12,1938,N21,nominal,2.0NRT,292.73,2.75,N
22.36525,87.3042,307.1,0.44,0.39,2026-09-12,1938,N21,nominal,2.0NRT,291.3,2.85,N
22.36232,87.29939,308.24,0.44,0.39,2026-09-12,1938,N21,nominal,2.0NRT,291.48,2.75,N
22.35646,87.28973,312.04,0.44,0.39,2026-09-12,1938,N21,nominal,2.0NRT,291.8,3.2,N
22.33047,87.3986,327.65,0.44,0.38,2026-09-12,1938,N21,nominal,2.0NRT,291.58,4.42,N
22.36513,87.01697,320.75,0.45,0.39,2026-09-12,1938,N21,nominal,2.0NRT,292.55,4.14,N
22.36156,87.0164,319.85,0.45,0.39,2026-09-12,1938,N21,nominal,2.0NRT,292.87,3.8,N
22.24565,87.3895,313.2,0.44,0.38,2026-09-12,1938,N21,nominal,2.0NRT,291.49,1.7,N
22.24515,87.38655,307.53,0.44,0.38,2026-09-12,1938,N21,nominal,2.0NRT,291.17,0.83,N
22.05581,88.12522,308.11,0.41,0.37,2026-09-12,1938,N21,nominal,2.0NRT,291.26,2.7,N
22.05241,88.12465,322.16,0.41,0.37,2026-09-12,1938,N21,nominal,2.0NRT,292.43,2.7,N
22.31256,84.76579,302.49,0.4,0.44,2026-09-12,1938,N21,nominal,2.0NRT,287.87,1.74,N
22.21229,84.87164,316.89,0.39,0.44,2026-09-12,1938,N21,nominal,2.0NRT,290.07,2.63,N
22.20706,84.8479,304.17,0.39,0.44,2026-09-12,1938,N21,nominal,2.0NRT,288.97,1.55,N
22.13259,85.37997,302.44,0.55,0.42,2026-09-12,1938,N21,nominal,2.0NRT,290.06,1.64,N
21.99174,85.32676,301.95,0.55,0.42,2026-09-12,1938,N21,nominal,2.0NRT,290.1,1.28,N
21.92925,85.21793,304.93,0.55,0.43,2026-09-12,1938,N21,nominal,2.0NRT,290.36,2.22,N
21.92468,85.22262,311.57,0.55,0.43,2026-09-12,1938,N21,nominal,2.0NRT,290.82,2.4,N
21.76399,85.57771,303.88,0.53,0.42,2026-09-12,1938,N21,nominal,2.0NRT,289.98,0.97,N
21.85749,83.966,304.93,0.44,0.46,2026-09-12,1938,N21,nominal,2.0NRT,288.41,1.65,N
19.06708,100.2582,307.65,0.44,0.63,2026-09-12,1938,N21,nominal,2.0NRT,287.62,1.08,N
19.0701,100.25965,306.86,0.44,0.63,2026-09-12,1938,N21,nominal,2.0NRT,287.2,0.9,N
21.69876,84.03098,299.67,0.43,0.46,2026-09-12,1938,N21,nominal,2.0NRT,286.64,1.96,N
21.68045,84.04113,300.19,0.43,0.46,2026-09-12,1938,N21,nominal,2.0NRT,287.41,1.34,N
21.67675,84.03644,300.69,0.43,0.46,2026-09-12,1938,N21,nominal,2.0NRT,287.08,1.34,N
21.00215,86.02635,312.01,0.49,0.4,2026-09-12,1940,N21,nominal,2.0NRT,291.88,3.11,N
20.97445,86.0079,306.63,0.49,0.4,2026-09-12,1940,N21,nominal,2.0NRT,291.33,3.71,N
20.96889,86.02138,309.1,0.49,0.4,2026-09-12,1940,N21,nominal,2.0NRT,291.86,2.36,N
20.96643,86.01149,320.17,0.49,0.4,2026-09-12,1940,N21,nominal,2.0NRT,292.7,2.54,N
20.96335,86.00627,323.34,0.49,0.4,2026-09-12,1940,N21,nominal,2.0NRT,292.14,4.44,N
20.96211,86.01562,306.16,0.49,0.4,2026-09-12,1940,N21,nominal,2.0NRT,291.56,2.54,N
20.95039,86.04722,327.83,0.49,0.4,2026-09-12,1940,N21,nominal,2.0NRT,292.11,6.59,N
21.08121,85.03476,308.22,0.55,0.43,2026-09-12,1940,N21,nominal,2.0NRT,291.7,1.98,N
20.951,86.04254,308.6,0.49,0.4,2026-09-12,1940,N21,nominal,2.0NRT,291.77,2,N
21.07663,85.03953,312.21,0.55,0.43,2026-09-12,1940,N21,nominal,2.0NRT,292.53,4.67,N
21.07596,85.04484,311.44,0.55,0.43,2026-09-12,1940,N21,nominal,2.0NRT,292.03,1.71,N
21.07204,85.04431,306.87,0.55,0.43,2026-09-12,1940,N21,nominal,2.0NRT,291.45,1.71,N
20.97563,85.1719,316.7,0.54,0.42,2026-09-12,1940,N21,nominal,2.0NRT,290.11,2.37,N
20.97108,85.17659,313.31,0.54,0.42,2026-09-12,1940,N21,nominal,2.0NRT,290.44,2.37,N
20.9672,85.17605,322.57,0.54,0.42,2026-09-12,1940,N21,nominal,2.0NRT,290.22,2.09,N
20.96986,85.1552,309.11,0.54,0.42,2026-09-12,1940,N21,nominal,2.0NRT,288.69,2.69,N
20.96787,85.17083,305.81,0.54,0.42,2026-09-12,1940,N21,nominal,2.0NRT,288.85,2.09,N
20.96522,85.19154,306.24,0.54,0.42,2026-09-12,1940,N21,nominal,2.0NRT,291.08,1.54,N
20.96531,85.15987,307.45,0.54,0.42,2026-09-12,1940,N21,nominal,2.0NRT,288.66,1.4,N
20.96465,85.16509,306.18,0.54,0.42,2026-09-12,1940,N21,nominal,2.0NRT,289.08,1.4,N
20.96398,85.17031,309.29,0.54,0.42,2026-09-12,1940,N21,nominal,2.0NRT,289.02,2.09,N
20.96332,85.17551,315.42,0.54,0.42,2026-09-12,1940,N21,nominal,2.0NRT,289.8,2.09,N
20.962,85.18585,317.43,0.54,0.42,2026-09-12,1940,N21,nominal,2.0NRT,290.83,4.77,N
20.96135,85.19098,316.03,0.54,0.42,2026-09-12,1940,N21,nominal,2.0NRT,291.08,1.54,N
20.9559,85.01449,310.09,0.55,0.43,2026-09-12,1940,N21,nominal,2.0NRT,292.44,3.02,N
20.88806,84.98174,310.58,0.55,0.43,2026-09-12,1940,N21,nominal,2.0NRT,291.54,2.33,N
20.88413,84.98122,318.86,0.55,0.43,2026-09-12,1940,N21,nominal,2.0NRT,291.58,3.76,N
20.86647,84.99485,305.83,0.55,0.43,2026-09-12,1940,N21,nominal,2.0NRT,292.12,2.21,N
20.86321,84.98904,329.03,0.55,0.43,2026-09-12,1940,N21,nominal,2.0NRT,292.47,2.21,N
20.86255,84.99429,306.55,0.55,0.43,2026-09-12,1940,N21,nominal,2.0NRT,291.91,2.21,N
20.80978,85.25613,304.25,0.53,0.42,2026-09-12,1940,N21,nominal,2.0NRT,289.79,2.06,N
20.80593,85.2556,318.37,0.53,0.42,2026-09-12,1940,N21,nominal,2.0NRT,291,2.06,N
20.79758,85.25964,305.13,0.53,0.42,2026-09-12,1940,N21,nominal,2.0NRT,290.18,1.16,N
20.79437,85.254,330.88,0.53,0.42,2026-09-12,1940,N21,nominal,2.0NRT,291.74,11.96,N
20.79949,85.25804,303.75,0.53,0.42,2026-09-12,1940,N21,nominal,2.0NRT,290,1.28,N
20.79631,85.2524,328.81,0.53,0.42,2026-09-12,1940,N21,nominal,2.0NRT,291,3.91,N
20.79246,85.25185,329.1,0.53,0.42,2026-09-12,1940,N21,nominal,2.0NRT,291.66,3.91,N
20.78727,85.26144,309.81,0.53,0.42,2026-09-12,1940,N21,nominal,2.0NRT,291.03,2.42,N
20.78661,85.26652,310.77,0.53,0.42,2026-09-12,1940,N21,nominal,2.0NRT,290.85,1.77,N
20.75953,85.2938,311.72,0.53,0.42,2026-09-12,1940,N21,nominal,2.0NRT,291.28,2.06,N
20.75886,85.29892,315.6,0.53,0.42,2026-09-12,1940,N21,nominal,2.0NRT,291.18,2.06,N
19.0969,82.16512,297.05,0.52,0.5,2026-09-12,1940,N21,nominal,2.0NRT,276.28,1.84,N
15.16857,76.37953,295.63,0.57,0.69,2026-09-12,1940,N21,nominal,2.0NRT,272.3,1.22,N
14.58824,78.58073,307.48,0.4,0.6,2026-09-12,1940,N21,nominal,2.0NRT,288.43,4.13,N
39.8631,98.25359,303.23,0.43,0.38,2026-09-12,1934,N21,nominal,2.0NRT,285.81,1.15,N
39.8597,98.25253,299.82,0.43,0.38,2026-09-12,1934,N21,nominal,2.0NRT,285.96,1.15,N
39.84497,98.27377,326.64,0.43,0.38,2026-09-12,1934,N21,nominal,2.0NRT,283.65,2.91,N
39.84406,98.27869,305.22,0.43,0.38,2026-09-12,1934,N21,nominal,2.0NRT,282.93,2.06,N
39.84228,98.2765,340.01,0.43,0.38,2026-09-12,1934,N21,nominal,2.0NRT,283.94,7.66,N
39.84244,98.25581,298.89,0.43,0.38,2026-09-12,1934,N21,nominal,2.0NRT,284.38,0.55,N
39.82346,98.28097,304.13,0.43,0.38,2026-09-12,1934,N21,nominal,2.0NRT,288.07,1.44,N
39.81145,98.28757,304.17,0.43,0.38,2026-09-12,1934,N21,nominal,2.0NRT,285.27,0.94,N
39.80965,98.29742,297.63,0.43,0.38,2026-09-12,1934,N21,nominal,2.0NRT,287.46,1.33,N
39.80874,98.30235,303.35,0.43,0.38,2026-09-12,1934,N21,nominal,2.0NRT,288.83,0.85,N
39.80283,98.29528,298.29,0.43,0.38,2026-09-12,1934,N21,nominal,2.0NRT,283.88,0.31,N
39.7917,98.29697,295.98,0.43,0.38,2026-09-12,1934,N21,nominal,2.0NRT,284.8,0.96,N
39.79079,98.3019,310.46,0.43,0.38,2026-09-12,1934,N21,nominal,2.0NRT,285.51,0.96,N
39.78738,98.30082,306.83,0.43,0.38,2026-09-12,1934,N21,nominal,2.0NRT,285.52,1.34,N
39.7919,97.88499,298.73,0.42,0.38,2026-09-12,1934,N21,nominal,2.0NRT,285.97,1.24,N
39.79104,97.88979,296.3,0.42,0.38,2026-09-12,1934,N21,nominal,2.0NRT,285.36,1.57,N
39.59152,94.30756,298.8,0.39,0.36,2026-09-12,1934,N21,nominal,2.0NRT,286.24,0.9,N
35.98895,94.82888,301.22,0.39,0.36,2026-09-12,1934,N21,nominal,2.0NRT,277.96,1.06,N
30.75271,56.65818,309.69,0.37,0.58,2026-09-12,2118,N21,nominal,2.0NRT,294.06,1.89,N
30.66585,56.61943,304.77,0.37,0.58,2026-09-12,2118,N21,nominal,2.0NRT,291.25,0.97,N
30.7344,55.38681,307.16,0.44,0.62,2026-09-12,2118,N21,nominal,2.0NRT,291.05,1.46,N
27.66586,76.12849,303.37,0.35,0.57,2026-09-12,2118,N21,nominal,2.0NRT,288.71,1.22,N
26.64012,79.48239,300.65,0.59,0.7,2026-09-12,2118,N21,nominal,2.0NRT,280.69,0.61,N
30.36856,57.12133,300,0.34,0.56,2026-09-12,2118,N21,nominal,2.0NRT,289.96,0.62,N
30.36775,56.12858,302.04,0.39,0.59,2026-09-12,2118,N21,nominal,2.0NRT,291.48,0.71,N
30.32296,55.97487,301.09,0.4,0.6,2026-09-12,2118,N21,nominal,2.0NRT,290.81,0.58,N
30.23584,56.90674,315.65,0.35,0.57,2026-09-12,2118,N21,nominal,2.0NRT,292.81,1.67,N
30.23556,56.91035,308.03,0.35,0.57,2026-09-12,2118,N21,nominal,2.0NRT,291.23,1.67,N
30.21647,55.98433,302.33,0.4,0.6,2026-09-12,2118,N21,nominal,2.0NRT,289.49,0.98,N
28.42589,69.69963,319.67,0.45,0.39,2026-09-12,2118,N21,nominal,2.0NRT,296.71,2.19,N
30.08407,55.39808,298.49,0.43,0.62,2026-09-12,2118,N21,nominal,2.0NRT,288.33,2.58,N
30.07869,55.39299,308.03,0.43,0.62,2026-09-12,2118,N21,nominal,2.0NRT,291.37,3.19,N
30.08152,55.39815,306.77,0.43,0.62,2026-09-12,2118,N21,nominal,2.0NRT,289.96,2.61,N
30.07616,55.39308,304.66,0.43,0.62,2026-09-12,2118,N21,nominal,2.0NRT,289.43,3.44,N
29.99225,55.85492,335.89,0.4,0.6,2026-09-12,2118,N21,nominal,2.0NRT,288.98,5.35,N
29.99252,55.85113,299.58,0.41,0.6,2026-09-12,2118,N21,nominal,2.0NRT,287.93,3.99,N
29.47839,60.8077,299.63,0.4,0.44,2026-09-12,2118,N21,nominal,2.0NRT,289.34,0.61,N
28.05047,69.37026,309,0.44,0.38,2026-09-12,2118,N21,nominal,2.0NRT,296.73,0.45,N
29.69855,55.53029,299.89,0.42,0.61,2026-09-12,2118,N21,nominal,2.0NRT,289.53,0.8,N
29.51237,55.79849,304.5,0.4,0.6,2026-09-12,2118,N21,nominal,2.0NRT,289.07,1.5,N
29.15382,55.36538,304.53,0.42,0.61,2026-09-12,2118,N21,nominal,2.0NRT,291.56,0.92,N
26.25882,74.09476,306.58,0.56,0.52,2026-09-12,2118,N21,nominal,2.0NRT,284.9,0.99,N
27.42422,56.50244,307.82,0.34,0.56,2026-09-12,2121,N21,nominal,2.0NRT,297.8,0.7,N
27.17032,56.05319,321.53,0.37,0.58,2026-09-12,2121,N21,nominal,2.0NRT,299.01,1.59,N
27.16119,56.10023,323.01,0.36,0.58,2026-09-12,2121,N21,nominal,2.0NRT,298.99,2.02,N
27.1653,56.04895,312.77,0.37,0.58,2026-09-12,2121,N21,nominal,2.0NRT,298.52,1.59,N
27.16089,56.10391,308.68,0.36,0.58,2026-09-12,2121,N21,nominal,2.0NRT,298.19,2.02,N
27.17162,56.05194,312.8,0.37,0.58,2026-09-12,2121,N21,nominal,2.0NRT,298.54,1.23,N
27.16184,56.10259,329.45,0.36,0.58,2026-09-12,2121,N21,nominal,2.0NRT,298.99,3.67,N
27.16631,56.05138,314.93,0.37,0.58,2026-09-12,2121,N21,nominal,2.0NRT,298.91,1.23,N
27.14502,56.11175,312.5,0.36,0.58,2026-09-12,2121,N21,nominal,2.0NRT,298.64,1.39,N
25.38592,68.58326,313.11,0.44,0.38,2026-09-12,2121,N21,nominal,2.0NRT,286.15,1.55,N
25.15757,67.70224,308.21,0.41,0.37,2026-09-12,2121,N21,nominal,2.0NRT,290.98,0.82,N
25.05126,67.49469,324.17,0.41,0.37,2026-09-12,2121,N21,nominal,2.0NRT,296.57,2.91,N
25.13833,66.90931,305.4,0.4,0.37,2026-09-12,2121,N21,nominal,2.0NRT,294.81,1.54,N
25.97524,56.0677,312.16,0.35,0.57,2026-09-12,2121,N21,nominal,2.0NRT,301.17,0.98,N
25.97492,56.07129,312.8,0.35,0.57,2026-09-12,2121,N21,nominal,2.0NRT,300.98,0.98,N
25.96477,56.06657,319.05,0.35,0.57,2026-09-12,2121,N21,nominal,2.0NRT,302.45,1.99,N
38.65878,76.16963,315.15,0.4,0.45,2026-09-12,2116,N21,nominal,2.0NRT,287,2.2,N
25.89982,54.53273,312.44,0.44,0.62,2026-09-12,2121,N21,nominal,2.0NRT,299.04,0.6,N
39.85374,66.20132,302.18,0.45,0.39,2026-09-12,2116,N21,nominal,2.0NRT,289.03,1.1,N
39.63932,66.85981,311.95,0.42,0.38,2026-09-12,2116,N21,nominal,2.0NRT,289,0.81,N
39.17673,68.61197,301.73,0.39,0.36,2026-09-12,2116,N21,nominal,2.0NRT,283.57,1.11,N
39.20147,66.83603,300.15,0.42,0.38,2026-09-12,2116,N21,nominal,2.0NRT,289.98,0.9,N
39.18464,65.31178,301.19,0.47,0.4,2026-09-12,2116,N21,nominal,2.0NRT,288.33,0.59,N
39.43464,62.99638,300.68,0.4,0.44,2026-09-12,2116,N21,nominal,2.0NRT,287.16,0.53,N
39.18101,65.31107,300.44,0.47,0.4,2026-09-12,2116,N21,nominal,2.0NRT,288.46,0.79,N
25.57323,55.98871,312.97,0.35,0.57,2026-09-12,2121,N21,nominal,2.0NRT,300.79,1.22,N
39.27779,63.08145,299.78,0.4,0.44,2026-09-12,2116,N21,nominal,2.0NRT,287.8,0.61,N
39.24864,63.21093,304.29,0.39,0.44,2026-09-12,2116,N21,nominal,2.0NRT,287.75,1.52,N
39.24818,63.17404,300.22,0.39,0.44,2026-09-12,2116,N21,nominal,2.0NRT,287.2,0.59,N
25.55782,55.98367,317.14,0.35,0.57,2026-09-12,2121,N21,nominal,2.0NRT,302.45,1.75,N
39.18451,63.34716,299.59,0.38,0.43,2026-09-12,2116,N21,nominal,2.0NRT,286.05,0.85,N
39.19607,63.19439,302.06,0.39,0.44,2026-09-12,2116,N21,nominal,2.0NRT,287.52,1.32,N
39.18006,63.35094,307.82,0.38,0.43,2026-09-12,2116,N21,nominal,2.0NRT,286.85,0.85,N
39.17663,63.30518,297.96,0.39,0.44,2026-09-12,2116,N21,nominal,2.0NRT,286.17,0.6,N
39.179,63.24194,302.56,0.39,0.44,2026-09-12,2116,N21,nominal,2.0NRT,286.8,0.59,N
39.17681,63.2233,302.08,0.39,0.44,2026-09-12,2116,N21,nominal,2.0NRT,287.2,0.77,N
39.17046,63.28604,298.29,0.39,0.44,2026-09-12,2116,N21,nominal,2.0NRT,286.4,0.96,N
39.16962,63.25409,301.38,0.39,0.44,2026-09-12,2116,N21,nominal,2.0NRT,287.79,1.12,N
39.16917,63.25857,301.08,0.39,0.44,2026-09-12,2116,N21,nominal,2.0NRT,286.92,1.12,N
39.16471,63.26238,313.25,0.39,0.44,2026-09-12,2116,N21,nominal,2.0NRT,287.3,1.32,N
39.15485,63.3197,307.45,0.38,0.44,2026-09-12,2116,N21,nominal,2.0NRT,287.25,1.07,N
39.12851,63.4198,305.57,0.57,0.43,2026-09-12,2116,N21,nominal,2.0NRT,286.5,1.07,N
38.39557,69.11203,307.15,0.38,0.36,2026-09-12,2116,N21,nominal,2.0NRT,292.95,0.79,N
39.12779,63.30618,310.46,0.38,0.44,2026-09-12,2116,N21,nominal,2.0NRT,287.39,1.09,N
39.11527,63.39075,297.12,0.57,0.43,2026-09-12,2116,N21,nominal,2.0NRT,285.01,0.65,N
39.08622,63.47948,295.82,0.57,0.43,2026-09-12,2116,N21,nominal,2.0NRT,285.05,0.88,N
38.32582,68.98819,307.35,0.38,0.36,2026-09-12,2116,N21,nominal,2.0NRT,293.59,1.18,N
38.97293,63.65675,296.21,0.55,0.43,2026-09-12,2116,N21,nominal,2.0NRT,286.03,0.9,N
38.9722,63.4664,298.15,0.57,0.43,2026-09-12,2116,N21,nominal,2.0NRT,287.11,1.79,N
38.68285,65.98792,304.12,0.44,0.38,2026-09-12,2116,N21,nominal,2.0NRT,288.07,0.94,N
38.97336,63.4666,302.79,0.56,0.43,2026-09-12,2116,N21,nominal,2.0NRT,287.61,1.42,N
38.91059,63.79395,297.93,0.54,0.42,2026-09-12,2116,N21,nominal,2.0NRT,285.06,0.63,N
38.87042,63.79979,305,0.54,0.42,2026-09-12,2116,N21,nominal,2.0NRT,286.14,1.76,N
38.83676,63.81943,299.83,0.54,0.42,2026-09-12,2116,N21,nominal,2.0NRT,286.34,1.22,N
38.83353,63.81255,298.23,0.54,0.42,2026-09-12,2116,N21,nominal,2.0NRT,287.7,1.11,N
38.83613,63.81729,300.46,0.54,0.42,2026-09-12,2116,N21,nominal,2.0NRT,286.84,1.41,N
38.55087,65.948,300.17,0.44,0.38,2026-09-12,2116,N21,nominal,2.0NRT,288.44,0.73,N
38.786,63.91582,296.93,0.54,0.42,2026-09-12,2116,N21,nominal,2.0NRT,285.61,0.78,N
38.05038,67.26296,326.36,0.4,0.37,2026-09-12,2116,N21,nominal,2.0NRT,293.16,10.21,N
38.28454,64.38,297.7,0.5,0.41,2026-09-12,2116,N21,nominal,2.0NRT,286.56,0.64,N
38.0864,65.45291,300.08,0.45,0.39,2026-09-12,2116,N21,nominal,2.0NRT,286.29,0.88,N
38.16922,64.57805,299.96,0.49,0.41,2026-09-12,2116,N21,nominal,2.0NRT,286.45,0.57,N
38.12801,64.6731,309.26,0.49,0.4,2026-09-12,2116,N21,nominal,2.0NRT,287.45,1.67,N
38.11985,64.71119,299.26,0.49,0.4,2026-09-12,2116,N21,nominal,2.0NRT,286.1,0.92,N
37.96614,65.00777,306.43,0.47,0.4,2026-09-12,2116,N21,nominal,2.0NRT,287.51,1.19,N
38.68042,54.31477,323.78,0.58,0.7,2026-09-12,2116,N21,nominal,2.0NRT,288.57,3.12,N
37.88541,65.08894,305.66,0.47,0.4,2026-09-12,2116,N21,nominal,2.0NRT,287.03,0.81,N
38.64906,54.27975,330.31,0.58,0.7,2026-09-12,2116,N21,nominal,2.0NRT,288.95,4.44,N
37.83075,65.17543,300.24,0.46,0.39,2026-09-12,2116,N21,nominal,2.0NRT,287.12,0.78,N
37.82777,65.1695,298.79,0.46,0.39,2026-09-12,2116,N21,nominal,2.0NRT,286.67,1.31,N
37.80201,65.18946,297.28,0.46,0.39,2026-09-12,2116,N21,nominal,2.0NRT,287.24,0.56,N
37.76467,65.43088,299.85,0.45,0.39,2026-09-12,2116,N21,nominal,2.0NRT,287.75,0.65,N
37.67363,65.26344,303.75,0.46,0.39,2026-09-12,2116,N21,nominal,2.0NRT,288.08,0.91,N
37.96216,62.66441,299.48,0.4,0.44,2026-09-12,2116,N21,nominal,2.0NRT,288.14,0.64,N
38.25752,58.38707,304.59,0.34,0.56,2026-09-12,2116,N21,nominal,2.0NRT,290.62,1.68,N
37.99107,61.88277,299.99,0.44,0.46,2026-09-12,2116,N21,nominal,2.0NRT,287.22,1.66,N
38.26157,57.65861,304.16,0.38,0.59,2026-09-12,2116,N21,nominal,2.0NRT,291.78,1.36,N
38.21833,57.98721,298.91,0.36,0.57,2026-09-12,2116,N21,nominal,2.0NRT,288.77,0.7,N
37.88418,62.02123,297.68,0.43,0.46,2026-09-12,2116,N21,nominal,2.0NRT,286.76,1,N
24.50556,56.60432,322.4,0.63,0.54,2026-09-12,2121,N21,nominal,2.0NRT,298.28,3.78,N
38.18121,57.98423,299.47,0.36,0.57,2026-09-12,2116,N21,nominal,2.0NRT,289.27,0.75,N
37.79607,62.54789,309.78,0.41,0.45,2026-09-12,2116,N21,nominal,2.0NRT,285.94,1.81,N
24.50496,56.61052,309.42,0.63,0.54,2026-09-12,2121,N21,nominal,2.0NRT,297.28,3.78,N
37.79563,62.55248,308.19,0.4,0.45,2026-09-12,2116,N21,nominal,2.0NRT,286.07,1.81,N
37.78878,62.53742,326.24,0.41,0.45,2026-09-12,2116,N21,nominal,2.0NRT,288.4,3.52,N
24.45435,56.55263,308.05,0.63,0.54,2026-09-12,2121,N21,nominal,2.0NRT,296.87,1.08,N
37.78928,62.53975,316.46,0.41,0.45,2026-09-12,2116,N21,nominal,2.0NRT,286.46,2.02,N
37.78566,62.53452,307.67,0.41,0.45,2026-09-12,2116,N21,nominal,2.0NRT,286.25,2.02,N
24.32692,54.4702,312.41,0.43,0.62,2026-09-12,2121,N21,nominal,2.0NRT,300.97,1.98,N
37.77642,62.0281,302.35,0.43,0.46,2026-09-12,2116,N21,nominal,2.0NRT,286.42,1.01,N
37.74244,62.07249,299.41,0.43,0.46,2026-09-12,2116,N21,nominal,2.0NRT,285.84,0.6,N
24.33009,54.46939,314.01,0.43,0.62,2026-09-12,2121,N21,nominal,2.0NRT,300.95,2.94,N
37.74968,61.85389,295.3,0.44,0.46,2026-09-12,2116,N21,nominal,2.0NRT,285.25,0.5,N
37.7276,62.09486,317.58,0.43,0.46,2026-09-12,2116,N21,nominal,2.0NRT,287.62,2.28,N
37.74633,61.84328,299.81,0.44,0.46,2026-09-12,2116,N21,nominal,2.0NRT,288.28,0.88,N
37.75019,61.85593,297.3,0.44,0.46,2026-09-12,2116,N21,nominal,2.0NRT,285.38,0.65,N
37.72668,62.09644,313.41,0.43,0.46,2026-09-12,2116,N21,nominal,2.0NRT,287.77,1.6,N
37.67039,62.23868,309.18,0.42,0.45,2026-09-12,2116,N21,nominal,2.0NRT,286.97,1.78,N
37.66162,62.24217,300.37,0.42,0.45,2026-09-12,2116,N21,nominal,2.0NRT,285.66,0.9,N
23.4852,58.28071,311.93,0.48,0.48,2026-09-12,2121,N21,nominal,2.0NRT,299.94,1.49,N
37.65747,62.24155,302.65,0.42,0.45,2026-09-12,2116,N21,nominal,2.0NRT,285.82,0.9,N
37.93988,58.5612,303.75,0.33,0.56,2026-09-12,2116,N21,nominal,2.0NRT,289.7,1.08,N
37.63989,62.20516,300.48,0.42,0.45,2026-09-12,2116,N21,nominal,2.0NRT,285.81,0.71,N
37.63573,62.20453,295.4,0.42,0.45,2026-09-12,2116,N21,nominal,2.0NRT,285.12,0.71,N
23.19354,55.45467,323.59,0.36,0.57,2026-09-12,2121,N21,nominal,2.0NRT,296.46,2.23,N
37.65509,61.90749,310.02,0.44,0.46,2026-09-12,2116,N21,nominal,2.0NRT,289.8,1.31,N
23.19322,55.45818,320.05,0.36,0.57,2026-09-12,2121,N21,nominal,2.0NRT,296.83,2.23,N
37.62651,62.21282,303.47,0.42,0.45,2026-09-12,2116,N21,nominal,2.0NRT,287.82,1.49,N
37.6264,62.16933,311.66,0.42,0.45,2026-09-12,2116,N21,nominal,2.0NRT,287.35,2.3,N
23.1929,55.46169,307.41,0.36,0.57,2026-09-12,2121,N21,nominal,2.0NRT,296.68,1.89,N
37.62629,62.12554,299.7,0.42,0.45,2026-09-12,2116,N21,nominal,2.0NRT,285.5,0.83,N
37.61659,62.13871,300.88,0.42,0.45,2026-09-12,2116,N21,nominal,2.0NRT,287.75,1.21,N
23.19385,55.45479,312.43,0.36,0.57,2026-09-12,2121,N21,nominal,2.0NRT,296.36,1.62,N
37.6297,61.72478,298.4,0.44,0.46,2026-09-12,2116,N21,nominal,2.0NRT,287.1,0.36,N
37.60548,61.70598,298.88,0.45,0.47,2026-09-12,2116,N21,nominal,2.0NRT,285.52,0.35,N
23.1935,55.45829,315.48,0.36,0.57,2026-09-12,2121,N21,nominal,2.0NRT,296.78,1.62,N
37.6134,61.57294,299.51,0.45,0.47,2026-09-12,2116,N21,nominal,2.0NRT,288.85,0.96,N
23.19316,55.4618,309.36,0.36,0.57,2026-09-12,2121,N21,nominal,2.0NRT,296.58,1.68,N
37.61293,61.57808,303.42,0.45,0.47,2026-09-12,2116,N21,nominal,2.0NRT,289.44,1.12,N
37.61152,61.59347,304.22,0.45,0.47,2026-09-12,2116,N21,nominal,2.0NRT,288.85,1.45,N
23.152,55.44674,310.18,0.36,0.57,2026-09-12,2121,N21,nominal,2.0NRT,295.99,1.6,N
37.61058,61.60371,304.45,0.45,0.47,2026-09-12,2116,N21,nominal,2.0NRT,290.16,1.74,N
37.61011,61.60883,301.86,0.45,0.47,2026-09-12,2116,N21,nominal,2.0NRT,287.11,1.38,N
22.87688,55.92495,319.48,0.33,0.55,2026-09-12,2121,N21,nominal,2.0NRT,295.66,2.77,N
37.59757,61.55508,300.1,0.45,0.47,2026-09-12,2116,N21,nominal,2.0NRT,287.4,1.01,N
37.5971,61.56022,299.61,0.45,0.47,2026-09-12,2116,N21,nominal,2.0NRT,287.95,1.01,N
22.87575,55.6133,315.01,0.35,0.57,2026-09-12,2121,N21,nominal,2.0NRT,296.33,2.66,N
37.59604,61.52354,304.71,0.46,0.47,2026-09-12,2116,N21,nominal,2.0NRT,287.61,1.85,N
37.59126,61.52809,313.19,0.46,0.47,2026-09-12,2116,N21,nominal,2.0NRT,288.78,1.85,N
22.7811,55.81479,307.34,0.34,0.56,2026-09-12,2121,N21,nominal,2.0NRT,296.48,1.49,N
37.58418,61.55838,305.53,0.45,0.47,2026-09-12,2116,N21,nominal,2.0NRT,289.24,1.69,N
22.40421,56.98936,319.52,0.56,0.51,2026-09-12,2121,N21,nominal,2.0NRT,295.24,2.91,N
37.49841,61.84552,320.7,0.44,0.46,2026-09-12,2116,N21,nominal,2.0NRT,290.49,3.36,N
22.40758,56.98804,319.42,0.56,0.51,2026-09-12,2121,N21,nominal,2.0NRT,294.93,2.7,N
37.49793,61.85045,299.19,0.44,0.46,2026-09-12,2116,N21,nominal,2.0NRT,287.52,0.86,N
22.34451,56.43137,313.28,0.61,0.53,2026-09-12,2121,N21,nominal,2.0NRT,290.42,1.43,N
37.48153,61.97723,301.7,0.43,0.46,2026-09-12,2116,N21,nominal,2.0NRT,287.72,0.6,N
37.42379,62.31142,324.09,0.41,0.45,2026-09-12,2116,N21,nominal,2.0NRT,288.34,3.21,N
22.32891,56.48851,317.87,0.6,0.53,2026-09-12,2121,N21,nominal,2.0NRT,293.77,2.69,N
37.40317,62.30828,299.72,0.41,0.45,2026-09-12,2116,N21,nominal,2.0NRT,285.93,0.81,N
22.34689,56.43055,304.95,0.61,0.53,2026-09-12,2121,N21,nominal,2.0NRT,289.9,1.04,N
37.51158,61.01508,302.6,0.48,0.48,2026-09-12,2116,N21,nominal,2.0NRT,288.51,1.12,N
22.34628,56.43629,303.41,0.61,0.53,2026-09-12,2121,N21,nominal,2.0NRT,290.18,1.04,N
37.50178,61.02485,302.47,0.48,0.48,2026-09-12,2116,N21,nominal,2.0NRT,289.91,1.22,N
22.32598,56.48722,321.69,0.6,0.53,2026-09-12,2121,N21,nominal,2.0NRT,294.09,3.69,N
37.50241,61.02783,299.72,0.48,0.48,2026-09-12,2116,N21,nominal,2.0NRT,289.02,1.61,N
22.08007,55.97594,297.2,0.32,0.55,2026-09-12,2121,N21,nominal,2.0NRT,283.96,0.79,N
37.34734,61.36123,300.73,0.46,0.47,2026-09-12,2116,N21,nominal,2.0NRT,286.9,1.51,N
21.93651,57.07333,319.37,0.55,0.51,2026-09-12,2121,N21,nominal,2.0NRT,284.56,3.5,N
37.1182,62.36026,332.77,0.41,0.45,2026-09-12,2116,N21,nominal,2.0NRT,289.67,8.27,N
21.88962,56.8451,295.89,0.56,0.52,2026-09-12,2121,N21,nominal,2.0NRT,266.39,0.31,N
36.70024,65.9604,302.02,0.43,0.38,2026-09-12,2116,N21,nominal,2.0NRT,289.31,0.93,N
21.7047,56.47333,297.73,0.59,0.53,2026-09-12,2121,N21,nominal,2.0NRT,276.32,0.6,N
37.11365,62.36422,315.8,0.41,0.45,2026-09-12,2116,N21,nominal,2.0NRT,288.4,2.49,N
21.40807,55.74227,306.51,0.33,0.55,2026-09-12,2121,N21,nominal,2.0NRT,279.66,0.79,N
37.4542,57.68899,301.07,0.37,0.58,2026-09-12,2116,N21,nominal,2.0NRT,287.07,1.08,N
21.37982,55.81827,302.86,0.32,0.55,2026-09-12,2121,N21,nominal,2.0NRT,271.16,0.6,N
37.03463,62.4141,312.8,0.4,0.44,2026-09-12,2116,N21,nominal,2.0NRT,288.19,2.1,N
20.39005,55.66219,327.32,0.32,0.55,2026-09-12,2121,N21,nominal,2.0NRT,289.41,1.97,N
37.03416,62.41862,303.3,0.4,0.44,2026-09-12,2116,N21,nominal,2.0NRT,289.68,2.1,N
20.3867,55.64611,314.94,0.32,0.55,2026-09-12,2121,N21,nominal,2.0NRT,290.27,2.23,N
37.03008,62.418,311.96,0.4,0.44,2026-09-12,2116,N21,nominal,2.0NRT,289.79,2.1,N
20.21187,55.71175,323.27,0.32,0.54,2026-09-12,2121,N21,nominal,2.0NRT,292.45,1.33,N
37.33793,58.04662,297.44,0.35,0.57,2026-09-12,2116,N21,nominal,2.0NRT,286.38,0.59,N
15.65567,73.98708,301.86,0.45,0.63,2026-09-12,2123,N21,nominal,2.0NRT,281.18,1.05,N
36.99291,56.23159,305.89,0.44,0.63,2026-09-12,2116,N21,nominal,2.0NRT,286.68,1.42,N
18.32413,55.10525,346.06,0.33,0.55,2026-09-12,2123,N21,nominal,2.0NRT,294.87,4.05,N
36.99207,56.2299,304.62,0.44,0.63,2026-09-12,2116,N21,nominal,2.0NRT,286.95,1.25,N
18.32052,55.10389,367,0.33,0.55,2026-09-12,2123,N21,high,2.0NRT,295.65,6.08,N
36.94331,54.88491,301.53,0.53,0.67,2026-09-12,2116,N21,nominal,2.0NRT,287.88,1.69,N
36.94416,54.89017,299.75,0.53,0.67,2026-09-12,2116,N21,nominal,2.0NRT,287.77,1.31,N
18.17669,55.24848,312.7,0.32,0.55,2026-09-12,2123,N21,nominal,2.0NRT,294.65,1.08,N
36.43946,61.21935,299.49,0.46,0.47,2026-09-12,2116,N21,nominal,2.0NRT,288.57,0.64,N
17.99811,55.16043,306.7,0.32,0.55,2026-09-12,2123,N21,nominal,2.0NRT,294.24,0.42,N
36.46358,60.84763,299.68,0.48,0.48,2026-09-12,2116,N21,nominal,2.0NRT,287.93,0.93,N
18.03627,54.64241,306.78,0.35,0.57,2026-09-12,2123,N21,nominal,2.0NRT,294.82,1.12,N
36.36769,61.89595,301.08,0.42,0.45,2026-09-12,2116,N21,nominal,2.0NRT,286.93,0.6,N
36.69875,57.20274,298.24,0.39,0.59,2026-09-12,2116,N21,nominal,2.0NRT,287.28,0.54,N
18.01255,54.56887,367,0.36,0.57,2026-09-12,2123,N21,high,2.0NRT,297.93,22.32,N
36.48053,59.74971,300.01,0.55,0.51,2026-09-12,2116,N21,nominal,2.0NRT,286.12,1.24,N
18.01219,54.57222,339.07,0.36,0.57,2026-09-12,2123,N21,nominal,2.0NRT,305.49,22.32,N
36.47633,59.74265,299.46,0.55,0.51,2026-09-12,2116,N21,nominal,2.0NRT,285.89,0.99,N
36.23615,59.72921,296.77,0.55,0.51,2026-09-12,2116,N21,nominal,2.0NRT,285.69,1.02,N
18.01183,54.57555,307.03,0.36,0.57,2026-09-12,2123,N21,nominal,2.0NRT,294.09,5.7,N
35.89078,57.06365,302.77,0.39,0.59,2026-09-12,2116,N21,nominal,2.0NRT,290.33,0.73,N
17.88864,54.48312,307.28,0.36,0.57,2026-09-12,2123,N21,nominal,2.0NRT,287.31,1.68,N
35.35359,60.21655,295.54,0.51,0.49,2026-09-12,2116,N21,nominal,2.0NRT,285.36,0.8,N
33.54422,71.55211,306.81,0.46,0.39,2026-09-12,2116,N21,nominal,2.0NRT,294.61,1.07,N
35.19162,58.19465,300.59,0.33,0.55,2026-09-12,2116,N21,nominal,2.0NRT,290.14,0.55,N
33.2966,71.18449,307.11,0.45,0.39,2026-09-12,2116,N21,nominal,2.0NRT,294.57,0.91,N
33.29602,71.18752,312.08,0.45,0.39,2026-09-12,2116,N21,nominal,2.0NRT,294.95,1.5,N
33.21862,71.48866,331.5,0.46,0.39,2026-09-12,2116,N21,nominal,2.0NRT,294.64,5.01,N
32.72028,72.92151,305.99,0.54,0.42,2026-09-12,2116,N21,nominal,2.0NRT,293.98,0.93,N
32.88812,71.61903,310.05,0.47,0.4,2026-09-12,2116,N21,nominal,2.0NRT,297.07,2.61,N
32.88754,71.61716,312.96,0.47,0.4,2026-09-12,2116,N21,nominal,2.0NRT,297.3,3.41,N
32.57404,72.56458,307.3,0.53,0.42,2026-09-12,2116,N21,nominal,2.0NRT,296.34,3.44,N
31.25948,76.92677,302.91,0.32,0.55,2026-09-12,2116,N21,nominal,2.0NRT,287.79,0.76,N
31.24832,76.92965,300.13,0.32,0.55,2026-09-12,2116,N21,nominal,2.0NRT,287.62,0.48,N
33.7534,59.1452,296.23,0.56,0.52,2026-09-12,2116,N21,nominal,2.0NRT,285.69,0.69,N
33.03925,56.84764,323.69,0.38,0.58,2026-09-12,2118,N21,nominal,2.0NRT,294.36,2.28,N
33.04186,56.84906,324.14,0.38,0.58,2026-09-12,2118,N21,nominal,2.0NRT,294.91,2.89,N
30.44688,70.56768,309.06,0.46,0.39,2026-09-12,2118,N21,nominal,2.0NRT,296.9,1.22,N
31.84833,54.28748,315.26,0.52,0.67,2026-09-12,2118,N21,nominal,2.0NRT,294.03,2.52,N
31.84862,54.28396,307.92,0.52,0.67,2026-09-12,2118,N21,nominal,2.0NRT,293.62,2,N
31.84831,54.28941,305,0.52,0.67,2026-09-12,2118,N21,nominal,2.0NRT,293.4,1.96,N
28.37166,77.22452,305.06,0.39,0.59,2026-09-12,2118,N21,nominal,2.0NRT,287.46,1.08,N
28.34514,77.23048,308.47,0.39,0.59,2026-09-12,2118,N21,nominal,2.0NRT,287.7,1.02,N
31.62136,54.72397,312.44,0.49,0.65,2026-09-12,2118,N21,nominal,2.0NRT,292.54,1.93,N
25.60006,54.42701,315.24,0.65,0.73,2026-09-12,2259,N21,nominal,2.0NRT,298.15,3.86,N
37.59523,61.52716,296.57,0.77,0.77,2026-09-12,2257,N21,nominal,2.0NRT,285.2,1.77,N
38.25266,58.38995,307.28,0.51,0.66,2026-09-12,2257,N21,nominal,2.0NRT,289.84,1.9,N
38.26196,57.65833,305.21,0.47,0.64,2026-09-12,2257,N21,nominal,2.0NRT,291.64,1.27,N
38.67951,54.31292,322.66,0.61,0.53,2026-09-12,2257,N21,nominal,2.0NRT,290.62,2.4,N
38.64703,54.27744,299.97,0.61,0.53,2026-09-12,2257,N21,nominal,2.0NRT,289.35,2.57,N
38.64536,54.28408,319.42,0.61,0.53,2026-09-12,2257,N21,nominal,2.0NRT,289.58,2.57,N
38.64806,54.27922,324.75,0.61,0.53,2026-09-12,2257,N21,nominal,2.0NRT,290.6,3.06,N
36.47923,59.74724,300.05,0.67,0.74,2026-09-12,2257,N21,nominal,2.0NRT,284.36,2.77,N
37.29582,55.48232,305.99,0.38,0.59,2026-09-12,2257,N21,nominal,2.0NRT,289.07,0.95,N
36.33772,58.66857,297.66,0.6,0.7,2026-09-12,2257,N21,nominal,2.0NRT,284.75,1.23,N
36.99084,56.22903,295.37,0.42,0.61,2026-09-12,2257,N21,nominal,2.0NRT,284.89,0.77,N
36.94567,54.88858,318.27,0.36,0.57,2026-09-12,2257,N21,nominal,2.0NRT,290.13,1.71,N
36.29366,54.78704,298.68,0.37,0.58,2026-09-12,2257,N21,nominal,2.0NRT,287.04,0.8,N
35.11744,58.63125,309.8,0.64,0.72,2026-09-12,2257,N21,nominal,2.0NRT,288.58,3.52,N
36.32017,54.18578,296.8,0.34,0.56,2026-09-12,2257,N21,nominal,2.0NRT,283.97,0.37,N
35.11803,58.63306,314.21,0.64,0.72,2026-09-12,2257,N21,nominal,2.0NRT,288.81,2.02,N
32.33588,54.08683,307.98,0.43,0.62,2026-09-12,2259,N21,nominal,2.0NRT,291,1.76,N
31.85059,54.28586,305.2,0.45,0.63,2026-09-12,2259,N21,nominal,2.0NRT,293.64,1.03,N
31.84911,54.28405,303.2,0.45,0.63,2026-09-12,2259,N21,nominal,2.0NRT,293.18,1.33,N
31.62412,54.72415,308.86,0.48,0.65,2026-09-12,2259,N21,nominal,2.0NRT,290.35,2.21,N
31.62434,54.72713,299.47,0.48,0.65,2026-09-12,2259,N21,nominal,2.0NRT,289.21,1.89,N
30.754,56.65936,306.06,0.66,0.73,2026-09-12,2259,N21,nominal,2.0NRT,291.43,2.91,N
30.36658,56.12521,301.12,0.63,0.72,2026-09-12,2259,N21,nominal,2.0NRT,289.04,1.6,N
29.98967,55.85765,324.47,0.62,0.71,2026-09-12,2259,N21,nominal,2.0NRT,287.5,6.65,N
29.99164,55.85048,302.85,0.62,0.71,2026-09-12,2259,N21,nominal,2.0NRT,286.89,5.36,N
30.08231,55.39673,327.68,0.58,0.7,2026-09-12,2259,N21,nominal,2.0NRT,288.51,6.74,N
29.98914,55.85565,335.12,0.62,0.71,2026-09-12,2259,N21,nominal,2.0NRT,288.66,9.39,N
30.07918,55.39363,318.04,0.58,0.7,2026-09-12,2259,N21,nominal,2.0NRT,290.3,3.14,N
30.07765,55.39935,299.19,0.58,0.7,2026-09-12,2259,N21,nominal,2.0NRT,287.72,3.14,N
28.30954,56.63604,303.68,0.76,0.77,2026-09-12,2259,N21,nominal,2.0NRT,291.36,2.34,N
27.16631,56.0587,306.08,0.74,0.76,2026-09-12,2301,N21,nominal,2.0NRT,294.5,2.15,N
14.38577,100.69031,330.89,0.5,0.41,2026-09-13,0648,N21,nominal,2.0NRT,293.32,3.95,D
14.91939,100.43636,340.1,0.49,0.4,2026-09-13,0648,N21,nominal,2.0NRT,296.72,11.92,D
15.14763,100.67657,338.02,0.51,0.41,2026-09-13,0648,N21,nominal,2.0NRT,299.29,6.07,D
15.1454,100.67953,335.52,0.51,0.41,2026-09-13,0648,N21,nominal,2.0NRT,297.74,4.79,D
15.31839,100.53744,334.02,0.5,0.41,2026-09-13,0650,N21,nominal,2.0NRT,287.3,7.09,D
15.87294,100.08755,333.41,0.48,0.4,2026-09-13,0650,N21,nominal,2.0NRT,291.47,6.01,D
16.06121,100.09935,339.48,0.48,0.4,2026-09-13,0650,N21,nominal,2.0NRT,294.32,4.73,D
16.14315,100.04158,333.48,0.48,0.4,2026-09-13,0650,N21,nominal,2.0NRT,294,5.16,D
15.9894,97.68867,334.49,0.4,0.37,2026-09-13,0650,N21,nominal,2.0NRT,293.45,4.61,D
16.61129,98.64928,333.42,0.42,0.38,2026-09-13,0650,N21,nominal,2.0NRT,296.67,3.41,D
16.94325,100.2535,331.13,0.5,0.41,2026-09-13,0650,N21,nominal,2.0NRT,286.63,4.19,D
16.90802,98.5649,333.19,0.42,0.38,2026-09-13,0650,N21,nominal,2.0NRT,297.52,3.11,D
17.1743,100.07658,333.1,0.5,0.41,2026-09-13,0650,N21,nominal,2.0NRT,297.84,4.34,D
17.17925,100.00056,335.09,0.49,0.4,2026-09-13,0650,N21,nominal,2.0NRT,292.19,3.63,D
17.03077,98.4949,336.29,0.42,0.38,2026-09-13,0650,N21,nominal,2.0NRT,297.69,4.36,D
17.2493,99.96841,331.65,0.49,0.4,2026-09-13,0650,N21,nominal,2.0NRT,292.35,3.15,D
18.17459,101.28922,331.4,0.4,0.44,2026-09-13,0650,N21,nominal,2.0NRT,296.62,3.21,D
17.998,98.62177,342.55,0.43,0.38,2026-09-13,0650,N21,nominal,2.0NRT,299.39,6.58,D
18.00149,98.62125,337.7,0.43,0.38,2026-09-13,0650,N21,nominal,2.0NRT,299.84,6.58,D
17.8471,95.08736,331.67,0.39,0.36,2026-09-13,0650,N21,nominal,2.0NRT,297.34,2.33,D
18.15625,96.45904,334.63,0.39,0.36,2026-09-13,0650,N21,nominal,2.0NRT,299.14,7.03,D
19.12328,101.61905,330.58,0.43,0.46,2026-09-13,0650,N21,nominal,2.0NRT,289.88,5.58,D
19.20832,100.06691,331.33,0.52,0.42,2026-09-13,0650,N21,nominal,2.0NRT,294.26,4.03,D
19.70116,99.90849,331.04,0.52,0.42,2026-09-13,0650,N21,nominal,2.0NRT,296.97,3.58,D
19.42887,96.0562,330.94,0.39,0.36,2026-09-13,0650,N21,nominal,2.0NRT,298.59,2.08,D
20.47361,100.11834,341.55,0.55,0.42,2026-09-13,0650,N21,nominal,2.0NRT,297.15,14.31,D
20.47141,100.12164,329.21,0.55,0.42,2026-09-13,0650,N21,nominal,2.0NRT,294.96,6.81,D
20.47458,100.11519,331.46,0.55,0.42,2026-09-13,0650,N21,nominal,2.0NRT,295.15,7.54,D
20.94607,95.85555,334.33,0.39,0.36,2026-09-13,0650,N21,nominal,2.0NRT,300.44,4.05,D
22.01296,97.17343,330.58,0.42,0.37,2026-09-13,0650,N21,nominal,2.0NRT,293.76,2.33,D
22.71684,101.45618,328.94,0.47,0.48,2026-09-13,0650,N21,nominal,2.0NRT,293.77,3.12,D
22.30986,97.83076,337.72,0.44,0.39,2026-09-13,0650,N21,nominal,2.0NRT,300.29,4.59,D
22.66772,100.09017,334.71,0.39,0.44,2026-09-13,0650,N21,nominal,2.0NRT,296.28,1.92,D
22.66688,99.98196,331.03,0.57,0.43,2026-09-13,0650,N21,nominal,2.0NRT,298.62,17.85,D
23.22379,101.26504,326.97,0.46,0.47,2026-09-13,0652,N21,nominal,2.0NRT,295.3,4.53,D
22.47214,91.73652,331.06,0.45,0.39,2026-09-13,0652,N21,nominal,2.0NRT,298.06,3.2,D
23.6387,97.00668,334.66,0.42,0.38,2026-09-13,0652,N21,nominal,2.0NRT,297.16,3.79,D
23.94453,96.09525,333.32,0.4,0.37,2026-09-13,0652,N21,nominal,2.0NRT,297.76,5.75,D
24.24311,98.25028,332.55,0.48,0.4,2026-09-13,0652,N21,nominal,2.0NRT,300.13,4.17,D
24.42524,98.5425,334.09,0.5,0.41,2026-09-13,0652,N21,nominal,2.0NRT,301.16,3.44,D
24.32326,94.82581,338.47,0.39,0.36,2026-09-13,0652,N21,nominal,2.0NRT,295.51,4.48,D
26.68032,96.22619,332.47,0.42,0.38,2026-09-13,0652,N21,nominal,2.0NRT,297.17,2.1,D
27.73957,96.29856,331.02,0.43,0.38,2026-09-13,0652,N21,nominal,2.0NRT,291.3,5.09,D
27.76925,96.00028,330.29,0.42,0.38,2026-09-13,0652,N21,nominal,2.0NRT,295.09,7.85,D
28.25653,95.64436,333.72,0.42,0.37,2026-09-13,0652,N21,nominal,2.0NRT,294.39,4.77,D
29.16664,89.05265,326.2,0.49,0.4,2026-09-13,0654,N21,nominal,2.0NRT,293.43,2.54,D
5.54517,100.39769,341.63,0.4,0.37,2026-09-13,0646,N21,nominal,2.0NRT,298.82,4.65,D
6.81744,101.09564,352.14,0.43,0.38,2026-09-13,0646,N21,nominal,2.0NRT,310.64,102.56,D
6.82151,101.09903,337.47,0.43,0.38,2026-09-13,0646,N21,nominal,2.0NRT,295.77,24.5,D
6.82035,101.09122,335.68,0.43,0.38,2026-09-13,0646,N21,nominal,2.0NRT,289.31,102.56,D
6.82093,101.09512,307.12,0.43,0.38,2026-09-13,0646,N21,low,2.0NRT,318.93,102.56,D
6.56199,80.9104,344.03,0.59,0.53,2026-09-13,0828,N21,nominal,2.0NRT,292.71,9.93,D
6.84954,81.74194,367,0.34,0.56,2026-09-13,0828,N21,high,2.0NRT,294.32,11.25,D
7.01906,81.37799,337.67,0.32,0.55,2026-09-13,0828,N21,nominal,2.0NRT,285.41,3.32,D
37.50383,65.37402,340.48,0.38,0.36,2026-09-13,0835,N21,nominal,2.0NRT,308.75,31.02,D
7.28559,81.23047,346.04,0.32,0.54,2026-09-13,0828,N21,nominal,2.0NRT,291.82,5.47,D
37.50972,65.36815,350.46,0.38,0.36,2026-09-13,0835,N21,low,2.0NRT,321.02,47.26,D
7.30684,81.12773,333.27,0.63,0.54,2026-09-13,0828,N21,nominal,2.0NRT,292.22,9.12,D
37.66277,66.05048,339.23,0.39,0.36,2026-09-13,0837,N21,low,2.0NRT,313.34,3.8,D
7.32698,81.23632,349.16,0.32,0.54,2026-09-13,0828,N21,nominal,2.0NRT,294.54,5.56,D
7.47962,80.9305,339.48,0.61,0.53,2026-09-13,0828,N21,nominal,2.0NRT,292.47,8.73,D
37.0691,60.6753,346.35,0.5,0.41,2026-09-13,0837,N21,nominal,2.0NRT,313.18,7.74,D
7.56578,80.95718,341.75,0.61,0.54,2026-09-13,0828,N21,nominal,2.0NRT,294.91,18.12,D
37.06804,60.6698,346.77,0.5,0.41,2026-09-13,0837,N21,nominal,2.0NRT,312.86,6.8,D
37.42194,62.31052,331.89,0.43,0.38,2026-09-13,0837,N21,low,2.0NRT,306.4,2.31,D
7.57936,80.98353,339.34,0.62,0.54,2026-09-13,0828,N21,nominal,2.0NRT,295.78,8.34,D
37.47285,61.76591,341.82,0.45,0.39,2026-09-13,0837,N21,nominal,2.0NRT,311.79,5.18,D
7.59758,81.04347,331.29,0.62,0.54,2026-09-13,0828,N21,nominal,2.0NRT,293.32,5.2,D
37.61484,61.64066,337.7,0.45,0.39,2026-09-13,0837,N21,low,2.0NRT,311,4.13,D
37.60829,61.60566,340.86,0.45,0.39,2026-09-13,0837,N21,low,2.0NRT,314.4,3.98,D
7.76191,81.57713,347.52,0.34,0.56,2026-09-13,0828,N21,nominal,2.0NRT,299.28,3.71,D
37.72747,62.09388,341.82,0.43,0.38,2026-09-13,0837,N21,nominal,2.0NRT,314.71,5.53,D
38.45492,65.80706,338.39,0.39,0.36,2026-09-13,0837,N21,low,2.0NRT,310.66,20.83,D
7.61663,80.09145,330.22,0.54,0.51,2026-09-13,0828,N21,nominal,2.0NRT,292.64,3.49,D
37.82286,58.8971,340.81,0.39,0.44,2026-09-13,0837,N21,nominal,2.0NRT,306.1,4.66,D
7.703,80.63457,339.88,0.59,0.53,2026-09-13,0828,N21,nominal,2.0NRT,292.38,8.95,D
37.82105,58.8983,350.58,0.39,0.44,2026-09-13,0837,N21,nominal,2.0NRT,306.77,3.5,D
7.61622,80.09357,330.23,0.54,0.51,2026-09-13,0828,N21,nominal,2.0NRT,292.28,6.08,D
37.82495,58.897,330.92,0.39,0.44,2026-09-13,0837,N21,low,2.0NRT,304.98,3.5,D
7.70251,80.63237,339.67,0.59,0.53,2026-09-13,0828,N21,nominal,2.0NRT,292.78,8.78,D
36.99652,54.56128,331.51,0.34,0.56,2026-09-13,0837,N21,nominal,2.0NRT,299.15,2.04,D
7.76048,80.62672,336.01,0.59,0.53,2026-09-13,0828,N21,nominal,2.0NRT,293.16,3.57,D
38.42344,57.44632,335.33,0.45,0.47,2026-09-13,0837,N21,low,2.0NRT,308.2,3.05,D
7.88576,81.12782,367,0.32,0.55,2026-09-13,0828,N21,high,2.0NRT,294.14,9.55,D
7.84783,80.54978,333.8,0.58,0.52,2026-09-13,0828,N21,nominal,2.0NRT,294.65,9.59,D
7.86606,80.61155,332.21,0.59,0.53,2026-09-13,0828,N21,nominal,2.0NRT,295.83,4.62,D
7.85741,80.54849,334.63,0.58,0.52,2026-09-13,0828,N21,nominal,2.0NRT,294.92,7.13,D
7.87962,80.6746,335.19,0.59,0.53,2026-09-13,0828,N21,nominal,2.0NRT,294.4,6.19,D
7.80841,80.12409,340.15,0.54,0.51,2026-09-13,0828,N21,nominal,2.0NRT,292.71,7.64,D
7.93125,80.55211,345.35,0.58,0.52,2026-09-13,0828,N21,nominal,2.0NRT,295.84,11.57,D
7.88918,80.20518,333.38,0.55,0.51,2026-09-13,0828,N21,nominal,2.0NRT,292.31,2.76,D
7.94774,80.42298,332.18,0.57,0.52,2026-09-13,0828,N21,nominal,2.0NRT,290.38,7.13,D
38.6497,54.28083,367,0.32,0.55,2026-09-13,0837,N21,high,2.0NRT,311.03,4.55,D
38.64586,54.28223,350.34,0.32,0.55,2026-09-13,0837,N21,nominal,2.0NRT,310.02,4.76,D
7.92068,80.22617,331.27,0.55,0.51,2026-09-13,0828,N21,nominal,2.0NRT,292.02,3.46,D
38.68063,54.31468,346.37,0.32,0.54,2026-09-13,0837,N21,nominal,2.0NRT,311.11,5.21,D
8.0726,81.26368,367,0.33,0.55,2026-09-13,0828,N21,high,2.0NRT,292.61,11.34,D
8.07765,81.26299,337.9,0.33,0.55,2026-09-13,0828,N21,nominal,2.0NRT,291.35,4.78,D
7.92992,80.18957,340.03,0.55,0.51,2026-09-13,0828,N21,nominal,2.0NRT,293.44,5.99,D
8.01757,80.61015,336.4,0.59,0.53,2026-09-13,0828,N21,nominal,2.0NRT,295.57,9.38,D
8.01683,80.6076,335.84,0.59,0.53,2026-09-13,0828,N21,nominal,2.0NRT,295.5,9.92,D
7.9431,79.94717,331.76,0.53,0.5,2026-09-13,0828,N21,nominal,2.0NRT,293.07,6.22,D
8.05466,80.59686,335.34,0.59,0.53,2026-09-13,0828,N21,nominal,2.0NRT,296.28,6.91,D
8.03683,80.42897,333.29,0.57,0.52,2026-09-13,0828,N21,nominal,2.0NRT,294.65,9.92,D
8.02779,80.36233,330.16,0.57,0.52,2026-09-13,0828,N21,nominal,2.0NRT,292.27,7.19,D
8.04159,80.42829,336.35,0.57,0.52,2026-09-13,0828,N21,nominal,2.0NRT,294.35,8.27,D
8.04089,80.42314,334.82,0.57,0.52,2026-09-13,0828,N21,nominal,2.0NRT,293.13,8.27,D
8.0092,80.19059,340.64,0.55,0.51,2026-09-13,0828,N21,nominal,2.0NRT,293.47,12.79,D
8.09173,80.76154,330.58,0.61,0.53,2026-09-13,0828,N21,nominal,2.0NRT,292.09,5.09,D
8.0462,80.39101,333.45,0.57,0.52,2026-09-13,0828,N21,nominal,2.0NRT,293.67,3.72,D
8.03878,80.232,332.72,0.56,0.51,2026-09-13,0828,N21,nominal,2.0NRT,294.37,5.77,D
8.0292,80.16267,334.16,0.55,0.51,2026-09-13,0828,N21,nominal,2.0NRT,294.67,6.46,D
8.0977,80.55312,341.82,0.59,0.53,2026-09-13,0828,N21,nominal,2.0NRT,295.53,8.69,D
8.03994,80.00211,342.89,0.54,0.51,2026-09-13,0828,N21,nominal,2.0NRT,292.96,22.24,D
8.09729,80.55213,343.56,0.59,0.53,2026-09-13,0828,N21,nominal,2.0NRT,294.83,10.5,D
8.03901,80.00057,344.55,0.54,0.51,2026-09-13,0828,N21,nominal,2.0NRT,292.84,30.68,D
8.16143,80.59212,333.41,0.59,0.53,2026-09-13,0828,N21,nominal,2.0NRT,296.06,11.63,D
8.15253,80.45384,330.38,0.58,0.52,2026-09-13,0828,N21,nominal,2.0NRT,295.87,9.6,D
8.1573,80.45317,341.75,0.58,0.52,2026-09-13,0828,N21,nominal,2.0NRT,295.51,9.6,D
8.18649,80.63194,332.53,0.6,0.53,2026-09-13,0828,N21,nominal,2.0NRT,291.11,4.38,D
8.17638,80.55755,340.02,0.59,0.53,2026-09-13,0828,N21,nominal,2.0NRT,294.09,16.53,D
8.17278,80.5311,332.48,0.59,0.53,2026-09-13,0828,N21,nominal,2.0NRT,293.39,7.79,D
8.11767,80.05849,330.33,0.54,0.51,2026-09-13,0828,N21,nominal,2.0NRT,288.97,1.99,D
8.20912,80.68921,332.25,0.6,0.53,2026-09-13,0828,N21,nominal,2.0NRT,294.01,12.1,D
8.19665,80.59811,341.18,0.59,0.53,2026-09-13,0828,N21,nominal,2.0NRT,294.66,9.25,D
8.22856,80.68656,335.77,0.6,0.53,2026-09-13,0828,N21,nominal,2.0NRT,294.26,5.06,D
8.23979,80.69616,336.45,0.6,0.53,2026-09-13,0828,N21,nominal,2.0NRT,290.18,6.47,D
8.20092,80.34748,330.18,0.57,0.52,2026-09-13,0828,N21,nominal,2.0NRT,294.02,2.71,D
8.18231,80.30593,331.15,0.57,0.52,2026-09-13,0828,N21,nominal,2.0NRT,294.33,4.07,D
8.243,80.69344,338.4,0.6,0.53,2026-09-13,0828,N21,nominal,2.0NRT,291.58,8.1,D
8.33829,81.30543,355.34,0.33,0.56,2026-09-13,0828,N21,nominal,2.0NRT,294.35,8.78,D
8.22578,80.41499,340.9,0.58,0.52,2026-09-13,0828,N21,nominal,2.0NRT,294.77,14,D
8.22508,80.40976,341.47,0.58,0.52,2026-09-13,0828,N21,nominal,2.0NRT,295.26,16.64,D
8.3606,81.31765,332.45,0.33,0.56,2026-09-13,0828,N21,nominal,2.0NRT,294.27,3.16,D
8.2373,80.39221,336,0.57,0.52,2026-09-13,0828,N21,nominal,2.0NRT,294.61,7.93,D
8.37215,81.24903,349.39,0.33,0.55,2026-09-13,0828,N21,nominal,2.0NRT,293.6,5.25,D
8.30508,80.71282,333.32,0.61,0.53,2026-09-13,0828,N21,nominal,2.0NRT,294.52,7.39,D
8.31219,80.72861,335.03,0.61,0.53,2026-09-13,0828,N21,nominal,2.0NRT,294.51,17.1,D
8.38734,81.24701,336.55,0.33,0.55,2026-09-13,0828,N21,nominal,2.0NRT,294.74,2.76,D
8.2615,80.32092,333.48,0.57,0.52,2026-09-13,0828,N21,nominal,2.0NRT,295.01,8.67,D
8.30056,80.57065,342.26,0.59,0.53,2026-09-13,0828,N21,nominal,2.0NRT,294.23,11.46,D
8.29764,80.54935,354.29,0.59,0.53,2026-09-13,0828,N21,nominal,2.0NRT,295.74,24.78,D
8.33322,80.73698,338.27,0.61,0.53,2026-09-13,0828,N21,nominal,2.0NRT,294.65,7.17,D
8.3414,80.65239,336.22,0.6,0.53,2026-09-13,0828,N21,nominal,2.0NRT,294.58,10.11,D
8.34048,80.6557,331.29,0.6,0.53,2026-09-13,0828,N21,nominal,2.0NRT,294.29,11.41,D
8.36336,80.64168,336.65,0.6,0.53,2026-09-13,0828,N21,nominal,2.0NRT,294.92,5.26,D
8.37989,80.61746,336.89,0.6,0.53,2026-09-13,0828,N21,nominal,2.0NRT,296.39,7,D
8.36272,80.48936,333.4,0.59,0.53,2026-09-13,0828,N21,nominal,2.0NRT,290.81,5.42,D
8.38475,80.61683,334.95,0.6,0.53,2026-09-13,0828,N21,nominal,2.0NRT,295.27,7,D
8.37162,80.48279,330.71,0.59,0.53,2026-09-13,0828,N21,nominal,2.0NRT,294.18,6.82,D
8.40659,80.66884,330.7,0.6,0.53,2026-09-13,0828,N21,nominal,2.0NRT,295.08,5.94,D
8.35588,80.29491,334.1,0.57,0.52,2026-09-13,0828,N21,nominal,2.0NRT,294.46,5.46,D
8.39927,80.50613,340.12,0.59,0.53,2026-09-13,0828,N21,nominal,2.0NRT,293.33,10.55,D
8.36421,80.18029,335.6,0.56,0.51,2026-09-13,0828,N21,nominal,2.0NRT,292.97,6.21,D
8.42836,80.61076,337.93,0.6,0.53,2026-09-13,0828,N21,nominal,2.0NRT,296.05,7.22,D
8.43322,80.61012,331.34,0.6,0.53,2026-09-13,0828,N21,nominal,2.0NRT,295.03,7.22,D
8.42951,80.58326,331.27,0.6,0.53,2026-09-13,0828,N21,nominal,2.0NRT,296.66,8.48,D
8.43435,80.5826,340.89,0.6,0.53,2026-09-13,0828,N21,nominal,2.0NRT,294.56,3.95,D
8.42718,80.60968,337.85,0.6,0.53,2026-09-13,0828,N21,nominal,2.0NRT,296.46,10.34,D
8.43203,80.60901,332.1,0.6,0.53,2026-09-13,0828,N21,nominal,2.0NRT,295.36,10.34,D
8.43337,80.58144,342.02,0.6,0.53,2026-09-13,0828,N21,nominal,2.0NRT,296.11,12.46,D
8.47655,80.64687,335.38,0.6,0.53,2026-09-13,0828,N21,nominal,2.0NRT,293.05,3.97,D
8.46417,80.4798,334.65,0.59,0.53,2026-09-13,0828,N21,nominal,2.0NRT,290.66,6.6,D
8.50137,80.61045,331.95,0.6,0.53,2026-09-13,0828,N21,nominal,2.0NRT,293.52,6.43,D
8.51375,80.59233,339.14,0.6,0.53,2026-09-13,0828,N21,nominal,2.0NRT,293.55,10.02,D
8.51833,80.55355,332.86,0.59,0.53,2026-09-13,0828,N21,nominal,2.0NRT,294.79,11.8,D
8.53939,80.67155,344.55,0.61,0.53,2026-09-13,0828,N21,nominal,2.0NRT,296.18,15.68,D
8.52348,80.41283,340.27,0.58,0.52,2026-09-13,0828,N21,nominal,2.0NRT,293.49,12.4,D
8.56377,80.66823,330.53,0.61,0.53,2026-09-13,0828,N21,nominal,2.0NRT,293.22,6.13,D
8.54215,80.66906,341.97,0.61,0.53,2026-09-13,0828,N21,nominal,2.0NRT,293.16,8.95,D
8.49624,80.24042,338.64,0.57,0.52,2026-09-13,0828,N21,nominal,2.0NRT,291.37,8.19,D
8.52402,80.41576,342.22,0.58,0.52,2026-09-13,0828,N21,nominal,2.0NRT,293.51,10.7,D
8.55004,80.42806,340.72,0.58,0.52,2026-09-13,0828,N21,nominal,2.0NRT,290.82,9.82,D
8.59323,80.56812,340.23,0.6,0.53,2026-09-13,0828,N21,nominal,2.0NRT,292.44,42.11,D
8.70618,81.10874,348.98,0.33,0.55,2026-09-13,0828,N21,nominal,2.0NRT,294.05,4.81,D
8.61431,80.3978,341.92,0.58,0.52,2026-09-13,0828,N21,nominal,2.0NRT,289.7,6.01,D
8.62823,80.42798,338.12,0.59,0.52,2026-09-13,0828,N21,nominal,2.0NRT,287.74,9.43,D
8.61494,80.4004,340.92,0.58,0.52,2026-09-13,0828,N21,nominal,2.0NRT,288.91,11.15,D
8.62795,80.42538,338.67,0.59,0.53,2026-09-13,0828,N21,nominal,2.0NRT,287.11,8.86,D
8.65732,80.35207,340.73,0.58,0.52,2026-09-13,0828,N21,nominal,2.0NRT,290.47,10.75,D
8.56002,78.07714,342.75,0.41,0.45,2026-09-13,0828,N21,nominal,2.0NRT,292.05,4.24,D
8.58597,77.99529,339.1,0.4,0.44,2026-09-13,0828,N21,nominal,2.0NRT,289.12,4.45,D
9.71718,78.94819,341.37,0.48,0.48,2026-09-13,0828,N21,nominal,2.0NRT,289.59,5.28,D
9.71753,78.94925,342.23,0.48,0.48,2026-09-13,0828,N21,nominal,2.0NRT,289.11,5.02,D
9.79343,78.81542,339.98,0.47,0.48,2026-09-13,0828,N21,nominal,2.0NRT,288.55,4.69,D
14.63823,80.02961,339.71,0.33,0.56,2026-09-13,0830,N21,nominal,2.0NRT,284.81,7.88,D
15.44039,76.75618,334.84,0.41,0.45,2026-09-13,0830,N21,nominal,2.0NRT,300.45,9.55,D
15.65807,76.34846,331.78,0.39,0.44,2026-09-13,0830,N21,nominal,2.0NRT,292.58,1.62,D
21.74762,83.84351,341.73,0.73,0.76,2026-09-13,0833,N21,nominal,2.0NRT,285.28,20.92,D
21.7471,83.8422,348.28,0.73,0.76,2026-09-13,0833,N21,nominal,2.0NRT,286.01,20.35,D
23.12085,70.08622,344.08,0.39,0.36,2026-09-13,0833,N21,nominal,2.0NRT,299.37,4.83,D
21.00072,56.53148,342.04,0.63,0.72,2026-09-13,0833,N21,nominal,2.0NRT,295.47,5,D
21.312,57.74475,339.54,0.52,0.67,2026-09-13,0833,N21,nominal,2.0NRT,302,4.11,D
21.31402,57.74457,336.47,0.52,0.67,2026-09-13,0833,N21,nominal,2.0NRT,302.18,1.94,D
23.92739,71.50553,335.21,0.42,0.38,2026-09-13,0833,N21,nominal,2.0NRT,298.9,3.85,D
21.93391,57.07282,339.85,0.56,0.68,2026-09-13,0835,N21,nominal,2.0NRT,302.86,2,D
21.93919,57.07264,343.71,0.55,0.68,2026-09-13,0835,N21,nominal,2.0NRT,303.15,3.98,D
24.82068,69.28185,334.57,0.38,0.36,2026-09-13,0835,N21,nominal,2.0NRT,299.96,2.19,D
22.32812,56.48659,338.12,0.59,0.7,2026-09-13,0835,N21,nominal,2.0NRT,301.27,5.27,D
22.32484,56.48871,343.89,0.59,0.7,2026-09-13,0835,N21,nominal,2.0NRT,301.56,4.6,D
25.09991,69.03384,330.54,0.38,0.36,2026-09-13,0835,N21,low,2.0NRT,302.45,1.56,D
22.87583,55.92585,337.02,0.62,0.72,2026-09-13,0835,N21,nominal,2.0NRT,300.97,3.06,D
25.38811,68.58119,337.06,0.38,0.36,2026-09-13,0835,N21,nominal,2.0NRT,305.1,4.23,D
25.45929,68.73104,335.18,0.38,0.36,2026-09-13,0835,N21,nominal,2.0NRT,303.24,1.59,D
22.87671,55.92726,337.32,0.62,0.72,2026-09-13,0835,N21,nominal,2.0NRT,300.96,3.87,D
22.92724,55.80019,346.49,0.63,0.72,2026-09-13,0835,N21,nominal,2.0NRT,301.63,8.33,D
22.92765,55.80305,354.23,0.63,0.72,2026-09-13,0835,N21,nominal,2.0NRT,301.61,11.01,D
23.18968,55.45668,337.85,0.66,0.73,2026-09-13,0835,N21,nominal,2.0NRT,301.48,5.08,D
26.09378,68.87895,338.02,0.38,0.36,2026-09-13,0835,N21,low,2.0NRT,308.19,5.59,D
26.1247,68.94427,332.84,0.38,0.36,2026-09-13,0835,N21,low,2.0NRT,304.85,2.85,D
24.20772,54.13954,367,0.75,0.77,2026-09-13,0835,N21,high,2.0NRT,299.7,34.53,D
27.89978,71.84229,340.74,0.47,0.4,2026-09-13,0835,N21,nominal,2.0NRT,307.02,8.62,D
27.73836,68.51983,340.35,0.38,0.36,2026-09-13,0835,N21,nominal,2.0NRT,305.96,18,D
27.76999,68.1642,331.09,0.38,0.36,2026-09-13,0835,N21,nominal,2.0NRT,302.67,1.88,D
28.05307,69.37003,339.27,0.39,0.37,2026-09-13,0835,N21,nominal,2.0NRT,304.67,5.51,D
28.15295,69.30789,330.54,0.39,0.36,2026-09-13,0835,N21,low,2.0NRT,302.1,2.4,D
27.9081,67.58085,348.65,0.39,0.36,2026-09-13,0835,N21,nominal,2.0NRT,311.68,9.89,D
28.10238,67.6663,338.54,0.38,0.36,2026-09-13,0835,N21,nominal,2.0NRT,307.82,5.82,D
28.10178,67.66242,339.63,0.38,0.36,2026-09-13,0835,N21,nominal,2.0NRT,307.18,5.32,D
28.10566,67.66565,336.87,0.38,0.36,2026-09-13,0835,N21,low,2.0NRT,308.11,4.39,D
28.10506,67.66177,338.13,0.38,0.36,2026-09-13,0835,N21,nominal,2.0NRT,307.57,3.92,D
28.4256,69.70081,334.54,0.4,0.37,2026-09-13,0835,N21,low,2.0NRT,305.57,4.65,D
28.34198,67.89943,334.63,0.38,0.36,2026-09-13,0835,N21,low,2.0NRT,307.61,3.77,D
28.36616,67.87479,335.28,0.38,0.36,2026-09-13,0835,N21,low,2.0NRT,309.12,5.39,D
28.52779,68.04312,343.03,0.38,0.36,2026-09-13,0835,N21,nominal,2.0NRT,309.5,9.12,D
28.74152,67.41644,347.43,0.39,0.36,2026-09-13,0835,N21,nominal,2.0NRT,309.37,13.23,D
30.0489,71.86846,332.22,0.5,0.41,2026-09-13,0835,N21,nominal,2.0NRT,300.71,2.97,D
27.17019,56.05083,338.42,0.49,0.65,2026-09-13,0835,N21,nominal,2.0NRT,299.88,5.67,D
27.16928,56.05397,334.94,0.49,0.65,2026-09-13,0835,N21,nominal,2.0NRT,299.88,4.06,D
27.1681,56.0493,335,0.49,0.65,2026-09-13,0835,N21,nominal,2.0NRT,300.01,3.68,D
30.61643,74.1008,351.89,0.44,0.46,2026-09-13,0835,N21,nominal,2.0NRT,301.53,30.79,D
31.0919,73.43374,331.33,0.41,0.45,2026-09-13,0835,N21,low,2.0NRT,306.08,8.87,D
31.38006,74.8971,334.89,0.5,0.49,2026-09-13,0835,N21,nominal,2.0NRT,297.83,6.34,D
31.54852,74.82507,334.76,0.5,0.49,2026-09-13,0835,N21,nominal,2.0NRT,298.64,5.51,D
31.70993,75.16241,340.87,0.53,0.5,2026-09-13,0835,N21,nominal,2.0NRT,298.53,8.57,D
31.70966,75.16199,341.32,0.53,0.5,2026-09-13,0835,N21,nominal,2.0NRT,298.26,11.18,D
28.65812,54.36884,337.16,0.57,0.69,2026-09-13,0835,N21,low,2.0NRT,311.74,4.01,D
32.07531,72.408,330.12,0.56,0.43,2026-09-13,0835,N21,nominal,2.0NRT,300.85,1.92,D
30.23426,56.90894,344.2,0.37,0.58,2026-09-13,0837,N21,nominal,2.0NRT,316.75,5.6,D
32.90236,71.88142,342.5,0.54,0.42,2026-09-13,0837,N21,nominal,2.0NRT,305.88,10.22,D
33.71605,73.99878,339.65,0.48,0.48,2026-09-13,0837,N21,nominal,2.0NRT,297.02,13.48,D
18.01327,54.57557,343.4,0.36,0.58,2026-09-13,1011,N21,nominal,2.0NRT,308.29,6.57,D
18.01289,54.57214,355.71,0.36,0.58,2026-09-13,1011,N21,low,2.0NRT,312.44,6.57,D
19.26811,56.17523,337.18,0.48,0.65,2026-09-13,1011,N21,nominal,2.0NRT,298.94,2.54,D
20.38455,55.64799,335.33,0.46,0.63,2026-09-13,1013,N21,nominal,2.0NRT,302.25,1.63,D
21.93917,57.07344,338.53,0.59,0.7,2026-09-13,1013,N21,nominal,2.0NRT,303.2,3.05,D
37.13623,55.12083,330.27,0.6,0.71,2026-09-13,1017,N21,nominal,2.0NRT,294.78,4.83,D
22.32451,56.49023,338.16,0.55,0.68,2026-09-13,1013,N21,nominal,2.0NRT,302.6,3.09,D
37.13592,55.11961,336.04,0.6,0.71,2026-09-13,1017,N21,nominal,2.0NRT,294.87,6.2,D
22.34513,56.43521,342.59,0.54,0.68,2026-09-13,1013,N21,nominal,2.0NRT,303.13,5.56,D
22.34363,56.43232,338.48,0.54,0.68,2026-09-13,1013,N21,nominal,2.0NRT,303.15,4.08,D
22.40474,56.98885,339.88,0.59,0.7,2026-09-13,1013,N21,nominal,2.0NRT,306.01,3.73,D
22.88026,55.92651,343.57,0.51,0.66,2026-09-13,1013,N21,nominal,2.0NRT,304.12,7.2,D
22.87297,55.61586,340.71,0.49,0.65,2026-09-13,1013,N21,nominal,2.0NRT,306.17,2.27,D
22.92506,55.80366,352.88,0.5,0.66,2026-09-13,1013,N21,nominal,2.0NRT,304.25,11.81,D
22.87534,55.37402,338.69,0.47,0.64,2026-09-13,1013,N21,nominal,2.0NRT,305.99,3.05,D
23.19242,55.45567,347.16,0.48,0.65,2026-09-13,1013,N21,nominal,2.0NRT,305.8,8.55,D
37.70069,55.64225,335.56,0.65,0.73,2026-09-13,1017,N21,nominal,2.0NRT,299.51,6.19,D
23.19279,55.46033,355.74,0.48,0.65,2026-09-13,1013,N21,low,2.0NRT,305.11,11.1,D
23.31067,54.18008,340.23,0.4,0.6,2026-09-13,1013,N21,low,2.0NRT,310.55,1.78,D
23.31149,54.18038,339.94,0.4,0.6,2026-09-13,1013,N21,low,2.0NRT,310.29,1.71,D
24.50311,56.60651,331.04,0.59,0.7,2026-09-13,1013,N21,nominal,2.0NRT,295.86,6.35,D
38.68102,54.31555,339.3,0.56,0.68,2026-09-13,1017,N21,nominal,2.0NRT,306.38,2.64,D
27.16898,56.05695,367,0.57,0.69,2026-09-13,1015,N21,high,2.0NRT,299.36,12.43,D
38.64531,54.28102,338.28,0.55,0.68,2026-09-13,1017,N21,nominal,2.0NRT,305.04,3.42,D
39.3019,55.90871,336.12,0.69,0.74,2026-09-13,1017,N21,nominal,2.0NRT,300.19,4.26,D
7.5604,80.93887,296.15,0.47,0.64,2026-09-13,1923,N21,nominal,2.0NRT,271.88,0.46,N
26.57773,101.66549,325.62,0.39,0.44,2026-09-13,1917,N21,nominal,2.0NRT,282.72,1.62,N
26.57375,101.66463,297.54,0.39,0.44,2026-09-13,1917,N21,nominal,2.0NRT,282.87,1.62,N
26.57232,101.67197,295.21,0.39,0.44,2026-09-13,1917,N21,nominal,2.0NRT,284.44,1.37,N
26.58274,93.77743,305.09,0.42,0.37,2026-09-13,1917,N21,nominal,2.0NRT,291.84,0.46,N
25.06409,101.56984,301.86,0.41,0.45,2026-09-13,1917,N21,nominal,2.0NRT,286.33,1.1,N
25.3806,99.30968,304.23,0.47,0.4,2026-09-13,1917,N21,nominal,2.0NRT,287.63,1.12,N
25.07161,99.28429,307.02,0.47,0.4,2026-09-13,1917,N21,nominal,2.0NRT,287.41,1.76,N
24.92694,99.08704,302.16,0.46,0.39,2026-09-13,1917,N21,nominal,2.0NRT,288.78,0.72,N
24.93937,97.87523,299.83,0.42,0.37,2026-09-13,1917,N21,nominal,2.0NRT,287.14,0.42,N
24.61072,99.72163,303.7,0.5,0.41,2026-09-13,1917,N21,nominal,2.0NRT,287.39,1.31,N
24.61131,98.73076,298.96,0.45,0.39,2026-09-13,1917,N21,nominal,2.0NRT,287.77,0.59,N
23.34552,99.4108,303.14,0.5,0.41,2026-09-13,1919,N21,nominal,2.0NRT,290.01,0.75,N
23.40786,98.62646,302.86,0.46,0.39,2026-09-13,1919,N21,nominal,2.0NRT,291.62,0.66,N
22.47761,100.64016,310.14,0.4,0.45,2026-09-13,1919,N21,nominal,2.0NRT,287.84,1.42,N
24.45041,83.03982,302.18,0.54,0.68,2026-09-13,1919,N21,nominal,2.0NRT,286.54,1.58,N
24.19478,82.71529,304.37,0.57,0.69,2026-09-13,1919,N21,nominal,2.0NRT,286.1,1.3,N
23.69381,87.12051,306.26,0.58,0.52,2026-09-13,1919,N21,nominal,2.0NRT,288.23,2.74,N
23.77845,86.21096,302.03,0.33,0.56,2026-09-13,1919,N21,nominal,2.0NRT,278.24,1.18,N
23.6913,87.0973,307.69,0.58,0.52,2026-09-13,1919,N21,nominal,2.0NRT,288.29,2.17,N
23.689,87.1199,313.33,0.58,0.52,2026-09-13,1919,N21,nominal,2.0NRT,288.34,2.74,N
23.68305,87.13069,304.3,0.58,0.52,2026-09-13,1919,N21,nominal,2.0NRT,288.37,2.13,N
23.66581,87.15722,305.21,0.58,0.52,2026-09-13,1919,N21,nominal,2.0NRT,286.49,1.69,N
23.66102,87.15663,310.95,0.58,0.52,2026-09-13,1919,N21,nominal,2.0NRT,286.42,1.61,N
23.66105,87.15417,310.43,0.58,0.52,2026-09-13,1919,N21,nominal,2.0NRT,286.87,1.97,N
23.63059,86.83554,304,0.6,0.53,2026-09-13,1919,N21,nominal,2.0NRT,287.77,1.49,N
23.8254,84.57245,314.24,0.43,0.62,2026-09-13,1919,N21,nominal,2.0NRT,287.93,2.65,N
23.56037,87.23828,307.02,0.57,0.52,2026-09-13,1919,N21,nominal,2.0NRT,287.46,1.64,N
23.56133,87.08495,312.32,0.58,0.52,2026-09-13,1919,N21,nominal,2.0NRT,286.65,2.82,N
23.5618,87.08329,309.97,0.58,0.52,2026-09-13,1919,N21,nominal,2.0NRT,286.13,2.58,N
23.48342,87.36598,318.13,0.56,0.51,2026-09-13,1919,N21,nominal,2.0NRT,288.41,2.54,N
21.88047,97.09915,307.18,0.42,0.38,2026-09-13,1919,N21,nominal,2.0NRT,291.16,0.93,N
21.59324,96.22859,310.86,0.4,0.37,2026-09-13,1919,N21,nominal,2.0NRT,293.92,1.68,N
23.16582,82.33868,296.56,0.58,0.7,2026-09-13,1919,N21,nominal,2.0NRT,276.12,1.13,N
22.38034,87.27624,305.76,0.55,0.51,2026-09-13,1919,N21,nominal,2.0NRT,287.47,2.08,N
22.37566,87.27567,304.98,0.55,0.51,2026-09-13,1919,N21,nominal,2.0NRT,288.44,2.03,N
22.3751,87.28096,314.36,0.55,0.51,2026-09-13,1919,N21,nominal,2.0NRT,288.17,2.03,N
22.3682,87.30145,304.52,0.54,0.51,2026-09-13,1919,N21,nominal,2.0NRT,287.62,1.56,N
22.36353,87.30087,319.03,0.54,0.51,2026-09-13,1919,N21,nominal,2.0NRT,288.39,4.39,N
22.3568,87.29144,308.77,0.54,0.51,2026-09-13,1919,N21,nominal,2.0NRT,288.12,2.45,N
22.36823,87.01551,306.83,0.57,0.52,2026-09-13,1919,N21,nominal,2.0NRT,288.64,1.63,N
22.36288,87.02039,306.97,0.57,0.52,2026-09-13,1919,N21,nominal,2.0NRT,288.42,3.47,N
20.86759,96.3922,305.99,0.41,0.37,2026-09-13,1919,N21,nominal,2.0NRT,290.43,1.07,N
22.21011,84.55067,305.81,0.41,0.61,2026-09-13,1919,N21,nominal,2.0NRT,286.04,1.06,N
22.13358,85.38276,311.36,0.36,0.57,2026-09-13,1919,N21,nominal,2.0NRT,284.56,1.22,N
22.3293,82.60853,306.36,0.55,0.68,2026-09-13,1919,N21,nominal,2.0NRT,285.92,2.54,N
22.32431,82.59199,303.72,0.55,0.68,2026-09-13,1919,N21,nominal,2.0NRT,285.45,2.09,N
22.32015,82.56496,309.4,0.55,0.68,2026-09-13,1919,N21,nominal,2.0NRT,285.3,2.57,N
21.75613,84.02188,300.2,0.44,0.62,2026-09-13,1919,N21,nominal,2.0NRT,280.09,2.82,N
21.6776,84.03869,295.71,0.44,0.62,2026-09-13,1919,N21,nominal,2.0NRT,272.17,0.54,N
21.37869,81.67963,302.96,0.62,0.71,2026-09-13,1919,N21,nominal,2.0NRT,279,2.17,N
21.37577,81.64222,296.02,0.62,0.71,2026-09-13,1919,N21,nominal,2.0NRT,275.18,2.07,N
21.37285,81.67832,297.72,0.62,0.71,2026-09-13,1919,N21,nominal,2.0NRT,275.44,0.86,N
20.95122,86.04872,296.17,0.63,0.54,2026-09-13,1919,N21,nominal,2.0NRT,273.03,1.95,N
21.19557,81.41378,306.26,0.64,0.72,2026-09-13,1919,N21,nominal,2.0NRT,283.93,2.94,N
21.19512,81.41978,301.76,0.64,0.72,2026-09-13,1919,N21,nominal,2.0NRT,283.5,2.57,N
21.17741,81.38749,301.5,0.64,0.72,2026-09-13,1919,N21,nominal,2.0NRT,284.6,5.16,N
21.19748,81.41651,317.98,0.64,0.72,2026-09-13,1919,N21,nominal,2.0NRT,283.67,3.7,N
21.17997,81.38425,310.7,0.64,0.72,2026-09-13,1919,N21,nominal,2.0NRT,284.76,5.58,N
17.61176,83.20435,299.81,0.44,0.63,2026-09-13,1921,N21,nominal,2.0NRT,271.19,1.93,N
39.86058,98.25551,318.85,0.4,0.37,2026-09-13,1915,N21,nominal,2.0NRT,289.53,2.29,N
39.84402,98.27532,311.99,0.4,0.37,2026-09-13,1915,N21,nominal,2.0NRT,284.34,1.69,N
39.83995,98.25542,301.85,0.4,0.37,2026-09-13,1915,N21,nominal,2.0NRT,283.98,0.93,N
39.82127,98.24159,303.04,0.4,0.37,2026-09-13,1915,N21,nominal,2.0NRT,286.61,0.98,N
39.81417,98.29197,300.64,0.4,0.37,2026-09-13,1915,N21,nominal,2.0NRT,288.45,1.26,N
39.81085,98.29118,299.11,0.4,0.37,2026-09-13,1915,N21,nominal,2.0NRT,286.98,0.51,N
39.8102,98.29575,308.96,0.4,0.37,2026-09-13,1915,N21,nominal,2.0NRT,289.43,1.21,N
39.80956,98.30033,308.19,0.4,0.37,2026-09-13,1915,N21,nominal,2.0NRT,290.1,1.21,N
39.78896,98.30021,315.96,0.4,0.37,2026-09-13,1915,N21,nominal,2.0NRT,288.04,1.7,N
39.79209,97.89327,300.3,0.4,0.37,2026-09-13,1915,N21,nominal,2.0NRT,287.35,0.9,N
38.85227,100.81143,300.77,0.39,0.36,2026-09-13,1915,N21,nominal,2.0NRT,286.89,0.58,N
38.84093,100.16912,301.9,0.39,0.36,2026-09-13,1915,N21,nominal,2.0NRT,284.95,0.65,N
36.89133,101.75216,295.99,0.42,0.38,2026-09-13,1917,N21,nominal,2.0NRT,281.51,1.36,N
24.20821,82.5249,300.83,0.52,0.67,2026-09-13,2059,N21,nominal,2.0NRT,285.95,1.18,N
24.19406,82.7135,304.02,0.54,0.68,2026-09-13,2059,N21,nominal,2.0NRT,286.2,1.3,N
24.20663,82.52689,302.5,0.53,0.67,2026-09-13,2059,N21,nominal,2.0NRT,286.27,1.38,N
24.15907,82.56497,301.97,0.53,0.67,2026-09-13,2059,N21,nominal,2.0NRT,286.18,1.96,N
26.81468,67.2258,314.85,0.46,0.39,2026-09-13,2059,N21,nominal,2.0NRT,292.6,2.99,N
26.81049,67.22971,313.21,0.46,0.39,2026-09-13,2059,N21,nominal,2.0NRT,292.78,2.99,N
26.09453,68.87779,310.37,0.4,0.37,2026-09-13,2059,N21,nominal,2.0NRT,285.19,0.9,N
27.17071,56.04723,325.63,0.73,0.76,2026-09-13,2059,N21,nominal,2.0NRT,296.28,6.84,N
27.17034,56.05449,313.71,0.73,0.76,2026-09-13,2059,N21,nominal,2.0NRT,296.08,6.1,N
25.98614,68.3296,306.38,0.42,0.37,2026-09-13,2059,N21,nominal,2.0NRT,281.49,1.07,N
23.16846,82.33961,299.71,0.54,0.68,2026-09-13,2059,N21,nominal,2.0NRT,285.46,1.88,N
23.16237,82.33812,297.45,0.54,0.68,2026-09-13,2059,N21,nominal,2.0NRT,284.92,1.88,N
23.16886,82.33886,297.16,0.54,0.68,2026-09-13,2059,N21,nominal,2.0NRT,285.26,0.98,N
23.16763,82.34403,297.56,0.54,0.68,2026-09-13,2059,N21,nominal,2.0NRT,284.92,0.98,N
23.16278,82.3373,299.14,0.54,0.68,2026-09-13,2059,N21,nominal,2.0NRT,285.38,1.49,N
22.35933,82.30335,321.02,0.56,0.69,2026-09-13,2059,N21,nominal,2.0NRT,283.85,3.05,N
22.36058,82.29811,302.64,0.56,0.69,2026-09-13,2059,N21,nominal,2.0NRT,282.92,3.05,N
22.35319,82.3017,298.61,0.56,0.69,2026-09-13,2059,N21,nominal,2.0NRT,281.1,0.37,N
21.75668,84.02494,303.2,0.74,0.76,2026-09-13,2059,N21,nominal,2.0NRT,283.21,2.48,N
21.75752,84.02106,299.86,0.74,0.76,2026-09-13,2059,N21,nominal,2.0NRT,283.22,2.51,N
21.74429,83.84162,306.38,0.72,0.76,2026-09-13,2059,N21,nominal,2.0NRT,280.64,4.69,N
25.97518,56.06873,308.79,0.71,0.75,2026-09-13,2059,N21,nominal,2.0NRT,296.95,5.09,N
25.97518,56.06956,308.45,0.71,0.75,2026-09-13,2059,N21,nominal,2.0NRT,296.87,7.15,N
25.3099,56.37059,304.86,0.67,0.73,2026-09-13,2059,N21,nominal,2.0NRT,291.92,4.9,N
24.50214,56.60537,326.08,0.63,0.72,2026-09-13,2059,N21,nominal,2.0NRT,295.46,5.32,N
24.48183,56.61013,322.93,0.63,0.72,2026-09-13,2059,N21,nominal,2.0NRT,295.14,4.58,N
24.50432,56.60479,325.52,0.63,0.72,2026-09-13,2059,N21,nominal,2.0NRT,295.3,6.14,N
24.47733,56.60916,320.44,0.63,0.72,2026-09-13,2059,N21,nominal,2.0NRT,295.21,5.08,N
22.92599,69.82516,304.23,0.38,0.36,2026-09-13,2059,N21,nominal,2.0NRT,283.69,0.47,N
22.93252,69.69664,304.4,0.38,0.36,2026-09-13,2101,N21,nominal,2.0NRT,266.81,0.6,N
22.93194,69.70036,298.33,0.38,0.36,2026-09-13,2101,N21,nominal,2.0NRT,268.87,0.6,N
22.93136,69.70407,296.7,0.38,0.36,2026-09-13,2101,N21,nominal,2.0NRT,270.8,0.41,N
22.91131,69.69718,313.18,0.38,0.36,2026-09-13,2101,N21,nominal,2.0NRT,273.92,1.29,N
23.19002,55.45237,329.81,0.73,0.76,2026-09-13,2101,N21,nominal,2.0NRT,297.64,8.47,N
23.18958,55.45953,314.17,0.73,0.76,2026-09-13,2101,N21,nominal,2.0NRT,297.57,9.03,N
23.19105,55.45349,339.59,0.73,0.76,2026-09-13,2101,N21,nominal,2.0NRT,297.69,7.27,N
23.19056,55.46063,310.01,0.73,0.76,2026-09-13,2101,N21,nominal,2.0NRT,297.5,7.27,N
22.88067,55.92457,308.31,0.68,0.74,2026-09-13,2101,N21,nominal,2.0NRT,295.92,1.54,N
22.87877,55.92411,309.82,0.68,0.74,2026-09-13,2101,N21,nominal,2.0NRT,296.06,2.08,N
22.40333,56.98777,317.85,0.57,0.69,2026-09-13,2101,N21,nominal,2.0NRT,293.94,2.46,N
22.33023,56.48748,325.37,0.61,0.71,2026-09-13,2101,N21,nominal,2.0NRT,293.47,4.99,N
21.93799,57.07058,312.36,0.56,0.69,2026-09-13,2101,N21,nominal,2.0NRT,292.59,3.19,N
21.93454,57.07111,318.8,0.56,0.69,2026-09-13,2101,N21,nominal,2.0NRT,292.25,3.4,N
21.88905,56.84583,315.02,0.58,0.69,2026-09-13,2101,N21,nominal,2.0NRT,292.69,1.89,N
21.8306,56.68089,304.75,0.59,0.7,2026-09-13,2101,N21,nominal,2.0NRT,292.54,1.02,N
21.83587,56.68079,305.57,0.59,0.7,2026-09-13,2101,N21,nominal,2.0NRT,292.62,0.98,N
21.33398,57.72186,304.49,0.5,0.66,2026-09-13,2101,N21,nominal,2.0NRT,291.05,0.95,N
21.31944,57.72331,302.02,0.5,0.66,2026-09-13,2101,N21,nominal,2.0NRT,290.96,1.05,N
21.31171,57.74196,311.58,0.5,0.66,2026-09-13,2101,N21,nominal,2.0NRT,290.69,1.77,N
21.31129,57.74672,310.03,0.5,0.65,2026-09-13,2101,N21,nominal,2.0NRT,289.71,1.77,N
21.30866,57.70765,304.67,0.5,0.66,2026-09-13,2101,N21,nominal,2.0NRT,291.04,1.25,N
21.30065,57.79826,309.73,0.49,0.65,2026-09-13,2101,N21,nominal,2.0NRT,291.09,1.44,N
21.00181,56.53133,332.99,0.59,0.7,2026-09-13,2101,N21,nominal,2.0NRT,290.57,7.09,N
21.00099,56.52767,330.42,0.59,0.7,2026-09-13,2101,N21,nominal,2.0NRT,290.4,4.35,N
21.00051,56.53337,312.28,0.59,0.7,2026-09-13,2101,N21,nominal,2.0NRT,290.17,4.35,N
20.55706,56.41818,303.13,0.6,0.7,2026-09-13,2101,N21,nominal,2.0NRT,291,0.93,N
20.38821,55.66034,310.36,0.66,0.73,2026-09-13,2101,N21,nominal,2.0NRT,289.88,1.96,N
20.38246,55.64686,303.1,0.67,0.73,2026-09-13,2101,N21,nominal,2.0NRT,289.88,1.25,N
20.38654,55.64651,305.44,0.67,0.73,2026-09-13,2101,N21,nominal,2.0NRT,289.75,1.68,N
20.38545,55.65937,306.24,0.66,0.73,2026-09-13,2101,N21,nominal,2.0NRT,289.61,2.18,N
19.27014,56.17435,302.54,0.6,0.7,2026-09-13,2101,N21,nominal,2.0NRT,283.04,2.88,N
18.68953,55.50228,320.86,0.65,0.73,2026-09-13,2101,N21,nominal,2.0NRT,287.93,4.18,N
18.68597,55.50157,319.62,0.65,0.73,2026-09-13,2101,N21,nominal,2.0NRT,287.76,3.01,N
18.68542,55.50771,302.44,0.65,0.73,2026-09-13,2101,N21,nominal,2.0NRT,287.69,3.01,N
18.32388,55.10249,325.49,0.69,0.74,2026-09-13,2101,N21,nominal,2.0NRT,288.87,5.34,N
15.33113,76.28708,303.43,0.63,0.54,2026-09-13,2101,N21,nominal,2.0NRT,292.23,1.04,N
18.32218,55.10459,329.71,0.69,0.74,2026-09-13,2101,N21,nominal,2.0NRT,288.78,5.5,N
15.17732,76.67535,311.33,0.34,0.56,2026-09-13,2101,N21,nominal,2.0NRT,292.58,2.99,N
15.17591,76.65572,325.58,0.34,0.56,2026-09-13,2101,N21,nominal,2.0NRT,292.55,3.94,N
15.17531,76.65881,310.22,0.34,0.56,2026-09-13,2101,N21,nominal,2.0NRT,290.92,2.88,N
15.1729,76.37688,303.71,0.32,0.55,2026-09-13,2101,N21,nominal,2.0NRT,291.93,1.74,N
18.1769,55.2468,301,0.67,0.74,2026-09-13,2101,N21,nominal,2.0NRT,289.62,0.9,N
18.01162,54.5714,367,0.74,0.76,2026-09-13,2101,N21,high,2.0NRT,291.95,23.88,N
18.01217,54.56442,315.29,0.74,0.76,2026-09-13,2101,N21,nominal,2.0NRT,289.47,23.88,N
18.01325,54.56839,367,0.74,0.76,2026-09-13,2101,N21,high,2.0NRT,291.17,21.61,N
18.01265,54.57533,311.76,0.74,0.76,2026-09-13,2101,N21,nominal,2.0NRT,289.31,21.61,N
39.64959,75.94331,312.71,0.39,0.36,2026-09-13,2055,N21,nominal,2.0NRT,289.93,1.53,N
13.89874,76.56414,300.68,0.35,0.57,2026-09-13,2104,N21,nominal,2.0NRT,289.54,0.45,N
39.64988,75.90079,305.03,0.39,0.36,2026-09-13,2055,N21,nominal,2.0NRT,288.74,1.06,N
39.52943,76.04456,297.44,0.4,0.37,2026-09-13,2055,N21,nominal,2.0NRT,276.17,0.95,N
39.34593,76.09666,299.86,0.4,0.37,2026-09-13,2055,N21,nominal,2.0NRT,285.6,1.06,N
38.65676,76.17075,300.85,0.4,0.37,2026-09-13,2055,N21,nominal,2.0NRT,276.92,1.18,N
39.85187,66.20016,301.19,0.49,0.48,2026-09-13,2055,N21,nominal,2.0NRT,289.53,1.69,N
39.85347,66.19909,300.6,0.49,0.48,2026-09-13,2055,N21,nominal,2.0NRT,289.37,1.3,N
38.21753,77.10085,299.85,0.43,0.38,2026-09-13,2055,N21,nominal,2.0NRT,287.02,1.13,N
39.85323,63.12433,296.02,0.36,0.57,2026-09-13,2055,N21,nominal,2.0NRT,285.56,0.36,N
39.46653,67.58174,298.26,0.41,0.45,2026-09-13,2055,N21,nominal,2.0NRT,285.49,0.4,N
39.43382,62.99375,302.06,0.36,0.57,2026-09-13,2055,N21,nominal,2.0NRT,285.86,0.58,N
39.18422,65.3149,307.6,0.53,0.5,2026-09-13,2055,N21,nominal,2.0NRT,287.93,1.51,N
39.18089,65.31377,304.59,0.53,0.5,2026-09-13,2055,N21,nominal,2.0NRT,287.25,1.32,N
36.999,80.19398,299.3,0.4,0.44,2026-09-13,2055,N21,nominal,2.0NRT,289.17,1.41,N
39.24897,63.17297,299.78,0.35,0.57,2026-09-13,2055,N21,nominal,2.0NRT,287.09,0.45,N
39.19461,63.19587,297.47,0.35,0.57,2026-09-13,2055,N21,nominal,2.0NRT,287.19,0.73,N
39.19388,63.208,298.88,0.35,0.57,2026-09-13,2055,N21,nominal,2.0NRT,286.89,0.39,N
39.18527,63.34814,298.43,0.34,0.56,2026-09-13,2055,N21,nominal,2.0NRT,287.04,0.45,N
39.17985,63.35161,307.03,0.34,0.56,2026-09-13,2055,N21,nominal,2.0NRT,288.32,0.83,N
39.17013,63.25437,300.9,0.35,0.56,2026-09-13,2055,N21,nominal,2.0NRT,287.93,1.05,N
39.16469,63.25787,299.81,0.35,0.56,2026-09-13,2055,N21,nominal,2.0NRT,287.17,1.23,N
39.16445,63.26189,308.48,0.35,0.56,2026-09-13,2055,N21,nominal,2.0NRT,287.49,1.32,N
39.1559,63.31731,298.76,0.34,0.56,2026-09-13,2055,N21,nominal,2.0NRT,287.29,0.7,N
39.12907,63.41812,308.24,0.34,0.56,2026-09-13,2055,N21,nominal,2.0NRT,288.14,1.03,N
39.12529,63.3063,305.16,0.34,0.56,2026-09-13,2055,N21,nominal,2.0NRT,287.52,0.81,N
39.11501,63.39296,300.12,0.34,0.56,2026-09-13,2055,N21,nominal,2.0NRT,286.28,0.4,N
39.10723,63.40122,296.71,0.34,0.56,2026-09-13,2055,N21,nominal,2.0NRT,286.53,0.45,N
38.97471,63.65294,298.09,0.33,0.55,2026-09-13,2055,N21,nominal,2.0NRT,286.25,0.6,N
38.94184,64.13197,297.63,0.62,0.54,2026-09-13,2055,N21,nominal,2.0NRT,286.73,1.17,N
38.97141,63.4675,300.69,0.33,0.56,2026-09-13,2055,N21,nominal,2.0NRT,287.86,0.57,N
38.87378,63.79726,305.76,0.32,0.55,2026-09-13,2055,N21,nominal,2.0NRT,286.09,0.75,N
38.87429,63.79629,300.91,0.32,0.55,2026-09-13,2055,N21,nominal,2.0NRT,285.57,0.6,N
38.83733,63.81857,307.23,0.32,0.55,2026-09-13,2055,N21,nominal,2.0NRT,288.48,0.57,N
38.83255,63.8144,300.08,0.32,0.55,2026-09-13,2055,N21,nominal,2.0NRT,289.28,0.78,N
38.77179,63.81544,299.8,0.32,0.55,2026-09-13,2055,N21,nominal,2.0NRT,288.47,0.36,N
38.4552,65.80483,301.48,0.49,0.49,2026-09-13,2055,N21,nominal,2.0NRT,290.05,1.15,N
38.05021,67.26224,337.71,0.41,0.45,2026-09-13,2055,N21,nominal,2.0NRT,292.21,11.86,N
38.04977,67.26681,305.56,0.41,0.45,2026-09-13,2055,N21,nominal,2.0NRT,288.31,6.66,N
38.05135,67.26481,343.6,0.41,0.45,2026-09-13,2055,N21,nominal,2.0NRT,291.78,16.52,N
38.2551,58.38836,302.68,0.63,0.72,2026-09-13,2055,N21,nominal,2.0NRT,289.68,1.87,N
37.99241,63.55756,303.88,0.32,0.55,2026-09-13,2055,N21,nominal,2.0NRT,287.91,0.6,N
37.83041,65.17764,301.26,0.53,0.5,2026-09-13,2055,N21,nominal,2.0NRT,287.23,0.64,N
37.80139,65.19204,298.29,0.52,0.5,2026-09-13,2055,N21,nominal,2.0NRT,286.77,0.73,N
37.80207,65.18952,297.68,0.52,0.5,2026-09-13,2055,N21,nominal,2.0NRT,286.85,0.72,N
37.98759,61.88025,296.87,0.4,0.6,2026-09-13,2055,N21,nominal,2.0NRT,285.74,0.98,N
37.8857,62.02105,297.28,0.39,0.6,2026-09-13,2055,N21,nominal,2.0NRT,286.01,0.7,N
37.79631,62.54966,320.95,0.37,0.58,2026-09-13,2055,N21,nominal,2.0NRT,287.14,2.05,N
37.84584,61.60497,295.27,0.42,0.61,2026-09-13,2055,N21,nominal,2.0NRT,283.95,0.69,N
37.78634,62.53613,318.92,0.37,0.58,2026-09-13,2055,N21,nominal,2.0NRT,286.72,2.46,N
37.84246,61.60241,295.42,0.42,0.61,2026-09-13,2055,N21,nominal,2.0NRT,284.17,0.73,N
37.78817,62.53765,319.48,0.37,0.58,2026-09-13,2055,N21,nominal,2.0NRT,286.85,2.06,N
37.77459,62.02744,301.04,0.39,0.6,2026-09-13,2055,N21,nominal,2.0NRT,284.21,0.73,N
37.72688,62.09513,310.4,0.39,0.59,2026-09-13,2055,N21,nominal,2.0NRT,285.61,1.77,N
37.50082,65.3623,312.34,0.51,0.49,2026-09-13,2055,N21,nominal,2.0NRT,286.61,2.06,N
37.66825,62.23587,304.51,0.38,0.59,2026-09-13,2057,N21,nominal,2.0NRT,284.92,1.04,N
37.66258,62.23976,301.3,0.38,0.59,2026-09-13,2057,N21,nominal,2.0NRT,284.52,1.28,N
37.65691,62.24364,298.96,0.38,0.59,2026-09-13,2057,N21,nominal,2.0NRT,283.3,0.9,N
37.65374,61.90483,302.74,0.4,0.6,2026-09-13,2057,N21,nominal,2.0NRT,286.63,1.34,N
37.63743,62.20267,298.18,0.38,0.59,2026-09-13,2057,N21,nominal,2.0NRT,283.81,0.64,N
37.61443,61.57624,300.74,0.42,0.61,2026-09-13,2057,N21,nominal,2.0NRT,286.45,1.26,N
37.61375,61.59045,299.52,0.41,0.61,2026-09-13,2057,N21,nominal,2.0NRT,286.12,0.99,N
37.61098,61.57393,300.34,0.42,0.61,2026-09-13,2057,N21,nominal,2.0NRT,287.32,1.01,N
37.60997,61.59284,296.35,0.41,0.61,2026-09-13,2057,N21,nominal,2.0NRT,284.62,0.76,N
37.60921,61.60698,306.23,0.41,0.61,2026-09-13,2057,N21,nominal,2.0NRT,287.11,1.24,N
37.59661,61.52522,302.92,0.42,0.61,2026-09-13,2057,N21,nominal,2.0NRT,285.67,2.1,N
37.59487,61.55843,302.53,0.42,0.61,2026-09-13,2057,N21,nominal,2.0NRT,285.5,1.64,N
37.59072,61.52953,299.38,0.42,0.61,2026-09-13,2057,N21,nominal,2.0NRT,285.18,1.57,N
37.58363,61.55757,295.7,0.42,0.61,2026-09-13,2057,N21,nominal,2.0NRT,285.18,0.88,N
37.58338,61.56229,296.69,0.42,0.61,2026-09-13,2057,N21,nominal,2.0NRT,284.97,0.88,N
37.63435,60.33895,297.75,0.49,0.65,2026-09-13,2057,N21,nominal,2.0NRT,286.51,0.57,N
37.4962,61.84409,316.42,0.4,0.6,2026-09-13,2057,N21,nominal,2.0NRT,288.42,2.72,N
37.49597,61.84862,300.78,0.4,0.6,2026-09-13,2057,N21,nominal,2.0NRT,286.79,1.39,N
37.49622,61.84657,318.29,0.4,0.6,2026-09-13,2057,N21,nominal,2.0NRT,288.73,2.62,N
37.51115,61.01533,299.65,0.45,0.63,2026-09-13,2057,N21,nominal,2.0NRT,287.26,0.59,N
37.50488,61.02504,299.38,0.44,0.63,2026-09-13,2057,N21,nominal,2.0NRT,287.75,1.03,N
37.42584,62.30964,307.17,0.38,0.58,2026-09-13,2057,N21,nominal,2.0NRT,283.06,0.86,N
37.42045,62.30917,299.34,0.38,0.58,2026-09-13,2057,N21,nominal,2.0NRT,283.15,0.86,N
37.40429,62.30775,298.62,0.38,0.58,2026-09-13,2057,N21,nominal,2.0NRT,283.24,0.61,N
37.53286,57.25953,301.37,0.73,0.76,2026-09-13,2057,N21,nominal,2.0NRT,284.37,1.21,N
37.53437,57.25795,303,0.73,0.76,2026-09-13,2057,N21,nominal,2.0NRT,284.25,1.74,N
37.4501,57.68474,299.06,0.69,0.74,2026-09-13,2057,N21,nominal,2.0NRT,285.75,1.36,N
37.11708,62.36246,329.56,0.37,0.58,2026-09-13,2057,N21,nominal,2.0NRT,288.14,4.29,N
37.11734,62.35825,308.15,0.37,0.58,2026-09-13,2057,N21,nominal,2.0NRT,285.71,4.29,N
37.03516,62.4137,317.01,0.37,0.58,2026-09-13,2057,N21,nominal,2.0NRT,285.9,2.31,N
37.02956,62.41738,307.84,0.37,0.58,2026-09-13,2057,N21,nominal,2.0NRT,287.11,2.21,N
36.47741,61.62053,304,0.4,0.6,2026-09-13,2057,N21,nominal,2.0NRT,289.08,3.41,N
36.47793,61.62096,304.84,0.4,0.6,2026-09-13,2057,N21,nominal,2.0NRT,289.36,2.77,N
36.4635,60.84494,304.25,0.45,0.63,2026-09-13,2057,N21,nominal,2.0NRT,287.25,1.51,N
36.46326,60.84994,301.69,0.45,0.63,2026-09-13,2057,N21,nominal,2.0NRT,288.2,1.2,N
35.94931,62.91801,301.87,0.34,0.56,2026-09-13,2057,N21,nominal,2.0NRT,289.31,0.78,N
34.93152,59.59977,299.18,0.51,0.66,2026-09-13,2057,N21,nominal,2.0NRT,287.29,1.03,N
33.29687,71.1862,311.11,0.39,0.36,2026-09-13,2057,N21,nominal,2.0NRT,293.5,2.26,N
32.72183,72.92242,310.92,0.39,0.36,2026-09-13,2057,N21,nominal,2.0NRT,295.8,1.05,N
32.71833,72.77437,309.87,0.38,0.36,2026-09-13,2057,N21,nominal,2.0NRT,295.65,1.31,N
32.88997,71.61787,308.81,0.39,0.36,2026-09-13,2057,N21,nominal,2.0NRT,296.65,2.88,N
32.64434,72.97855,307.12,0.39,0.36,2026-09-13,2057,N21,nominal,2.0NRT,295.93,1.5,N
32.57467,72.56023,317.55,0.38,0.36,2026-09-13,2057,N21,nominal,2.0NRT,297.16,1.66,N
32.57402,72.56427,311.47,0.38,0.36,2026-09-13,2057,N21,nominal,2.0NRT,297.43,1.66,N
32.37806,72.13975,308.4,0.38,0.36,2026-09-13,2057,N21,nominal,2.0NRT,296.72,2.88,N
31.32631,76.89441,300.3,0.53,0.42,2026-09-13,2057,N21,nominal,2.0NRT,289.76,0.8,N
31.2575,76.92561,299.85,0.53,0.42,2026-09-13,2057,N21,nominal,2.0NRT,289.09,0.65,N
31.24897,76.92875,303.65,0.53,0.42,2026-09-13,2057,N21,nominal,2.0NRT,289.35,0.95,N
31.67697,73.9679,308.05,0.4,0.37,2026-09-13,2057,N21,nominal,2.0NRT,296.63,1.07,N
30.2652,75.1722,306.83,0.46,0.39,2026-09-13,2057,N21,nominal,2.0NRT,296.22,1.16,N
29.91071,74.9481,311.05,0.45,0.39,2026-09-13,2057,N21,nominal,2.0NRT,295.36,1.47,N
28.72891,77.15579,304.8,0.4,0.44,2026-09-13,2057,N21,nominal,2.0NRT,291.26,2.08,N
28.74372,76.92805,310.39,0.39,0.44,2026-09-13,2057,N21,nominal,2.0NRT,291.54,1.3,N
28.71265,76.83423,308.5,0.39,0.44,2026-09-13,2057,N21,nominal,2.0NRT,291.7,1.39,N
28.37191,77.22437,310.73,0.41,0.45,2026-09-13,2057,N21,nominal,2.0NRT,290.99,2.08,N
28.37186,77.22637,311.31,0.41,0.45,2026-09-13,2057,N21,nominal,2.0NRT,291.05,2.28,N
28.33876,77.22203,307.25,0.41,0.45,2026-09-13,2057,N21,nominal,2.0NRT,290.75,2.01,N
30.75509,56.65743,304.03,0.72,0.75,2026-09-13,2057,N21,nominal,2.0NRT,292.02,2.91,N
28.27431,77.18369,307.27,0.41,0.45,2026-09-13,2057,N21,nominal,2.0NRT,291.09,1.96,N
30.75543,56.65831,302.48,0.71,0.75,2026-09-13,2057,N21,nominal,2.0NRT,291.54,3.86,N
30.23217,56.90604,312.1,0.68,0.74,2026-09-13,2059,N21,nominal,2.0NRT,290.91,3.63,N
29.99001,55.85619,313.62,0.79,0.78,2026-09-13,2059,N21,nominal,2.0NRT,288.02,4.88,N
29.47477,60.80666,306.19,0.39,0.59,2026-09-13,2059,N21,nominal,2.0NRT,290.94,1.05,N
28.42511,69.70123,322.17,0.4,0.37,2026-09-13,2059,N21,nominal,2.0NRT,299.6,2.2,N
29.50996,55.79576,298.7,0.79,0.78,2026-09-13,2059,N21,nominal,2.0NRT,287.93,2.07,N
27.28924,73.83797,309.6,0.44,0.38,2026-09-13,2059,N21,nominal,2.0NRT,293.93,1.04,N
26.9272,73.46883,308.72,0.43,0.38,2026-09-13,2059,N21,nominal,2.0NRT,291.55,1.19,N
26.87597,73.5153,308.3,0.43,0.38,2026-09-13,2059,N21,nominal,2.0NRT,292.35,2.21,N
26.8739,73.51617,307.39,0.43,0.38,2026-09-13,2059,N21,nominal,2.0NRT,291.99,1.53,N
26.6038,73.68548,305.72,0.44,0.38,2026-09-13,2059,N21,nominal,2.0NRT,290.54,1.17,N
26.2568,74.09404,304.73,0.46,0.39,2026-09-13,2059,N21,nominal,2.0NRT,279.86,1.15,N
39.85414,63.1273,313.15,0.46,0.63,2026-09-13,2235,N21,nominal,2.0NRT,284.67,1.51,N
39.85394,63.12413,303.14,0.46,0.63,2026-09-13,2235,N21,nominal,2.0NRT,284.65,0.91,N
39.18452,65.31432,296.62,0.61,0.71,2026-09-13,2235,N21,nominal,2.0NRT,286.33,0.78,N
39.43197,62.99385,299.25,0.46,0.64,2026-09-13,2235,N21,nominal,2.0NRT,287.99,0.72,N
38.55195,65.94948,299.71,0.69,0.74,2026-09-13,2235,N21,nominal,2.0NRT,286.6,1.24,N
39.43155,62.99344,300.15,0.46,0.64,2026-09-13,2235,N21,nominal,2.0NRT,287.91,0.64,N
38.93966,64.13506,297.1,0.54,0.68,2026-09-13,2235,N21,nominal,2.0NRT,285.99,0.77,N
39.19678,63.19586,299.89,0.48,0.65,2026-09-13,2235,N21,nominal,2.0NRT,287.45,0.8,N
39.12633,63.41555,296.51,0.49,0.65,2026-09-13,2235,N21,nominal,2.0NRT,285.14,0.56,N
39.16579,63.25856,301.77,0.48,0.65,2026-09-13,2235,N21,nominal,2.0NRT,287.2,1.91,N
39.12637,63.30567,298.46,0.49,0.65,2026-09-13,2237,N21,nominal,2.0NRT,286.18,0.79,N
39.16095,63.25932,300.49,0.49,0.65,2026-09-13,2237,N21,nominal,2.0NRT,286.68,1.04,N
38.97203,63.46636,297.52,0.5,0.66,2026-09-13,2237,N21,nominal,2.0NRT,286.39,0.99,N
38.97457,63.46885,298.46,0.5,0.66,2026-09-13,2237,N21,nominal,2.0NRT,286.19,0.92,N
37.99033,63.55691,298.95,0.54,0.68,2026-09-13,2237,N21,nominal,2.0NRT,285.8,0.49,N
37.79723,62.55118,306.06,0.49,0.65,2026-09-13,2237,N21,nominal,2.0NRT,284.69,1.38,N
37.78897,62.53548,302.07,0.49,0.65,2026-09-13,2237,N21,nominal,2.0NRT,284.69,2.09,N
37.77553,62.02874,296.33,0.46,0.63,2026-09-13,2237,N21,nominal,2.0NRT,284.24,0.59,N
37.72589,62.09513,306.54,0.46,0.64,2026-09-13,2237,N21,nominal,2.0NRT,285.66,1.67,N
37.65989,62.24033,296.62,0.47,0.64,2026-09-13,2237,N21,nominal,2.0NRT,284.58,1.11,N
37.65366,61.90622,304.35,0.45,0.63,2026-09-13,2237,N21,nominal,2.0NRT,286.92,1.07,N
37.4207,62.30973,310.37,0.48,0.65,2026-09-13,2237,N21,nominal,2.0NRT,284.05,1.48,N
37.61415,61.57629,300.65,0.44,0.62,2026-09-13,2237,N21,nominal,2.0NRT,285.98,1.18,N
37.61025,61.59035,298.62,0.44,0.62,2026-09-13,2237,N21,nominal,2.0NRT,284.89,1.19,N
37.60633,61.60449,299.68,0.44,0.62,2026-09-13,2237,N21,nominal,2.0NRT,286.57,1.24,N
37.60311,61.55029,296.54,0.44,0.62,2026-09-13,2237,N21,nominal,2.0NRT,284.65,0.9,N
37.59509,61.55724,305.92,0.44,0.62,2026-09-13,2237,N21,nominal,2.0NRT,285.11,1.34,N
37.59748,61.52679,297.2,0.44,0.62,2026-09-13,2237,N21,nominal,2.0NRT,283.12,0.8,N
37.59077,61.52905,301.67,0.44,0.62,2026-09-13,2237,N21,nominal,2.0NRT,284.55,1.37,N
37.58164,61.56178,295.84,0.44,0.62,2026-09-13,2237,N21,nominal,2.0NRT,283.31,1.38,N
37.49565,61.84595,316.1,0.46,0.63,2026-09-13,2237,N21,nominal,2.0NRT,287.71,2.91,N
37.60534,61.5531,301.65,0.44,0.62,2026-09-13,2237,N21,nominal,2.0NRT,285.75,1,N
37.59737,61.56007,301.95,0.44,0.62,2026-09-13,2237,N21,nominal,2.0NRT,284.65,1.79,N
37.59421,61.52703,306.59,0.44,0.62,2026-09-13,2237,N21,nominal,2.0NRT,285.66,2.17,N
37.58526,61.55989,300.28,0.44,0.62,2026-09-13,2237,N21,nominal,2.0NRT,284.65,1.66,N
37.49413,61.84732,314.32,0.46,0.63,2026-09-13,2237,N21,nominal,2.0NRT,286.64,2.85,N
38.25577,58.39214,303.52,0.57,0.52,2026-09-13,2237,N21,nominal,2.0NRT,290.36,1.56,N
38.43773,57.54955,312.83,0.51,0.5,2026-09-13,2237,N21,nominal,2.0NRT,286.04,2.38,N
37.50396,61.02747,296.86,0.41,0.61,2026-09-13,2237,N21,nominal,2.0NRT,285.79,0.77,N
37.50443,61.02643,301.11,0.41,0.61,2026-09-13,2237,N21,nominal,2.0NRT,286.64,0.72,N
37.11853,62.36304,319.21,0.5,0.66,2026-09-13,2237,N21,nominal,2.0NRT,285.24,7.7,N
37.11137,62.3657,305.46,0.5,0.66,2026-09-13,2237,N21,nominal,2.0NRT,284.57,5.09,N
37.63462,60.33952,306.29,0.38,0.58,2026-09-13,2237,N21,nominal,2.0NRT,286.19,1.06,N
37.34708,61.36372,305.76,0.43,0.62,2026-09-13,2237,N21,nominal,2.0NRT,285.85,1.31,N
37.03182,62.41896,326.64,0.5,0.66,2026-09-13,2237,N21,nominal,2.0NRT,286.63,6.03,N
38.17978,57.98387,297.56,0.55,0.51,2026-09-13,2237,N21,nominal,2.0NRT,287.52,0.71,N
37.02881,62.41837,317.9,0.5,0.66,2026-09-13,2237,N21,nominal,2.0NRT,285.21,4.18,N
37.48534,60.45701,297.16,0.39,0.59,2026-09-13,2237,N21,nominal,2.0NRT,285.24,0.53,N
37.93974,58.56042,299.79,0.6,0.53,2026-09-13,2237,N21,nominal,2.0NRT,287.74,1.72,N
38.68126,54.31392,306.38,0.53,0.42,2026-09-13,2237,N21,nominal,2.0NRT,278.54,1.01,N
37.21754,60.02333,299.18,0.37,0.58,2026-09-13,2237,N21,nominal,2.0NRT,287.14,0.75,N
37.68189,56.94187,323.78,0.5,0.49,2026-09-13,2237,N21,nominal,2.0NRT,287.73,3.7,N
36.47463,61.62313,300.55,0.47,0.64,2026-09-13,2237,N21,nominal,2.0NRT,286.13,1.51,N
36.36937,61.90668,302.73,0.49,0.65,2026-09-13,2237,N21,nominal,2.0NRT,284.93,0.94,N
36.46369,60.84755,299.65,0.43,0.62,2026-09-13,2237,N21,nominal,2.0NRT,287.69,0.76,N
36.46244,60.85213,302.9,0.43,0.62,2026-09-13,2237,N21,nominal,2.0NRT,287.02,0.76,N
36.39073,59.64814,295.86,0.37,0.58,2026-09-13,2237,N21,nominal,2.0NRT,283.88,0.27,N
36.29572,59.75207,297.01,0.38,0.59,2026-09-13,2237,N21,nominal,2.0NRT,282.7,0.62,N
37.29449,55.48405,299.29,0.43,0.46,2026-09-13,2237,N21,nominal,2.0NRT,287.25,0.68,N
37.29348,55.48095,302.74,0.43,0.46,2026-09-13,2237,N21,nominal,2.0NRT,287.77,0.7,N
36.23479,59.73112,295.6,0.38,0.59,2026-09-13,2237,N21,nominal,2.0NRT,284.77,0.55,N
36.99016,56.23135,301.84,0.47,0.48,2026-09-13,2237,N21,nominal,2.0NRT,288.11,0.92,N
36.34281,58.67716,301.5,0.33,0.55,2026-09-13,2237,N21,nominal,2.0NRT,289.08,0.75,N
36.94665,54.88731,312.24,0.41,0.45,2026-09-13,2237,N21,nominal,2.0NRT,288.38,0.97,N
35.36621,59.30491,300.27,0.38,0.59,2026-09-13,2237,N21,nominal,2.0NRT,286.09,0.71,N
36.29788,54.78898,304.56,0.41,0.45,2026-09-13,2237,N21,nominal,2.0NRT,288.99,1.12,N
36.32248,54.18579,296.29,0.39,0.44,2026-09-13,2237,N21,nominal,2.0NRT,285.15,0.39,N
33.75178,59.14552,296.91,0.41,0.61,2026-09-13,2237,N21,nominal,2.0NRT,284.76,0.66,N
33.75112,59.14619,297.82,0.41,0.61,2026-09-13,2237,N21,nominal,2.0NRT,284.83,0.58,N
33.62774,59.16995,300.93,0.41,0.61,2026-09-13,2237,N21,nominal,2.0NRT,287.9,1.02,N
32.92265,60.23143,300.05,0.49,0.65,2026-09-13,2237,N21,nominal,2.0NRT,287.56,0.97,N
32.92444,60.23254,300.47,0.49,0.65,2026-09-13,2237,N21,nominal,2.0NRT,287.59,1,N
32.33461,54.08574,309.18,0.46,0.47,2026-09-13,2240,N21,nominal,2.0NRT,291.32,1.95,N
32.3336,54.09043,303.85,0.46,0.47,2026-09-13,2240,N21,nominal,2.0NRT,289.74,0.93,N
31.43315,56.48991,302.49,0.33,0.55,2026-09-13,2240,N21,nominal,2.0NRT,290.43,0.62,N
31.84858,54.28816,306.83,0.48,0.48,2026-09-13,2240,N21,nominal,2.0NRT,295.18,2.46,N
31.62412,54.74269,305.25,0.52,0.5,2026-09-13,2240,N21,nominal,2.0NRT,293.21,1.12,N
31.62316,54.72577,309.9,0.51,0.5,2026-09-13,2240,N21,nominal,2.0NRT,292.39,1.96,N
30.75462,56.65885,315.07,0.35,0.57,2026-09-13,2240,N21,nominal,2.0NRT,292.74,1.84,N
30.66391,56.61965,306.3,0.35,0.57,2026-09-13,2240,N21,nominal,2.0NRT,290.56,0.62,N
30.23527,56.90775,316.08,0.37,0.58,2026-09-13,2240,N21,nominal,2.0NRT,292.56,1.91,N
30.36904,56.127,311.36,0.33,0.55,2026-09-13,2240,N21,nominal,2.0NRT,292.31,1.32,N
30.32076,55.97347,304.11,0.32,0.55,2026-09-13,2240,N21,nominal,2.0NRT,292.51,0.54,N
29.98952,55.85558,347.53,0.33,0.55,2026-09-13,2240,N21,nominal,2.0NRT,292.52,5.42,N
30.08322,55.39984,311.46,0.61,0.53,2026-09-13,2240,N21,nominal,2.0NRT,288.36,3.37,N
29.51334,55.79881,305.74,0.33,0.55,2026-09-13,2240,N21,nominal,2.0NRT,289.17,0.73,N
29.4492,55.71259,299.71,0.33,0.55,2026-09-13,2240,N21,nominal,2.0NRT,288.36,0.57,N
29.44282,55.55902,304.33,0.32,0.55,2026-09-13,2240,N21,nominal,2.0NRT,285.96,0.65,N
29.13767,55.377,302.4,0.32,0.54,2026-09-13,2240,N21,nominal,2.0NRT,292.14,3.07,N
27.17034,56.09792,308.86,0.39,0.59,2026-09-13,2240,N21,nominal,2.0NRT,297.2,3,N
27.16505,56.09637,308.72,0.39,0.59,2026-09-13,2240,N21,nominal,2.0NRT,297.02,3.24,N
27.16863,56.05684,335.05,0.39,0.59,2026-09-13,2240,N21,nominal,2.0NRT,297.56,6.81,N
27.16952,56.05301,316.85,0.39,0.59,2026-09-13,2240,N21,nominal,2.0NRT,297.4,4.8,N
27.15889,56.09858,318.51,0.39,0.59,2026-09-13,2240,N21,nominal,2.0NRT,297.02,3.24,N
27.158,56.10237,318.48,0.39,0.59,2026-09-13,2240,N21,nominal,2.0NRT,297,5.19,N
25.97231,56.06946,321.45,0.41,0.61,2026-09-13,2240,N21,nominal,2.0NRT,300.19,2.03,N
25.97179,56.07019,318.43,0.41,0.61,2026-09-13,2240,N21,nominal,2.0NRT,299.8,1.42,N
25.96637,56.06863,312.92,0.41,0.61,2026-09-13,2240,N21,nominal,2.0NRT,299.32,1.42,N
25.90099,54.53027,310.3,0.33,0.55,2026-09-13,2240,N21,nominal,2.0NRT,300.27,0.42,N
25.55733,55.98575,311.27,0.41,0.61,2026-09-13,2240,N21,nominal,2.0NRT,298.84,2.83,N
25.55381,55.97617,311.17,0.41,0.61,2026-09-13,2240,N21,nominal,2.0NRT,299.26,3.72,N
25.90143,54.53101,316.3,0.33,0.55,2026-09-13,2240,N21,nominal,2.0NRT,300.4,0.42,N
25.55789,55.98426,314.76,0.41,0.61,2026-09-13,2240,N21,nominal,2.0NRT,299.24,2.92,N
24.50394,56.60587,324.04,0.48,0.65,2026-09-13,2242,N21,nominal,2.0NRT,296.45,4.31,N
24.45541,56.55173,307.65,0.48,0.64,2026-09-13,2242,N21,nominal,2.0NRT,295.3,1.12,N
24.50711,54.01786,337.45,0.33,0.55,2026-09-13,2242,N21,nominal,2.0NRT,301.34,3.33,N
24.32918,54.46989,314.6,0.36,0.57,2026-09-13,2242,N21,nominal,2.0NRT,301.57,1.48,N
24.00091,55.44122,313.04,0.42,0.61,2026-09-13,2242,N21,nominal,2.0NRT,298.64,2.9,N
23.19407,55.45744,319.93,0.43,0.62,2026-09-13,2242,N21,nominal,2.0NRT,293.62,3.27,N
23.18854,55.4559,304.24,0.43,0.62,2026-09-13,2242,N21,nominal,2.0NRT,294.08,1.48,N
23.15191,55.44618,306.53,0.43,0.62,2026-09-13,2242,N21,nominal,2.0NRT,296.14,1.97,N
23.31216,54.17996,328.2,0.36,0.57,2026-09-13,2242,N21,nominal,2.0NRT,297.94,4.17,N
23.31364,54.17318,311.2,0.36,0.57,2026-09-13,2242,N21,nominal,2.0NRT,300.39,2.34,N
22.87892,55.92297,313.39,0.47,0.64,2026-09-13,2242,N21,nominal,2.0NRT,295.43,2.24,N
22.87788,55.92742,307.23,0.47,0.64,2026-09-13,2242,N21,nominal,2.0NRT,295.58,2.07,N
22.87095,55.61403,321.41,0.45,0.63,2026-09-13,2242,N21,nominal,2.0NRT,291.57,1.9,N
22.32697,56.48993,335.72,0.53,0.67,2026-09-13,2242,N21,nominal,2.0NRT,294.28,5.17,N
21.93681,57.07328,317.74,0.58,0.7,2026-09-13,2242,N21,nominal,2.0NRT,291.98,2.61,N
21.88853,56.8469,308.48,0.57,0.69,2026-09-13,2242,N21,nominal,2.0NRT,292.13,1.78,N
21.83207,56.67863,309.43,0.55,0.68,2026-09-13,2242,N21,nominal,2.0NRT,292.07,1.25,N
21.70059,56.47262,302.65,0.54,0.68,2026-09-13,2242,N21,nominal,2.0NRT,292.24,1.42,N
21.7008,56.47231,305.38,0.54,0.68,2026-09-13,2242,N21,nominal,2.0NRT,292.39,1.06,N
21.32196,57.71981,301.75,0.66,0.73,2026-09-13,2242,N21,nominal,2.0NRT,290.05,1.83,N
21.30532,57.79961,301.23,0.67,0.74,2026-09-13,2242,N21,nominal,2.0NRT,289.83,1.74,N
20.9987,56.53362,324.63,0.57,0.69,2026-09-13,2242,N21,nominal,2.0NRT,290.36,5.29,N
20.99993,56.52838,317.24,0.56,0.69,2026-09-13,2242,N21,nominal,2.0NRT,290.77,4.94,N
20.38624,55.65892,304.08,0.51,0.66,2026-09-13,2242,N21,nominal,2.0NRT,291.17,1.33,N
20.38516,55.66362,304.66,0.51,0.66,2026-09-13,2242,N21,nominal,2.0NRT,290.94,1.33,N
20.38248,55.64795,305.2,0.51,0.66,2026-09-13,2242,N21,nominal,2.0NRT,291.46,1.15,N
20.39011,55.65964,302.5,0.51,0.66,2026-09-13,2242,N21,nominal,2.0NRT,291.19,1.61,N
20.38906,55.66436,307.56,0.51,0.66,2026-09-13,2242,N21,nominal,2.0NRT,291.31,1.59,N
20.3863,55.64859,306.57,0.51,0.66,2026-09-13,2242,N21,nominal,2.0NRT,291.19,1.65,N
20.21217,55.71356,305,0.52,0.67,2026-09-13,2242,N21,nominal,2.0NRT,290.98,1.4,N
19.26797,56.17665,304.12,0.58,0.7,2026-09-13,2242,N21,nominal,2.0NRT,289.89,0.99,N
18.32357,55.10622,336.03,0.52,0.67,2026-09-13,2244,N21,nominal,2.0NRT,288.68,5.34,N
18.3221,55.10603,333.87,0.52,0.67,2026-09-13,2244,N21,nominal,2.0NRT,288.32,3.98,N
18.01318,54.57088,367,0.49,0.65,2026-09-13,2244,N21,high,2.0NRT,292.21,22.08,N
18.01219,54.57538,351.92,0.49,0.65,2026-09-13,2244,N21,nominal,2.0NRT,290.75,20.62,N
18.01438,54.57304,367,0.49,0.65,2026-09-13,2244,N21,high,2.0NRT,293.73,13.13,N
18.01534,54.56853,305.28,0.49,0.65,2026-09-13,2244,N21,nominal,2.0NRT,289.92,13.13,N
18.01342,54.57755,310.29,0.49,0.65,2026-09-13,2244,N21,nominal,2.0NRT,289.42,12.06,N
18.00855,54.57154,308.62,0.49,0.65,2026-09-13,2244,N21,nominal,2.0NRT,290.65,1.68,N
16.81826,99.94521,334.37,0.39,0.36,2026-09-14,0629,N21,nominal,2.0NRT,288.94,1.35,D
19.45385,95.99504,331.34,0.52,0.42,2026-09-14,0631,N21,nominal,2.0NRT,294.9,2.92,D
21.20588,98.20284,332.22,0.41,0.37,2026-09-14,0631,N21,nominal,2.0NRT,298.18,3.84,D
21.60654,99.39924,328.88,0.39,0.36,2026-09-14,0631,N21,nominal,2.0NRT,291.68,1.33,D
21.46492,98.25012,331.11,0.4,0.37,2026-09-14,0631,N21,nominal,2.0NRT,297.71,2.11,D
21.46827,98.2495,331.54,0.4,0.37,2026-09-14,0631,N21,nominal,2.0NRT,297.66,2.11,D
21.34977,97.42848,331.48,0.43,0.38,2026-09-14,0631,N21,low,2.0NRT,292.81,6.34,D
22.05589,99.64051,335.43,0.38,0.36,2026-09-14,0631,N21,nominal,2.0NRT,297.76,5.98,D
22.06911,99.66084,342.6,0.38,0.36,2026-09-14,0631,N21,nominal,2.0NRT,297.78,4.62,D
22.11991,99.08237,330.55,0.39,0.36,2026-09-14,0631,N21,nominal,2.0NRT,296.94,4.9,D
22.30599,100.07645,330.42,0.39,0.36,2026-09-14,0631,N21,nominal,2.0NRT,297.6,2.21,D
22.30874,99.1826,328.12,0.39,0.36,2026-09-14,0631,N21,nominal,2.0NRT,296.69,3.07,D
22.31531,99.18143,329.51,0.39,0.36,2026-09-14,0631,N21,low,2.0NRT,300.73,5.66,D
22.36816,98.54211,331.64,0.39,0.36,2026-09-14,0631,N21,nominal,2.0NRT,297.78,6.21,D
22.52734,99.31737,330.99,0.38,0.36,2026-09-14,0631,N21,nominal,2.0NRT,298.04,6.48,D
22.33792,97.90936,333,0.41,0.37,2026-09-14,0631,N21,nominal,2.0NRT,303,5.57,D
22.41684,97.85101,330.9,0.41,0.37,2026-09-14,0631,N21,nominal,2.0NRT,298.85,2.72,D
22.78095,99.46192,337.98,0.38,0.36,2026-09-14,0631,N21,nominal,2.0NRT,300.07,4.89,D
23.22574,101.2666,334.3,0.41,0.37,2026-09-14,0631,N21,nominal,2.0NRT,295.9,3.22,D
23.21341,101.03262,331.62,0.4,0.37,2026-09-14,0631,N21,nominal,2.0NRT,296.77,5.6,D
22.91263,98.15208,328.48,0.4,0.37,2026-09-14,0631,N21,nominal,2.0NRT,300.41,2.41,D
22.91932,98.151,329.36,0.4,0.37,2026-09-14,0631,N21,nominal,2.0NRT,299.16,4,D
23.44124,98.73352,335.27,0.39,0.36,2026-09-14,0631,N21,nominal,2.0NRT,303.08,1.97,D
23.79327,97.9868,341.56,0.4,0.37,2026-09-14,0631,N21,nominal,2.0NRT,305.01,5.26,D
24.32434,99.56404,346.22,0.38,0.36,2026-09-14,0631,N21,nominal,2.0NRT,305.47,7.88,D
24.41808,99.23975,328.5,0.38,0.36,2026-09-14,0631,N21,low,2.0NRT,302.83,2.89,D
24.41547,96.21758,342.44,0.44,0.38,2026-09-14,0631,N21,nominal,2.0NRT,298.03,8.42,D
24.17529,94.36476,330.84,0.54,0.42,2026-09-14,0631,N21,nominal,2.0NRT,297.45,3.7,D
24.97339,98.86043,335.25,0.38,0.36,2026-09-14,0631,N21,nominal,2.0NRT,302.56,2.37,D
24.33248,94.81291,341.56,0.51,0.41,2026-09-14,0631,N21,nominal,2.0NRT,301.02,8.87,D
26.00757,101.71384,333,0.44,0.38,2026-09-14,0631,N21,low,2.0NRT,307.32,5.52,D
25.24499,96.46485,328.76,0.42,0.38,2026-09-14,0631,N21,nominal,2.0NRT,298.52,1.99,D
23.7653,86.4053,331.49,0.57,0.69,2026-09-14,0633,N21,nominal,2.0NRT,289.33,8.95,D
27.9647,96.96606,325.05,0.39,0.36,2026-09-14,0633,N21,nominal,2.0NRT,293.32,2.91,D
36.32945,94.80486,336.52,0.39,0.36,2026-09-14,0635,N21,low,2.0NRT,310.76,3.92,D
39.81018,98.2993,332.21,0.44,0.39,2026-09-14,0635,N21,low,2.0NRT,307.19,2.71,D
17.60015,83.18274,335.23,0.57,0.52,2026-09-14,0811,N21,nominal,2.0NRT,293.26,5.62,D
36.51963,64.17083,352.19,0.39,0.44,2026-09-14,0818,N21,nominal,2.0NRT,320.45,37.95,D
7.0915,81.40678,332.89,0.48,0.4,2026-09-14,0809,N21,nominal,2.0NRT,294.97,5.65,D
36.52354,64.16957,367,0.39,0.44,2026-09-14,0818,N21,low,2.0NRT,329.31,25.9,D
7.09516,81.40624,337.69,0.48,0.4,2026-09-14,0809,N21,nominal,2.0NRT,295.73,9.49,D
19.09796,82.16656,331.57,0.51,0.49,2026-09-14,0811,N21,nominal,2.0NRT,297.07,9.25,D
35.61404,59.48136,367,0.36,0.58,2026-09-14,0818,N21,high,2.0NRT,308.84,18.71,D
18.60214,74.45781,335.26,0.39,0.36,2026-09-14,0811,N21,nominal,2.0NRT,302.51,3.17,D
7.39534,81.33423,335.32,0.48,0.4,2026-09-14,0809,N21,nominal,2.0NRT,292.97,2.42,D
35.61304,59.47744,346.54,0.36,0.58,2026-09-14,0818,N21,nominal,2.0NRT,310.19,18.71,D
7.39533,81.33543,338.95,0.48,0.4,2026-09-14,0809,N21,nominal,2.0NRT,295.76,5,D
18.76991,74.96728,333.61,0.38,0.36,2026-09-14,0811,N21,low,2.0NRT,306.78,2.15,D
37.50198,65.36047,339.74,0.5,0.41,2026-09-14,0818,N21,low,2.0NRT,310.86,17.56,D
7.62924,81.50008,333.69,0.5,0.41,2026-09-14,0809,N21,nominal,2.0NRT,297.25,15.9,D
18.70542,72.34255,332.43,0.44,0.39,2026-09-14,0811,N21,nominal,2.0NRT,292.29,2.94,D
36.12657,58.82164,339.22,0.38,0.59,2026-09-14,0818,N21,nominal,2.0NRT,308.01,2.28,D
7.62647,80.9945,338.79,0.47,0.39,2026-09-14,0809,N21,nominal,2.0NRT,300.19,3.85,D
37.03459,62.41538,342.21,0.47,0.47,2026-09-14,0818,N21,low,2.0NRT,316.29,11.52,D
20.86185,84.98794,328.61,0.41,0.61,2026-09-14,0811,N21,nominal,2.0NRT,286.83,4.83,D
7.63724,80.20338,331.24,0.43,0.38,2026-09-14,0809,N21,nominal,2.0NRT,288.58,2.42,D
20.96378,86.00751,344.53,0.48,0.65,2026-09-14,0811,N21,nominal,2.0NRT,289.13,8.81,D
36.15082,58.69507,343.6,0.39,0.59,2026-09-14,0818,N21,nominal,2.0NRT,306.2,4.31,D
36.15408,58.69507,344.12,0.39,0.59,2026-09-14,0818,N21,nominal,2.0NRT,306.86,2.78,D
20.9696,85.17146,328.96,0.42,0.61,2026-09-14,0811,N21,nominal,2.0NRT,285.7,11.21,D
7.83164,81.1179,337.7,0.48,0.4,2026-09-14,0809,N21,nominal,2.0NRT,299.54,8.26,D
37.3255,60.79286,332.43,0.56,0.51,2026-09-14,0818,N21,nominal,2.0NRT,306.55,5.9,D
21.75533,84.02399,330.64,0.36,0.58,2026-09-14,0813,N21,nominal,2.0NRT,292.85,6.13,D
7.83406,81.1088,347.22,0.48,0.4,2026-09-14,0809,N21,nominal,2.0NRT,298.78,8.89,D
39.65541,66.77687,332.55,0.42,0.37,2026-09-14,0818,N21,low,2.0NRT,303.24,4.83,D
21.74329,83.84341,332.4,0.35,0.57,2026-09-14,0813,N21,nominal,2.0NRT,294.58,7.69,D
7.80884,80.6314,333.98,0.45,0.39,2026-09-14,0809,N21,nominal,2.0NRT,290.03,5.82,D
21.74853,83.84286,367,0.35,0.57,2026-09-14,0813,N21,high,2.0NRT,296.01,7.69,D
7.90063,81.18244,334.99,0.48,0.4,2026-09-14,0809,N21,nominal,2.0NRT,289.34,6.34,D
21.76625,84.02632,330.27,0.36,0.58,2026-09-14,0813,N21,nominal,2.0NRT,291.08,3.65,D
7.77102,80.09364,330.68,0.43,0.38,2026-09-14,0809,N21,nominal,2.0NRT,290.33,3.09,D
7.86441,80.24615,340.71,0.43,0.38,2026-09-14,0809,N21,nominal,2.0NRT,297.56,3.61,D
21.74819,83.83939,329.8,0.35,0.57,2026-09-14,0813,N21,nominal,2.0NRT,292.64,7.69,D
7.85341,79.9135,332.6,0.42,0.38,2026-09-14,0809,N21,nominal,2.0NRT,289.35,3.05,D
21.75376,83.84234,337.59,0.35,0.57,2026-09-14,0813,N21,nominal,2.0NRT,294.29,6.69,D
21.91825,83.35052,331.46,0.33,0.55,2026-09-14,0813,N21,nominal,2.0NRT,292.73,4.49,D
7.85685,79.91298,331.44,0.42,0.38,2026-09-14,0809,N21,nominal,2.0NRT,289.85,3.67,D
21.92332,83.34991,334.12,0.33,0.55,2026-09-14,0813,N21,nominal,2.0NRT,293.82,4.49,D
7.90454,80.19272,341.93,0.43,0.38,2026-09-14,0809,N21,nominal,2.0NRT,292.3,6.5,D
23.69336,85.37018,331.15,0.47,0.64,2026-09-14,0813,N21,nominal,2.0NRT,289.48,4.19,D
7.90351,80.16106,336.68,0.43,0.38,2026-09-14,0809,N21,nominal,2.0NRT,288.87,4.65,D
23.77758,86.20694,333.55,0.53,0.67,2026-09-14,0813,N21,nominal,2.0NRT,290.5,10.29,D
7.94563,80.2545,336.84,0.44,0.38,2026-09-14,0809,N21,nominal,2.0NRT,298.55,3.75,D
7.92526,80.06694,336.79,0.43,0.38,2026-09-14,0809,N21,nominal,2.0NRT,295.48,7.8,D
24.29259,67.96794,346.27,0.41,0.45,2026-09-14,0813,N21,nominal,2.0NRT,297.75,4.62,D
7.97703,80.29797,331.2,0.44,0.38,2026-09-14,0809,N21,nominal,2.0NRT,293.64,1.97,D
24.80513,68.06436,335.76,0.4,0.44,2026-09-14,0813,N21,nominal,2.0NRT,299.26,2.89,D
38.6939,57.08744,351.36,0.4,0.6,2026-09-14,0820,N21,nominal,2.0NRT,301.61,6.24,D
7.97825,80.2577,332.01,0.44,0.38,2026-09-14,0809,N21,nominal,2.0NRT,291.15,2.59,D
26.80766,67.22673,331.41,0.41,0.45,2026-09-14,0816,N21,nominal,2.0NRT,300.71,2,D
7.99515,80.27524,333.36,0.44,0.38,2026-09-14,0809,N21,nominal,2.0NRT,293.9,5.94,D
26.8077,67.22642,330.29,0.41,0.45,2026-09-14,0816,N21,nominal,2.0NRT,300.12,2.33,D
7.9937,80.13193,338.37,0.43,0.38,2026-09-14,0809,N21,nominal,2.0NRT,279.67,5.71,D
29.81354,71.85181,334.64,0.39,0.36,2026-09-14,0816,N21,low,2.0NRT,308.25,3.74,D
7.99392,80.08437,344.66,0.43,0.38,2026-09-14,0809,N21,nominal,2.0NRT,281.17,13.42,D
30.67008,74.08751,333.79,0.41,0.37,2026-09-14,0816,N21,nominal,2.0NRT,302.35,3.15,D
8.09289,79.9213,341.13,0.42,0.38,2026-09-14,0809,N21,nominal,2.0NRT,281.84,7,D
30.64386,73.58982,332.16,0.4,0.37,2026-09-14,0816,N21,nominal,2.0NRT,298.82,2.87,D
8.32301,81.31039,335.47,0.49,0.41,2026-09-14,0809,N21,nominal,2.0NRT,297.09,5.33,D
30.91455,73.50658,334.01,0.4,0.37,2026-09-14,0816,N21,nominal,2.0NRT,301.24,4.04,D
8.32964,81.27775,335.74,0.49,0.4,2026-09-14,0809,N21,nominal,2.0NRT,291.3,9.61,D
31.06045,74.48582,332.72,0.42,0.38,2026-09-14,0816,N21,nominal,2.0NRT,299.72,3.96,D
8.36336,80.51225,333.09,0.45,0.39,2026-09-14,0809,N21,nominal,2.0NRT,289.54,4.29,D
31.05985,74.48145,333.12,0.42,0.38,2026-09-14,0816,N21,nominal,2.0NRT,300.17,3.96,D
8.36306,80.51291,333.22,0.45,0.39,2026-09-14,0809,N21,nominal,2.0NRT,291.25,3.87,D
31.07509,74.56845,336.04,0.42,0.38,2026-09-14,0816,N21,nominal,2.0NRT,298.33,4.16,D
31.07173,74.23165,341.8,0.41,0.37,2026-09-14,0816,N21,nominal,2.0NRT,301.36,6.94,D
8.33458,80.26307,344.92,0.44,0.38,2026-09-14,0809,N21,nominal,2.0NRT,292.49,6.83,D
8.39559,80.53728,339.25,0.45,0.39,2026-09-14,0809,N21,nominal,2.0NRT,288.17,9.21,D
31.07514,74.23102,335.94,0.41,0.37,2026-09-14,0816,N21,nominal,2.0NRT,299.44,2.49,D
8.40156,80.5031,337.71,0.45,0.39,2026-09-14,0809,N21,nominal,2.0NRT,288.09,5,D
31.10045,74.34135,334.83,0.42,0.37,2026-09-14,0816,N21,nominal,2.0NRT,299.08,4.13,D
8.42643,80.52443,351.75,0.45,0.39,2026-09-14,0809,N21,nominal,2.0NRT,293.49,27.04,D
8.38157,80.16745,339.6,0.44,0.38,2026-09-14,0809,N21,nominal,2.0NRT,300.16,6.03,D
30.8271,72.12516,331.19,0.38,0.36,2026-09-14,0816,N21,low,2.0NRT,302.65,2.93,D
8.44007,80.51826,337.95,0.45,0.39,2026-09-14,0809,N21,nominal,2.0NRT,289.2,3.39,D
31.34287,74.53355,331.95,0.42,0.38,2026-09-14,0816,N21,nominal,2.0NRT,300.4,3.09,D
8.46137,80.49021,344.72,0.45,0.39,2026-09-14,0809,N21,nominal,2.0NRT,293.93,7.28,D
31.43047,75.18233,331.05,0.45,0.39,2026-09-14,0816,N21,nominal,2.0NRT,296.62,5.69,D
8.46077,80.48615,341.45,0.45,0.39,2026-09-14,0809,N21,nominal,2.0NRT,293.24,5.82,D
31.59328,75.044,342.13,0.44,0.39,2026-09-14,0816,N21,nominal,2.0NRT,298.84,6.8,D
8.46493,80.48969,340.88,0.45,0.39,2026-09-14,0809,N21,nominal,2.0NRT,292.74,7.28,D
31.74446,75.0144,343.54,0.44,0.39,2026-09-14,0816,N21,nominal,2.0NRT,296.25,5.87,D
8.46433,80.48563,340.49,0.45,0.39,2026-09-14,0809,N21,nominal,2.0NRT,292.05,5.82,D
31.72132,72.20618,333.23,0.38,0.36,2026-09-14,0816,N21,nominal,2.0NRT,300.02,3.28,D
8.47028,80.50135,343.4,0.45,0.39,2026-09-14,0809,N21,nominal,2.0NRT,294.74,5.08,D
31.73271,72.23336,333.2,0.39,0.36,2026-09-14,0816,N21,nominal,2.0NRT,300.04,2.47,D
8.47323,80.49677,336.04,0.45,0.39,2026-09-14,0809,N21,nominal,2.0NRT,296.74,5.08,D
31.73211,72.22934,333.92,0.38,0.36,2026-09-14,0816,N21,nominal,2.0NRT,300.5,2.47,D
8.47013,80.50246,346.57,0.45,0.39,2026-09-14,0809,N21,nominal,2.0NRT,295,5.79,D
8.4731,80.49786,335.59,0.45,0.39,2026-09-14,0809,N21,nominal,2.0NRT,295.46,5.79,D
31.79522,70.83351,330.03,0.39,0.36,2026-09-14,0816,N21,low,2.0NRT,304.42,2.28,D
8.5051,80.49313,347.17,0.45,0.39,2026-09-14,0809,N21,nominal,2.0NRT,300.71,13.76,D
32.063,72.32934,334.92,0.39,0.36,2026-09-14,0816,N21,nominal,2.0NRT,299.38,5.42,D
8.55264,80.74739,336.11,0.46,0.39,2026-09-14,0809,N21,nominal,2.0NRT,286.19,7.96,D
8.4786,80.21029,336.56,0.44,0.38,2026-09-14,0809,N21,nominal,2.0NRT,297.41,3.96,D
34.30823,73.84632,331.11,0.43,0.38,2026-09-14,0816,N21,nominal,2.0NRT,298.96,4.72,D
8.47579,80.16636,339.11,0.44,0.38,2026-09-14,0809,N21,nominal,2.0NRT,302.56,13.84,D
34.55992,60.66277,340.74,0.33,0.55,2026-09-14,0818,N21,nominal,2.0NRT,309.01,2.83,D
8.53058,80.46856,339.84,0.45,0.39,2026-09-14,0809,N21,nominal,2.0NRT,304.98,9.59,D
36.78347,67.3696,337.71,0.43,0.38,2026-09-14,0818,N21,low,2.0NRT,312.33,3.43,D
8.53295,80.45995,339.29,0.45,0.39,2026-09-14,0809,N21,nominal,2.0NRT,299.66,5.76,D
37.15329,69.17783,334.42,0.39,0.36,2026-09-14,0818,N21,low,2.0NRT,308.22,6.2,D
8.5365,80.45943,345.31,0.45,0.39,2026-09-14,0809,N21,nominal,2.0NRT,303.75,10.56,D
8.5549,80.53573,340.35,0.45,0.39,2026-09-14,0809,N21,nominal,2.0NRT,303.25,7.08,D
8.55661,80.44814,335.28,0.45,0.39,2026-09-14,0809,N21,nominal,2.0NRT,303.51,4.77,D
8.55601,80.44409,339.75,0.45,0.39,2026-09-14,0809,N21,nominal,2.0NRT,304.95,4.77,D
8.69335,80.79222,331.85,0.47,0.4,2026-09-14,0809,N21,nominal,2.0NRT,275.72,2.53,D
8.86101,80.7832,345.87,0.47,0.4,2026-09-14,0809,N21,nominal,2.0NRT,298.46,6.82,D
8.90326,80.76842,333.6,0.47,0.4,2026-09-14,0809,N21,nominal,2.0NRT,289.07,3.16,D
8.90688,80.7679,338.61,0.47,0.4,2026-09-14,0809,N21,nominal,2.0NRT,288.26,5.53,D
8.90627,80.76368,348.64,0.47,0.4,2026-09-14,0809,N21,nominal,2.0NRT,287.38,8.21,D
8.90989,80.76315,344.59,0.47,0.4,2026-09-14,0809,N21,nominal,2.0NRT,289.69,8.21,D
8.92136,80.76579,351.53,0.47,0.4,2026-09-14,0809,N21,nominal,2.0NRT,297.85,23.08,D
8.92622,80.77374,333.46,0.47,0.4,2026-09-14,0809,N21,nominal,2.0NRT,293.59,4.64,D
8.9256,80.7695,347.61,0.47,0.4,2026-09-14,0809,N21,nominal,2.0NRT,294.66,23.08,D
8.93108,80.7817,337.12,0.47,0.4,2026-09-14,0809,N21,nominal,2.0NRT,293,5.71,D
8.92922,80.76898,336.17,0.47,0.4,2026-09-14,0809,N21,nominal,2.0NRT,294.7,6.22,D
8.94154,80.82804,345.38,0.47,0.4,2026-09-14,0809,N21,nominal,2.0NRT,289.98,9.41,D
8.90867,80.52826,339.78,0.46,0.39,2026-09-14,0809,N21,nominal,2.0NRT,289.36,6.85,D
8.94925,80.82346,333.19,0.47,0.4,2026-09-14,0809,N21,nominal,2.0NRT,293.22,3.3,D
8.90779,80.529,337.53,0.46,0.39,2026-09-14,0809,N21,nominal,2.0NRT,288.12,5.55,D
9.47663,80.48464,346.87,0.46,0.39,2026-09-14,0809,N21,nominal,2.0NRT,273.16,8.18,D
9.30373,78.84122,336.92,0.4,0.37,2026-09-14,0809,N21,nominal,2.0NRT,304.34,4.19,D
9.56643,80.3787,338.16,0.46,0.39,2026-09-14,0809,N21,nominal,2.0NRT,288.79,3.57,D
9.38062,78.88095,339.62,0.4,0.37,2026-09-14,0809,N21,nominal,2.0NRT,305.53,8.54,D
9.7207,78.95246,345.23,0.41,0.37,2026-09-14,0809,N21,nominal,2.0NRT,295.89,6.16,D
11.29935,77.66217,330.65,0.39,0.36,2026-09-14,0809,N21,nominal,2.0NRT,294.76,3.07,D
11.66629,79.68321,330.27,0.45,0.39,2026-09-14,0809,N21,nominal,2.0NRT,298.88,2.27,D
11.79338,79.61192,332.96,0.44,0.39,2026-09-14,0809,N21,nominal,2.0NRT,288.99,3.64,D
12.26682,76.79605,332.29,0.38,0.36,2026-09-14,0809,N21,nominal,2.0NRT,299.87,3.22,D
12.42312,77.78984,335.99,0.39,0.36,2026-09-14,0809,N21,nominal,2.0NRT,303.54,4.36,D
12.99763,77.86208,335.1,0.4,0.37,2026-09-14,0809,N21,nominal,2.0NRT,304.58,3,D
12.99095,76.12147,331.14,0.39,0.36,2026-09-14,0809,N21,low,2.0NRT,302.84,2.22,D
13.16683,76.5813,335.04,0.38,0.36,2026-09-14,0809,N21,nominal,2.0NRT,306.08,2.42,D
13.53348,78.51496,347.69,0.42,0.37,2026-09-14,0809,N21,nominal,2.0NRT,309.17,7.88,D
13.53294,78.51118,337.48,0.42,0.37,2026-09-14,0809,N21,nominal,2.0NRT,306.84,7.88,D
13.42161,77.4642,334.5,0.39,0.36,2026-09-14,0809,N21,low,2.0NRT,306.78,3.26,D
13.4731,77.76627,335.67,0.4,0.37,2026-09-14,0809,N21,low,2.0NRT,307.27,10.71,D
13.64809,78.24204,338.14,0.41,0.37,2026-09-14,0809,N21,nominal,2.0NRT,306.6,4.65,D
13.64492,78.19644,338.02,0.41,0.37,2026-09-14,0809,N21,nominal,2.0NRT,306.5,4.52,D
13.348,75.8309,337.24,0.39,0.36,2026-09-14,0809,N21,nominal,2.0NRT,304.49,3.39,D
13.90069,77.41769,340.51,0.39,0.36,2026-09-14,0809,N21,low,2.0NRT,313.18,5.85,D
14.38881,77.89259,347.03,0.41,0.37,2026-09-14,0811,N21,nominal,2.0NRT,312.05,11.93,D
14.33456,77.1802,341.43,0.39,0.36,2026-09-14,0811,N21,low,2.0NRT,314.7,6.65,D
14.39401,76.7361,338.19,0.39,0.36,2026-09-14,0811,N21,nominal,2.0NRT,298.93,3.71,D
14.57093,77.65263,339.33,0.4,0.37,2026-09-14,0811,N21,low,2.0NRT,311.25,7.58,D
14.60417,77.21081,347.9,0.39,0.36,2026-09-14,0811,N21,nominal,2.0NRT,314.56,21.52,D
14.76578,77.70973,342.97,0.4,0.37,2026-09-14,0811,N21,nominal,2.0NRT,312.54,9.17,D
15.4735,79.14938,337.45,0.46,0.39,2026-09-14,0811,N21,nominal,2.0NRT,301.85,8.35,D
15.17755,76.65643,349.76,0.39,0.36,2026-09-14,0811,N21,nominal,2.0NRT,314.61,9.66,D
15.18245,76.66661,337.62,0.39,0.36,2026-09-14,0811,N21,low,2.0NRT,311.24,6.7,D
15.18531,76.6406,337.82,0.39,0.36,2026-09-14,0811,N21,low,2.0NRT,311.38,4.32,D
15.33482,75.16648,338.72,0.39,0.36,2026-09-14,0811,N21,low,2.0NRT,310.56,4.51,D
16.04665,77.64673,336.79,0.41,0.37,2026-09-14,0811,N21,nominal,2.0NRT,305.93,2.74,D
16.25223,78.43003,337.7,0.44,0.38,2026-09-14,0811,N21,nominal,2.0NRT,304.29,5.07,D
15.77641,74.87724,334.34,0.39,0.36,2026-09-14,0811,N21,low,2.0NRT,308.73,1.82,D
16.31508,78.44522,335.18,0.44,0.38,2026-09-14,0811,N21,nominal,2.0NRT,303.8,4.57,D
16.31632,78.44571,337.83,0.44,0.38,2026-09-14,0811,N21,nominal,2.0NRT,302.64,4.15,D
16.40534,78.51965,337.51,0.44,0.38,2026-09-14,0811,N21,nominal,2.0NRT,307.1,8.68,D
16.26444,76.48735,336.42,0.39,0.36,2026-09-14,0811,N21,low,2.0NRT,306.92,3.37,D
16.69091,78.93422,340.91,0.46,0.39,2026-09-14,0811,N21,nominal,2.0NRT,302.56,7.22,D
21.00146,56.53265,351.27,0.52,0.5,2026-09-14,0954,N21,nominal,2.0NRT,308.89,19.69,D
21.00204,56.53126,348.6,0.52,0.5,2026-09-14,0954,N21,nominal,2.0NRT,308.66,19.49,D
21.83343,56.67953,341.12,0.54,0.51,2026-09-14,0954,N21,nominal,2.0NRT,309.34,0.84,D
21.89165,56.84669,339.25,0.56,0.51,2026-09-14,0954,N21,nominal,2.0NRT,308.95,1.33,D
21.93905,57.07316,343.98,0.58,0.52,2026-09-14,0954,N21,nominal,2.0NRT,308.2,2.55,D
22.31474,56.4821,344.48,0.54,0.5,2026-09-14,0954,N21,nominal,2.0NRT,310.43,12.71,D
22.32978,56.49119,344.67,0.54,0.51,2026-09-14,0954,N21,nominal,2.0NRT,309.67,6.94,D
22.40637,56.9874,339.82,0.58,0.52,2026-09-14,0954,N21,nominal,2.0NRT,309.53,5.22,D
22.43985,56.69865,344.65,0.55,0.51,2026-09-14,0954,N21,nominal,2.0NRT,310.8,18.16,D
18.01379,54.57217,349.7,0.54,0.42,2026-09-14,0954,N21,nominal,2.0NRT,313.56,16.09,D
22.88003,55.92877,349.86,0.5,0.49,2026-09-14,0956,N21,nominal,2.0NRT,313.55,6.36,D
18.17503,55.24809,336.47,0.4,0.44,2026-09-14,0954,N21,nominal,2.0NRT,306.01,1.84,D
18.32216,55.10458,344.68,0.39,0.44,2026-09-14,0954,N21,nominal,2.0NRT,308.37,4.81,D
22.87951,55.92391,346.2,0.5,0.49,2026-09-14,0956,N21,nominal,2.0NRT,313.7,2.64,D
18.53004,55.30363,335.46,0.4,0.44,2026-09-14,0954,N21,low,2.0NRT,306.39,1.98,D
22.87325,55.61669,345.29,0.48,0.48,2026-09-14,0956,N21,nominal,2.0NRT,313.76,4.52,D
22.92563,55.80562,346.28,0.49,0.49,2026-09-14,0956,N21,nominal,2.0NRT,315.16,5.22,D
23.19131,55.45942,345.54,0.47,0.48,2026-09-14,0956,N21,nominal,2.0NRT,313.67,4.19,D
24.50495,56.60664,335.49,0.58,0.52,2026-09-14,0956,N21,low,2.0NRT,305.76,6.41,D
24.32682,54.47046,344.52,0.42,0.46,2026-09-14,0956,N21,low,2.0NRT,315.6,16.12,D
27.15891,56.10106,345.52,0.58,0.52,2026-09-14,0956,N21,nominal,2.0NRT,304.2,9.32,D
27.15885,56.1009,345.26,0.58,0.52,2026-09-14,0956,N21,nominal,2.0NRT,304.1,8.1,D
27.16949,56.05834,338.09,0.58,0.52,2026-09-14,0956,N21,nominal,2.0NRT,303.97,5.59,D
27.16896,56.0525,336.38,0.58,0.52,2026-09-14,0956,N21,nominal,2.0NRT,304.22,5.59,D
28.68765,54.3349,344.39,0.47,0.48,2026-09-14,0956,N21,low,2.0NRT,319.29,9.92,D
29.99118,55.85865,342.44,0.61,0.53,2026-09-14,0956,N21,low,2.0NRT,312.68,13.3,D
29.9941,55.85647,342.51,0.61,0.53,2026-09-14,0956,N21,nominal,2.0NRT,313.39,8.3,D
38.33298,57.56242,334.01,0.46,0.63,2026-09-14,1000,N21,nominal,2.0NRT,301.26,2.3,D
39.3223,55.89694,332.1,0.38,0.58,2026-09-14,1000,N21,low,2.0NRT,302.9,1.27,D
39.32681,55.87895,336.06,0.38,0.58,2026-09-14,1000,N21,nominal,2.0NRT,303.41,2.26,D
