latitude,longitude,bright_ti4,scan,track,acq_date,acq_time,satellite,confidence,version,bright_ti5,frp,daynight
24.1202,97.72575,326.17,0.53,0.67,2026-09-07,0559,N,nominal,2.0NRT,288.02,2.89,D
24.23818,97.22869,336.77,0.56,0.69,2026-09-07,0559,N,nominal,2.0NRT,286.42,5.28,D
26.02736,101.72183,335.83,0.55,0.51,2026-09-07,0559,N,nominal,2.0NRT,295.86,3.18,D
26.57707,101.66455,341.76,0.54,0.51,2026-09-07,0559,N,nominal,2.0NRT,296.27,9.93,D
6.32406,81.31542,340.99,0.61,0.53,2026-09-07,0735,N,nominal,2.0NRT,295.59,25.64,D
6.32076,81.31481,341.5,0.61,0.53,2026-09-07,0735,N,nominal,2.0NRT,297.11,21.09,D
6.444,81.11414,343.23,0.63,0.54,2026-09-07,0735,N,nominal,2.0NRT,291.67,6.3,D
6.51343,81.13143,335.3,0.62,0.54,2026-09-07,0735,N,nominal,2.0NRT,296.42,10.95,D
6.51382,81.12917,343.17,0.62,0.54,2026-09-07,0735,N,nominal,2.0NRT,297.22,10.79,D
6.53106,80.93343,334.29,0.32,0.55,2026-09-07,0735,N,nominal,2.0NRT,293.92,3.73,D
6.5893,80.94856,332.15,0.32,0.54,2026-09-07,0735,N,nominal,2.0NRT,296.27,2.86,D
6.70003,81.29023,331.36,0.6,0.53,2026-09-07,0735,N,nominal,2.0NRT,296.23,4.38,D
6.7049,81.28925,330.21,0.6,0.53,2026-09-07,0735,N,nominal,2.0NRT,296.66,4.38,D
6.76087,81.58633,336.22,0.57,0.52,2026-09-07,0735,N,nominal,2.0NRT,298.13,7.77,D
6.7589,81.51694,340.84,0.58,0.52,2026-09-07,0735,N,nominal,2.0NRT,298.46,10.8,D
6.74498,81.37678,337.79,0.59,0.53,2026-09-07,0735,N,nominal,2.0NRT,297.77,6.57,D
6.75885,81.21019,331.64,0.61,0.53,2026-09-07,0735,N,nominal,2.0NRT,296.34,5.23,D
6.77457,81.21329,349.58,0.61,0.53,2026-09-07,0735,N,nominal,2.0NRT,296,53.26,D
6.78047,81.21812,342.93,0.61,0.53,2026-09-07,0735,N,nominal,2.0NRT,292.96,78.55,D
6.77853,81.20697,332.31,0.61,0.53,2026-09-07,0735,N,nominal,2.0NRT,294.03,53.26,D
6.87855,81.58488,340.4,0.57,0.52,2026-09-07,0735,N,nominal,2.0NRT,296.3,5.56,D
6.85036,81.03288,333.88,0.62,0.54,2026-09-07,0735,N,nominal,2.0NRT,291.94,4.92,D
7.08771,81.37367,341.79,0.59,0.53,2026-09-07,0735,N,nominal,2.0NRT,295.94,9.32,D
7.08528,81.37131,340.79,0.59,0.53,2026-09-07,0735,N,nominal,2.0NRT,296.16,8.97,D
7.29372,81.84384,339.38,0.54,0.51,2026-09-07,0735,N,nominal,2.0NRT,298.29,4.05,D
7.29839,81.84305,332.31,0.54,0.51,2026-09-07,0735,N,nominal,2.0NRT,297.79,4.05,D
7.29569,81.84065,342.55,0.54,0.51,2026-09-07,0735,N,nominal,2.0NRT,298.24,3.99,D
7.3135,81.8326,333.78,0.54,0.51,2026-09-07,0735,N,nominal,2.0NRT,297.99,2.39,D
7.46459,81.69308,334.65,0.55,0.51,2026-09-07,0735,N,nominal,2.0NRT,301.78,7.36,D
7.46287,81.61843,340.69,0.56,0.51,2026-09-07,0735,N,nominal,2.0NRT,299.39,7.17,D
7.3791,80.8867,336.19,0.63,0.54,2026-09-07,0735,N,nominal,2.0NRT,292.67,8.22,D
7.54869,81.66566,337.12,0.55,0.51,2026-09-07,0735,N,nominal,2.0NRT,296.67,7.09,D
7.42252,80.93068,341.94,0.62,0.54,2026-09-07,0735,N,nominal,2.0NRT,295.53,10.21,D
7.57874,81.75728,335.71,0.54,0.51,2026-09-07,0735,N,nominal,2.0NRT,296.31,7.28,D
7.59429,81.04045,335.16,0.61,0.53,2026-09-07,0735,N,nominal,2.0NRT,296.69,6.51,D
7.592,81.0443,331.96,0.6,0.53,2026-09-07,0735,N,nominal,2.0NRT,296.52,5.74,D
7.59592,81.03794,334.99,0.6,0.53,2026-09-07,0735,N,nominal,2.0NRT,297.24,4.2,D
8.0528,81.32001,331.26,0.57,0.52,2026-09-07,0735,N,nominal,2.0NRT,295.48,5.47,D
7.88584,80.30496,330.08,0.34,0.56,2026-09-07,0735,N,nominal,2.0NRT,293.09,3.41,D
7.94753,80.4439,333.55,0.33,0.55,2026-09-07,0735,N,nominal,2.0NRT,289.73,5.27,D
7.86117,79.89874,332.15,0.36,0.57,2026-09-07,0735,N,nominal,2.0NRT,290.81,4.85,D
8.07863,80.78094,331.36,0.62,0.54,2026-09-07,0735,N,nominal,2.0NRT,288.14,3.64,D
8.06511,80.64231,330.51,0.63,0.54,2026-09-07,0735,N,nominal,2.0NRT,294.82,9.1,D
8.06398,80.64025,332.58,0.63,0.54,2026-09-07,0735,N,nominal,2.0NRT,294.51,7.53,D
8.06883,80.6097,343.14,0.64,0.54,2026-09-07,0735,N,nominal,2.0NRT,295.07,8.99,D
8.02418,80.36,331.59,0.33,0.55,2026-09-07,0735,N,nominal,2.0NRT,294.65,5.32,D
8.2227,80.97877,333.28,0.6,0.53,2026-09-07,0735,N,nominal,2.0NRT,293.44,5.01,D
8.13301,80.09626,331.97,0.34,0.56,2026-09-07,0735,N,nominal,2.0NRT,291.48,6.31,D
8.13118,80.02525,340.17,0.35,0.56,2026-09-07,0735,N,nominal,2.0NRT,292.88,5.23,D
8.19346,80.10268,351.75,0.34,0.56,2026-09-07,0735,N,nominal,2.0NRT,292.84,5.18,D
8.25063,80.33293,349.05,0.33,0.55,2026-09-07,0735,N,nominal,2.0NRT,294.46,3.86,D
8.26096,80.12309,343.55,0.34,0.56,2026-09-07,0735,N,nominal,2.0NRT,290.9,3.68,D
8.46363,81.11488,351.82,0.58,0.52,2026-09-07,0735,N,nominal,2.0NRT,293.31,11.4,D
8.46348,81.11768,340.22,0.58,0.52,2026-09-07,0735,N,nominal,2.0NRT,293.12,6.74,D
8.46254,81.11243,339.88,0.58,0.52,2026-09-07,0735,N,nominal,2.0NRT,293.17,6.74,D
8.33283,80.27589,341.44,0.33,0.55,2026-09-07,0735,N,nominal,2.0NRT,292.58,3.14,D
8.33792,80.27499,331.57,0.33,0.55,2026-09-07,0735,N,nominal,2.0NRT,291.07,3.14,D
8.3895,80.2097,367,0.33,0.56,2026-09-07,0735,N,high,2.0NRT,295.34,9.34,D
8.38897,80.20666,341.05,0.33,0.56,2026-09-07,0735,N,nominal,2.0NRT,294.14,3.5,D
8.43057,80.38477,331.9,0.32,0.55,2026-09-07,0735,N,nominal,2.0NRT,289.74,1.88,D
8.43337,80.38214,332.28,0.32,0.55,2026-09-07,0735,N,nominal,2.0NRT,292.88,2.14,D
8.46464,80.49741,332.45,0.32,0.54,2026-09-07,0735,N,nominal,2.0NRT,290.59,5.87,D
8.45209,80.22456,332.12,0.33,0.55,2026-09-07,0735,N,nominal,2.0NRT,293.52,2.13,D
8.48152,80.33078,330.11,0.33,0.55,2026-09-07,0735,N,nominal,2.0NRT,293.36,3.22,D
8.55963,80.74296,331.46,0.61,0.53,2026-09-07,0735,N,nominal,2.0NRT,290.23,6.87,D
8.60144,80.83746,341.11,0.6,0.53,2026-09-07,0735,N,nominal,2.0NRT,289.34,9.32,D
8.53558,80.43092,344.56,0.32,0.55,2026-09-07,0735,N,nominal,2.0NRT,291.59,4.6,D
8.50991,80.16398,330.11,0.33,0.56,2026-09-07,0735,N,nominal,2.0NRT,291.81,1.9,D
8.51254,80.16476,338.1,0.33,0.56,2026-09-07,0735,N,nominal,2.0NRT,290.38,2.89,D
8.94396,80.88758,337.97,0.59,0.53,2026-09-07,0737,N,nominal,2.0NRT,290.01,10.05,D
8.94231,80.89068,334.28,0.59,0.53,2026-09-07,0737,N,nominal,2.0NRT,290.41,4.81,D
8.9743,80.81862,332.21,0.59,0.53,2026-09-07,0737,N,nominal,2.0NRT,291.7,8.32,D
9.265,80.71633,334.7,0.6,0.53,2026-09-07,0737,N,nominal,2.0NRT,292.51,7.59,D
12.29138,99.76617,344.08,0.55,0.68,2026-09-07,0737,N,nominal,2.0NRT,289.12,6.84,D
9.17599,77.52721,333.26,0.49,0.65,2026-09-07,0737,N,nominal,2.0NRT,288.8,2.66,D
9.55967,78.24466,336.71,0.43,0.62,2026-09-07,0737,N,nominal,2.0NRT,293.64,2.76,D
10.1291,79.13102,332.12,0.37,0.58,2026-09-07,0737,N,nominal,2.0NRT,295.76,5.25,D
10.76486,79.56414,335.07,0.34,0.56,2026-09-07,0737,N,nominal,2.0NRT,295.31,4.29,D
10.65692,77.37951,330.62,0.47,0.64,2026-09-07,0737,N,nominal,2.0NRT,298.11,4.96,D
14.16603,100.03401,335.02,0.6,0.71,2026-09-07,0737,N,nominal,2.0NRT,285.72,5.23,D
14.17262,100.03335,342.25,0.6,0.71,2026-09-07,0737,N,nominal,2.0NRT,285.5,5.23,D
14.17085,100.03143,329.22,0.6,0.71,2026-09-07,0737,N,nominal,2.0NRT,285.66,4.77,D
12.62981,79.35361,333.59,0.32,0.55,2026-09-07,0737,N,nominal,2.0NRT,297.1,2.88,D
13.29172,78.11819,330.13,0.38,0.59,2026-09-07,0737,N,low,2.0NRT,304.36,2.95,D
13.39129,78.55532,336.72,0.35,0.57,2026-09-07,0737,N,nominal,2.0NRT,298.92,2.84,D
13.39136,78.55396,346.49,0.35,0.57,2026-09-07,0737,N,nominal,2.0NRT,299.5,1.87,D
13.33688,77.90711,341.01,0.39,0.59,2026-09-07,0737,N,nominal,2.0NRT,304.06,4.79,D
13.8661,79.33069,333.82,0.61,0.54,2026-09-07,0737,N,nominal,2.0NRT,294.2,4.15,D
14.0443,80.13178,345.5,0.54,0.51,2026-09-07,0737,N,nominal,2.0NRT,300.87,6.22,D
14.29615,77.58157,330.2,0.39,0.59,2026-09-07,0737,N,nominal,2.0NRT,296.64,4.19,D
14.77676,79.65521,331.62,0.56,0.52,2026-09-07,0737,N,nominal,2.0NRT,292.91,4.63,D
14.47812,77.5274,333.85,0.39,0.6,2026-09-07,0737,N,nominal,2.0NRT,296.59,5.12,D
14.95639,79.64087,339.26,0.56,0.51,2026-09-07,0737,N,nominal,2.0NRT,293.27,7.63,D
14.95541,79.63568,342.98,0.56,0.51,2026-09-07,0737,N,nominal,2.0NRT,294.56,7.63,D
14.89407,79.23284,335.91,0.6,0.53,2026-09-07,0737,N,nominal,2.0NRT,293.91,8.26,D
15.69215,80.01839,334.19,0.51,0.5,2026-09-07,0737,N,nominal,2.0NRT,300.16,4.75,D
15.78737,78.27644,330.57,0.33,0.55,2026-09-07,0737,N,nominal,2.0NRT,295.03,1.5,D
16.1232,79.9809,335.62,0.51,0.49,2026-09-07,0737,N,nominal,2.0NRT,297.28,3.29,D
16.42542,79.45825,334.26,0.54,0.51,2026-09-07,0739,N,nominal,2.0NRT,295.46,4.47,D
16.87874,80.85161,338.45,0.43,0.46,2026-09-07,0739,N,nominal,2.0NRT,295.2,3.28,D
16.90787,79.90573,331.26,0.5,0.49,2026-09-07,0739,N,nominal,2.0NRT,291.63,3.14,D
17.01457,79.93188,334.31,0.49,0.49,2026-09-07,0739,N,nominal,2.0NRT,292.52,4.75,D
17.60496,83.18684,331.71,0.47,0.4,2026-09-07,0739,N,low,2.0NRT,299.65,5.71,D
17.9126,83.45437,330.09,0.45,0.39,2026-09-07,0739,N,low,2.0NRT,298.6,5.26,D
19.10229,82.16896,330.22,0.5,0.41,2026-09-07,0739,N,low,2.0NRT,298.74,7.63,D
21.236,94.84895,367,0.34,0.56,2026-09-07,0739,N,high,2.0NRT,291.95,12.41,D
21.23763,94.84933,367,0.34,0.56,2026-09-07,0739,N,high,2.0NRT,291.67,10.69,D
20.76041,85.29862,335.93,0.39,0.36,2026-09-07,0739,N,nominal,2.0NRT,300.8,6.35,D
20.78744,85.25918,333.19,0.39,0.36,2026-09-07,0739,N,nominal,2.0NRT,300.43,7.26,D
20.79349,85.25431,339.1,0.39,0.36,2026-09-07,0739,N,nominal,2.0NRT,301.49,11.19,D
20.80732,85.25565,336.42,0.39,0.36,2026-09-07,0739,N,nominal,2.0NRT,300.85,7.38,D
20.96409,86.00706,339.73,0.38,0.36,2026-09-07,0739,N,nominal,2.0NRT,300.76,8.78,D
20.96964,86.0212,330.75,0.38,0.36,2026-09-07,0739,N,nominal,2.0NRT,299.51,4.31,D
20.96852,86.01384,335.31,0.38,0.36,2026-09-07,0739,N,nominal,2.0NRT,301.63,5.93,D
20.97015,86.00223,336.57,0.38,0.36,2026-09-07,0739,N,nominal,2.0NRT,300.55,5.31,D
20.97402,86.00534,335.32,0.38,0.36,2026-09-07,0739,N,nominal,2.0NRT,300.01,4.11,D
20.86444,84.99381,340.65,0.39,0.36,2026-09-07,0739,N,nominal,2.0NRT,299.45,8.19,D
20.86386,84.9901,341.59,0.39,0.36,2026-09-07,0739,N,nominal,2.0NRT,299.56,3.53,D
20.86327,84.98638,332.71,0.39,0.36,2026-09-07,0739,N,nominal,2.0NRT,296.58,3.53,D
20.87168,84.99634,343.09,0.39,0.36,2026-09-07,0739,N,nominal,2.0NRT,298.42,8.12,D
20.88653,84.98221,332.89,0.39,0.36,2026-09-07,0739,N,nominal,2.0NRT,299.3,6.25,D
20.88985,84.98161,330.49,0.39,0.36,2026-09-07,0739,N,nominal,2.0NRT,297.96,3.52,D
20.96211,85.18645,330.4,0.39,0.36,2026-09-07,0739,N,nominal,2.0NRT,296.72,5.82,D
20.97089,85.17728,336.28,0.39,0.36,2026-09-07,0739,N,nominal,2.0NRT,297.87,5.21,D
20.9703,85.17357,342.39,0.39,0.36,2026-09-07,0739,N,nominal,2.0NRT,298.79,5.21,D
20.97693,85.17239,330.76,0.39,0.36,2026-09-07,0739,N,nominal,2.0NRT,297.63,3.85,D
21.6799,84.03884,331.65,0.4,0.37,2026-09-07,0739,N,low,2.0NRT,299.85,3.63,D
21.76809,84.01927,330.61,0.4,0.37,2026-09-07,0739,N,low,2.0NRT,299.44,7.95,D
21.74611,83.84345,340.17,0.41,0.37,2026-09-07,0739,N,low,2.0NRT,300.69,12.68,D
21.74949,83.84281,341.41,0.41,0.37,2026-09-07,0739,N,low,2.0NRT,300.15,11.39,D
21.7569,83.84543,336.81,0.41,0.37,2026-09-07,0739,N,low,2.0NRT,299.79,7.87,D
21.76431,83.84805,333.67,0.41,0.37,2026-09-07,0739,N,low,2.0NRT,296.86,5.12,D
21.80306,83.89296,335.17,0.4,0.37,2026-09-07,0739,N,low,2.0NRT,299.72,5.38,D
23.62771,96.60427,326.64,0.46,0.64,2026-09-07,0739,N,nominal,2.0NRT,287.93,2.94,D
22.20925,84.86183,337.56,0.39,0.36,2026-09-07,0739,N,nominal,2.0NRT,297.82,3.47,D
23.508,94.00916,331.11,0.63,0.54,2026-09-07,0739,N,nominal,2.0NRT,290.81,6.81,D
22.57151,85.89799,330.51,0.39,0.36,2026-09-07,0739,N,nominal,2.0NRT,299.25,4.01,D
22.57482,85.89742,331.58,0.39,0.36,2026-09-07,0739,N,nominal,2.0NRT,297.26,3.54,D
22.57426,85.89369,339.35,0.39,0.36,2026-09-07,0739,N,nominal,2.0NRT,297.88,3.54,D
22.3571,82.30258,336.1,0.45,0.39,2026-09-07,0739,N,low,2.0NRT,298.18,10.02,D
23.67601,86.39903,332.82,0.39,0.37,2026-09-07,0739,N,nominal,2.0NRT,298.25,4.45,D
23.67936,86.39845,332.32,0.39,0.37,2026-09-07,0739,N,nominal,2.0NRT,297.7,4.45,D
23.6855,86.39344,345.21,0.39,0.37,2026-09-07,0739,N,nominal,2.0NRT,298.93,8.43,D
23.71457,86.45176,333.91,0.4,0.37,2026-09-07,0739,N,nominal,2.0NRT,296.78,5.65,D
23.73637,86.43615,338.87,0.4,0.37,2026-09-07,0739,N,nominal,2.0NRT,299.15,3.06,D
23.73581,86.43229,331.95,0.4,0.37,2026-09-07,0739,N,nominal,2.0NRT,297.04,3.06,D
23.73973,86.43557,332.5,0.4,0.37,2026-09-07,0739,N,nominal,2.0NRT,297.34,3.06,D
23.75722,86.40472,333.45,0.39,0.37,2026-09-07,0739,N,nominal,2.0NRT,296.78,2.85,D
23.76057,86.40414,334.9,0.39,0.37,2026-09-07,0739,N,nominal,2.0NRT,296.73,2.85,D
23.79465,86.35478,332.56,0.39,0.36,2026-09-07,0739,N,nominal,2.0NRT,292.41,1.86,D
23.80133,86.32993,335.05,0.39,0.36,2026-09-07,0739,N,nominal,2.0NRT,297.07,4.15,D
23.80467,86.32935,343.5,0.39,0.36,2026-09-07,0739,N,nominal,2.0NRT,297.8,4.15,D
25.97929,93.56585,331.22,0.63,0.54,2026-09-07,0739,N,nominal,2.0NRT,291.4,3.67,D
30.68413,73.86338,333.71,0.62,0.54,2026-09-07,0744,N,nominal,2.0NRT,295.36,5.51,D
31.25838,74.14626,331.24,0.58,0.52,2026-09-07,0744,N,nominal,2.0NRT,300.47,3.55,D
36.9642,81.34764,341.74,0.38,0.36,2026-09-07,0744,N,nominal,2.0NRT,308.38,3.38,D
36.96354,81.34337,347.42,0.38,0.36,2026-09-07,0744,N,nominal,2.0NRT,307.76,3.38,D
36.96814,81.35114,345.61,0.38,0.36,2026-09-07,0744,N,nominal,2.0NRT,309.41,2.94,D
36.97208,81.35461,339.6,0.38,0.36,2026-09-07,0744,N,low,2.0NRT,311.13,2.94,D
36.97143,81.35034,339.76,0.38,0.36,2026-09-07,0744,N,nominal,2.0NRT,308.74,2.94,D
37.2041,79.3972,351.54,0.4,0.37,2026-09-07,0744,N,nominal,2.0NRT,305.02,4.35,D
37.20744,79.3963,338.92,0.4,0.37,2026-09-07,0744,N,nominal,2.0NRT,302.29,3.43,D
37.3055,79.85246,340.7,0.39,0.37,2026-09-07,0744,N,nominal,2.0NRT,306.31,4.01,D
37.30476,79.84806,342.98,0.39,0.37,2026-09-07,0744,N,nominal,2.0NRT,305.34,2.87,D
37.30882,79.8516,355.19,0.39,0.37,2026-09-07,0744,N,nominal,2.0NRT,305.26,4.01,D
37.30808,79.8472,345.45,0.39,0.37,2026-09-07,0744,N,nominal,2.0NRT,306.36,2.87,D
37.35559,79.58285,339.82,0.4,0.37,2026-09-07,0744,N,nominal,2.0NRT,300.62,4.03,D
37.35484,79.57841,332.1,0.4,0.37,2026-09-07,0744,N,nominal,2.0NRT,299.56,1.51,D
37.30479,78.87843,367,0.41,0.37,2026-09-07,0744,N,high,2.0NRT,302.27,7.41,D
37.46359,79.77168,348.23,0.39,0.37,2026-09-07,0744,N,nominal,2.0NRT,307.81,5.89,D
37.45432,79.68748,339.41,0.4,0.37,2026-09-07,0744,N,nominal,2.0NRT,303.7,3.46,D
37.31368,78.85327,337.2,0.41,0.37,2026-09-07,0744,N,nominal,2.0NRT,302.18,3.28,D
37.31287,78.84867,344.85,0.41,0.37,2026-09-07,0744,N,nominal,2.0NRT,303.16,3.28,D
37.33726,78.96696,337.59,0.41,0.37,2026-09-07,0744,N,nominal,2.0NRT,301.74,2.84,D
37.47801,79.74587,339.62,0.4,0.37,2026-09-07,0744,N,nominal,2.0NRT,308.25,2.29,D
35.82621,68.37363,333.69,0.47,0.64,2026-09-07,0744,N,nominal,2.0NRT,302.64,1.69,D
35.8244,68.37402,331.82,0.47,0.64,2026-09-07,0744,N,nominal,2.0NRT,301.58,1.06,D
39.77025,78.54444,330.57,0.4,0.37,2026-09-07,0746,N,low,2.0NRT,301.7,1.54,D
38.04865,67.26721,344.98,0.46,0.64,2026-09-07,0746,N,nominal,2.0NRT,313.22,5.52,D
38.04723,67.26222,345.99,0.46,0.64,2026-09-07,0746,N,nominal,2.0NRT,314.19,5.52,D
38.05435,67.26503,340.12,0.46,0.64,2026-09-07,0746,N,nominal,2.0NRT,311.72,5.52,D
38.05296,67.2601,342.68,0.46,0.64,2026-09-07,0746,N,nominal,2.0NRT,312,5.52,D
18.0147,54.57373,344.77,0.47,0.48,2026-09-07,0920,N,nominal,2.0NRT,306.66,12.59,D
18.01388,54.56931,344,0.47,0.48,2026-09-07,0920,N,nominal,2.0NRT,305.79,8.44,D
18.01373,54.57035,346.54,0.47,0.48,2026-09-07,0920,N,nominal,2.0NRT,308.19,13.87,D
24.80595,68.12324,354.71,0.61,0.53,2026-09-07,0922,N,nominal,2.0NRT,301,28.36,D
25.29603,68.12163,341.06,0.62,0.54,2026-09-07,0922,N,nominal,2.0NRT,306.47,4.74,D
24.50612,56.60909,341.69,0.44,0.38,2026-09-07,0922,N,low,2.0NRT,309.55,14.48,D
24.51068,54.01731,331.72,0.39,0.44,2026-09-07,0922,N,nominal,2.0NRT,302.23,2.07,D
27.16079,56.10253,345.92,0.43,0.38,2026-09-07,0924,N,nominal,2.0NRT,305.83,8.08,D
33.20423,70.47748,347.8,0.51,0.66,2026-09-07,0924,N,nominal,2.0NRT,298.83,6.6,D
33.20913,70.47443,343.24,0.51,0.66,2026-09-07,0924,N,nominal,2.0NRT,298.42,4.15,D
37.11687,62.36584,349.3,0.4,0.44,2026-09-07,0926,N,nominal,2.0NRT,323.74,6.45,D
37.12094,62.36523,347.37,0.4,0.44,2026-09-07,0926,N,low,2.0NRT,322.05,6.45,D
37.48664,66.02962,335.92,0.63,0.54,2026-09-07,0926,N,low,2.0NRT,310.15,2.7,D
37.42297,62.31302,340.34,0.4,0.44,2026-09-07,0926,N,low,2.0NRT,311.9,1.91,D
37.61894,62.13989,347.04,0.39,0.44,2026-09-07,0926,N,nominal,2.0NRT,315.8,4.29,D
36.99209,54.63318,335.02,0.39,0.36,2026-09-07,0926,N,low,2.0NRT,308.78,4.58,D
37.05225,54.59932,331.84,0.39,0.36,2026-09-07,0926,N,low,2.0NRT,303.52,1.05,D
37.20073,55.21973,336.1,0.39,0.36,2026-09-07,0926,N,low,2.0NRT,309.09,2.7,D
37.3748,55.43751,338.48,0.39,0.36,2026-09-07,0926,N,nominal,2.0NRT,301.97,3.56,D
38.17025,57.9952,338.42,0.41,0.37,2026-09-07,0926,N,low,2.0NRT,312.6,4.93,D
38.66208,57.02566,334.49,0.4,0.37,2026-09-07,0926,N,low,2.0NRT,308.45,2.78,D
38.71053,56.85618,335.23,0.39,0.36,2026-09-07,0926,N,low,2.0NRT,307.23,1.47,D
38.64891,54.28272,341.77,0.39,0.36,2026-09-07,0926,N,nominal,2.0NRT,310.28,5.23,D
38.67861,54.31656,335.31,0.39,0.36,2026-09-07,0926,N,low,2.0NRT,308.09,1.12,D
38.68049,54.31716,345.72,0.39,0.36,2026-09-07,0926,N,nominal,2.0NRT,308.67,3.07,D
8.08863,99.99072,318.82,0.58,0.52,2026-09-07,1832,N,nominal,2.0NRT,286.63,1.93,N
8.08789,99.99599,304.47,0.58,0.52,2026-09-07,1832,N,nominal,2.0NRT,286.15,1.93,N
8.0838,99.99001,309.41,0.58,0.52,2026-09-07,1832,N,nominal,2.0NRT,286.5,2.01,N
8.00825,100.11228,300.7,0.56,0.52,2026-09-07,1832,N,nominal,2.0NRT,279.45,1.95,N
8.00845,100.11074,299.14,0.56,0.52,2026-09-07,1832,N,nominal,2.0NRT,278.35,1.23,N
27.49982,101.37783,297.94,0.41,0.61,2026-09-07,1826,N,nominal,2.0NRT,285.98,0.63,N
25.06535,101.57114,299.63,0.38,0.58,2026-09-07,1826,N,nominal,2.0NRT,286.35,0.7,N
12.09858,76.79456,305.69,0.47,0.48,2026-09-07,2012,N,nominal,2.0NRT,290.83,0.66,N
12.09417,76.79395,302.15,0.47,0.48,2026-09-07,2012,N,nominal,2.0NRT,290.74,0.63,N
12.09841,76.79625,302.32,0.47,0.48,2026-09-07,2012,N,nominal,2.0NRT,290.88,0.49,N
12.09401,76.79564,301.72,0.47,0.48,2026-09-07,2012,N,nominal,2.0NRT,290.69,0.55,N
32.30096,74.31669,305.12,0.57,0.69,2026-09-07,2006,N,nominal,2.0NRT,291.62,1.27,N
11.81668,77.91529,307.02,0.4,0.44,2026-09-07,2012,N,nominal,2.0NRT,294.26,1.54,N
31.3671,76.35385,311.15,0.43,0.62,2026-09-07,2006,N,nominal,2.0NRT,289.99,2.46,N
11.77049,76.9417,304.84,0.46,0.47,2026-09-07,2012,N,nominal,2.0NRT,290.95,0.87,N
27.3751,95.3355,307.7,0.56,0.52,2026-09-07,2008,N,nominal,2.0NRT,288.08,0.94,N
11.76615,76.94112,305.83,0.46,0.47,2026-09-07,2012,N,nominal,2.0NRT,290.12,0.87,N
11.26702,80.00352,321.1,0.45,0.39,2026-09-07,2012,N,nominal,2.0NRT,293.9,1.08,N
27.32445,95.27393,304.83,0.56,0.51,2026-09-07,2008,N,nominal,2.0NRT,287.95,1.4,N
10.82689,78.8291,313.7,0.51,0.41,2026-09-07,2012,N,nominal,2.0NRT,294.42,2.11,N
27.32268,95.27859,305.5,0.56,0.51,2026-09-07,2008,N,nominal,2.0NRT,288.17,0.88,N
10.61566,77.41953,310.47,0.41,0.45,2026-09-07,2012,N,nominal,2.0NRT,293.93,0.66,N
29.91,74.94514,367,0.5,0.66,2026-09-07,2008,N,high,2.0NRT,291.13,10.9,N
8.29047,80.20461,309.31,0.42,0.37,2026-09-07,2014,N,nominal,2.0NRT,292.58,1.76,N
8.12139,80.80746,322.93,0.4,0.37,2026-09-07,2014,N,nominal,2.0NRT,293.97,12.29,N
29.91032,74.93981,303.98,0.5,0.66,2026-09-07,2008,N,nominal,2.0NRT,290.29,10.9,N
8.11801,80.80695,347.32,0.4,0.37,2026-09-07,2014,N,nominal,2.0NRT,297.84,12.29,N
29.90967,74.95046,307.94,0.5,0.66,2026-09-07,2008,N,nominal,2.0NRT,290.62,6.63,N
8.11745,80.81055,347.58,0.4,0.37,2026-09-07,2014,N,nominal,2.0NRT,302.93,38.76,N
25.53732,100.57972,297.96,0.64,0.72,2026-09-07,2008,N,nominal,2.0NRT,284.96,0.82,N
8.11519,80.8028,345.81,0.4,0.37,2026-09-07,2014,N,nominal,2.0NRT,296.53,19.51,N
8.11463,80.80643,367,0.4,0.37,2026-09-07,2014,N,high,2.0NRT,297.28,19.51,N
26.77367,94.50772,303.98,0.52,0.5,2026-09-07,2008,N,nominal,2.0NRT,287.53,1.96,N
8.11407,80.81003,332.23,0.4,0.37,2026-09-07,2014,N,nominal,2.0NRT,293.94,3.72,N
28.85041,77.14855,306.37,0.36,0.57,2026-09-07,2008,N,nominal,2.0NRT,292.68,0.72,N
7.14724,80.04165,303.88,0.41,0.37,2026-09-07,2014,N,nominal,2.0NRT,282.77,0.47,N
28.66099,77.57737,306.46,0.34,0.56,2026-09-07,2008,N,nominal,2.0NRT,293.34,0.67,N
6.23024,81.13094,320.47,0.39,0.36,2026-09-07,2014,N,nominal,2.0NRT,293.28,1.34,N
28.37362,77.22543,312.87,0.35,0.57,2026-09-07,2008,N,nominal,2.0NRT,292.68,0.97,N
28.34664,77.22958,305.33,0.35,0.57,2026-09-07,2008,N,nominal,2.0NRT,292.45,0.56,N
23.76423,86.39191,297.67,0.39,0.36,2026-09-07,2008,N,nominal,2.0NRT,280.38,1.12,N
23.77234,86.19652,315.34,0.38,0.36,2026-09-07,2008,N,nominal,2.0NRT,290.2,2.42,N
23.75589,85.85011,304.3,0.38,0.36,2026-09-07,2008,N,nominal,2.0NRT,288.83,0.66,N
24.20514,82.71014,308.99,0.46,0.39,2026-09-07,2008,N,nominal,2.0NRT,287.9,1.6,N
24.20153,82.7096,305.27,0.46,0.39,2026-09-07,2008,N,nominal,2.0NRT,287.83,1.32,N
24.2045,82.70778,304.64,0.46,0.39,2026-09-07,2008,N,nominal,2.0NRT,287.58,1.22,N
23.69606,86.07864,306.71,0.38,0.36,2026-09-07,2008,N,nominal,2.0NRT,286.25,2.29,N
24.1812,82.66249,307.03,0.46,0.39,2026-09-07,2008,N,nominal,2.0NRT,286.44,1.4,N
24.14507,82.65659,301.21,0.46,0.39,2026-09-07,2008,N,nominal,2.0NRT,284.54,0.69,N
24.13551,82.59011,313.35,0.46,0.39,2026-09-07,2008,N,nominal,2.0NRT,286.91,2.22,N
24.76122,74.60571,303.2,0.47,0.64,2026-09-07,2008,N,nominal,2.0NRT,290.66,1.01,N
24.76444,74.60759,305.29,0.47,0.64,2026-09-07,2008,N,nominal,2.0NRT,291.17,1.01,N
22.37614,87.27805,304.92,0.4,0.37,2026-09-07,2008,N,nominal,2.0NRT,279.82,1.63,N
22.36546,87.30004,318.07,0.4,0.37,2026-09-07,2008,N,nominal,2.0NRT,287.62,2.53,N
22.36481,87.30393,307.46,0.4,0.37,2026-09-07,2008,N,nominal,2.0NRT,288.09,1.06,N
22.35666,87.2903,307.49,0.4,0.37,2026-09-07,2008,N,nominal,2.0NRT,287.22,1.66,N
22.21537,84.8685,311.14,0.39,0.36,2026-09-07,2008,N,nominal,2.0NRT,291.15,1.97,N
22.21147,84.87166,321.25,0.39,0.36,2026-09-07,2008,N,nominal,2.0NRT,291.36,2.21,N
22.2109,84.8754,332.48,0.39,0.36,2026-09-07,2008,N,nominal,2.0NRT,292.05,2.44,N
22.21262,84.86417,306.93,0.39,0.36,2026-09-07,2008,N,nominal,2.0NRT,291.9,1.38,N
22.21205,84.86791,317.55,0.39,0.36,2026-09-07,2008,N,nominal,2.0NRT,291.13,2.21,N
22.21032,84.87914,311.4,0.39,0.36,2026-09-07,2008,N,nominal,2.0NRT,291.41,2.44,N
22.2093,84.86359,310.79,0.39,0.36,2026-09-07,2008,N,nominal,2.0NRT,292.15,1.38,N
22.20656,84.85925,306.99,0.39,0.36,2026-09-07,2008,N,nominal,2.0NRT,291.38,1.63,N
22.33097,82.60513,320.14,0.45,0.39,2026-09-07,2008,N,nominal,2.0NRT,289.97,2.59,N
22.32993,82.53404,306.15,0.45,0.39,2026-09-07,2008,N,nominal,2.0NRT,289.93,1.51,N
22.32211,82.59047,312.49,0.45,0.39,2026-09-07,2008,N,nominal,2.0NRT,289.68,2.42,N
22.35786,82.30437,321.87,0.46,0.39,2026-09-07,2008,N,nominal,2.0NRT,291.04,2.03,N
22.35847,82.2999,306.3,0.46,0.39,2026-09-07,2008,N,nominal,2.0NRT,289.92,1.81,N
22.35425,82.30378,306.13,0.46,0.39,2026-09-07,2008,N,nominal,2.0NRT,290.06,1.04,N
22.321,82.54596,306.64,0.45,0.39,2026-09-07,2008,N,nominal,2.0NRT,290.35,2.18,N
22.31859,82.56335,316,0.45,0.39,2026-09-07,2008,N,nominal,2.0NRT,290.56,3.61,N
22.31799,82.5677,310.21,0.45,0.39,2026-09-07,2008,N,nominal,2.0NRT,290.26,2.46,N
21.92332,85.22227,300.52,0.38,0.36,2026-09-07,2008,N,nominal,2.0NRT,287.2,1.07,N
22.31507,82.53609,304.74,0.45,0.39,2026-09-07,2008,N,nominal,2.0NRT,289.46,2.33,N
22.06517,83.70693,303.72,0.41,0.37,2026-09-07,2008,N,nominal,2.0NRT,278.88,0.88,N
22.04016,83.73492,307.47,0.41,0.37,2026-09-07,2008,N,nominal,2.0NRT,288.43,1.77,N
22.03734,83.73043,309.51,0.41,0.37,2026-09-07,2008,N,nominal,2.0NRT,288.19,1.29,N
22.03677,83.73435,305.64,0.41,0.37,2026-09-07,2008,N,nominal,2.0NRT,288.32,1.03,N
22.02825,83.74499,304.38,0.41,0.37,2026-09-07,2008,N,nominal,2.0NRT,287.59,0.63,N
22.01691,83.75108,305.81,0.41,0.37,2026-09-07,2008,N,nominal,2.0NRT,289.89,1.19,N
22.01634,83.75499,307.63,0.41,0.37,2026-09-07,2008,N,nominal,2.0NRT,290.06,0.97,N
22.01295,83.75442,307.61,0.41,0.37,2026-09-07,2008,N,nominal,2.0NRT,289.52,1.24,N
22.09291,83.12337,306.99,0.42,0.38,2026-09-07,2008,N,nominal,2.0NRT,289.74,0.8,N
22.09159,83.12476,306.26,0.42,0.38,2026-09-07,2008,N,nominal,2.0NRT,289.68,1.03,N
22.03775,83.34901,309.61,0.42,0.37,2026-09-07,2008,N,nominal,2.0NRT,288.74,0.81,N
22.03716,83.35303,312.58,0.42,0.37,2026-09-07,2008,N,nominal,2.0NRT,289.7,1.48,N
21.9652,83.77157,306.37,0.4,0.37,2026-09-07,2010,N,nominal,2.0NRT,290.43,2.53,N
21.89918,83.98308,306.18,0.4,0.37,2026-09-07,2010,N,nominal,2.0NRT,291.3,0.95,N
21.98612,83.36504,300.36,0.42,0.37,2026-09-07,2010,N,nominal,2.0NRT,281.05,0.33,N
21.98398,83.23223,319.49,0.42,0.38,2026-09-07,2010,N,nominal,2.0NRT,291.08,2.75,N
21.85923,83.96523,308.62,0.4,0.37,2026-09-07,2010,N,nominal,2.0NRT,291.63,0.83,N
21.92392,83.3393,303.36,0.42,0.37,2026-09-07,2010,N,nominal,2.0NRT,283.07,2.13,N
21.92216,83.35136,317.07,0.42,0.37,2026-09-07,2010,N,nominal,2.0NRT,280.68,1.83,N
21.91931,83.34677,297.63,0.42,0.37,2026-09-07,2010,N,nominal,2.0NRT,277.3,0.42,N
21.91873,83.35078,315.86,0.42,0.37,2026-09-07,2010,N,nominal,2.0NRT,280.18,2.05,N
21.81696,83.99355,306.84,0.4,0.37,2026-09-07,2010,N,nominal,2.0NRT,291.28,0.75,N
22.00529,82.67177,309.98,0.44,0.38,2026-09-07,2010,N,nominal,2.0NRT,290.83,1.72,N
21.87935,83.54838,305.36,0.41,0.37,2026-09-07,2010,N,nominal,2.0NRT,289.86,0.9,N
21.87819,83.55629,312.48,0.41,0.37,2026-09-07,2010,N,nominal,2.0NRT,290.32,1.08,N
22.00236,82.66692,307.92,0.44,0.38,2026-09-07,2010,N,nominal,2.0NRT,290.1,1.44,N
21.87663,83.49507,309.03,0.41,0.37,2026-09-07,2010,N,nominal,2.0NRT,288.8,1.13,N
21.79338,83.98951,306.09,0.4,0.37,2026-09-07,2010,N,nominal,2.0NRT,291.23,0.6,N
21.80094,83.89191,326.63,0.4,0.37,2026-09-07,2010,N,nominal,2.0NRT,291.58,2.65,N
21.79533,83.883,311.63,0.4,0.37,2026-09-07,2010,N,nominal,2.0NRT,291.24,1.36,N
21.77139,84.02124,311.41,0.4,0.37,2026-09-07,2010,N,nominal,2.0NRT,291.93,1.75,N
21.76802,84.02066,313.33,0.4,0.37,2026-09-07,2010,N,nominal,2.0NRT,292.35,1.75,N
21.76745,84.0245,307.62,0.4,0.37,2026-09-07,2010,N,nominal,2.0NRT,291.2,1.41,N
21.76466,84.02008,320.86,0.4,0.37,2026-09-07,2010,N,nominal,2.0NRT,292.87,2.32,N
21.76129,84.0195,313.8,0.4,0.37,2026-09-07,2010,N,nominal,2.0NRT,292.64,2.32,N
21.75399,84.02219,317.94,0.4,0.37,2026-09-07,2010,N,nominal,2.0NRT,291.76,3.68,N
21.76164,83.84987,334.32,0.4,0.37,2026-09-07,2010,N,nominal,2.0NRT,292.75,3.5,N
21.76222,83.846,309.75,0.4,0.37,2026-09-07,2010,N,nominal,2.0NRT,291.65,2.05,N
21.75941,83.84155,311.83,0.4,0.37,2026-09-07,2010,N,nominal,2.0NRT,291.99,2.61,N
21.75546,83.84485,329.97,0.4,0.37,2026-09-07,2010,N,nominal,2.0NRT,292.96,2.61,N
21.75611,83.81718,306.86,0.4,0.37,2026-09-07,2010,N,nominal,2.0NRT,290.94,0.93,N
21.75208,83.84428,307.52,0.4,0.37,2026-09-07,2010,N,nominal,2.0NRT,291.4,4,N
21.74869,83.84371,336.84,0.4,0.37,2026-09-07,2010,N,nominal,2.0NRT,293.31,4,N
21.74531,83.84315,338.03,0.4,0.37,2026-09-07,2010,N,nominal,2.0NRT,292.28,4.75,N
21.74192,83.84258,325.8,0.4,0.37,2026-09-07,2010,N,nominal,2.0NRT,292.67,4.75,N
21.73854,83.84201,316.37,0.4,0.37,2026-09-07,2010,N,nominal,2.0NRT,292.56,2.04,N
21.68114,84.04147,313.58,0.4,0.37,2026-09-07,2010,N,nominal,2.0NRT,292.82,3.14,N
21.67835,84.03706,320.73,0.4,0.37,2026-09-07,2010,N,nominal,2.0NRT,292.25,3.35,N
21.62202,81.79386,306.19,0.48,0.4,2026-09-07,2010,N,nominal,2.0NRT,290.65,1.91,N
21.07928,85.03306,314.21,0.38,0.36,2026-09-07,2010,N,nominal,2.0NRT,292.67,1.11,N
21.0787,85.03674,316.31,0.38,0.36,2026-09-07,2010,N,nominal,2.0NRT,293.7,2.19,N
21.07755,85.0441,308.45,0.38,0.36,2026-09-07,2010,N,nominal,2.0NRT,292.47,0.69,N
21.07539,85.03615,308.1,0.38,0.36,2026-09-07,2010,N,nominal,2.0NRT,293.45,2.14,N
21.07424,85.04351,312.01,0.38,0.36,2026-09-07,2010,N,nominal,2.0NRT,292.07,0.97,N
21.07366,85.0472,309.46,0.38,0.36,2026-09-07,2010,N,nominal,2.0NRT,292.21,0.97,N
21.48734,81.77048,309.42,0.48,0.4,2026-09-07,2010,N,nominal,2.0NRT,290.85,1.97,N
20.97629,85.1702,324.85,0.38,0.36,2026-09-07,2010,N,nominal,2.0NRT,291.95,1.94,N
20.97571,85.17388,312.16,0.38,0.36,2026-09-07,2010,N,nominal,2.0NRT,291.39,1.94,N
20.97878,85.13287,307.81,0.38,0.36,2026-09-07,2010,N,nominal,2.0NRT,292.27,1.91,N
20.9782,85.13654,316.87,0.38,0.36,2026-09-07,2010,N,nominal,2.0NRT,292.36,1.91,N
20.97183,85.17696,313.68,0.38,0.36,2026-09-07,2010,N,nominal,2.0NRT,291.68,2.79,N
20.9691,85.1727,330.17,0.38,0.36,2026-09-07,2010,N,nominal,2.0NRT,292.4,5.18,N
20.96852,85.17638,337.27,0.38,0.36,2026-09-07,2010,N,nominal,2.0NRT,292.39,2.79,N
20.96869,85.15373,335.81,0.38,0.36,2026-09-07,2010,N,nominal,2.0NRT,292.72,5.77,N
20.96348,85.18681,335.02,0.38,0.36,2026-09-07,2010,N,nominal,2.0NRT,292.68,2.11,N
20.9629,85.19048,322.56,0.38,0.36,2026-09-07,2010,N,nominal,2.0NRT,292.72,3.35,N
20.96638,85.16843,314.01,0.38,0.36,2026-09-07,2010,N,nominal,2.0NRT,291.93,1.54,N
20.9658,85.17211,307.3,0.38,0.36,2026-09-07,2010,N,nominal,2.0NRT,291.47,1.54,N
20.96464,85.17946,306.97,0.38,0.36,2026-09-07,2010,N,nominal,2.0NRT,291.42,1.78,N
20.96406,85.18313,309.94,0.38,0.36,2026-09-07,2010,N,nominal,2.0NRT,291.29,2.11,N
20.96307,85.16784,322.16,0.38,0.36,2026-09-07,2010,N,nominal,2.0NRT,292.43,1.54,N
20.96249,85.17152,322.78,0.38,0.36,2026-09-07,2010,N,nominal,2.0NRT,292.1,1.54,N
20.96423,85.16049,310.36,0.38,0.36,2026-09-07,2010,N,nominal,2.0NRT,291.45,2.96,N
20.96191,85.17519,308.15,0.38,0.36,2026-09-07,2010,N,nominal,2.0NRT,291.84,1.78,N
20.96017,85.18622,311.27,0.38,0.36,2026-09-07,2010,N,nominal,2.0NRT,291.32,2.11,N
20.95701,85.01184,311.63,0.38,0.36,2026-09-07,2010,N,nominal,2.0NRT,293.53,3.02,N
21.37708,81.68069,310.66,0.48,0.4,2026-09-07,2010,N,nominal,2.0NRT,292.12,2.95,N
20.88759,84.98129,333.47,0.38,0.36,2026-09-07,2010,N,nominal,2.0NRT,292.81,1.57,N
21.37473,81.64243,307.36,0.48,0.4,2026-09-07,2010,N,nominal,2.0NRT,291.31,1.67,N
20.88702,84.98495,310.15,0.38,0.36,2026-09-07,2010,N,nominal,2.0NRT,292.78,1.57,N
20.88428,84.9807,320.52,0.38,0.36,2026-09-07,2010,N,nominal,2.0NRT,292.25,1.57,N
20.88371,84.98437,311.78,0.38,0.36,2026-09-07,2010,N,nominal,2.0NRT,292.57,1.57,N
20.87148,84.99731,316.29,0.38,0.36,2026-09-07,2010,N,nominal,2.0NRT,292.05,3.91,N
20.86818,84.99673,345.11,0.38,0.36,2026-09-07,2010,N,nominal,2.0NRT,294.01,3.91,N
20.86876,84.99306,312.48,0.38,0.36,2026-09-07,2010,N,nominal,2.0NRT,292.77,3.91,N
20.86602,84.98879,308,0.38,0.36,2026-09-07,2010,N,nominal,2.0NRT,292.16,1.58,N
20.86545,84.99247,315.54,0.38,0.36,2026-09-07,2010,N,nominal,2.0NRT,292.53,1.87,N
20.86487,84.99614,318.33,0.38,0.36,2026-09-07,2010,N,nominal,2.0NRT,292.61,1.87,N
20.86272,84.9882,329.87,0.38,0.36,2026-09-07,2010,N,nominal,2.0NRT,292.92,1.58,N
21.34521,81.66624,304.62,0.48,0.4,2026-09-07,2010,N,nominal,2.0NRT,288.02,0.58,N
20.80668,85.25755,328.96,0.38,0.36,2026-09-07,2010,N,nominal,2.0NRT,292.94,4.39,N
20.80338,85.25696,313.52,0.38,0.36,2026-09-07,2010,N,nominal,2.0NRT,291.4,2.79,N
20.79949,85.26003,321.45,0.38,0.36,2026-09-07,2010,N,nominal,2.0NRT,291.23,2.16,N
20.79621,85.2599,316.79,0.38,0.36,2026-09-07,2010,N,nominal,2.0NRT,291.21,1.4,N
20.79407,85.25198,330.59,0.38,0.36,2026-09-07,2010,N,nominal,2.0NRT,290.7,6.87,N
39.00908,88.21471,313.88,0.41,0.37,2026-09-07,2004,N,nominal,2.0NRT,285.05,0.75,N
20.79349,85.25565,321.86,0.38,0.36,2026-09-07,2010,N,nominal,2.0NRT,291.6,6.87,N
20.7929,85.25932,306.66,0.38,0.36,2026-09-07,2010,N,nominal,2.0NRT,291.29,1.4,N
20.7896,85.25873,334.98,0.38,0.36,2026-09-07,2010,N,nominal,2.0NRT,291.18,3.1,N
20.78571,85.2618,316.32,0.38,0.36,2026-09-07,2010,N,nominal,2.0NRT,291.42,3.1,N
20.78513,85.26547,313.15,0.38,0.36,2026-09-07,2010,N,nominal,2.0NRT,290.61,2.66,N
20.75949,85.2986,324.96,0.38,0.36,2026-09-07,2010,N,nominal,2.0NRT,291.89,2.66,N
20.76065,85.29126,306.88,0.38,0.36,2026-09-07,2010,N,nominal,2.0NRT,291.03,1.51,N
20.76007,85.29493,312.01,0.38,0.36,2026-09-07,2010,N,nominal,2.0NRT,291.57,1.51,N
21.30586,81.57719,306.64,0.48,0.4,2026-09-07,2010,N,nominal,2.0NRT,290.83,1.24,N
21.24577,81.77044,305.78,0.47,0.4,2026-09-07,2010,N,nominal,2.0NRT,291.23,0.58,N
21.19702,81.41945,321.15,0.49,0.4,2026-09-07,2010,N,nominal,2.0NRT,288.76,5.78,N
21.1933,81.41888,327.06,0.49,0.4,2026-09-07,2010,N,nominal,2.0NRT,289.37,5.78,N
21.19393,81.41416,317.08,0.49,0.4,2026-09-07,2010,N,nominal,2.0NRT,288.22,9.94,N
21.19211,81.39938,304.04,0.49,0.4,2026-09-07,2010,N,nominal,2.0NRT,288.13,0.44,N
21.18593,81.38875,316.12,0.49,0.4,2026-09-07,2010,N,nominal,2.0NRT,288.83,1.54,N
21.18283,81.38342,305.98,0.49,0.4,2026-09-07,2010,N,nominal,2.0NRT,287.66,1.35,N
21.1822,81.38818,307.06,0.49,0.4,2026-09-07,2010,N,nominal,2.0NRT,287.91,1.54,N
21.33766,78.96764,310.9,0.45,0.47,2026-09-07,2010,N,nominal,2.0NRT,289.2,1.28,N
21.33712,78.97202,305.33,0.45,0.47,2026-09-07,2010,N,nominal,2.0NRT,288.8,1.38,N
21.33333,78.96702,307.7,0.45,0.47,2026-09-07,2010,N,nominal,2.0NRT,288.08,1.28,N
20.69603,78.6388,306.68,0.46,0.47,2026-09-07,2010,N,nominal,2.0NRT,291.14,1.29,N
19.93037,79.12118,307.83,0.42,0.46,2026-09-07,2010,N,nominal,2.0NRT,292.39,1.22,N
19.82112,79.23884,306.04,0.42,0.45,2026-09-07,2010,N,nominal,2.0NRT,292.13,0.75,N
19.10317,82.1642,321.03,0.43,0.38,2026-09-07,2010,N,nominal,2.0NRT,291.84,1.6,N
19.10259,82.16832,310.34,0.43,0.38,2026-09-07,2010,N,nominal,2.0NRT,293.22,1.29,N
19.09908,82.16777,317.36,0.43,0.38,2026-09-07,2010,N,nominal,2.0NRT,291.83,1.29,N
19.10188,82.16952,309.46,0.43,0.38,2026-09-07,2010,N,nominal,2.0NRT,292.87,1.13,N
19.09837,82.16897,324.98,0.43,0.38,2026-09-07,2010,N,nominal,2.0NRT,292.16,1.13,N
19.93666,73.71207,310.84,0.47,0.64,2026-09-07,2010,N,nominal,2.0NRT,284.38,1.69,N
18.72083,79.54057,307.39,0.39,0.44,2026-09-07,2010,N,nominal,2.0NRT,293.05,0.99,N
18.7168,79.53994,306.37,0.39,0.44,2026-09-07,2010,N,nominal,2.0NRT,292.98,1.38,N
17.96845,83.15285,307.51,0.4,0.37,2026-09-07,2010,N,nominal,2.0NRT,294.04,0.8,N
17.6936,83.24232,309.93,0.39,0.37,2026-09-07,2010,N,nominal,2.0NRT,294.74,1.2,N
17.61128,83.20637,311.32,0.4,0.37,2026-09-07,2010,N,nominal,2.0NRT,293.45,0.96,N
17.95595,80.79268,307.32,0.49,0.4,2026-09-07,2010,N,nominal,2.0NRT,293.32,2.72,N
17.95531,80.79729,310.34,0.49,0.4,2026-09-07,2010,N,nominal,2.0NRT,293.27,1.99,N
17.60513,83.20155,316.15,0.4,0.37,2026-09-07,2010,N,nominal,2.0NRT,293.83,2.39,N
15.17621,77.1028,303.67,0.49,0.49,2026-09-07,2010,N,nominal,2.0NRT,289.79,4.86,N
12.74417,77.6196,306.6,0.42,0.46,2026-09-07,2012,N,nominal,2.0NRT,290.3,0.82,N
30.75562,56.6537,319.04,0.39,0.44,2026-09-07,2148,N,nominal,2.0NRT,294.14,1.96,N
30.75515,56.65786,318.8,0.39,0.44,2026-09-07,2148,N,nominal,2.0NRT,295.12,1.96,N
30.15464,60.73584,311.02,0.4,0.37,2026-09-07,2148,N,nominal,2.0NRT,297.32,0.81,N
30.6649,56.62075,307.7,0.39,0.44,2026-09-07,2148,N,nominal,2.0NRT,290.51,1.13,N
30.73224,55.38648,305.31,0.46,0.47,2026-09-07,2148,N,nominal,2.0NRT,291.78,1.26,N
30.73623,55.3851,303.83,0.46,0.47,2026-09-07,2148,N,nominal,2.0NRT,292.05,1.16,N
28.42394,69.70216,312,0.52,0.5,2026-09-07,2148,N,nominal,2.0NRT,295.38,1.46,N
30.36937,56.12893,310.41,0.41,0.45,2026-09-07,2148,N,nominal,2.0NRT,292.21,0.73,N
30.39009,55.77488,302,0.43,0.46,2026-09-07,2148,N,nominal,2.0NRT,291.08,0.37,N
30.23368,56.90977,315.47,0.56,0.43,2026-09-07,2148,N,nominal,2.0NRT,293.9,2.17,N
30.23571,56.90958,311.45,0.56,0.43,2026-09-07,2148,N,nominal,2.0NRT,292.83,3.37,N
30.2188,56.98416,304.77,0.56,0.43,2026-09-07,2148,N,nominal,2.0NRT,287.2,1.08,N
30.32219,55.97338,308.31,0.42,0.45,2026-09-07,2148,N,nominal,2.0NRT,291.54,1.09,N
28.03946,69.6724,310.72,0.52,0.5,2026-09-07,2148,N,nominal,2.0NRT,296.59,1.96,N
29.47774,60.80622,309.53,0.39,0.36,2026-09-07,2148,N,nominal,2.0NRT,291.28,0.77,N
30.08331,55.39833,312.5,0.45,0.47,2026-09-07,2148,N,nominal,2.0NRT,291.77,1.94,N
30.082,55.39617,301.44,0.45,0.47,2026-09-07,2148,N,nominal,2.0NRT,291.34,1.81,N
30.0815,55.40089,310.44,0.45,0.47,2026-09-07,2148,N,nominal,2.0NRT,291.44,1.41,N
29.92673,56.73519,322.72,0.57,0.43,2026-09-07,2148,N,nominal,2.0NRT,292.68,4,N
29.99387,55.85038,300.4,0.43,0.46,2026-09-07,2148,N,nominal,2.0NRT,288.49,6.83,N
29.98922,55.85391,338.77,0.43,0.46,2026-09-07,2148,N,nominal,2.0NRT,290.35,6.83,N
29.98877,55.8581,330.67,0.43,0.46,2026-09-07,2148,N,nominal,2.0NRT,289.84,9.29,N
29.99678,55.19803,299.43,0.46,0.47,2026-09-07,2148,N,nominal,2.0NRT,288.98,0.82,N
29.51261,55.79943,307.05,0.42,0.45,2026-09-07,2148,N,nominal,2.0NRT,289.84,0.87,N
29.51256,55.79756,306.89,0.42,0.45,2026-09-07,2148,N,nominal,2.0NRT,289.89,0.73,N
29.13429,55.35941,305.58,0.44,0.46,2026-09-07,2148,N,nominal,2.0NRT,295.25,1.57,N
28.62899,59.13879,330.23,0.43,0.38,2026-09-07,2148,N,nominal,2.0NRT,296.93,5.82,N
28.3255,56.68223,307.93,0.55,0.43,2026-09-07,2148,N,nominal,2.0NRT,297.05,2.42,N
26.09564,68.87837,306.77,0.51,0.5,2026-09-07,2148,N,nominal,2.0NRT,295.97,0.9,N
27.22777,60.48798,313.51,0.39,0.36,2026-09-07,2150,N,nominal,2.0NRT,300.62,1.33,N
25.388,68.58441,326.48,0.51,0.49,2026-09-07,2150,N,nominal,2.0NRT,296.04,3.44,N
25.38737,68.58277,319.43,0.51,0.49,2026-09-07,2150,N,nominal,2.0NRT,296.03,2.48,N
27.30344,56.30414,313.96,0.56,0.43,2026-09-07,2150,N,nominal,2.0NRT,298.34,5.34,N
26.65276,59.44359,308.97,0.41,0.37,2026-09-07,2150,N,nominal,2.0NRT,298.08,0.86,N
23.54443,72.40617,305.66,0.48,0.64,2026-09-07,2150,N,nominal,2.0NRT,290.62,0.62,N
23.51418,72.41602,302.64,0.48,0.65,2026-09-07,2150,N,nominal,2.0NRT,290.68,0.44,N
25.97286,56.06927,318.39,0.56,0.43,2026-09-07,2150,N,nominal,2.0NRT,303.02,3.06,N
25.96498,56.06805,317.19,0.56,0.43,2026-09-07,2150,N,nominal,2.0NRT,302.42,2.48,N
23.31261,70.1996,301.47,0.35,0.57,2026-09-07,2150,N,nominal,2.0NRT,290.92,0.45,N
25.90348,54.53118,313.46,0.45,0.47,2026-09-07,2150,N,nominal,2.0NRT,301.22,0.42,N
25.55843,55.98444,311.39,0.55,0.43,2026-09-07,2150,N,nominal,2.0NRT,301.3,1.38,N
25.30812,56.37072,315.63,0.53,0.42,2026-09-07,2150,N,nominal,2.0NRT,299.99,1.24,N
39.85307,66.20068,307.69,0.39,0.36,2026-09-07,2146,N,nominal,2.0NRT,289.89,1.48,N
39.55036,66.83077,298.67,0.4,0.37,2026-09-07,2146,N,nominal,2.0NRT,288.61,0.48,N
39.17699,68.61384,300.62,0.44,0.39,2026-09-07,2146,N,nominal,2.0NRT,281.76,0.9,N
39.84583,63.1701,327.98,0.4,0.37,2026-09-07,2146,N,nominal,2.0NRT,287.58,3.51,N
39.55348,62.89074,297.25,0.41,0.37,2026-09-07,2146,N,nominal,2.0NRT,286.61,0.49,N
39.18711,65.31478,299.53,0.38,0.36,2026-09-07,2146,N,nominal,2.0NRT,289.46,0.71,N
39.18808,65.28748,311.51,0.38,0.36,2026-09-07,2146,N,nominal,2.0NRT,293.74,1.48,N
24.50645,56.60779,333.23,0.5,0.41,2026-09-07,2150,N,nominal,2.0NRT,302.86,3.65,N
39.18383,65.31391,315.13,0.38,0.36,2026-09-07,2146,N,nominal,2.0NRT,289.45,0.71,N
24.5027,56.6072,332.93,0.5,0.41,2026-09-07,2150,N,nominal,2.0NRT,301.89,3.65,N
38.39478,69.11371,301.35,0.47,0.4,2026-09-07,2146,N,nominal,2.0NRT,290.43,1.03,N
24.50333,56.60224,318.27,0.5,0.41,2026-09-07,2150,N,nominal,2.0NRT,302.37,3.65,N
38.32552,68.98476,306.24,0.47,0.4,2026-09-07,2146,N,nominal,2.0NRT,292.41,1.23,N
24.46398,56.63988,314.74,0.5,0.41,2026-09-07,2150,N,nominal,2.0NRT,301.03,0.52,N
39.30798,62.97546,298.04,0.4,0.37,2026-09-07,2146,N,nominal,2.0NRT,287.93,0.69,N
39.30461,62.97468,304.75,0.4,0.37,2026-09-07,2146,N,nominal,2.0NRT,288.48,0.69,N
39.27883,63.08414,311.69,0.4,0.37,2026-09-07,2146,N,nominal,2.0NRT,287.88,1.08,N
24.45622,56.55306,311.81,0.5,0.41,2026-09-07,2150,N,nominal,2.0NRT,301.56,1.23,N
39.27296,63.1259,296.01,0.4,0.37,2026-09-07,2146,N,nominal,2.0NRT,285.92,0.36,N
39.25048,63.21139,321.07,0.4,0.37,2026-09-07,2146,N,nominal,2.0NRT,288.96,1.28,N
39.24982,63.21601,303.1,0.4,0.37,2026-09-07,2146,N,nominal,2.0NRT,287.37,1.28,N
39.24897,63.17287,308.93,0.4,0.37,2026-09-07,2146,N,nominal,2.0NRT,286.99,0.99,N
39.17744,63.57704,300.27,0.39,0.36,2026-09-07,2146,N,nominal,2.0NRT,286.75,0.48,N
39.20531,63.27861,298.93,0.4,0.37,2026-09-07,2146,N,nominal,2.0NRT,286.9,0.65,N
39.18069,63.35337,303.78,0.4,0.37,2026-09-07,2146,N,nominal,2.0NRT,287.55,0.99,N
39.19637,63.19568,296.61,0.4,0.37,2026-09-07,2146,N,nominal,2.0NRT,286.58,0.44,N
39.1944,63.2095,300.46,0.4,0.37,2026-09-07,2146,N,nominal,2.0NRT,286.79,0.46,N
24.60775,54.14846,318.58,0.46,0.47,2026-09-07,2150,N,nominal,2.0NRT,298.8,1.37,N
39.15686,63.47036,302.74,0.4,0.37,2026-09-07,2146,N,nominal,2.0NRT,287.66,0.67,N
24.60724,54.15303,315.08,0.46,0.47,2026-09-07,2150,N,nominal,2.0NRT,300.7,1.37,N
39.17723,63.30518,297.66,0.4,0.37,2026-09-07,2146,N,nominal,2.0NRT,286.53,0.42,N
24.51149,54.01646,341.03,0.47,0.47,2026-09-07,2150,N,nominal,2.0NRT,304.07,6.23,N
39.17131,63.34641,297.17,0.4,0.37,2026-09-07,2146,N,nominal,2.0NRT,286.44,0.32,N
24.51097,54.0211,320.17,0.47,0.47,2026-09-07,2150,N,nominal,2.0NRT,302.23,6.23,N
39.17316,63.28526,301.83,0.4,0.37,2026-09-07,2146,N,nominal,2.0NRT,287.39,0.76,N
24.50709,54.01585,328.13,0.47,0.47,2026-09-07,2150,N,nominal,2.0NRT,301.85,6.23,N
39.1725,63.28985,299.09,0.4,0.37,2026-09-07,2146,N,nominal,2.0NRT,287.54,0.52,N
39.17112,63.27529,315.47,0.4,0.37,2026-09-07,2146,N,nominal,2.0NRT,288.55,1.26,N
39.17039,63.25613,316.1,0.4,0.37,2026-09-07,2146,N,nominal,2.0NRT,289.37,1.34,N
39.16704,63.25534,312.24,0.4,0.37,2026-09-07,2146,N,nominal,2.0NRT,287.29,1.39,N
39.16638,63.25993,308.95,0.4,0.37,2026-09-07,2146,N,nominal,2.0NRT,287.13,1.63,N
20.90812,71.4603,302.6,0.47,0.64,2026-09-07,2150,N,nominal,2.0NRT,290.07,1.17,N
39.1545,63.31876,300.27,0.4,0.37,2026-09-07,2146,N,nominal,2.0NRT,287.82,0.62,N
39.13217,63.47387,301.49,0.4,0.37,2026-09-07,2146,N,nominal,2.0NRT,287.82,0.63,N
20.91152,71.45925,303.63,0.47,0.64,2026-09-07,2150,N,nominal,2.0NRT,289.9,0.85,N
39.13003,63.41687,310.26,0.4,0.37,2026-09-07,2146,N,nominal,2.0NRT,287.51,1.14,N
39.12938,63.42143,296.98,0.4,0.37,2026-09-07,2146,N,nominal,2.0NRT,286.5,0.66,N
39.12836,63.30783,312.79,0.4,0.37,2026-09-07,2146,N,nominal,2.0NRT,288.52,1.14,N
39.11775,63.33371,300.25,0.4,0.37,2026-09-07,2146,N,nominal,2.0NRT,287.24,0.71,N
39.1171,63.33828,308.12,0.4,0.37,2026-09-07,2146,N,nominal,2.0NRT,287.32,0.71,N
39.10794,63.40219,305.71,0.4,0.37,2026-09-07,2146,N,nominal,2.0NRT,286.24,0.59,N
39.11374,63.33748,304.9,0.4,0.37,2026-09-07,2146,N,nominal,2.0NRT,285.98,1.29,N
38.68483,65.98962,306.06,0.39,0.36,2026-09-07,2146,N,nominal,2.0NRT,289.51,0.67,N
38.68013,65.95589,298.78,0.39,0.36,2026-09-07,2146,N,nominal,2.0NRT,288.54,0.6,N
39.06783,63.38597,297.76,0.4,0.37,2026-09-07,2146,N,nominal,2.0NRT,287,0.5,N
39.01756,63.70634,298.69,0.39,0.36,2026-09-07,2146,N,nominal,2.0NRT,288.61,0.39,N
39.01424,63.70554,298.05,0.39,0.36,2026-09-07,2146,N,nominal,2.0NRT,285.17,0.46,N
23.36641,56.28352,315.75,0.5,0.41,2026-09-07,2150,N,nominal,2.0NRT,299.37,1.97,N
38.93964,64.13596,297.16,0.39,0.36,2026-09-07,2146,N,nominal,2.0NRT,286.76,0.63,N
38.98685,63.58703,308.83,0.39,0.36,2026-09-07,2146,N,nominal,2.0NRT,287.41,0.86,N
22.40483,56.9889,331.05,0.46,0.39,2026-09-07,2150,N,nominal,2.0NRT,298.33,2.71,N
38.9644,63.69348,304.96,0.39,0.36,2026-09-07,2146,N,nominal,2.0NRT,287.08,0.72,N
22.32816,56.48763,328.51,0.48,0.4,2026-09-07,2150,N,nominal,2.0NRT,297.14,2.36,N
38.95517,63.75629,309.71,0.39,0.36,2026-09-07,2146,N,nominal,2.0NRT,288.38,0.6,N
38.97223,63.59286,306.55,0.39,0.36,2026-09-07,2146,N,nominal,2.0NRT,287.81,0.61,N
22.32752,56.49231,323.79,0.48,0.4,2026-09-07,2150,N,nominal,2.0NRT,297.61,2.36,N
38.9747,63.46954,312.38,0.39,0.37,2026-09-07,2146,N,nominal,2.0NRT,289.5,1.67,N
38.91758,63.8097,297.9,0.39,0.36,2026-09-07,2146,N,nominal,2.0NRT,285.63,0.8,N
38.90964,63.79387,301.07,0.39,0.36,2026-09-07,2146,N,nominal,2.0NRT,286.57,0.5,N
38.83736,63.81795,315.26,0.39,0.36,2026-09-07,2146,N,nominal,2.0NRT,288.07,1.06,N
38.83471,63.81268,310.98,0.39,0.36,2026-09-07,2146,N,nominal,2.0NRT,288.78,1.03,N
38.78678,63.91425,300.91,0.39,0.36,2026-09-07,2146,N,nominal,2.0NRT,286.19,0.71,N
38.46679,65.78242,303.24,0.39,0.36,2026-09-07,2146,N,nominal,2.0NRT,292.05,0.86,N
38.35205,66.31635,300.16,0.4,0.37,2026-09-07,2146,N,nominal,2.0NRT,288.54,0.73,N
38.651,63.97979,309.8,0.39,0.36,2026-09-07,2146,N,nominal,2.0NRT,287.86,0.99,N
38.05317,67.2651,332.15,0.42,0.37,2026-09-07,2146,N,nominal,2.0NRT,287.41,5.16,N
38.04978,67.26413,336.16,0.42,0.37,2026-09-07,2146,N,nominal,2.0NRT,287.18,5.16,N
21.93782,57.07518,331.59,0.45,0.39,2026-09-07,2150,N,nominal,2.0NRT,298.34,4.37,N
38.40126,64.41196,299.71,0.38,0.36,2026-09-07,2146,N,nominal,2.0NRT,286.19,0.61,N
21.89243,56.84808,318.95,0.46,0.39,2026-09-07,2150,N,nominal,2.0NRT,297.94,1.32,N
38.28425,64.38235,301.1,0.38,0.36,2026-09-07,2146,N,nominal,2.0NRT,286.25,0.24,N
21.88883,56.8475,307.59,0.46,0.39,2026-09-07,2150,N,nominal,2.0NRT,297.38,1.32,N
38.20778,64.73876,310.35,0.38,0.36,2026-09-07,2146,N,nominal,2.0NRT,286.89,0.62,N
21.83357,56.68111,330.17,0.47,0.39,2026-09-07,2150,N,nominal,2.0NRT,298.11,2.43,N
38.24775,64.44116,308.83,0.38,0.36,2026-09-07,2146,N,nominal,2.0NRT,288.13,0.93,N
21.46337,56.96672,329.88,0.45,0.39,2026-09-07,2150,N,nominal,2.0NRT,297.24,2.04,N
38.12929,64.67558,305.08,0.38,0.36,2026-09-07,2146,N,nominal,2.0NRT,288.08,0.77,N
21.33515,57.72293,317.42,0.42,0.38,2026-09-07,2150,N,nominal,2.0NRT,296.53,1.56,N
38.11896,64.74073,301.48,0.38,0.36,2026-09-07,2146,N,nominal,2.0NRT,287.01,0.51,N
38.11981,64.71384,305.78,0.38,0.36,2026-09-07,2146,N,nominal,2.0NRT,287.08,0.83,N
21.32134,57.72064,310.05,0.42,0.38,2026-09-07,2150,N,nominal,2.0NRT,296.56,1.19,N
38.05459,64.88696,326.42,0.38,0.36,2026-09-07,2146,N,nominal,2.0NRT,287.89,2.04,N
21.32076,57.72467,308.07,0.42,0.38,2026-09-07,2150,N,nominal,2.0NRT,296.64,0.78,N
38.05181,64.90431,318.26,0.38,0.36,2026-09-07,2146,N,nominal,2.0NRT,288.15,1.59,N
21.31443,57.74429,323.53,0.42,0.38,2026-09-07,2150,N,nominal,2.0NRT,296.94,4.24,N
37.93124,65.63999,300.31,0.39,0.36,2026-09-07,2146,N,nominal,2.0NRT,289.95,0.5,N
21.31041,57.74773,329.9,0.42,0.38,2026-09-07,2150,N,nominal,2.0NRT,296.76,2.31,N
38.04922,64.89912,297.87,0.38,0.36,2026-09-07,2146,N,nominal,2.0NRT,286.26,0.34,N
21.30294,57.8,319.59,0.42,0.37,2026-09-07,2150,N,nominal,2.0NRT,297.04,1.35,N
37.96806,65.04685,303.02,0.38,0.36,2026-09-07,2146,N,nominal,2.0NRT,286.57,0.37,N
21.31252,57.74462,344.35,0.42,0.38,2026-09-07,2150,N,nominal,2.0NRT,297.25,4.63,N
21.31193,57.74864,310.85,0.42,0.38,2026-09-07,2150,N,nominal,2.0NRT,296.14,1.61,N
37.87283,65.25289,302.84,0.39,0.36,2026-09-07,2146,N,nominal,2.0NRT,288.64,0.57,N
21.30485,57.79681,309.31,0.42,0.37,2026-09-07,2150,N,nominal,2.0NRT,296.56,0.83,N
37.88472,65.13831,311.74,0.39,0.36,2026-09-07,2146,N,nominal,2.0NRT,287,0.8,N
21.30426,57.80083,306.89,0.42,0.37,2026-09-07,2150,N,nominal,2.0NRT,296.46,0.83,N
37.88592,65.08888,308.82,0.39,0.36,2026-09-07,2146,N,nominal,2.0NRT,286.94,0.68,N
21.30748,57.7066,319.67,0.42,0.38,2026-09-07,2150,N,nominal,2.0NRT,296.5,1.74,N
37.83111,65.17619,312.65,0.39,0.36,2026-09-07,2146,N,nominal,2.0NRT,287.43,1.16,N
21.29719,57.68007,314.75,0.42,0.38,2026-09-07,2150,N,nominal,2.0NRT,296.42,1.12,N
37.7913,65.35609,296.8,0.39,0.36,2026-09-07,2146,N,nominal,2.0NRT,286.24,0.59,N
20.37479,55.93337,331.24,0.49,0.4,2026-09-07,2153,N,nominal,2.0NRT,297.91,3.68,N
37.76518,65.43098,302.79,0.39,0.36,2026-09-07,2146,N,nominal,2.0NRT,287.18,0.35,N
20.37635,55.93612,330.91,0.49,0.4,2026-09-07,2153,N,nominal,2.0NRT,297.48,2.68,N
37.80126,65.19104,306.53,0.39,0.36,2026-09-07,2146,N,nominal,2.0NRT,286.26,0.99,N
20.3873,55.66182,323.61,0.5,0.41,2026-09-07,2153,N,nominal,2.0NRT,297.52,3.23,N
37.73165,65.50858,299.84,0.39,0.36,2026-09-07,2146,N,nominal,2.0NRT,287.3,0.44,N
20.3855,55.64672,321.72,0.5,0.41,2026-09-07,2153,N,nominal,2.0NRT,297.55,2.91,N
37.72762,65.51207,298.25,0.39,0.36,2026-09-07,2146,N,nominal,2.0NRT,287.27,0.56,N
20.21189,55.71138,317.95,0.5,0.41,2026-09-07,2153,N,nominal,2.0NRT,296.92,2.17,N
37.75611,65.21548,296.31,0.39,0.36,2026-09-07,2146,N,nominal,2.0NRT,285.98,0.52,N
19.26884,56.17722,306.2,0.46,0.39,2026-09-07,2153,N,nominal,2.0NRT,295.81,1.22,N
37.74695,65.20857,300.38,0.39,0.36,2026-09-07,2146,N,nominal,2.0NRT,286.44,0.46,N
19.26834,56.17455,313.86,0.46,0.39,2026-09-07,2153,N,nominal,2.0NRT,295.83,1.12,N
37.71487,65.24313,304.77,0.39,0.36,2026-09-07,2146,N,nominal,2.0NRT,286.62,0.81,N
18.69357,55.50311,314.39,0.49,0.4,2026-09-07,2153,N,nominal,2.0NRT,295.9,0.92,N
37.67368,65.26407,300.91,0.39,0.36,2026-09-07,2146,N,nominal,2.0NRT,287.65,0.99,N
18.68921,55.50719,319.25,0.49,0.4,2026-09-07,2153,N,nominal,2.0NRT,295.64,2.28,N
37.6575,65.34138,301.48,0.39,0.36,2026-09-07,2146,N,nominal,2.0NRT,286.35,0.38,N
18.68549,55.50663,332.01,0.49,0.4,2026-09-07,2153,N,nominal,2.0NRT,295.05,2.28,N
37.66353,65.28405,307,0.39,0.36,2026-09-07,2146,N,nominal,2.0NRT,287.25,0.97,N
18.55696,55.87006,306.41,0.47,0.4,2026-09-07,2153,N,nominal,2.0NRT,294.07,0.87,N
37.96224,62.66681,299.74,0.4,0.37,2026-09-07,2146,N,nominal,2.0NRT,289.28,0.67,N
18.32213,55.10478,333.97,0.51,0.41,2026-09-07,2153,N,nominal,2.0NRT,297.17,5.37,N
38.5053,57.57369,304.03,0.43,0.46,2026-09-07,2146,N,nominal,2.0NRT,293.53,0.42,N
18.01307,54.57318,342.23,0.54,0.42,2026-09-07,2153,N,nominal,2.0NRT,299.66,12.42,N
38.50243,57.57221,304.92,0.43,0.46,2026-09-07,2146,N,nominal,2.0NRT,293.43,0.62,N
37.99104,61.88246,304.15,0.42,0.38,2026-09-07,2146,N,nominal,2.0NRT,288.77,0.81,N
37.98349,61.88576,317.29,0.42,0.38,2026-09-07,2146,N,nominal,2.0NRT,289.36,2.14,N
37.8873,62.0216,298.8,0.42,0.37,2026-09-07,2146,N,nominal,2.0NRT,288.72,0.64,N
37.79737,62.54939,328.53,0.4,0.37,2026-09-07,2146,N,nominal,2.0NRT,290.26,2.46,N
37.78852,62.53798,328.26,0.4,0.37,2026-09-07,2146,N,nominal,2.0NRT,290.01,2.85,N
37.78305,62.52732,306.06,0.4,0.37,2026-09-07,2146,N,nominal,2.0NRT,287.63,0.97,N
38.25467,58.38855,311.34,0.39,0.44,2026-09-07,2146,N,nominal,2.0NRT,292.39,1.29,N
37.84506,61.60563,299.54,0.43,0.38,2026-09-07,2146,N,nominal,2.0NRT,288.9,0.49,N
37.77549,62.10104,302.43,0.41,0.37,2026-09-07,2146,N,nominal,2.0NRT,287.8,0.91,N
37.77817,62.02903,302.66,0.42,0.37,2026-09-07,2146,N,nominal,2.0NRT,288.86,0.75,N
37.74456,62.13097,313.31,0.41,0.37,2026-09-07,2146,N,nominal,2.0NRT,288.87,1.54,N
38.26387,57.65695,306.7,0.42,0.45,2026-09-07,2146,N,nominal,2.0NRT,293.79,1.19,N
37.74205,62.07257,307.89,0.41,0.37,2026-09-07,2146,N,nominal,2.0NRT,287.79,0.65,N
38.25025,57.66519,305.55,0.42,0.45,2026-09-07,2146,N,nominal,2.0NRT,293.55,0.97,N
38.21795,57.98941,303.6,0.41,0.45,2026-09-07,2146,N,nominal,2.0NRT,292.95,0.56,N
37.72857,62.09376,319.97,0.41,0.37,2026-09-07,2146,N,nominal,2.0NRT,290.61,1.51,N
37.72515,62.09302,306.34,0.41,0.37,2026-09-07,2146,N,nominal,2.0NRT,287.47,1.51,N
37.75042,61.85559,304.11,0.42,0.38,2026-09-07,2146,N,nominal,2.0NRT,287.58,0.73,N
37.79451,61.49826,307.51,0.43,0.38,2026-09-07,2146,N,nominal,2.0NRT,289.07,0.43,N
38.19075,58.05156,302.81,0.4,0.45,2026-09-07,2146,N,nominal,2.0NRT,292.1,0.74,N
37.74481,61.8446,300.75,0.42,0.38,2026-09-07,2146,N,nominal,2.0NRT,287.62,0.6,N
38.18079,57.98359,303.85,0.41,0.45,2026-09-07,2146,N,nominal,2.0NRT,292.84,0.55,N
37.67053,62.23463,299.38,0.41,0.37,2026-09-07,2146,N,nominal,2.0NRT,286.98,0.98,N
37.6699,62.23927,314.78,0.41,0.37,2026-09-07,2146,N,nominal,2.0NRT,288.15,0.98,N
37.66245,62.24241,301.01,0.41,0.37,2026-09-07,2146,N,nominal,2.0NRT,287.38,0.4,N
37.65904,62.24166,308.87,0.41,0.37,2026-09-07,2146,N,nominal,2.0NRT,287.66,1.59,N
37.63966,62.20398,313.26,0.41,0.37,2026-09-07,2146,N,nominal,2.0NRT,288.22,1.05,N
37.63984,62.20655,309.76,0.41,0.37,2026-09-07,2146,N,nominal,2.0NRT,287.91,0.95,N
37.63644,62.20581,301.09,0.41,0.37,2026-09-07,2146,N,nominal,2.0NRT,286.59,0.95,N
37.62833,62.2136,306.53,0.41,0.37,2026-09-07,2146,N,nominal,2.0NRT,289.28,1.28,N
37.62733,62.17037,315.21,0.41,0.37,2026-09-07,2146,N,nominal,2.0NRT,289.17,1.45,N
37.65659,61.90654,309.75,0.42,0.38,2026-09-07,2146,N,nominal,2.0NRT,289.64,1.25,N
37.6263,62.12703,301.76,0.41,0.37,2026-09-07,2146,N,nominal,2.0NRT,287.6,0.59,N
37.62096,62.14025,329.45,0.41,0.37,2026-09-07,2146,N,nominal,2.0NRT,292.2,1.84,N
37.65316,61.9058,301.31,0.42,0.38,2026-09-07,2146,N,nominal,2.0NRT,288.45,0.81,N
37.61755,62.1395,312.9,0.41,0.37,2026-09-07,2146,N,nominal,2.0NRT,289.12,1.84,N
37.62827,61.95871,302.2,0.42,0.37,2026-09-07,2146,N,nominal,2.0NRT,288.08,0.66,N
37.63142,61.72512,299.84,0.42,0.38,2026-09-07,2146,N,nominal,2.0NRT,287.68,0.36,N
37.61095,61.6056,312.48,0.43,0.38,2026-09-07,2146,N,nominal,2.0NRT,287.88,1.4,N
37.56995,61.80337,300.03,0.42,0.38,2026-09-07,2146,N,nominal,2.0NRT,289.55,0.47,N
37.94055,58.56463,308.46,0.57,0.43,2026-09-07,2146,N,nominal,2.0NRT,293.14,1.27,N
37.49687,61.8462,328.35,0.42,0.38,2026-09-07,2146,N,nominal,2.0NRT,291.6,2.06,N
37.49623,61.85091,305.29,0.42,0.38,2026-09-07,2146,N,nominal,2.0NRT,290.04,2.06,N
37.42313,62.30913,327.88,0.41,0.37,2026-09-07,2146,N,nominal,2.0NRT,289.13,3.2,N
37.39387,62.31854,297.41,0.41,0.37,2026-09-07,2146,N,nominal,2.0NRT,287.34,0.54,N
37.62441,60.44253,298.82,0.47,0.39,2026-09-07,2146,N,nominal,2.0NRT,287.99,0.36,N
37.63325,60.34073,311.82,0.47,0.4,2026-09-07,2146,N,nominal,2.0NRT,289.52,1.45,N
37.82818,58.38318,309.42,0.39,0.44,2026-09-07,2146,N,nominal,2.0NRT,291.02,0.87,N
37.51179,61.01701,313.47,0.44,0.39,2026-09-07,2146,N,nominal,2.0NRT,291.82,1.78,N
37.50343,61.02561,312.17,0.44,0.39,2026-09-07,2146,N,nominal,2.0NRT,291.02,1.37,N
37.51586,60.57072,299.87,0.46,0.39,2026-09-07,2146,N,nominal,2.0NRT,287.02,0.57,N
36.70055,65.96236,300.65,0.4,0.37,2026-09-07,2146,N,nominal,2.0NRT,289.38,0.52,N
37.48917,60.45816,299.49,0.46,0.39,2026-09-07,2146,N,nominal,2.0NRT,289.01,0.61,N
37.34887,61.36227,311.63,0.43,0.38,2026-09-07,2146,N,nominal,2.0NRT,290.42,0.95,N
37.32918,61.09932,300.84,0.44,0.38,2026-09-07,2146,N,nominal,2.0NRT,287.88,0.54,N
37.32631,61.09366,299.55,0.44,0.38,2026-09-07,2146,N,nominal,2.0NRT,288.89,0.54,N
37.32566,61.09861,298.67,0.44,0.38,2026-09-07,2146,N,nominal,2.0NRT,287.76,0.54,N
37.11916,62.36166,326.56,0.4,0.37,2026-09-07,2146,N,nominal,2.0NRT,292.99,7.51,N
37.11515,62.36545,310.97,0.4,0.37,2026-09-07,2146,N,nominal,2.0NRT,290.27,1.85,N
37.08564,62.5495,318.88,0.4,0.37,2026-09-07,2146,N,nominal,2.0NRT,288.01,1.3,N
37.03487,62.41561,340.98,0.4,0.37,2026-09-07,2146,N,nominal,2.0NRT,293.56,3.59,N
37.03423,62.42012,307.28,0.4,0.37,2026-09-07,2146,N,nominal,2.0NRT,291.52,3.34,N
37.03086,62.41937,337.41,0.4,0.37,2026-09-07,2146,N,nominal,2.0NRT,292.96,3.34,N
37.0315,62.41487,310.58,0.4,0.37,2026-09-07,2146,N,nominal,2.0NRT,289.62,3.59,N
37.45516,57.68766,301.92,0.41,0.45,2026-09-07,2146,N,nominal,2.0NRT,289.46,0.77,N
37.47276,57.25323,297.54,0.44,0.46,2026-09-07,2146,N,nominal,2.0NRT,287.46,0.32,N
36.47588,61.62231,302.04,0.42,0.37,2026-09-07,2146,N,nominal,2.0NRT,290.1,2.31,N
36.4397,61.22121,301.65,0.43,0.38,2026-09-07,2146,N,nominal,2.0NRT,291.01,1.02,N
36.54979,59.30299,302.35,0.51,0.41,2026-09-07,2146,N,nominal,2.0NRT,285.75,0.48,N
35.90763,62.96576,304.54,0.39,0.36,2026-09-07,2146,N,nominal,2.0NRT,287.57,0.48,N
36.27125,59.68388,328.79,0.49,0.4,2026-09-07,2146,N,nominal,2.0NRT,287.93,3.09,N
36.27142,59.65073,305.12,0.49,0.4,2026-09-07,2146,N,nominal,2.0NRT,290.39,0.71,N
36.25998,59.555,306.45,0.49,0.4,2026-09-07,2146,N,nominal,2.0NRT,289.37,1.56,N
36.23901,59.73298,300.32,0.48,0.4,2026-09-07,2146,N,nominal,2.0NRT,288.71,0.56,N
36.26256,59.5541,311.71,0.49,0.4,2026-09-07,2146,N,nominal,2.0NRT,289.94,1.52,N
36.237,59.73127,303.91,0.48,0.4,2026-09-07,2146,N,nominal,2.0NRT,288.24,1.24,N
36.29552,54.78815,303.27,0.58,0.52,2026-09-07,2146,N,nominal,2.0NRT,291.08,1.13,N
36.29708,54.78687,301.57,0.58,0.52,2026-09-07,2146,N,nominal,2.0NRT,290.86,0.68,N
35.36919,59.30481,299.3,0.49,0.4,2026-09-07,2146,N,nominal,2.0NRT,288.01,0.75,N
32.72151,72.92504,304.77,0.32,0.54,2026-09-07,2146,N,nominal,2.0NRT,291.26,0.38,N
32.12922,74.17644,306.48,0.39,0.59,2026-09-07,2146,N,nominal,2.0NRT,292.96,1.06,N
31.25916,76.92676,298.77,0.58,0.7,2026-09-07,2146,N,nominal,2.0NRT,286.22,1.48,N
31.25737,76.92625,299.46,0.58,0.7,2026-09-07,2146,N,nominal,2.0NRT,286.48,0.91,N
31.3673,76.35603,303.33,0.53,0.67,2026-09-07,2146,N,nominal,2.0NRT,290.59,0.89,N
32.65506,70.47351,316.42,0.47,0.48,2026-09-07,2146,N,nominal,2.0NRT,293.47,2.55,N
32.65474,70.47163,306.08,0.47,0.48,2026-09-07,2146,N,nominal,2.0NRT,293.26,1.39,N
32.65364,70.47669,309.81,0.47,0.48,2026-09-07,2146,N,nominal,2.0NRT,293.16,1.39,N
31.25821,74.14293,309.7,0.4,0.6,2026-09-07,2148,N,nominal,2.0NRT,291.84,1.21,N
33.75537,59.14499,299.78,0.48,0.4,2026-09-07,2148,N,nominal,2.0NRT,287.21,0.55,N
33.75169,59.14434,303.28,0.48,0.4,2026-09-07,2148,N,nominal,2.0NRT,285.92,0.78,N
33.62978,59.16937,300.58,0.48,0.4,2026-09-07,2148,N,nominal,2.0NRT,290.35,0.82,N
32.92331,60.23128,300.73,0.43,0.38,2026-09-07,2148,N,nominal,2.0NRT,290.25,0.75,N
29.47196,76.86069,305.54,0.63,0.72,2026-09-07,2148,N,nominal,2.0NRT,291.29,1.33,N
29.91037,74.95306,367,0.48,0.65,2026-09-07,2148,N,high,2.0NRT,291.9,6,N
29.91168,74.94814,312.02,0.48,0.65,2026-09-07,2148,N,nominal,2.0NRT,290.76,13.68,N
29.90907,74.95796,303.49,0.48,0.65,2026-09-07,2148,N,nominal,2.0NRT,290.52,6,N
29.90457,74.95105,311.45,0.48,0.65,2026-09-07,2148,N,nominal,2.0NRT,290.39,6,N
29.90849,74.95123,367,0.48,0.65,2026-09-07,2148,N,high,2.0NRT,291.65,10.15,N
29.90977,74.9463,303.3,0.48,0.65,2026-09-07,2148,N,nominal,2.0NRT,290,10.15,N
29.90722,74.95615,313.15,0.48,0.65,2026-09-07,2148,N,nominal,2.0NRT,290.66,8.76,N
33.04345,56.84932,308.11,0.41,0.45,2026-09-07,2148,N,nominal,2.0NRT,296.46,1.3,N
32.33353,54.08794,302.82,0.57,0.52,2026-09-07,2148,N,nominal,2.0NRT,291.35,0.75,N
26.57875,101.66453,331.47,0.52,0.67,2026-09-08,0542,N,nominal,2.0NRT,289.46,5.34,D
26.57807,101.66654,330.21,0.52,0.67,2026-09-08,0542,N,nominal,2.0NRT,289.62,7.6,D
5.556,95.64034,342.66,0.4,0.37,2026-09-08,0716,N,nominal,2.0NRT,302.69,26.2,D
5.55545,95.63675,332.8,0.4,0.37,2026-09-08,0716,N,nominal,2.0NRT,295.11,26.2,D
5.55565,95.47853,330.18,0.4,0.37,2026-09-08,0716,N,nominal,2.0NRT,299.31,1.38,D
5.55137,95.45032,334.04,0.4,0.37,2026-09-08,0716,N,nominal,2.0NRT,299.92,1.61,D
8.00702,100.11593,342.93,0.48,0.48,2026-09-08,0716,N,nominal,2.0NRT,295.46,8.73,D
7.87394,99.00977,330.92,0.41,0.45,2026-09-08,0716,N,nominal,2.0NRT,291.44,3.33,D
8.08423,99.99466,347.42,0.48,0.48,2026-09-08,0716,N,nominal,2.0NRT,293.11,9.5,D
8.37982,99.99205,347.55,0.48,0.48,2026-09-08,0716,N,nominal,2.0NRT,296.3,22.78,D
8.38426,99.99144,346.21,0.48,0.48,2026-09-08,0716,N,nominal,2.0NRT,293.86,13.51,D
8.38262,99.99226,344.12,0.48,0.48,2026-09-08,0716,N,nominal,2.0NRT,296.32,42.12,D
8.38203,99.98786,333.54,0.48,0.48,2026-09-08,0716,N,nominal,2.0NRT,293.04,12.53,D
8.35954,99.0013,330.22,0.41,0.45,2026-09-08,0718,N,nominal,2.0NRT,292.05,1.75,D
6.71136,81.53332,331.31,0.61,0.71,2026-09-08,0718,N,nominal,2.0NRT,289.61,5.84,D
6.71596,81.53243,333.96,0.61,0.71,2026-09-08,0718,N,nominal,2.0NRT,289.69,5.37,D
6.72456,81.28551,330.86,0.63,0.72,2026-09-08,0718,N,nominal,2.0NRT,291.77,6.84,D
7.61222,80.93584,339.15,0.64,0.72,2026-09-08,0718,N,nominal,2.0NRT,291.93,6.81,D
8.15005,81.13979,337.83,0.61,0.71,2026-09-08,0718,N,nominal,2.0NRT,289.69,7.53,D
7.95023,80.10661,333.68,0.72,0.75,2026-09-08,0718,N,nominal,2.0NRT,287.82,6.49,D
7.97608,80.05353,333.42,0.72,0.76,2026-09-08,0718,N,nominal,2.0NRT,288.36,9.72,D
8.54175,80.52318,336.54,0.66,0.73,2026-09-08,0718,N,nominal,2.0NRT,289.66,7.06,D
9.37813,80.43444,341.92,0.64,0.72,2026-09-08,0718,N,nominal,2.0NRT,291.88,7.48,D
12.857,100.97122,350.84,0.32,0.55,2026-09-08,0718,N,nominal,2.0NRT,291.32,3.6,D
13.76759,101.27853,337.95,0.35,0.56,2026-09-08,0718,N,nominal,2.0NRT,289.61,3.15,D
10.41876,79.25484,335.8,0.74,0.76,2026-09-08,0718,N,nominal,2.0NRT,295.51,7.07,D
10.42577,79.25342,344.95,0.74,0.76,2026-09-08,0718,N,nominal,2.0NRT,295.13,7.07,D
10.42313,79.25229,355.09,0.73,0.76,2026-09-08,0718,N,nominal,2.0NRT,295.22,10.43,D
14.13681,100.5686,335.17,0.63,0.54,2026-09-08,0718,N,nominal,2.0NRT,288.6,6.87,D
14.13682,100.57214,338.05,0.63,0.54,2026-09-08,0718,N,nominal,2.0NRT,288.78,4.1,D
14.16654,100.05305,340.58,0.58,0.52,2026-09-08,0718,N,nominal,2.0NRT,286.08,10.1,D
14.19444,100.24641,336.47,0.6,0.53,2026-09-08,0718,N,nominal,2.0NRT,288.06,6.53,D
11.16977,79.58669,330.7,0.68,0.74,2026-09-08,0718,N,nominal,2.0NRT,293.92,5.67,D
14.73184,100.67117,343.49,0.33,0.55,2026-09-08,0718,N,nominal,2.0NRT,285.68,4.85,D
14.9269,101.10353,349.44,0.35,0.57,2026-09-08,0720,N,nominal,2.0NRT,288.57,4.96,D
14.92626,101.10471,332.27,0.35,0.57,2026-09-08,0720,N,nominal,2.0NRT,287.8,4.09,D
11.44852,79.55484,331.28,0.67,0.74,2026-09-08,0720,N,nominal,2.0NRT,294.18,6.1,D
14.93363,100.79919,335.48,0.33,0.56,2026-09-08,0720,N,nominal,2.0NRT,288.42,3.84,D
11.71861,79.20637,333.78,0.7,0.75,2026-09-08,0720,N,nominal,2.0NRT,294.92,4.97,D
15.23117,100.70213,334.55,0.33,0.55,2026-09-08,0720,N,nominal,2.0NRT,289.7,2.98,D
11.71798,79.20487,330.28,0.7,0.75,2026-09-08,0720,N,nominal,2.0NRT,294.5,6.98,D
15.23116,100.56753,331.1,0.33,0.55,2026-09-08,0720,N,nominal,2.0NRT,286.71,1.72,D
15.31061,100.56128,331.84,0.33,0.55,2026-09-08,0720,N,nominal,2.0NRT,288.19,0.92,D
11.91456,78.91544,337.28,0.73,0.76,2026-09-08,0720,N,nominal,2.0NRT,294.41,4.43,D
15.70195,100.29952,339.35,0.63,0.54,2026-09-08,0720,N,nominal,2.0NRT,289.99,6.64,D
15.70047,100.2971,334.4,0.63,0.54,2026-09-08,0720,N,nominal,2.0NRT,289.52,9.25,D
15.83998,100.14144,342.03,0.62,0.54,2026-09-08,0720,N,nominal,2.0NRT,285.22,5.7,D
16.10605,100.07796,342.13,0.62,0.54,2026-09-08,0720,N,nominal,2.0NRT,290.18,10.4,D
16.19006,100.27523,342.44,0.32,0.55,2026-09-08,0720,N,nominal,2.0NRT,290.41,2.13,D
16.23502,100.3204,338.35,0.32,0.55,2026-09-08,0720,N,nominal,2.0NRT,290.11,2.91,D
16.27923,100.34627,340.13,0.32,0.55,2026-09-08,0720,N,nominal,2.0NRT,289.61,4.71,D
16.58774,100.678,333,0.34,0.56,2026-09-08,0720,N,nominal,2.0NRT,289.46,2.64,D
16.69458,100.2589,338.39,0.32,0.55,2026-09-08,0720,N,nominal,2.0NRT,290.95,3.32,D
17.17465,100.03472,340.97,0.32,0.54,2026-09-08,0720,N,nominal,2.0NRT,289.46,3.36,D
18.31334,100.15979,336.07,0.34,0.56,2026-09-08,0720,N,nominal,2.0NRT,289.66,4.82,D
17.42077,82.34301,336.64,0.34,0.56,2026-09-08,0720,N,nominal,2.0NRT,292.76,2.06,D
17.42123,82.3414,329.03,0.34,0.56,2026-09-08,0720,N,nominal,2.0NRT,292.18,2.8,D
16.86987,79.28905,349.2,0.55,0.68,2026-09-08,0720,N,nominal,2.0NRT,286.91,9.74,D
16.86624,79.28669,340.8,0.55,0.68,2026-09-08,0720,N,nominal,2.0NRT,287.48,10.5,D
19.09924,82.16588,327.77,0.33,0.55,2026-09-08,0720,N,nominal,2.0NRT,293.54,3.91,D
22.68995,92.1611,329.81,0.41,0.37,2026-09-08,0722,N,nominal,2.0NRT,292.02,2.89,D
23.67418,86.0887,335.29,0.48,0.4,2026-09-08,0722,N,nominal,2.0NRT,289.13,7.74,D
27.1144,98.33585,342.53,0.33,0.55,2026-09-08,0722,N,nominal,2.0NRT,290.26,5.27,D
27.11419,98.33356,346.15,0.33,0.55,2026-09-08,0722,N,nominal,2.0NRT,289.91,5.27,D
27.94888,95.25629,332.5,0.44,0.46,2026-09-08,0722,N,nominal,2.0NRT,294.32,2.75,D
28.65772,77.57368,338.07,0.39,0.6,2026-09-08,0724,N,nominal,2.0NRT,294.07,3.21,D
6.39152,81.01944,335.74,0.61,0.71,2026-09-08,0858,N,nominal,2.0NRT,288.81,4.47,D
6.38879,81.01832,333.68,0.61,0.71,2026-09-08,0858,N,nominal,2.0NRT,288.76,5,D
7.56993,81.06039,340.3,0.64,0.72,2026-09-08,0858,N,nominal,2.0NRT,290.96,10.01,D
7.56449,81.01935,341.91,0.63,0.72,2026-09-08,0858,N,nominal,2.0NRT,292.38,10.86,D
7.56569,81.05844,353.87,0.64,0.72,2026-09-08,0858,N,nominal,2.0NRT,291.01,13.73,D
7.56799,81.02248,335.25,0.63,0.72,2026-09-08,0858,N,nominal,2.0NRT,292.17,9.12,D
7.71136,80.69144,343.91,0.6,0.71,2026-09-08,0858,N,nominal,2.0NRT,290.21,9.17,D
7.71078,80.68703,340.15,0.6,0.71,2026-09-08,0858,N,nominal,2.0NRT,289.75,9.17,D
7.70964,80.69207,341.61,0.6,0.71,2026-09-08,0858,N,nominal,2.0NRT,290.31,14.15,D
7.7091,80.68776,338.87,0.6,0.71,2026-09-08,0858,N,nominal,2.0NRT,290.04,10.21,D
7.84198,79.8895,343.53,0.54,0.67,2026-09-08,0858,N,nominal,2.0NRT,290.92,7.16,D
29.90838,74.94791,367,0.52,0.67,2026-09-08,0724,N,high,2.0NRT,295.73,15.56,D
8.43047,80.35378,336.38,0.59,0.7,2026-09-08,0858,N,nominal,2.0NRT,290.13,6.95,D
8.68277,80.80513,337.41,0.63,0.72,2026-09-08,0858,N,nominal,2.0NRT,290.81,3.8,D
29.9065,74.94508,367,0.52,0.67,2026-09-08,0724,N,high,2.0NRT,295.48,13.87,D
8.60429,77.96714,337.01,0.41,0.6,2026-09-08,0858,N,nominal,2.0NRT,299.88,2.57,D
29.90792,74.9504,333.77,0.52,0.67,2026-09-08,0724,N,nominal,2.0NRT,296.05,16.71,D
8.95051,80.46358,330.71,0.61,0.71,2026-09-08,0858,N,nominal,2.0NRT,289.22,3.53,D
9.09733,77.4617,330.93,0.38,0.59,2026-09-08,0858,N,nominal,2.0NRT,298.6,1.47,D
31.21099,75.96707,329.07,0.42,0.61,2026-09-08,0724,N,nominal,2.0NRT,295.18,2.47,D
9.09777,77.45968,335.17,0.38,0.59,2026-09-08,0858,N,nominal,2.0NRT,298.97,1.46,D
38.3913,77.44411,330.79,0.48,0.48,2026-09-08,0726,N,low,2.0NRT,303.38,4.09,D
9.34557,78.82265,340.93,0.48,0.64,2026-09-08,0858,N,nominal,2.0NRT,294.84,7.49,D
9.24284,77.45622,367,0.38,0.59,2026-09-08,0858,N,high,2.0NRT,300.12,6.7,D
9.34336,77.66833,336.37,0.4,0.6,2026-09-08,0858,N,nominal,2.0NRT,301.54,1.47,D
9.34892,77.66765,330.81,0.4,0.6,2026-09-08,0858,N,nominal,2.0NRT,300.21,1.47,D
38.04771,67.26483,339.44,0.79,0.78,2026-09-08,0726,N,nominal,2.0NRT,309.49,6.54,D
9.3474,77.66602,348.28,0.4,0.6,2026-09-08,0858,N,nominal,2.0NRT,300.93,2.13,D
9.53493,78.64525,358.03,0.47,0.64,2026-09-08,0858,N,nominal,2.0NRT,293.97,10.55,D
9.48111,78.22231,334.78,0.44,0.62,2026-09-08,0858,N,nominal,2.0NRT,297.17,3.12,D
9.84432,77.43795,330.84,0.39,0.59,2026-09-08,0858,N,low,2.0NRT,301.21,2.31,D
9.84427,77.43711,333.04,0.39,0.59,2026-09-08,0858,N,nominal,2.0NRT,301.65,1.08,D
10.26912,77.25885,367,0.39,0.59,2026-09-08,0858,N,high,2.0NRT,303.19,13.47,D
10.26851,77.25398,367,0.39,0.59,2026-09-08,0858,N,high,2.0NRT,303.46,13.47,D
10.26803,77.25012,333.67,0.38,0.59,2026-09-08,0858,N,nominal,2.0NRT,300.52,4.37,D
10.27382,77.25198,367,0.38,0.59,2026-09-08,0858,N,high,2.0NRT,306.94,8.66,D
10.27434,77.2561,338.94,0.39,0.59,2026-09-08,0858,N,nominal,2.0NRT,304.77,7.95,D
12.06157,77.02383,330.93,0.39,0.6,2026-09-08,0900,N,nominal,2.0NRT,298.73,2.86,D
12.09969,77.06045,331.42,0.4,0.6,2026-09-08,0900,N,low,2.0NRT,302.11,3.63,D
12.68629,79.22961,330.03,0.56,0.69,2026-09-08,0900,N,nominal,2.0NRT,290.8,5,D
12.6018,76.3521,330.43,0.36,0.57,2026-09-08,0900,N,nominal,2.0NRT,297.42,1.17,D
13.76837,76.63393,334.36,0.39,0.59,2026-09-08,0900,N,nominal,2.0NRT,294.39,3.36,D
14.2825,76.63771,339.44,0.4,0.6,2026-09-08,0900,N,nominal,2.0NRT,295.05,4.58,D
16.83965,76.57693,338.6,0.42,0.61,2026-09-08,0902,N,nominal,2.0NRT,289.66,3.65,D
18.00914,54.57221,347.06,0.48,0.64,2026-09-08,0902,N,nominal,2.0NRT,300.67,5.63,D
18.01501,54.5708,349.52,0.48,0.64,2026-09-08,0902,N,nominal,2.0NRT,300.41,8.38,D
20.81934,71.06818,330.11,0.42,0.45,2026-09-08,0902,N,nominal,2.0NRT,299.88,2.79,D
21.10201,72.65463,333.48,0.53,0.5,2026-09-08,0902,N,nominal,2.0NRT,297.8,4.88,D
21.10607,72.6489,339.2,0.53,0.5,2026-09-08,0902,N,nominal,2.0NRT,299.32,10.32,D
21.10373,72.64575,343.32,0.53,0.5,2026-09-08,0902,N,nominal,2.0NRT,299.18,10.64,D
21.10262,72.63547,337.55,0.53,0.5,2026-09-08,0902,N,nominal,2.0NRT,298.03,9.33,D
19.2693,56.17592,339.11,0.35,0.57,2026-09-08,0902,N,nominal,2.0NRT,306.15,1.98,D
20.22689,55.74075,349.19,0.36,0.58,2026-09-08,0902,N,nominal,2.0NRT,309.59,1.77,D
20.22576,55.74012,346.72,0.36,0.57,2026-09-08,0902,N,nominal,2.0NRT,309.29,0.75,D
20.37629,55.93468,339.15,0.35,0.57,2026-09-08,0902,N,nominal,2.0NRT,308.67,0.72,D
21.31054,57.74771,344.29,0.51,0.5,2026-09-08,0902,N,nominal,2.0NRT,311.87,5.18,D
21.66081,56.41491,349.68,0.61,0.54,2026-09-08,0905,N,nominal,2.0NRT,310.85,30.06,D
21.6657,56.41375,355.88,0.61,0.54,2026-09-08,0905,N,nominal,2.0NRT,315.11,30.06,D
21.66448,56.40783,342.52,0.62,0.54,2026-09-08,0905,N,nominal,2.0NRT,309.86,12.43,D
21.66328,56.41858,338.76,0.61,0.54,2026-09-08,0905,N,low,2.0NRT,310.52,11.12,D
21.6669,56.41153,351.99,0.61,0.54,2026-09-08,0905,N,nominal,2.0NRT,310.13,4.72,D
21.83473,56.68097,340.77,0.59,0.53,2026-09-08,0905,N,low,2.0NRT,311,1.64,D
21.83245,56.67914,340.71,0.59,0.53,2026-09-08,0905,N,low,2.0NRT,312.07,0.98,D
21.93507,57.07423,346.21,0.55,0.51,2026-09-08,0905,N,nominal,2.0NRT,311.12,5.26,D
22.32913,56.48816,346.16,0.59,0.53,2026-09-08,0905,N,nominal,2.0NRT,308.66,9.55,D
22.3286,56.49216,344.49,0.59,0.53,2026-09-08,0905,N,nominal,2.0NRT,309.46,7.51,D
22.32739,56.4865,338.53,0.59,0.53,2026-09-08,0905,N,low,2.0NRT,308.84,5.07,D
24.67546,68.22954,337.51,0.49,0.4,2026-09-08,0905,N,nominal,2.0NRT,302.66,3.29,D
23.05029,58.20073,338.74,0.45,0.47,2026-09-08,0905,N,low,2.0NRT,311.26,7.24,D
24.88822,68.00552,343.55,0.48,0.4,2026-09-08,0905,N,nominal,2.0NRT,308.6,4.46,D
22.87607,55.92557,341.67,0.62,0.54,2026-09-08,0905,N,nominal,2.0NRT,310.74,2.68,D
22.88098,55.92435,341.25,0.62,0.54,2026-09-08,0905,N,nominal,2.0NRT,310.74,2.68,D
22.8779,55.92963,345.47,0.62,0.54,2026-09-08,0905,N,nominal,2.0NRT,310.56,2.24,D
22.52228,54.05112,346.01,0.41,0.61,2026-09-08,0905,N,nominal,2.0NRT,312.08,1.96,D
25.02114,68.23278,339.49,0.49,0.4,2026-09-08,0905,N,nominal,2.0NRT,307.46,3.65,D
22.87244,55.61423,341.58,0.33,0.55,2026-09-08,0905,N,nominal,2.0NRT,311.15,0.54,D
25.02487,68.23222,340.54,0.49,0.4,2026-09-08,0905,N,nominal,2.0NRT,308.72,7.97,D
25.05179,67.49681,336.44,0.46,0.39,2026-09-08,0905,N,low,2.0NRT,309,4.63,D
25.16728,67.04646,337.54,0.44,0.38,2026-09-08,0905,N,nominal,2.0NRT,305.87,3.56,D
23.19189,55.45767,367,0.33,0.55,2026-09-08,0905,N,high,2.0NRT,312.51,4.01,D
25.57998,68.63033,331.53,0.52,0.42,2026-09-08,0905,N,low,2.0NRT,305.96,3.84,D
25.54918,67.8381,341.44,0.48,0.4,2026-09-08,0905,N,low,2.0NRT,312.22,8.27,D
23.30857,54.18038,367,0.39,0.59,2026-09-08,0905,N,high,2.0NRT,309.46,10.75,D
26.11474,68.94655,334.53,0.55,0.43,2026-09-08,0905,N,low,2.0NRT,305.1,2.47,D
26.11402,68.94534,338.33,0.55,0.43,2026-09-08,0905,N,nominal,2.0NRT,305.78,5.33,D
26.15266,68.60349,340.16,0.53,0.42,2026-09-08,0905,N,low,2.0NRT,311.45,6.53,D
24.50577,56.60929,334.7,0.53,0.5,2026-09-08,0905,N,low,2.0NRT,306.92,3.45,D
26.61547,68.16102,343.67,0.51,0.41,2026-09-08,0905,N,nominal,2.0NRT,306.76,10.62,D
24.21256,54.14096,335.28,0.38,0.59,2026-09-08,0905,N,low,2.0NRT,310.18,5.81,D
24.32367,54.46827,345.68,0.36,0.57,2026-09-08,0905,N,nominal,2.0NRT,313.77,11.23,D
24.50765,54.01893,348.35,0.38,0.59,2026-09-08,0905,N,nominal,2.0NRT,301.2,4.4,D
28.04094,69.6731,333.71,0.42,0.46,2026-09-08,0905,N,low,2.0NRT,305.84,4.14,D
27.97179,68.9266,342.52,0.39,0.44,2026-09-08,0905,N,nominal,2.0NRT,307.6,3.99,D
28.1572,67.7573,336.5,0.51,0.41,2026-09-08,0905,N,low,2.0NRT,309.01,28.76,D
28.16097,67.75671,343.08,0.51,0.41,2026-09-08,0905,N,low,2.0NRT,313.63,28.76,D
27.16137,56.10471,338.78,0.5,0.49,2026-09-08,0905,N,nominal,2.0NRT,305.12,11.46,D
27.16982,56.05511,342.27,0.5,0.49,2026-09-08,0905,N,nominal,2.0NRT,305.28,7.7,D
27.16879,56.05014,344.53,0.5,0.49,2026-09-08,0905,N,nominal,2.0NRT,306.25,7.7,D
27.17531,56.05896,337.26,0.5,0.49,2026-09-08,0905,N,nominal,2.0NRT,304.5,11.14,D
27.16577,56.05305,339.22,0.5,0.49,2026-09-08,0905,N,nominal,2.0NRT,305.49,3.81,D
27.17129,56.05687,335.07,0.5,0.49,2026-09-08,0905,N,nominal,2.0NRT,303.86,3.81,D
27.17023,56.05192,337.66,0.5,0.49,2026-09-08,0905,N,nominal,2.0NRT,305.58,3.81,D
27.17681,56.06071,340.81,0.5,0.49,2026-09-08,0905,N,nominal,2.0NRT,304.85,5.29,D
29.82304,72.84699,337.52,0.34,0.56,2026-09-08,0905,N,nominal,2.0NRT,299.51,2.06,D
30.33233,71.97624,338.09,0.62,0.54,2026-09-08,0905,N,nominal,2.0NRT,300.17,5.02,D
28.50289,54.44812,345.44,0.59,0.53,2026-09-08,0905,N,low,2.0NRT,318.5,9.5,D
31.33438,72.16042,333.78,0.32,0.55,2026-09-08,0905,N,nominal,2.0NRT,297.11,2.1,D
31.33746,72.16238,333.87,0.32,0.55,2026-09-08,0905,N,nominal,2.0NRT,296.93,3.64,D
31.45633,72.13813,337.01,0.32,0.55,2026-09-08,0905,N,nominal,2.0NRT,297.88,2.5,D
33.37469,70.30645,342.48,0.53,0.5,2026-09-08,0907,N,nominal,2.0NRT,300.81,3.7,D
35.48441,74.07708,331.6,0.46,0.64,2026-09-08,0905,N,low,2.0NRT,306.33,5.29,D
37.0334,62.4179,344.39,0.4,0.37,2026-09-08,0907,N,low,2.0NRT,318.97,10.36,D
37.1204,62.36448,346.68,0.4,0.37,2026-09-08,0907,N,low,2.0NRT,321.03,11.71,D
37.05801,60.17193,341.01,0.39,0.36,2026-09-08,0907,N,nominal,2.0NRT,308.62,3.51,D
37.42237,62.3101,334.78,0.4,0.37,2026-09-08,0907,N,low,2.0NRT,309.44,2.26,D
37.22301,60.86369,337.74,0.38,0.36,2026-09-08,0907,N,nominal,2.0NRT,307.42,1.51,D
38.05185,67.26527,350.26,0.41,0.45,2026-09-08,0907,N,nominal,2.0NRT,320.86,11.73,D
37.73763,64.11806,354.87,0.45,0.39,2026-09-08,0907,N,nominal,2.0NRT,320.26,19.72,D
37.32671,61.09788,339.52,0.38,0.36,2026-09-08,0907,N,nominal,2.0NRT,312.13,1.94,D
37.49743,61.84727,347.63,0.39,0.36,2026-09-08,0907,N,nominal,2.0NRT,312.74,4.02,D
37.35187,60.81615,339.27,0.38,0.36,2026-09-08,0907,N,nominal,2.0NRT,311.36,2.71,D
37.61826,62.14043,341.05,0.4,0.37,2026-09-08,0907,N,nominal,2.0NRT,312.74,2.18,D
37.62161,62.13969,339.4,0.4,0.37,2026-09-08,0907,N,low,2.0NRT,314.29,3.96,D
37.67073,62.23687,340.64,0.4,0.37,2026-09-08,0907,N,nominal,2.0NRT,313.34,2.25,D
37.51109,61.01674,343.11,0.38,0.36,2026-09-08,0907,N,low,2.0NRT,316.78,5.26,D
37.5937,61.52789,349.46,0.39,0.36,2026-09-08,0907,N,nominal,2.0NRT,318.3,7.02,D
37.60848,61.60592,343.21,0.39,0.36,2026-09-08,0907,N,low,2.0NRT,317.37,5.19,D
37.65556,61.90913,337.39,0.39,0.36,2026-09-08,0907,N,low,2.0NRT,312.12,1.7,D
37.75252,62.30238,339.36,0.4,0.37,2026-09-08,0907,N,low,2.0NRT,313.94,2.43,D
37.78871,62.53765,347.48,0.4,0.37,2026-09-08,0907,N,nominal,2.0NRT,318.76,5.85,D
37.51589,59.38376,345.1,0.39,0.36,2026-09-08,0907,N,nominal,2.0NRT,308.01,4.06,D
37.98391,61.88471,343.25,0.39,0.36,2026-09-08,0907,N,low,2.0NRT,317.08,6.75,D
37.94211,58.56358,334.83,0.4,0.37,2026-09-08,0907,N,nominal,2.0NRT,302.12,2.32,D
39.84756,63.16961,345.54,0.43,0.38,2026-09-08,0907,N,nominal,2.0NRT,313.83,6.36,D
39.10252,56.48976,341.94,0.45,0.39,2026-09-08,0907,N,nominal,2.0NRT,276.4,6.73,D
39.10159,56.48468,340.32,0.45,0.39,2026-09-08,0907,N,nominal,2.0NRT,276.25,9.61,D
39.10065,56.4796,355.99,0.45,0.39,2026-09-08,0907,N,nominal,2.0NRT,276.03,9.61,D
39.09998,56.4833,343.66,0.45,0.39,2026-09-08,0907,N,nominal,2.0NRT,276.03,10.74,D
39.09902,56.47823,342.79,0.45,0.39,2026-09-08,0907,N,nominal,2.0NRT,275.47,7.29,D
39.10443,56.48729,351.07,0.45,0.39,2026-09-08,0907,N,nominal,2.0NRT,275.25,8,D
39.10347,56.48223,347.69,0.45,0.39,2026-09-08,0907,N,nominal,2.0NRT,277.43,8,D
39.10252,56.47716,348.84,0.45,0.39,2026-09-08,0907,N,nominal,2.0NRT,276.69,6.93,D
18.00921,54.57705,337.23,0.72,0.76,2026-09-08,1041,N,nominal,2.0NRT,297.67,6.3,D
18.01629,54.57651,339,0.72,0.76,2026-09-08,1041,N,nominal,2.0NRT,297.45,10.16,D
18.01362,54.57497,353.63,0.72,0.76,2026-09-08,1041,N,nominal,2.0NRT,298.26,15.83,D
23.30914,54.181,353.58,0.77,0.77,2026-09-08,1043,N,nominal,2.0NRT,301.52,17.49,D
23.30862,54.17319,343.1,0.77,0.77,2026-09-08,1043,N,nominal,2.0NRT,301.59,13.23,D
23.31013,54.17833,367,0.77,0.77,2026-09-08,1043,N,high,2.0NRT,302.24,19.52,D
24.51194,54.01912,367,0.77,0.77,2026-09-08,1043,N,high,2.0NRT,297.47,13.79,D
24.51294,54.01669,345.75,0.77,0.77,2026-09-08,1043,N,nominal,2.0NRT,296.95,13.4,D
39.59389,94.30975,299.15,0.39,0.36,2026-09-08,1945,N,nominal,2.0NRT,286.23,0.54,N
38.92309,88.3268,299.45,0.41,0.45,2026-09-08,1947,N,nominal,2.0NRT,287.12,0.64,N
8.17287,80.86552,305.72,0.46,0.47,2026-09-08,1953,N,nominal,2.0NRT,292.32,0.36,N
8.16852,80.86479,308.74,0.46,0.47,2026-09-08,1953,N,nominal,2.0NRT,292.56,0.81,N
8.10951,79.96661,307.71,0.53,0.5,2026-09-08,1953,N,nominal,2.0NRT,292.32,2.24,N
7.87005,80.20573,305.26,0.5,0.49,2026-09-08,1953,N,nominal,2.0NRT,291.34,0.6,N
7.74249,80.7152,304.47,0.46,0.47,2026-09-08,1953,N,nominal,2.0NRT,291.24,1.31,N
6.78723,81.522,307.55,0.4,0.44,2026-09-08,1953,N,nominal,2.0NRT,288.12,0.93,N
26.62168,101.59605,299.09,0.36,0.57,2026-09-08,1947,N,nominal,2.0NRT,286.35,1.39,N
26.5779,101.6657,367,0.36,0.58,2026-09-08,1947,N,high,2.0NRT,287.97,30.66,N
26.57717,101.66883,303.16,0.36,0.58,2026-09-08,1947,N,nominal,2.0NRT,283.26,9.26,N
26.57263,101.6645,298.6,0.36,0.58,2026-09-08,1947,N,nominal,2.0NRT,281,1.26,N
26.57107,101.67117,299.22,0.36,0.58,2026-09-08,1947,N,nominal,2.0NRT,287.33,1.75,N
26.56576,101.67016,298.54,0.36,0.58,2026-09-08,1947,N,nominal,2.0NRT,286.82,1.75,N
26.56494,101.67365,305.6,0.36,0.58,2026-09-08,1947,N,nominal,2.0NRT,287.68,2.32,N
26.56415,101.67704,300.33,0.36,0.58,2026-09-08,1947,N,nominal,2.0NRT,286.56,2.32,N
26.56334,101.68051,296.59,0.36,0.58,2026-09-08,1947,N,nominal,2.0NRT,284.19,2.01,N
25.51666,100.72381,298.87,0.34,0.56,2026-09-08,1947,N,nominal,2.0NRT,285.72,0.59,N
25.53796,100.58049,301.44,0.33,0.55,2026-09-08,1947,N,nominal,2.0NRT,287,0.72,N
25.44453,100.54846,297.22,0.33,0.55,2026-09-08,1947,N,nominal,2.0NRT,285.76,0.36,N
26.64162,79.47488,304.22,0.48,0.65,2026-09-08,1949,N,nominal,2.0NRT,290.65,0.53,N
24.92294,84.15626,306.82,0.47,0.48,2026-09-08,1949,N,nominal,2.0NRT,286,1.73,N
23.80277,86.33076,303.31,0.52,0.41,2026-09-08,1949,N,nominal,2.0NRT,277.22,0.85,N
23.66553,87.1602,303.3,0.47,0.4,2026-09-08,1949,N,nominal,2.0NRT,280.63,1.3,N
23.66251,87.15499,307.21,0.47,0.4,2026-09-08,1949,N,nominal,2.0NRT,278.78,1.3,N
23.7798,86.20742,309.32,0.52,0.42,2026-09-08,1949,N,nominal,2.0NRT,285.51,2.44,N
23.77914,86.21259,311.63,0.52,0.42,2026-09-08,1949,N,nominal,2.0NRT,284.99,1.55,N
23.77346,86.19588,308.14,0.52,0.42,2026-09-08,1949,N,nominal,2.0NRT,284.71,1.73,N
23.7728,86.20103,303.01,0.52,0.42,2026-09-08,1949,N,nominal,2.0NRT,284.66,2.29,N
23.61153,87.1468,306.1,0.47,0.4,2026-09-08,1949,N,nominal,2.0NRT,283.12,0.84,N
23.83938,85.30389,302.27,0.39,0.44,2026-09-08,1949,N,nominal,2.0NRT,287.36,0.51,N
23.83902,85.30463,303.99,0.39,0.44,2026-09-08,1949,N,nominal,2.0NRT,287.28,1.02,N
23.5617,87.2391,315.55,0.46,0.39,2026-09-08,1949,N,nominal,2.0NRT,285.37,5.48,N
23.55808,87.23852,331,0.46,0.39,2026-09-08,1949,N,nominal,2.0NRT,286.14,5.48,N
23.55933,87.22939,317.11,0.46,0.39,2026-09-08,1949,N,nominal,2.0NRT,285.55,2.15,N
23.55746,87.24306,316.67,0.46,0.39,2026-09-08,1949,N,nominal,2.0NRT,285.87,5.33,N
23.69677,86.07681,321.72,0.53,0.42,2026-09-08,1949,N,nominal,2.0NRT,283.98,3.27,N
23.68253,86.09591,314.45,0.53,0.42,2026-09-08,1949,N,nominal,2.0NRT,283.44,1.63,N
23.67217,86.11553,308.55,0.53,0.42,2026-09-08,1949,N,nominal,2.0NRT,283.62,1.25,N
22.4775,90.71188,296.91,0.38,0.36,2026-09-08,1949,N,nominal,2.0NRT,270.8,0.43,N
22.79099,86.19352,316.28,0.51,0.41,2026-09-08,1949,N,nominal,2.0NRT,284.3,2.54,N
22.79034,86.19852,312.09,0.51,0.41,2026-09-08,1949,N,nominal,2.0NRT,283.06,2.54,N
22.78655,86.19794,303.72,0.51,0.41,2026-09-08,1949,N,nominal,2.0NRT,282.63,1.5,N
22.21111,84.86725,296.64,0.4,0.44,2026-09-08,1949,N,nominal,2.0NRT,265.75,0.93,N
22.33052,82.60535,296.65,0.55,0.51,2026-09-08,1949,N,nominal,2.0NRT,264.1,0.57,N
22.32055,82.56607,296.17,0.55,0.51,2026-09-08,1949,N,nominal,2.0NRT,265.75,1.13,N
21.92199,83.3504,308.56,0.49,0.48,2026-09-08,1949,N,nominal,2.0NRT,267.01,1.63,N
21.91968,83.34795,300.5,0.49,0.48,2026-09-08,1949,N,nominal,2.0NRT,268.28,0.71,N
21.91912,83.35267,297.13,0.48,0.48,2026-09-08,1949,N,nominal,2.0NRT,268.48,0.71,N
21.68175,84.04088,306.79,0.44,0.46,2026-09-08,1949,N,nominal,2.0NRT,283.25,1.39,N
21.67748,84.04029,304.58,0.44,0.46,2026-09-08,1949,N,nominal,2.0NRT,283.06,1.83,N
20.97303,86.00401,299.09,0.5,0.41,2026-09-08,1949,N,nominal,2.0NRT,272.26,1.05,N
20.96801,86.01303,298.69,0.5,0.41,2026-09-08,1949,N,nominal,2.0NRT,273.17,1.58,N
20.95175,86.04957,310.7,0.5,0.41,2026-09-08,1949,N,nominal,2.0NRT,272.04,1.4,N
20.95109,86.04737,310.27,0.5,0.41,2026-09-08,1949,N,nominal,2.0NRT,271.42,1.38,N
21.07918,85.03577,300.85,0.56,0.43,2026-09-08,1949,N,nominal,2.0NRT,272.89,2.47,N
20.97745,85.16879,301.13,0.55,0.43,2026-09-08,1949,N,nominal,2.0NRT,275.55,1.53,N
20.9689,85.17302,309.48,0.55,0.43,2026-09-08,1949,N,nominal,2.0NRT,274.62,1.63,N
20.96823,85.17837,305.13,0.55,0.43,2026-09-08,1949,N,nominal,2.0NRT,273.49,1.63,N
20.96564,85.16711,301.3,0.55,0.43,2026-09-08,1949,N,nominal,2.0NRT,273.54,2.31,N
20.96497,85.17246,301.6,0.55,0.43,2026-09-08,1949,N,nominal,2.0NRT,273.25,1.63,N
20.96362,85.18311,296.46,0.55,0.43,2026-09-08,1949,N,nominal,2.0NRT,271.8,1.24,N
20.96296,85.18839,307.2,0.55,0.43,2026-09-08,1949,N,nominal,2.0NRT,268.75,1.24,N
20.96103,85.1719,297.17,0.55,0.43,2026-09-08,1949,N,nominal,2.0NRT,272.55,1.48,N
20.96824,85.15533,299.2,0.55,0.43,2026-09-08,1949,N,nominal,2.0NRT,272.53,1.8,N
20.96399,85.18727,307.6,0.55,0.43,2026-09-08,1949,N,nominal,2.0NRT,270.26,2.38,N
20.96218,85.17078,300.26,0.55,0.43,2026-09-08,1949,N,nominal,2.0NRT,272.53,3.59,N
20.96147,85.17611,298.83,0.55,0.43,2026-09-08,1949,N,nominal,2.0NRT,272.18,2.6,N
20.89022,84.97961,305.39,0.56,0.43,2026-09-08,1949,N,nominal,2.0NRT,268.48,1.48,N
20.88556,84.98448,298.64,0.56,0.43,2026-09-08,1949,N,nominal,2.0NRT,268.71,1.3,N
20.86501,84.98708,306.75,0.56,0.43,2026-09-08,1949,N,nominal,2.0NRT,271.06,1.16,N
20.86435,84.99242,296.94,0.56,0.43,2026-09-08,1949,N,nominal,2.0NRT,269.84,1.16,N
20.86611,84.99142,299.33,0.56,0.43,2026-09-08,1949,N,nominal,2.0NRT,270.68,1.96,N
20.86284,84.98545,298.67,0.56,0.43,2026-09-08,1949,N,nominal,2.0NRT,270.94,1.25,N
20.80691,85.25891,300.08,0.54,0.42,2026-09-08,1949,N,nominal,2.0NRT,268.92,2.19,N
20.79587,85.25201,315.69,0.54,0.42,2026-09-08,1949,N,nominal,2.0NRT,272.81,3.87,N
20.78671,85.26124,298.84,0.54,0.42,2026-09-08,1949,N,nominal,2.0NRT,272.8,2.18,N
21.33592,78.96922,313.41,0.46,0.63,2026-09-08,1949,N,nominal,2.0NRT,283.01,1.74,N
21.3374,78.96973,314.29,0.45,0.63,2026-09-08,1949,N,nominal,2.0NRT,283.02,2.12,N
21.24244,79.22527,306.63,0.44,0.62,2026-09-08,1949,N,nominal,2.0NRT,287.33,1.09,N
19.96099,79.33219,300.58,0.42,0.61,2026-09-08,1949,N,nominal,2.0NRT,269.83,0.78,N
19.10295,82.16367,306.2,0.53,0.5,2026-09-08,1949,N,nominal,2.0NRT,273.54,1.37,N
19.0977,82.16817,303.81,0.53,0.5,2026-09-08,1951,N,nominal,2.0NRT,273.29,1.64,N
17.60929,83.20439,306.12,0.44,0.46,2026-09-08,1951,N,nominal,2.0NRT,275.54,0.83,N
17.46397,80.65453,305.67,0.64,0.54,2026-09-08,1951,N,nominal,2.0NRT,289.37,1.51,N
15.17607,76.65705,301.42,0.55,0.68,2026-09-08,1951,N,nominal,2.0NRT,278.43,2.31,N
14.60695,79.35424,295.06,0.36,0.57,2026-09-08,1951,N,nominal,2.0NRT,284.72,2.36,N
12.69771,76.40362,296.02,0.53,0.67,2026-09-08,1951,N,nominal,2.0NRT,285.99,2.14,N
11.86972,79.20905,308.67,0.33,0.56,2026-09-08,1951,N,nominal,2.0NRT,291.66,0.73,N
11.86825,79.20898,308.07,0.33,0.56,2026-09-08,1951,N,nominal,2.0NRT,291.62,0.69,N
10.39128,79.30709,311.77,0.63,0.54,2026-09-08,1953,N,nominal,2.0NRT,293.29,2.85,N
10.26213,77.25868,300.67,0.43,0.62,2026-09-08,1953,N,nominal,2.0NRT,289.55,0.89,N
9.93439,78.31834,308.55,0.36,0.57,2026-09-08,1953,N,nominal,2.0NRT,292.76,0.7,N
26.09434,68.87854,315.79,0.44,0.38,2026-09-08,2129,N,nominal,2.0NRT,297.03,1.69,N
24.93405,74.6332,303.84,0.62,0.54,2026-09-08,2129,N,nominal,2.0NRT,292.51,1.36,N
27.22971,60.48804,310.53,0.4,0.44,2026-09-08,2129,N,nominal,2.0NRT,298.82,1.31,N
24.66258,74.636,304.85,0.63,0.54,2026-09-08,2129,N,nominal,2.0NRT,292.63,1.81,N
24.6623,74.63559,305.55,0.63,0.54,2026-09-08,2129,N,nominal,2.0NRT,292.59,1.89,N
27.42314,56.50241,309.72,0.35,0.57,2026-09-08,2129,N,nominal,2.0NRT,297.52,0.58,N
27.3028,56.30299,315.09,0.36,0.57,2026-09-08,2129,N,nominal,2.0NRT,297.2,1.42,N
24.69026,73.00349,304.37,0.5,0.49,2026-09-08,2129,N,nominal,2.0NRT,293.62,1.03,N
27.17249,56.0528,327.33,0.37,0.58,2026-09-08,2129,N,nominal,2.0NRT,298.17,2.79,N
27.1671,56.05218,321.55,0.37,0.58,2026-09-08,2129,N,nominal,2.0NRT,298.2,2.01,N
27.16285,56.10123,321.66,0.37,0.58,2026-09-08,2129,N,nominal,2.0NRT,298.54,2.94,N
27.16743,56.04841,316.46,0.37,0.58,2026-09-08,2129,N,nominal,2.0NRT,298.23,2,N
27.14576,56.11057,311.58,0.37,0.58,2026-09-08,2129,N,nominal,2.0NRT,298.31,1.08,N
25.38731,68.58466,319.6,0.43,0.38,2026-09-08,2129,N,nominal,2.0NRT,295.89,1.19,N
26.9548,55.54312,312.29,0.39,0.6,2026-09-08,2129,N,nominal,2.0NRT,299.89,1.04,N
25.90962,57.07006,309.97,0.62,0.54,2026-09-08,2129,N,nominal,2.0NRT,298.86,1.66,N
25.90901,57.07632,315.16,0.62,0.54,2026-09-08,2129,N,nominal,2.0NRT,299.32,1.35,N
25.9719,56.07109,314.28,0.36,0.57,2026-09-08,2129,N,nominal,2.0NRT,299.89,1.55,N
25.96692,56.06675,317.61,0.36,0.57,2026-09-08,2129,N,nominal,2.0NRT,301.35,1.55,N
25.902,54.53186,316.15,0.44,0.63,2026-09-08,2129,N,nominal,2.0NRT,298.92,0.2,N
23.28408,72.41761,307.05,0.49,0.49,2026-09-08,2129,N,nominal,2.0NRT,292.41,0.91,N
23.2817,72.41914,310.48,0.49,0.49,2026-09-08,2129,N,nominal,2.0NRT,292.49,0.89,N
25.57268,55.98769,314.03,0.36,0.57,2026-09-08,2129,N,nominal,2.0NRT,300.15,0.86,N
25.30977,56.37307,315.31,0.34,0.56,2026-09-08,2129,N,nominal,2.0NRT,299.8,1.65,N
22.26371,75.1344,305.94,0.38,0.59,2026-09-08,2129,N,nominal,2.0NRT,289.82,1.06,N
25.11226,55.42607,321.67,0.38,0.59,2026-09-08,2131,N,nominal,2.0NRT,298.74,1.52,N
22.92725,70.10981,310.63,0.55,0.43,2026-09-08,2131,N,nominal,2.0NRT,292.31,4.11,N
24.50559,56.60521,367,0.32,0.54,2026-09-08,2131,N,high,2.0NRT,302.29,5.91,N
24.50529,56.6084,344.11,0.32,0.54,2026-09-08,2131,N,nominal,2.0NRT,301.29,5.91,N
24.50681,56.59244,315.73,0.32,0.54,2026-09-08,2131,N,nominal,2.0NRT,302.2,1.18,N
24.50659,56.6067,350.62,0.64,0.54,2026-09-08,2131,N,nominal,2.0NRT,301.88,12.37,N
24.4603,56.55792,321.86,0.32,0.55,2026-09-08,2131,N,nominal,2.0NRT,299.6,1.06,N
24.46061,56.55475,314.08,0.32,0.55,2026-09-08,2131,N,nominal,2.0NRT,300.13,1.06,N
24.45585,56.55101,315.9,0.32,0.55,2026-09-08,2131,N,nominal,2.0NRT,301.02,1.29,N
24.51283,54.01543,367,0.46,0.64,2026-09-08,2131,N,high,2.0NRT,300.96,4.43,N
24.51247,54.02012,316.32,0.46,0.64,2026-09-08,2131,N,nominal,2.0NRT,299.92,4.43,N
24.50934,54.01557,367,0.46,0.64,2026-09-08,2131,N,high,2.0NRT,301.29,5.8,N
24.50895,54.02025,318.48,0.46,0.64,2026-09-08,2131,N,nominal,2.0NRT,299.88,5.8,N
24.32481,54.4689,312.59,0.43,0.62,2026-09-08,2131,N,nominal,2.0NRT,300.92,2.16,N
19.82081,79.33638,300.96,0.78,0.78,2026-09-08,2131,N,nominal,2.0NRT,277.48,1.84,N
21.10576,72.64803,305.61,0.56,0.51,2026-09-08,2131,N,nominal,2.0NRT,291.86,2.49,N
21.10329,72.63621,309.85,0.56,0.51,2026-09-08,2131,N,nominal,2.0NRT,291.32,2.74,N
23.36572,56.28336,312.89,0.32,0.55,2026-09-08,2131,N,nominal,2.0NRT,298.32,0.94,N
20.91132,71.46037,311.82,0.48,0.48,2026-09-08,2131,N,nominal,2.0NRT,294.96,1.86,N
23.31531,54.1781,339.42,0.44,0.62,2026-09-08,2131,N,nominal,2.0NRT,297.79,8.15,N
23.3157,54.17366,318.05,0.44,0.62,2026-09-08,2131,N,nominal,2.0NRT,298.94,7.93,N
23.30989,54.17308,328.08,0.44,0.62,2026-09-08,2131,N,nominal,2.0NRT,297.34,7.93,N
23.3095,54.17748,367,0.44,0.62,2026-09-08,2131,N,high,2.0NRT,297.82,8.15,N
23.1914,55.4581,331.6,0.36,0.58,2026-09-08,2131,N,nominal,2.0NRT,298.98,1.73,N
23.19105,55.46172,310.73,0.36,0.58,2026-09-08,2131,N,nominal,2.0NRT,298.27,1.73,N
22.65515,59.41447,316.75,0.41,0.45,2026-09-08,2131,N,nominal,2.0NRT,300.15,1.72,N
22.65466,59.4184,311.43,0.4,0.45,2026-09-08,2131,N,nominal,2.0NRT,299.8,0.93,N
20.35331,72.95158,302.88,0.6,0.53,2026-09-08,2131,N,nominal,2.0NRT,290.82,2.13,N
22.88138,55.92471,323.05,0.34,0.56,2026-09-08,2131,N,nominal,2.0NRT,296.73,1.15,N
22.8762,55.92408,325.45,0.34,0.56,2026-09-08,2131,N,nominal,2.0NRT,296.59,1.75,N
22.87441,55.61502,332.68,0.35,0.57,2026-09-08,2131,N,nominal,2.0NRT,296.38,1.72,N
19.93463,73.71231,301.71,0.35,0.56,2026-09-08,2131,N,nominal,2.0NRT,287.55,0.43,N
22.67336,56.2489,321.35,0.32,0.54,2026-09-08,2131,N,nominal,2.0NRT,297.32,1.28,N
22.78159,54.72872,307.06,0.4,0.6,2026-09-08,2131,N,nominal,2.0NRT,295.93,0.97,N
22.40739,56.99112,319.69,0.57,0.52,2026-09-08,2131,N,nominal,2.0NRT,296.38,1.41,N
22.32967,56.49126,325.46,0.61,0.53,2026-09-08,2131,N,nominal,2.0NRT,297.15,2.73,N
22.52566,54.0509,307.63,0.44,0.62,2026-09-08,2131,N,nominal,2.0NRT,296.19,1.15,N
22.08052,55.97674,307.52,0.33,0.55,2026-09-08,2131,N,nominal,2.0NRT,296.71,4.61,N
21.93879,57.07524,338.08,0.55,0.51,2026-09-08,2131,N,nominal,2.0NRT,295.07,9.47,N
21.89079,56.84819,338.89,0.57,0.52,2026-09-08,2131,N,nominal,2.0NRT,296.16,12.06,N
21.83527,56.67984,321.02,0.58,0.52,2026-09-08,2131,N,nominal,2.0NRT,295.42,4.98,N
21.8328,56.67929,320.74,0.58,0.52,2026-09-08,2131,N,nominal,2.0NRT,295.43,5.59,N
21.70415,56.47341,315.85,0.6,0.53,2026-09-08,2131,N,nominal,2.0NRT,296.27,2.17,N
21.6644,56.41438,313.41,0.6,0.53,2026-09-08,2131,N,nominal,2.0NRT,296.98,3.65,N
21.31912,57.72414,313.4,0.49,0.49,2026-09-08,2131,N,nominal,2.0NRT,295.78,1.93,N
21.31188,57.74757,332.49,0.49,0.49,2026-09-08,2131,N,nominal,2.0NRT,296,2.57,N
21.31242,57.74278,319.02,0.49,0.49,2026-09-08,2131,N,nominal,2.0NRT,295.45,3.32,N
21.3059,57.80001,313.09,0.49,0.48,2026-09-08,2131,N,nominal,2.0NRT,296,1.09,N
21.30141,57.7994,311.31,0.49,0.48,2026-09-08,2131,N,nominal,2.0NRT,295.81,1.09,N
18.57162,74.15484,303.27,0.39,0.59,2026-09-08,2131,N,nominal,2.0NRT,289.09,0.82,N
21.30724,57.70778,311.46,0.5,0.49,2026-09-08,2131,N,nominal,2.0NRT,295.97,1.1,N
21.2964,57.68182,312.21,0.5,0.49,2026-09-08,2131,N,nominal,2.0NRT,295.55,1.13,N
21.29583,57.67901,307,0.5,0.49,2026-09-08,2131,N,nominal,2.0NRT,295.3,1.05,N
18.57086,74.15802,301.48,0.39,0.59,2026-09-08,2131,N,nominal,2.0NRT,289.11,0.94,N
21.41112,55.74137,311.64,0.33,0.55,2026-09-08,2131,N,nominal,2.0NRT,297.77,1.73,N
21.4108,55.74463,311.24,0.33,0.55,2026-09-08,2131,N,nominal,2.0NRT,297.84,1.73,N
18.69113,73.041,316.05,0.33,0.55,2026-09-08,2131,N,nominal,2.0NRT,290.89,2.15,N
18.6874,73.03365,303.69,0.33,0.55,2026-09-08,2131,N,nominal,2.0NRT,291.25,2.33,N
18.68609,73.03984,303.23,0.33,0.55,2026-09-08,2131,N,nominal,2.0NRT,290.86,1.06,N
18.6817,73.03559,303.54,0.33,0.55,2026-09-08,2131,N,nominal,2.0NRT,291.62,1.06,N
18.68104,73.0387,311.31,0.33,0.55,2026-09-08,2131,N,nominal,2.0NRT,290.91,1.06,N
18.68038,73.04181,303.95,0.33,0.55,2026-09-08,2131,N,nominal,2.0NRT,290.64,2.04,N
21.40863,55.74411,317.04,0.33,0.55,2026-09-08,2131,N,nominal,2.0NRT,298.3,1.85,N
18.69305,73.04095,316.93,0.33,0.55,2026-09-08,2131,N,nominal,2.0NRT,291.47,2.21,N
18.68424,73.03241,313.03,0.33,0.55,2026-09-08,2131,N,nominal,2.0NRT,291.62,1.8,N
18.68296,73.03863,305.36,0.33,0.55,2026-09-08,2131,N,nominal,2.0NRT,291.24,2.36,N
18.68233,73.04176,310.34,0.33,0.55,2026-09-08,2131,N,nominal,2.0NRT,290.94,1.64,N
20.37634,55.93264,315.63,0.63,0.54,2026-09-08,2131,N,nominal,2.0NRT,296.82,1.79,N
20.38998,55.66202,326.92,0.33,0.55,2026-09-08,2131,N,nominal,2.0NRT,297.31,1.82,N
20.38622,55.64859,315.69,0.33,0.55,2026-09-08,2131,N,nominal,2.0NRT,296.57,0.92,N
20.21335,55.71311,314.98,0.32,0.55,2026-09-08,2131,N,nominal,2.0NRT,296.51,1.21,N
15.22613,76.76373,301.41,0.67,0.74,2026-09-08,2131,N,nominal,2.0NRT,287,1.03,N
15.18275,76.67428,302.85,0.66,0.73,2026-09-08,2131,N,nominal,2.0NRT,287.4,1.89,N
15.17892,76.66013,304.46,0.66,0.73,2026-09-08,2131,N,nominal,2.0NRT,287.58,2.95,N
15.17795,76.657,308.23,0.66,0.73,2026-09-08,2131,N,nominal,2.0NRT,287.68,3.05,N
15.13748,76.71239,304.03,0.67,0.73,2026-09-08,2131,N,nominal,2.0NRT,287.39,1.38,N
15.6609,73.98779,300.61,0.43,0.62,2026-09-08,2131,N,nominal,2.0NRT,288.62,1.28,N
15.65884,73.9893,310.62,0.44,0.62,2026-09-08,2131,N,nominal,2.0NRT,288.94,1.44,N
18.55518,55.87178,306.26,0.6,0.53,2026-09-08,2131,N,nominal,2.0NRT,295.22,0.6,N
18.32203,55.10364,357.02,0.33,0.56,2026-09-08,2131,N,nominal,2.0NRT,296.45,5.63,N
18.32168,55.10684,310.82,0.33,0.56,2026-09-08,2131,N,nominal,2.0NRT,295.3,2.46,N
18.01516,54.56989,346.41,0.36,0.57,2026-09-08,2131,N,nominal,2.0NRT,296.52,8.53,N
18.01478,54.57331,341.88,0.36,0.57,2026-09-08,2131,N,nominal,2.0NRT,296.93,8.53,N
39.8537,66.20158,305.82,0.45,0.39,2026-09-08,2125,N,nominal,2.0NRT,291.18,0.95,N
39.55069,66.82844,299.96,0.43,0.38,2026-09-08,2125,N,nominal,2.0NRT,289.48,0.72,N
39.17651,68.61347,300.49,0.39,0.36,2026-09-08,2125,N,nominal,2.0NRT,282.75,0.87,N
39.18629,65.28782,298.22,0.48,0.4,2026-09-08,2125,N,nominal,2.0NRT,286.65,1.18,N
39.18301,65.31568,306.46,0.48,0.4,2026-09-08,2125,N,nominal,2.0NRT,288.44,0.62,N
39.27961,63.08193,298.71,0.4,0.44,2026-09-08,2125,N,nominal,2.0NRT,281.59,0.88,N
39.27729,63.08484,299.46,0.4,0.44,2026-09-08,2125,N,nominal,2.0NRT,279.64,0.53,N
39.25184,63.17114,301.44,0.4,0.44,2026-09-08,2125,N,nominal,2.0NRT,285.8,1.17,N
39.17096,63.27515,302.53,0.39,0.44,2026-09-08,2125,N,nominal,2.0NRT,282.12,1.2,N
39.16871,63.25607,309.37,0.39,0.44,2026-09-08,2125,N,nominal,2.0NRT,282.25,2.46,N
39.16826,63.26067,303.03,0.39,0.44,2026-09-08,2125,N,nominal,2.0NRT,284.64,1.7,N
38.395,69.11529,306.04,0.38,0.36,2026-09-08,2125,N,nominal,2.0NRT,292.16,0.53,N
39.11551,63.33684,321.8,0.39,0.44,2026-09-08,2125,N,nominal,2.0NRT,289.49,1.3,N
38.32633,68.98463,303.99,0.39,0.36,2026-09-08,2125,N,nominal,2.0NRT,293.48,0.95,N
39.01474,63.70567,298.22,0.56,0.43,2026-09-08,2125,N,nominal,2.0NRT,287.7,0.85,N
38.98695,63.58727,302.14,0.57,0.43,2026-09-08,2125,N,nominal,2.0NRT,288.58,0.57,N
38.71166,65.89748,297.67,0.45,0.39,2026-09-08,2125,N,nominal,2.0NRT,286.81,1.57,N
38.70809,65.89677,328.12,0.45,0.39,2026-09-08,2125,N,nominal,2.0NRT,288.38,1.57,N
38.9751,63.4669,300.14,0.38,0.43,2026-09-08,2125,N,nominal,2.0NRT,277.94,0.66,N
38.68567,65.98764,313.23,0.45,0.39,2026-09-08,2125,N,nominal,2.0NRT,289.59,1.54,N
38.91536,63.80683,300.53,0.55,0.43,2026-09-08,2125,N,nominal,2.0NRT,288.8,0.89,N
38.90883,63.79257,299.64,0.55,0.43,2026-09-08,2125,N,nominal,2.0NRT,287.66,0.66,N
38.83901,63.81911,301.62,0.55,0.43,2026-09-08,2125,N,nominal,2.0NRT,288.68,0.86,N
38.55003,65.94766,309.55,0.45,0.39,2026-09-08,2125,N,nominal,2.0NRT,290.41,1.35,N
38.66732,64.77567,301.8,0.5,0.41,2026-09-08,2125,N,nominal,2.0NRT,288.69,0.26,N
38.65151,63.97891,300.08,0.54,0.42,2026-09-08,2125,N,nominal,2.0NRT,289.27,0.98,N
38.65147,63.97854,299.31,0.54,0.42,2026-09-08,2125,N,nominal,2.0NRT,289.26,0.71,N
38.31547,65.38441,313.85,0.47,0.39,2026-09-08,2125,N,nominal,2.0NRT,290.89,1.57,N
38.05332,67.26309,328.34,0.41,0.37,2026-09-08,2125,N,nominal,2.0NRT,289.98,3.52,N
38.05268,67.26766,306.74,0.41,0.37,2026-09-08,2125,N,nominal,2.0NRT,288.3,3.52,N
38.04993,67.26231,328.83,0.41,0.37,2026-09-08,2125,N,nominal,2.0NRT,287.79,3.12,N
38.0493,67.2669,312.86,0.41,0.37,2026-09-08,2125,N,nominal,2.0NRT,287.69,3.12,N
38.2076,64.74201,301.96,0.49,0.41,2026-09-08,2125,N,nominal,2.0NRT,288.5,0.7,N
38.16354,64.59396,302.5,0.5,0.41,2026-09-08,2125,N,nominal,2.0NRT,289.41,0.83,N
38.1636,64.59293,301.6,0.5,0.41,2026-09-08,2125,N,nominal,2.0NRT,289.3,0.87,N
38.11881,64.7125,305.56,0.49,0.41,2026-09-08,2125,N,nominal,2.0NRT,289.61,0.96,N
38.05109,64.89991,301.03,0.48,0.4,2026-09-08,2125,N,nominal,2.0NRT,289.28,0.95,N
37.96798,65.045,298.18,0.48,0.4,2026-09-08,2127,N,nominal,2.0NRT,287.94,0.62,N
37.96526,65.00539,300.38,0.48,0.4,2026-09-08,2127,N,nominal,2.0NRT,288.71,0.72,N
37.82925,65.17686,299.96,0.47,0.4,2026-09-08,2127,N,nominal,2.0NRT,288.67,0.55,N
37.67397,65.26511,300.8,0.46,0.39,2026-09-08,2127,N,nominal,2.0NRT,290.14,0.5,N
37.98885,61.88144,301.89,0.45,0.47,2026-09-08,2127,N,nominal,2.0NRT,291.22,0.64,N
37.98404,61.88595,306.94,0.45,0.47,2026-09-08,2127,N,nominal,2.0NRT,291.46,0.45,N
38.25591,58.38664,297.87,0.35,0.57,2026-09-08,2127,N,nominal,2.0NRT,285.31,0.76,N
38.25566,58.39069,298.8,0.35,0.57,2026-09-08,2127,N,nominal,2.0NRT,285.78,0.8,N
37.80006,62.55213,301.03,0.41,0.45,2026-09-08,2127,N,nominal,2.0NRT,288.46,0.56,N
37.79591,62.55144,318.65,0.41,0.45,2026-09-08,2127,N,nominal,2.0NRT,288.42,1.28,N
37.78902,62.53594,313.41,0.41,0.45,2026-09-08,2127,N,nominal,2.0NRT,289.12,1.69,N
37.78856,62.54067,300.48,0.41,0.45,2026-09-08,2127,N,nominal,2.0NRT,287.14,0.75,N
37.79417,61.49652,301.26,0.47,0.48,2026-09-08,2127,N,nominal,2.0NRT,291.05,0.71,N
37.72523,62.09428,305.08,0.43,0.46,2026-09-08,2127,N,nominal,2.0NRT,288.76,0.95,N
37.66881,62.23562,307.49,0.43,0.46,2026-09-08,2127,N,nominal,2.0NRT,289.45,0.92,N
37.65992,62.23919,308.11,0.43,0.46,2026-09-08,2127,N,nominal,2.0NRT,289.83,0.95,N
37.65524,62.2434,301.65,0.43,0.46,2026-09-08,2127,N,nominal,2.0NRT,288.71,0.95,N
37.6607,62.23806,306.98,0.43,0.46,2026-09-08,2127,N,nominal,2.0NRT,289.82,0.82,N
37.656,62.24228,303.21,0.43,0.46,2026-09-08,2127,N,nominal,2.0NRT,288.69,0.87,N
37.9395,58.56374,299.11,0.34,0.56,2026-09-08,2127,N,nominal,2.0NRT,283.91,0.63,N
37.63831,62.20482,309.56,0.43,0.46,2026-09-08,2127,N,nominal,2.0NRT,289.14,1.24,N
37.6289,62.21331,301.73,0.43,0.46,2026-09-08,2127,N,nominal,2.0NRT,290,0.61,N
37.65403,61.90889,301.78,0.44,0.46,2026-09-08,2127,N,nominal,2.0NRT,290.77,0.6,N
37.62475,62.16796,310,0.43,0.46,2026-09-08,2127,N,nominal,2.0NRT,291,1.58,N
37.61915,62.13711,316.77,0.43,0.46,2026-09-08,2127,N,nominal,2.0NRT,291.52,1.54,N
37.61868,62.14203,304.39,0.43,0.46,2026-09-08,2127,N,nominal,2.0NRT,290.34,1.54,N
37.61579,61.60958,301.25,0.46,0.47,2026-09-08,2127,N,nominal,2.0NRT,290.97,0.45,N
37.61142,61.60893,303.54,0.46,0.47,2026-09-08,2127,N,nominal,2.0NRT,291.3,0.93,N
37.61562,61.60829,302.35,0.46,0.47,2026-09-08,2127,N,nominal,2.0NRT,290.75,0.68,N
37.61425,61.57602,307.71,0.46,0.47,2026-09-08,2127,N,nominal,2.0NRT,292.77,1.21,N
37.61126,61.60764,313.08,0.46,0.47,2026-09-08,2127,N,nominal,2.0NRT,292.88,2.18,N
37.59826,61.55758,301.61,0.46,0.47,2026-09-08,2127,N,nominal,2.0NRT,291.46,0.98,N
37.59197,61.52979,308.34,0.46,0.47,2026-09-08,2127,N,nominal,2.0NRT,292.54,1.38,N
37.49662,61.84735,320.81,0.44,0.46,2026-09-08,2127,N,nominal,2.0NRT,292.15,2.2,N
37.48168,62.00851,302.02,0.44,0.46,2026-09-08,2127,N,nominal,2.0NRT,291.49,0.75,N
37.42322,62.31058,317.9,0.42,0.45,2026-09-08,2127,N,nominal,2.0NRT,288.23,1.86,N
37.40648,62.30794,297.31,0.42,0.45,2026-09-08,2127,N,nominal,2.0NRT,287.25,0.28,N
37.4321,61.63307,304.12,0.46,0.47,2026-09-08,2127,N,nominal,2.0NRT,291.24,0.81,N
37.3265,61.09747,308.04,0.48,0.48,2026-09-08,2127,N,nominal,2.0NRT,290.95,1.24,N
37.11995,62.36426,321.61,0.41,0.45,2026-09-08,2127,N,nominal,2.0NRT,292.12,3.89,N
37.27469,60.63433,302.46,0.51,0.5,2026-09-08,2127,N,nominal,2.0NRT,289.28,0.96,N
37.27421,60.64022,304.95,0.51,0.5,2026-09-08,2127,N,nominal,2.0NRT,289.23,0.96,N
37.12041,62.35953,312.76,0.41,0.45,2026-09-08,2127,N,nominal,2.0NRT,290.5,4.31,N
37.11579,62.36359,309.75,0.41,0.45,2026-09-08,2127,N,nominal,2.0NRT,291.26,1.79,N
37.1189,62.36211,331.45,0.41,0.45,2026-09-08,2127,N,nominal,2.0NRT,293.02,4.38,N
37.11474,62.36147,304.22,0.41,0.45,2026-09-08,2127,N,nominal,2.0NRT,291.06,4.38,N
37.27481,60.63956,313.36,0.51,0.5,2026-09-08,2127,N,nominal,2.0NRT,289.48,1.2,N
37.03339,62.41525,347.08,0.41,0.45,2026-09-08,2127,N,nominal,2.0NRT,293.08,7.04,N
37.03293,62.4199,306.34,0.41,0.45,2026-09-08,2127,N,nominal,2.0NRT,291.73,1.81,N
35.96978,68.6861,306.24,0.38,0.36,2026-09-08,2127,N,nominal,2.0NRT,292.39,1.1,N
36.52848,61.66046,301.5,0.44,0.46,2026-09-08,2127,N,nominal,2.0NRT,290.82,0.33,N
36.46933,61.7327,301.89,0.44,0.46,2026-09-08,2127,N,nominal,2.0NRT,290.4,0.36,N
36.39267,61.78365,301.76,0.44,0.46,2026-09-08,2127,N,nominal,2.0NRT,290.47,0.36,N
35.90871,62.96483,300.35,0.56,0.43,2026-09-08,2127,N,nominal,2.0NRT,290.33,0.82,N
33.90252,74.64256,303.02,0.41,0.45,2026-09-08,2127,N,nominal,2.0NRT,283.88,1.2,N
33.80086,72.09872,306.87,0.47,0.4,2026-09-08,2127,N,nominal,2.0NRT,295.32,1.52,N
33.54652,71.54891,306.94,0.45,0.39,2026-09-08,2127,N,nominal,2.0NRT,295.96,1.34,N
33.29699,71.18787,308.57,0.44,0.38,2026-09-08,2127,N,nominal,2.0NRT,294.99,0.84,N
32.88793,71.61536,312.55,0.46,0.39,2026-09-08,2127,N,nominal,2.0NRT,297.11,2.77,N
32.65488,70.47535,312.61,0.42,0.38,2026-09-08,2127,N,nominal,2.0NRT,297.87,1.05,N
32.28975,70.74053,313.42,0.44,0.38,2026-09-08,2127,N,nominal,2.0NRT,299.03,2.4,N
29.63118,77.24579,303.99,0.35,0.57,2026-09-08,2127,N,nominal,2.0NRT,291.79,0.58,N
29.47636,76.85699,304.91,0.34,0.56,2026-09-08,2127,N,nominal,2.0NRT,291.99,0.75,N
29.47554,76.86042,310.75,0.34,0.56,2026-09-08,2127,N,nominal,2.0NRT,292.51,0.75,N
28.77183,77.56693,306.21,0.39,0.59,2026-09-08,2127,N,nominal,2.0NRT,290.42,0.51,N
28.74435,76.92632,305.77,0.35,0.57,2026-09-08,2127,N,nominal,2.0NRT,291.99,1.24,N
28.744,76.92703,309.02,0.35,0.57,2026-09-08,2127,N,nominal,2.0NRT,291.79,0.88,N
31.85084,54.28428,305.5,0.52,0.67,2026-09-08,2127,N,nominal,2.0NRT,293.29,1.44,N
28.34513,77.23094,307.2,0.38,0.58,2026-09-08,2127,N,nominal,2.0NRT,291.84,0.78,N
30.75813,56.65642,304.57,0.37,0.58,2026-09-08,2129,N,nominal,2.0NRT,292.14,1.51,N
30.75275,56.65565,301.1,0.37,0.58,2026-09-08,2129,N,nominal,2.0NRT,288.97,0.72,N
27.66834,76.12954,304.87,0.34,0.56,2026-09-08,2129,N,nominal,2.0NRT,293.68,0.87,N
30.66675,56.62088,305.32,0.37,0.58,2026-09-08,2129,N,nominal,2.0NRT,290.14,0.72,N
30.49223,56.81953,302.96,0.36,0.57,2026-09-08,2129,N,nominal,2.0NRT,291.92,1.51,N
30.32191,55.97177,302.76,0.4,0.6,2026-09-08,2129,N,nominal,2.0NRT,290.97,0.6,N
30.23378,56.90849,328.07,0.35,0.57,2026-09-08,2129,N,nominal,2.0NRT,295.46,2.72,N
30.19246,57.16001,300.19,0.34,0.56,2026-09-08,2129,N,nominal,2.0NRT,289.74,0.52,N
28.42417,69.70237,322.16,0.44,0.39,2026-09-08,2129,N,nominal,2.0NRT,298.08,1.8,N
30.08318,55.39896,308.1,0.44,0.62,2026-09-08,2129,N,nominal,2.0NRT,288.63,1.79,N
30.08277,55.39709,301.95,0.43,0.62,2026-09-08,2129,N,nominal,2.0NRT,288.98,1.99,N
29.99242,55.8543,303.97,0.41,0.6,2026-09-08,2129,N,nominal,2.0NRT,287.52,1.78,N
29.98681,55.8536,318.03,0.41,0.6,2026-09-08,2129,N,nominal,2.0NRT,288.45,1.78,N
29.98653,55.85748,308.93,0.41,0.6,2026-09-08,2129,N,nominal,2.0NRT,287.63,1.78,N
29.99722,55.19526,299.9,0.45,0.63,2026-09-08,2129,N,nominal,2.0NRT,287.84,1,N
29.99832,55.19717,301.94,0.45,0.63,2026-09-08,2129,N,nominal,2.0NRT,287.71,0.67,N
29.47724,60.80822,307.31,0.41,0.45,2026-09-08,2129,N,nominal,2.0NRT,291.41,0.83,N
29.514,55.79682,305.62,0.41,0.6,2026-09-08,2129,N,nominal,2.0NRT,288.37,1.09,N
26.87394,73.51777,305.58,0.49,0.48,2026-09-08,2129,N,nominal,2.0NRT,295.45,1.38,N
29.37071,55.57718,297,0.42,0.61,2026-09-08,2129,N,nominal,2.0NRT,285.01,0.3,N
29.15295,55.36396,301.39,0.43,0.62,2026-09-08,2129,N,nominal,2.0NRT,290.57,0.61,N
28.63472,59.09782,311.35,0.5,0.49,2026-09-08,2129,N,nominal,2.0NRT,294.45,1.44,N
37.4946,61.84743,297.56,0.75,0.77,2026-09-08,2307,N,nominal,2.0NRT,287.07,1.2,N
37.49642,61.85168,299.38,0.76,0.77,2026-09-08,2307,N,nominal,2.0NRT,287.3,1.45,N
31.85118,54.28686,310.35,0.43,0.62,2026-09-08,2309,N,nominal,2.0NRT,294.16,1.51,N
31.62565,54.72693,304.35,0.46,0.64,2026-09-08,2309,N,nominal,2.0NRT,291.97,1,N
30.75803,56.66159,304.44,0.62,0.72,2026-09-08,2309,N,nominal,2.0NRT,289.53,2.12,N
29.92761,56.73357,300.1,0.66,0.73,2026-09-08,2309,N,nominal,2.0NRT,288.1,1.39,N
29.99486,55.85371,302.08,0.59,0.7,2026-09-08,2309,N,nominal,2.0NRT,286.78,1.5,N
29.98863,55.85143,303.94,0.59,0.7,2026-09-08,2309,N,nominal,2.0NRT,286.63,1.5,N
29.98671,55.85843,309.24,0.59,0.7,2026-09-08,2309,N,nominal,2.0NRT,287.41,1.5,N
30.08022,55.39359,299.96,0.55,0.68,2026-09-08,2309,N,nominal,2.0NRT,288.85,1.77,N
29.99864,55.19698,301.36,0.54,0.68,2026-09-08,2309,N,nominal,2.0NRT,286.37,1.01,N
25.97492,56.07178,310.66,0.75,0.77,2026-09-08,2309,N,nominal,2.0NRT,296.68,6.78,N
25.90143,54.53062,310.15,0.61,0.71,2026-09-08,2309,N,nominal,2.0NRT,297.03,0.49,N
25.90251,54.53088,311.14,0.61,0.71,2026-09-08,2309,N,nominal,2.0NRT,297.34,0.58,N
24.51065,54.01515,326.42,0.62,0.71,2026-09-08,2312,N,nominal,2.0NRT,299.42,5.87,N
24.50908,54.02119,346.27,0.62,0.71,2026-09-08,2312,N,nominal,2.0NRT,299.49,5.87,N
24.51115,54.01884,367,0.62,0.71,2026-09-08,2312,N,high,2.0NRT,299.76,11.11,N
24.51268,54.01278,311.8,0.62,0.71,2026-09-08,2312,N,nominal,2.0NRT,298.89,5.65,N
23.31595,54.18142,322.61,0.67,0.74,2026-09-08,2312,N,nominal,2.0NRT,295.2,4.26,N
23.30932,54.17935,367,0.67,0.74,2026-09-08,2312,N,high,2.0NRT,295.92,22.93,N
23.30762,54.18596,307.96,0.67,0.74,2026-09-08,2312,N,nominal,2.0NRT,294.55,8.93,N
8.00745,100.11021,337.78,0.41,0.37,2026-09-09,0659,N,nominal,2.0NRT,297.89,3.33,D
8.08266,100.00484,334.31,0.4,0.37,2026-09-09,0659,N,nominal,2.0NRT,291.12,5.68,D
8.08212,100.00117,348.28,0.4,0.37,2026-09-09,0659,N,nominal,2.0NRT,303.05,11.18,D
8.08551,100.00066,335.87,0.4,0.37,2026-09-09,0659,N,nominal,2.0NRT,298.52,11.18,D
8.08496,99.997,330.62,0.4,0.37,2026-09-09,0659,N,nominal,2.0NRT,296.22,11.18,D
8.08387,99.98969,336.01,0.4,0.37,2026-09-09,0659,N,nominal,2.0NRT,297.16,5.24,D
14.07288,100.10879,334.45,0.46,0.39,2026-09-09,0659,N,nominal,2.0NRT,292.63,3.36,D
14.07588,100.10403,335.13,0.46,0.39,2026-09-09,0659,N,nominal,2.0NRT,292.91,4.09,D
14.16746,100.09132,339.12,0.46,0.39,2026-09-09,0659,N,nominal,2.0NRT,296.86,4.01,D
14.21176,100.29874,338.9,0.47,0.39,2026-09-09,0659,N,nominal,2.0NRT,289.05,3.76,D
14.21174,100.29954,336.55,0.47,0.4,2026-09-09,0659,N,nominal,2.0NRT,289.01,3.18,D
14.18376,100.04214,336.82,0.45,0.39,2026-09-09,0659,N,nominal,2.0NRT,293.9,5.14,D
14.24441,100.34799,334.13,0.47,0.4,2026-09-09,0659,N,nominal,2.0NRT,288.72,4.18,D
14.23553,100.22999,338.46,0.46,0.39,2026-09-09,0659,N,nominal,2.0NRT,293.64,3.68,D
14.22424,100.14863,334.91,0.46,0.39,2026-09-09,0659,N,nominal,2.0NRT,292.33,2.56,D
14.22785,100.1481,335.09,0.46,0.39,2026-09-09,0659,N,nominal,2.0NRT,290.29,5.16,D
14.26392,100.27426,330.74,0.47,0.39,2026-09-09,0659,N,nominal,2.0NRT,291.35,3.49,D
14.28266,100.17059,334.57,0.46,0.39,2026-09-09,0659,N,nominal,2.0NRT,290.38,3.23,D
14.2856,100.08758,330.36,0.46,0.39,2026-09-09,0659,N,nominal,2.0NRT,290.73,2.78,D
14.35036,100.38735,332.88,0.47,0.4,2026-09-09,0659,N,nominal,2.0NRT,289.49,2.2,D
14.35559,100.13036,336.9,0.46,0.39,2026-09-09,0659,N,nominal,2.0NRT,293.18,5.57,D
14.34734,99.96746,337.14,0.45,0.39,2026-09-09,0659,N,nominal,2.0NRT,294.82,3.53,D
14.41358,100.11878,337.32,0.46,0.39,2026-09-09,0659,N,nominal,2.0NRT,294.79,2.96,D
14.47066,100.3177,331.11,0.47,0.4,2026-09-09,0659,N,nominal,2.0NRT,293.96,3.19,D
14.49075,100.35503,332.49,0.47,0.4,2026-09-09,0659,N,nominal,2.0NRT,289.3,2.63,D
14.50106,100.24219,343.35,0.47,0.4,2026-09-09,0659,N,nominal,2.0NRT,290.77,5.82,D
14.49799,100.19405,342.43,0.46,0.39,2026-09-09,0659,N,nominal,2.0NRT,293.53,7.28,D
14.53265,100.25532,335.82,0.47,0.4,2026-09-09,0659,N,nominal,2.0NRT,294.13,7.29,D
14.53229,100.25193,334.9,0.47,0.4,2026-09-09,0659,N,nominal,2.0NRT,293.42,4.93,D
14.54018,100.25523,343.95,0.47,0.4,2026-09-09,0659,N,nominal,2.0NRT,294.22,7.95,D
14.59966,100.58148,343.62,0.49,0.4,2026-09-09,0659,N,nominal,2.0NRT,292.75,7.54,D
14.73761,100.3122,333.12,0.47,0.4,2026-09-09,0659,N,nominal,2.0NRT,293.32,2.09,D
14.80082,100.28607,334.28,0.47,0.4,2026-09-09,0659,N,nominal,2.0NRT,291.99,2.05,D
14.79356,100.18005,334.59,0.47,0.4,2026-09-09,0659,N,nominal,2.0NRT,287.28,5.14,D
14.9741,100.19643,335.46,0.47,0.4,2026-09-09,0659,N,nominal,2.0NRT,289.48,5.14,D
15.11664,100.37104,337.55,0.48,0.4,2026-09-09,0659,N,nominal,2.0NRT,276.97,7.34,D
15.11972,100.36602,330.91,0.48,0.4,2026-09-09,0659,N,nominal,2.0NRT,274.87,4.07,D
15.17491,100.00933,333.93,0.46,0.39,2026-09-09,0659,N,nominal,2.0NRT,286.46,3.48,D
16.37581,100.35658,330.07,0.5,0.41,2026-09-09,0659,N,nominal,2.0NRT,281.37,2.75,D
16.35453,99.80825,343.9,0.47,0.39,2026-09-09,0659,N,nominal,2.0NRT,288.8,7.9,D
16.40974,99.7479,330.43,0.46,0.39,2026-09-09,0659,N,nominal,2.0NRT,289.65,3.19,D
16.80894,100.17812,330.46,0.49,0.4,2026-09-09,0659,N,nominal,2.0NRT,282.23,3.68,D
17.0402,99.85052,333.46,0.48,0.4,2026-09-09,0659,N,nominal,2.0NRT,286.33,4.63,D
17.99293,98.66462,334.06,0.43,0.38,2026-09-09,0701,N,nominal,2.0NRT,294.72,4.54,D
22.31668,99.18588,338.05,0.5,0.41,2026-09-09,0701,N,nominal,2.0NRT,296.68,7.29,D
23.03386,100.50289,339.84,0.41,0.45,2026-09-09,0701,N,nominal,2.0NRT,296.06,3.95,D
23.43273,98.7297,331.9,0.49,0.4,2026-09-09,0701,N,nominal,2.0NRT,298.85,2.73,D
24.79702,94.19991,325.94,0.38,0.36,2026-09-09,0703,N,nominal,2.0NRT,288.79,1.88,D
26.57569,101.66713,335.86,0.53,0.5,2026-09-09,0703,N,nominal,2.0NRT,299.16,9.17,D
27.37927,95.33396,330.91,0.4,0.37,2026-09-09,0703,N,nominal,2.0NRT,295.35,2.29,D
27.87187,96.85019,335.29,0.45,0.39,2026-09-09,0703,N,nominal,2.0NRT,294.94,6.71,D
27.87488,96.84531,331.52,0.45,0.39,2026-09-09,0703,N,nominal,2.0NRT,294.68,2.22,D
27.87366,96.83576,337.86,0.45,0.39,2026-09-09,0703,N,nominal,2.0NRT,296.25,5.55,D
27.93021,96.76659,332.46,0.45,0.39,2026-09-09,0703,N,nominal,2.0NRT,295.41,4.17,D
28.01827,96.64623,329.37,0.44,0.39,2026-09-09,0703,N,nominal,2.0NRT,292.44,1.22,D
29.55372,90.96186,328.62,0.41,0.37,2026-09-09,0703,N,low,2.0NRT,300.35,1.68,D
29.56206,90.99042,326.76,0.41,0.37,2026-09-09,0703,N,low,2.0NRT,300.25,2.63,D
29.5571,90.96114,326.22,0.41,0.37,2026-09-09,0703,N,low,2.0NRT,299.62,1.68,D
29.30994,88.86318,327.35,0.5,0.41,2026-09-09,0703,N,low,2.0NRT,299.54,2.64,D
6.33895,80.99429,342.35,0.58,0.52,2026-09-09,0837,N,nominal,2.0NRT,298.15,6.59,D
6.39418,81.13857,336.3,0.59,0.53,2026-09-09,0837,N,nominal,2.0NRT,297.86,5.83,D
6.36599,80.94292,340.4,0.57,0.52,2026-09-09,0837,N,nominal,2.0NRT,295.48,9.15,D
6.36096,80.77393,331.67,0.56,0.51,2026-09-09,0837,N,nominal,2.0NRT,296.64,2.49,D
6.36473,80.94134,342.41,0.57,0.52,2026-09-09,0837,N,nominal,2.0NRT,295.7,7.83,D
6.39629,81.13673,332.19,0.59,0.53,2026-09-09,0837,N,nominal,2.0NRT,296.7,3.52,D
6.36174,80.77742,336.21,0.56,0.51,2026-09-09,0837,N,nominal,2.0NRT,296.83,5.69,D
6.58226,81.1302,333.74,0.59,0.53,2026-09-09,0839,N,nominal,2.0NRT,294.99,1.47,D
6.59408,81.17841,345.02,0.6,0.53,2026-09-09,0839,N,nominal,2.0NRT,297.24,9.85,D
6.71685,81.32734,337.67,0.61,0.54,2026-09-09,0839,N,nominal,2.0NRT,298.85,8.54,D
6.73186,81.15031,330.56,0.6,0.53,2026-09-09,0839,N,nominal,2.0NRT,294.18,3.58,D
6.84331,81.76249,348,0.33,0.55,2026-09-09,0839,N,nominal,2.0NRT,296.95,4.29,D
6.98842,81.59173,367,0.32,0.55,2026-09-09,0839,N,high,2.0NRT,299.46,6.85,D
6.99729,81.58129,349.7,0.32,0.55,2026-09-09,0839,N,nominal,2.0NRT,297.26,2.32,D
6.99588,81.58228,350.28,0.32,0.55,2026-09-09,0839,N,nominal,2.0NRT,297.53,4.03,D
7.1891,81.5724,332.06,0.32,0.55,2026-09-09,0839,N,nominal,2.0NRT,300.75,3.39,D
7.25047,81.77212,337.29,0.34,0.56,2026-09-09,0839,N,nominal,2.0NRT,297.58,2.24,D
7.28344,81.82129,344.9,0.34,0.56,2026-09-09,0839,N,nominal,2.0NRT,297.74,2.31,D
7.31883,81.84831,332.87,0.34,0.56,2026-09-09,0839,N,nominal,2.0NRT,299.27,1.82,D
7.43295,81.12988,335.67,0.61,0.53,2026-09-09,0839,N,nominal,2.0NRT,302.73,6.63,D
7.54614,81.36263,338.43,0.64,0.54,2026-09-09,0839,N,nominal,2.0NRT,298.75,3.4,D
7.59074,81.05297,343.45,0.61,0.53,2026-09-09,0839,N,nominal,2.0NRT,302.93,6.15,D
7.61807,81.03234,336.06,0.6,0.53,2026-09-09,0839,N,nominal,2.0NRT,303.04,6.72,D
7.51097,80.19008,344.88,0.53,0.5,2026-09-09,0839,N,nominal,2.0NRT,300.49,5.17,D
7.55166,80.19073,330.26,0.53,0.5,2026-09-09,0839,N,nominal,2.0NRT,298.77,2.5,D
7.71594,81.0788,336.03,0.61,0.53,2026-09-09,0839,N,nominal,2.0NRT,299.7,2.92,D
7.70898,80.0405,344.18,0.52,0.5,2026-09-09,0839,N,nominal,2.0NRT,298.58,8.36,D
7.79754,80.64051,339.96,0.57,0.52,2026-09-09,0839,N,nominal,2.0NRT,299.71,6.34,D
7.77461,80.47596,349.28,0.56,0.51,2026-09-09,0839,N,nominal,2.0NRT,300.24,11.62,D
7.9366,81.38432,332.22,0.32,0.55,2026-09-09,0839,N,nominal,2.0NRT,298.17,4.08,D
7.93467,81.38467,334.37,0.32,0.55,2026-09-09,0839,N,nominal,2.0NRT,297.86,2.49,D
7.93974,81.38399,333.71,0.32,0.55,2026-09-09,0839,N,nominal,2.0NRT,298.82,2.49,D
7.80289,80.15063,330.57,0.53,0.5,2026-09-09,0839,N,nominal,2.0NRT,296.47,4.35,D
7.93867,80.57105,335.35,0.57,0.52,2026-09-09,0839,N,nominal,2.0NRT,300.15,5.95,D
7.87047,80.20759,331.55,0.54,0.51,2026-09-09,0839,N,nominal,2.0NRT,299,3.88,D
7.94733,80.45666,333.69,0.56,0.51,2026-09-09,0839,N,nominal,2.0NRT,300.22,5.62,D
7.92872,80.28514,344.98,0.54,0.51,2026-09-09,0839,N,nominal,2.0NRT,302.44,7.9,D
7.96101,80.10643,340.71,0.53,0.5,2026-09-09,0839,N,nominal,2.0NRT,299.73,5.84,D
8.03416,80.48712,340.1,0.56,0.52,2026-09-09,0839,N,nominal,2.0NRT,301.53,5.25,D
8.03355,80.4838,342.04,0.56,0.52,2026-09-09,0839,N,nominal,2.0NRT,301.17,3.38,D
8.0572,80.40765,341.32,0.56,0.51,2026-09-09,0839,N,nominal,2.0NRT,301.58,7.49,D
8.0565,80.40259,334.94,0.56,0.51,2026-09-09,0839,N,nominal,2.0NRT,302.42,7.49,D
8.12141,80.80586,332.52,0.59,0.53,2026-09-09,0839,N,low,2.0NRT,303.24,3.52,D
8.1263,80.8052,336.49,0.59,0.53,2026-09-09,0839,N,nominal,2.0NRT,300.34,3.52,D
8.09054,80.54442,344.61,0.57,0.52,2026-09-09,0839,N,nominal,2.0NRT,301.27,7.04,D
8.07086,80.09274,330.58,0.53,0.5,2026-09-09,0839,N,nominal,2.0NRT,296.44,2.55,D
8.21852,81.07156,345.37,0.62,0.54,2026-09-09,0839,N,nominal,2.0NRT,299.25,6.22,D
8.22351,81.07091,334.89,0.62,0.54,2026-09-09,0839,N,nominal,2.0NRT,298.72,6.22,D
8.2188,81.07023,346.73,0.62,0.54,2026-09-09,0839,N,nominal,2.0NRT,299.18,10.97,D
8.22378,81.06954,330.41,0.62,0.54,2026-09-09,0839,N,nominal,2.0NRT,298.8,4.23,D
8.12681,80.0978,342.88,0.53,0.5,2026-09-09,0839,N,nominal,2.0NRT,299.8,7.15,D
8.21103,80.56943,343.1,0.57,0.52,2026-09-09,0839,N,nominal,2.0NRT,302.32,5.45,D
8.21031,80.56414,337.27,0.57,0.52,2026-09-09,0839,N,nominal,2.0NRT,301.13,5.45,D
8.3023,81.01288,342.43,0.62,0.54,2026-09-09,0839,N,nominal,2.0NRT,299.96,8.12,D
8.30727,81.0122,331.43,0.62,0.54,2026-09-09,0839,N,nominal,2.0NRT,299.02,9.38,D
8.31722,81.01086,330.29,0.62,0.54,2026-09-09,0839,N,nominal,2.0NRT,299.93,4.48,D
8.30223,81.01012,342.36,0.62,0.54,2026-09-09,0839,N,nominal,2.0NRT,301.02,14.97,D
8.31061,80.6608,344.7,0.58,0.52,2026-09-09,0839,N,nominal,2.0NRT,301.57,10.03,D
8.30616,80.48454,336.37,0.57,0.52,2026-09-09,0839,N,nominal,2.0NRT,300.54,3.36,D
8.26615,80.16025,344.39,0.54,0.51,2026-09-09,0839,N,nominal,2.0NRT,300.63,11.17,D
8.27084,80.15961,348.91,0.54,0.51,2026-09-09,0839,N,nominal,2.0NRT,301.13,11.17,D
8.37003,80.74961,330.97,0.59,0.53,2026-09-09,0839,N,nominal,2.0NRT,294.68,0.82,D
8.3732,80.40456,331.35,0.56,0.52,2026-09-09,0839,N,nominal,2.0NRT,294.45,3.21,D
8.46447,80.82089,346.78,0.6,0.53,2026-09-09,0839,N,nominal,2.0NRT,297.09,10.99,D
8.44878,80.63449,341.53,0.58,0.52,2026-09-09,0839,N,nominal,2.0NRT,293.66,11.76,D
8.44805,80.62918,341.88,0.58,0.52,2026-09-09,0839,N,nominal,2.0NRT,294.99,10.36,D
8.46842,80.24854,330.37,0.55,0.51,2026-09-09,0839,N,nominal,2.0NRT,299.64,2.25,D
8.50964,80.51556,339.51,0.57,0.52,2026-09-09,0839,N,nominal,2.0NRT,299.7,5.28,D
8.59542,80.85155,334.69,0.61,0.53,2026-09-09,0839,N,nominal,2.0NRT,299.55,4.99,D
8.64196,81.08068,335.58,0.63,0.54,2026-09-09,0839,N,nominal,2.0NRT,298.7,6.21,D
8.61346,80.4192,331.44,0.57,0.52,2026-09-09,0839,N,nominal,2.0NRT,300.54,5.62,D
8.74929,81.1545,332.23,0.32,0.55,2026-09-09,0839,N,nominal,2.0NRT,297.6,3.03,D
8.75256,81.15276,334.71,0.32,0.55,2026-09-09,0839,N,nominal,2.0NRT,297.26,3.32,D
8.70837,80.40471,331.56,0.57,0.52,2026-09-09,0839,N,nominal,2.0NRT,299.04,3.3,D
8.7018,80.28503,339.68,0.56,0.51,2026-09-09,0839,N,nominal,2.0NRT,298.82,6.94,D
8.37381,77.62325,339.68,0.56,0.43,2026-09-09,0839,N,nominal,2.0NRT,307.26,6.09,D
8.37234,77.62077,339.77,0.56,0.43,2026-09-09,0839,N,nominal,2.0NRT,306.54,10.28,D
8.53304,78.12076,336.58,0.4,0.44,2026-09-09,0839,N,low,2.0NRT,308.22,2.69,D
8.93182,80.89063,331.66,0.62,0.54,2026-09-09,0839,N,nominal,2.0NRT,300.87,6.54,D
8.94801,80.85964,332.89,0.61,0.54,2026-09-09,0839,N,nominal,2.0NRT,298.85,9.03,D
8.91723,80.44055,351.83,0.58,0.52,2026-09-09,0839,N,nominal,2.0NRT,299.28,9.36,D
8.60634,77.96951,345.48,0.39,0.44,2026-09-09,0839,N,nominal,2.0NRT,306.15,4.79,D
9.05835,80.58269,332.53,0.59,0.53,2026-09-09,0839,N,nominal,2.0NRT,298.44,4.52,D
8.88306,77.78769,334.5,0.39,0.44,2026-09-09,0839,N,nominal,2.0NRT,303.98,2.52,D
9.38469,80.47755,347.65,0.59,0.53,2026-09-09,0839,N,nominal,2.0NRT,292.51,10.9,D
9.63687,78.10203,339.96,0.41,0.45,2026-09-09,0839,N,nominal,2.0NRT,308.2,5.41,D
9.80809,77.51385,340.35,0.57,0.43,2026-09-09,0839,N,nominal,2.0NRT,296.04,7.83,D
9.83092,77.56013,331.53,0.38,0.44,2026-09-09,0839,N,nominal,2.0NRT,295.36,3.1,D
9.83046,77.55689,341.33,0.38,0.44,2026-09-09,0839,N,nominal,2.0NRT,295.21,2.25,D
10.09023,77.69757,343.84,0.4,0.44,2026-09-09,0839,N,nominal,2.0NRT,303.29,1.42,D
10.34748,79.41254,338.36,0.51,0.5,2026-09-09,0839,N,nominal,2.0NRT,292.31,3.18,D
10.34718,79.41057,336.58,0.51,0.5,2026-09-09,0839,N,nominal,2.0NRT,292.56,3.7,D
10.31302,78.61387,342.94,0.45,0.47,2026-09-09,0839,N,nominal,2.0NRT,300.44,4.49,D
10.25788,77.24821,335.44,0.56,0.43,2026-09-09,0839,N,nominal,2.0NRT,295.72,50.16,D
10.26118,77.24303,330.49,0.56,0.43,2026-09-09,0839,N,nominal,2.0NRT,290.27,26.52,D
10.25719,77.25083,347.9,0.56,0.43,2026-09-09,0839,N,nominal,2.0NRT,291.29,94.07,D
10.53283,78.61864,330.74,0.46,0.47,2026-09-09,0839,N,nominal,2.0NRT,300.14,1.94,D
10.68338,79.27805,334.52,0.51,0.49,2026-09-09,0839,N,nominal,2.0NRT,294.9,3.25,D
10.43343,77.19473,335.63,0.56,0.43,2026-09-09,0839,N,nominal,2.0NRT,303.53,9.4,D
10.67141,78.88138,335.09,0.48,0.48,2026-09-09,0839,N,nominal,2.0NRT,301.43,4.19,D
10.44232,77.11541,335.28,0.55,0.43,2026-09-09,0839,N,nominal,2.0NRT,299.13,2.39,D
10.91727,78.97856,335.44,0.49,0.49,2026-09-09,0839,N,nominal,2.0NRT,299.35,2.94,D
10.91968,78.97959,334.43,0.49,0.49,2026-09-09,0839,N,nominal,2.0NRT,299.05,1.76,D
10.90465,78.49009,345.24,0.45,0.47,2026-09-09,0839,N,nominal,2.0NRT,300.98,4.58,D
11.02803,77.51046,336.75,0.4,0.44,2026-09-09,0839,N,nominal,2.0NRT,304.82,4.23,D
12.06407,79.16139,333.03,0.52,0.5,2026-09-09,0839,N,nominal,2.0NRT,299.16,2.28,D
12.56395,79.11487,341.51,0.53,0.5,2026-09-09,0839,N,nominal,2.0NRT,296.93,15.8,D
14.04664,79.93987,331.29,0.63,0.54,2026-09-09,0841,N,nominal,2.0NRT,291.17,2.68,D
13.86723,77.47733,342.52,0.43,0.46,2026-09-09,0841,N,nominal,2.0NRT,291.65,4.47,D
14.70121,79.99017,339.65,0.32,0.55,2026-09-09,0841,N,nominal,2.0NRT,294.2,3.2,D
14.5568,78.02254,345.93,0.48,0.48,2026-09-09,0841,N,nominal,2.0NRT,298.39,4.37,D
14.79568,79.02826,345.59,0.56,0.51,2026-09-09,0841,N,nominal,2.0NRT,292.83,11.93,D
15.17479,76.67694,332.08,0.4,0.44,2026-09-09,0841,N,nominal,2.0NRT,301.53,4.6,D
15.17643,76.65775,341.25,0.4,0.44,2026-09-09,0841,N,nominal,2.0NRT,302.38,6.01,D
15.18199,76.66843,336.98,0.4,0.44,2026-09-09,0841,N,nominal,2.0NRT,300.46,6.09,D
17.38081,75.72618,336.85,0.56,0.43,2026-09-09,0841,N,nominal,2.0NRT,301.49,3.99,D
18.37337,74.35523,337.45,0.49,0.4,2026-09-09,0841,N,nominal,2.0NRT,304.07,5.1,D
18.48067,73.98694,330.97,0.47,0.4,2026-09-09,0841,N,low,2.0NRT,301.28,5.5,D
18.55479,74.31213,343.56,0.49,0.4,2026-09-09,0841,N,nominal,2.0NRT,301.81,7.86,D
18.55849,74.3116,334.95,0.49,0.4,2026-09-09,0841,N,nominal,2.0NRT,304.73,8.74,D
18.62244,74.55608,335.85,0.5,0.41,2026-09-09,0841,N,nominal,2.0NRT,302.07,4.25,D
18.64365,74.65992,335.5,0.51,0.41,2026-09-09,0841,N,nominal,2.0NRT,304.29,4.85,D
18.68402,73.04089,339.03,0.43,0.38,2026-09-09,0841,N,nominal,2.0NRT,301.53,8.87,D
18.68637,73.03223,331.44,0.43,0.38,2026-09-09,0841,N,nominal,2.0NRT,301.25,6.71,D
18.691,73.03982,339.49,0.43,0.38,2026-09-09,0841,N,nominal,2.0NRT,302.47,8.26,D
18.99486,74.43908,330.89,0.5,0.41,2026-09-09,0841,N,low,2.0NRT,303.44,3.27,D
19.65047,74.57458,335.89,0.52,0.41,2026-09-09,0843,N,nominal,2.0NRT,298.13,6.15,D
21.10127,72.63649,343.94,0.43,0.38,2026-09-09,0843,N,nominal,2.0NRT,303.4,10.01,D
21.10652,72.6485,344.45,0.43,0.38,2026-09-09,0843,N,nominal,2.0NRT,304.6,8.4,D
21.10594,72.64432,339.18,0.43,0.38,2026-09-09,0843,N,nominal,2.0NRT,304.26,8.38,D
21.10479,72.63596,342.9,0.43,0.38,2026-09-09,0843,N,nominal,2.0NRT,301.56,10.01,D
21.1083,72.63541,341.85,0.43,0.38,2026-09-09,0843,N,nominal,2.0NRT,303.4,3.48,D
21.11181,72.63486,337.68,0.43,0.38,2026-09-09,0843,N,nominal,2.0NRT,303.62,3.48,D
22.35983,82.30304,326.78,0.56,0.69,2026-09-09,0843,N,nominal,2.0NRT,287.19,8.43,D
21.45597,72.9502,334.97,0.45,0.39,2026-09-09,0843,N,nominal,2.0NRT,301.66,3.95,D
21.96141,72.51338,339.3,0.44,0.38,2026-09-09,0843,N,nominal,2.0NRT,303.3,6.19,D
22.55157,71.63312,338.85,0.41,0.37,2026-09-09,0843,N,nominal,2.0NRT,305.61,5.82,D
22.4838,70.93859,337.46,0.4,0.37,2026-09-09,0843,N,nominal,2.0NRT,302.73,3.49,D
23.10171,72.47737,330.84,0.45,0.39,2026-09-09,0843,N,low,2.0NRT,303.73,4.76,D
22.78069,69.46031,337.63,0.38,0.36,2026-09-09,0843,N,nominal,2.0NRT,302.9,3.57,D
22.89505,69.89949,334.75,0.39,0.36,2026-09-09,0843,N,nominal,2.0NRT,304.7,1.82,D
22.92988,70.10869,336.43,0.39,0.36,2026-09-09,0843,N,nominal,2.0NRT,304.53,6.77,D
22.87284,69.57805,332.78,0.38,0.36,2026-09-09,0843,N,nominal,2.0NRT,301.04,4.04,D
22.93237,69.70152,331.13,0.38,0.36,2026-09-09,0843,N,low,2.0NRT,303.33,3.74,D
22.9318,69.69779,332.54,0.38,0.36,2026-09-09,0843,N,low,2.0NRT,304.36,2.27,D
22.93511,69.6972,335.3,0.38,0.36,2026-09-09,0843,N,nominal,2.0NRT,303.5,2.27,D
23.03181,69.53057,331.92,0.38,0.36,2026-09-09,0843,N,low,2.0NRT,302.92,2.6,D
23.05331,69.64938,335.4,0.38,0.36,2026-09-09,0843,N,nominal,2.0NRT,299.9,5.02,D
23.50802,72.15764,337.69,0.44,0.38,2026-09-09,0843,N,nominal,2.0NRT,305.06,3.69,D
23.57267,72.47577,335.21,0.45,0.39,2026-09-09,0843,N,nominal,2.0NRT,305.14,4.27,D
21.93909,57.07247,344.9,0.55,0.68,2026-09-09,0843,N,nominal,2.0NRT,303.19,4.47,D
21.93635,57.07515,342.27,0.55,0.68,2026-09-09,0843,N,nominal,2.0NRT,302.8,3.5,D
21.89398,56.8465,335.07,0.56,0.69,2026-09-09,0843,N,nominal,2.0NRT,301.15,1.58,D
24.48032,69.0869,334.57,0.38,0.36,2026-09-09,0843,N,nominal,2.0NRT,303.96,2.81,D
22.40372,56.98959,336.49,0.54,0.68,2026-09-09,0843,N,nominal,2.0NRT,302.84,1.68,D
22.32946,56.48833,340.69,0.58,0.7,2026-09-09,0843,N,nominal,2.0NRT,302.59,4.24,D
25.00024,69.17052,333.45,0.38,0.36,2026-09-09,0843,N,low,2.0NRT,305.19,0.73,D
25.35773,69.0938,334.28,0.38,0.36,2026-09-09,0843,N,low,2.0NRT,305.96,2.47,D
25.04853,66.97224,334.35,0.41,0.37,2026-09-09,0843,N,low,2.0NRT,304.72,1.88,D
25.41987,68.99232,345.34,0.38,0.36,2026-09-09,0843,N,nominal,2.0NRT,308.48,4.22,D
26.64183,79.48302,332.65,0.41,0.61,2026-09-09,0843,N,nominal,2.0NRT,294.48,4.48,D
25.38771,68.58407,343.72,0.38,0.36,2026-09-09,0843,N,nominal,2.0NRT,306.56,4.62,D
22.87919,55.92543,339.68,0.61,0.71,2026-09-09,0843,N,nominal,2.0NRT,303.47,1.16,D
22.87793,55.92344,342.48,0.61,0.71,2026-09-09,0843,N,nominal,2.0NRT,303.18,1.73,D
25.79195,68.59055,331.3,0.38,0.36,2026-09-09,0843,N,nominal,2.0NRT,304.9,1.24,D
25.89977,68.76244,332.45,0.38,0.36,2026-09-09,0843,N,low,2.0NRT,305.38,2.09,D
26.14395,68.98871,332.5,0.38,0.36,2026-09-09,0843,N,nominal,2.0NRT,305.64,2.69,D
23.31089,54.17735,346.97,0.76,0.77,2026-09-09,0843,N,nominal,2.0NRT,305.74,4.69,D
26.78156,72.00723,343.32,0.46,0.39,2026-09-09,0843,N,nominal,2.0NRT,310.89,7.69,D
26.78636,72.01598,341.03,0.46,0.39,2026-09-09,0843,N,nominal,2.0NRT,309.83,19.54,D
26.78459,72.00198,339.68,0.46,0.39,2026-09-09,0843,N,low,2.0NRT,310.8,7.69,D
26.78939,72.01074,348.52,0.46,0.39,2026-09-09,0843,N,nominal,2.0NRT,310.23,9.4,D
26.7936,72.01483,342.21,0.46,0.39,2026-09-09,0843,N,nominal,2.0NRT,310.55,9.4,D
26.79242,72.0055,347.32,0.46,0.39,2026-09-09,0843,N,nominal,2.0NRT,311.3,15.04,D
26.79723,72.01426,338.28,0.46,0.39,2026-09-09,0843,N,low,2.0NRT,310.24,4.85,D
26.79663,72.00959,342.06,0.46,0.39,2026-09-09,0843,N,nominal,2.0NRT,310.44,4.85,D
24.50597,56.60829,343.71,0.51,0.66,2026-09-09,0845,N,nominal,2.0NRT,301.75,4.48,D
24.50839,54.01693,340.5,0.73,0.76,2026-09-09,0845,N,nominal,2.0NRT,298.18,8.59,D
27.6683,67.65127,340.26,0.39,0.36,2026-09-09,0845,N,low,2.0NRT,313.13,7.93,D
27.895,67.58286,346.93,0.39,0.36,2026-09-09,0845,N,nominal,2.0NRT,311.48,7.13,D
28.04484,67.82618,345.73,0.38,0.36,2026-09-09,0845,N,nominal,2.0NRT,312.42,7.98,D
28.06831,67.69309,367,0.39,0.36,2026-09-09,0845,N,high,2.0NRT,313.3,13.37,D
28.42417,69.70093,337.49,0.4,0.37,2026-09-09,0845,N,low,2.0NRT,311.47,3.82,D
28.225,67.82677,339.69,0.38,0.36,2026-09-09,0845,N,low,2.0NRT,311.82,7.64,D
28.30995,67.87431,340.95,0.38,0.36,2026-09-09,0845,N,low,2.0NRT,312.48,5.19,D
27.16931,56.05368,341.79,0.48,0.65,2026-09-09,0845,N,nominal,2.0NRT,301.88,4.47,D
27.16813,56.04886,333.95,0.48,0.65,2026-09-09,0845,N,nominal,2.0NRT,302.01,3.07,D
27.16499,56.0514,339.33,0.48,0.65,2026-09-09,0845,N,nominal,2.0NRT,302.33,2.61,D
27.17205,56.05444,335.06,0.48,0.65,2026-09-09,0845,N,nominal,2.0NRT,301.06,3.95,D
30.46224,73.80231,335,0.42,0.45,2026-09-09,0845,N,nominal,2.0NRT,302.14,3.04,D
30.3203,69.8423,350.24,0.42,0.37,2026-09-09,0845,N,nominal,2.0NRT,311.47,2.96,D
31.11923,74.6719,346.95,0.48,0.48,2026-09-09,0845,N,nominal,2.0NRT,300.42,10.59,D
31.12366,74.67133,345.68,0.48,0.48,2026-09-09,0845,N,nominal,2.0NRT,298.08,6.33,D
31.12966,74.65249,332.7,0.48,0.48,2026-09-09,0845,N,nominal,2.0NRT,297.49,2.66,D
31.39262,73.96021,340.26,0.44,0.46,2026-09-09,0845,N,nominal,2.0NRT,298.55,4.82,D
29.98795,55.85596,334.54,0.43,0.62,2026-09-09,0845,N,low,2.0NRT,308.96,3.24,D
30.23521,56.90856,343.32,0.37,0.58,2026-09-09,0845,N,low,2.0NRT,315.65,4.94,D
29.99006,55.85567,339.41,0.43,0.62,2026-09-09,0845,N,nominal,2.0NRT,311.23,3.46,D
30.08285,55.40171,342.27,0.45,0.63,2026-09-09,0845,N,low,2.0NRT,317,7.57,D
36.79524,81.54149,342.51,0.66,0.73,2026-09-09,0848,N,nominal,2.0NRT,299.85,6.22,D
37.95703,69.56262,345.86,0.48,0.4,2026-09-09,0848,N,nominal,2.0NRT,316.55,6.99,D
37.03326,62.42028,341.45,0.43,0.38,2026-09-09,0848,N,low,2.0NRT,312.64,8.63,D
37.03238,62.41549,344.76,0.43,0.38,2026-09-09,0848,N,nominal,2.0NRT,314,8.63,D
37.11757,62.36308,338.51,0.43,0.38,2026-09-09,0848,N,low,2.0NRT,312.7,10,D
38.25299,68.82001,346.76,0.45,0.39,2026-09-09,0848,N,nominal,2.0NRT,318.08,9.49,D
37.42498,62.31005,334.13,0.43,0.38,2026-09-09,0848,N,nominal,2.0NRT,300.94,2.42,D
37.49714,61.84668,337.86,0.45,0.39,2026-09-09,0848,N,nominal,2.0NRT,305.03,3.06,D
37.62605,62.17102,335.57,0.43,0.38,2026-09-09,0848,N,nominal,2.0NRT,306.87,2.44,D
37.6208,62.14191,336.96,0.43,0.38,2026-09-09,0848,N,nominal,2.0NRT,306.5,4.11,D
37.62076,62.13899,341.2,0.43,0.38,2026-09-09,0848,N,nominal,2.0NRT,306.75,4.39,D
37.67132,62.23641,331.61,0.43,0.38,2026-09-09,0848,N,nominal,2.0NRT,305.53,1.95,D
37.5924,61.52945,334.67,0.46,0.39,2026-09-09,0848,N,low,2.0NRT,307.69,2.97,D
37.79632,62.5515,338.76,0.42,0.38,2026-09-09,0848,N,low,2.0NRT,309.02,3.35,D
37.70997,61.85189,344.45,0.44,0.39,2026-09-09,0848,N,nominal,2.0NRT,305.6,7.45,D
36.76784,56.80095,333.54,0.52,0.5,2026-09-09,0848,N,nominal,2.0NRT,302.52,1.66,D
38.87997,67.41309,332.19,0.41,0.37,2026-09-09,0848,N,nominal,2.0NRT,302.54,2.28,D
20.22528,55.74089,341.85,0.45,0.63,2026-09-09,1024,N,nominal,2.0NRT,307.84,1.93,D
20.21012,55.71248,335.84,0.45,0.63,2026-09-09,1024,N,low,2.0NRT,307.45,1.5,D
20.22455,55.74179,343.36,0.45,0.63,2026-09-09,1024,N,nominal,2.0NRT,308.06,0.86,D
20.38701,55.66428,340.9,0.44,0.63,2026-09-09,1024,N,nominal,2.0NRT,308.99,1.94,D
22.32581,56.49036,339.87,0.53,0.67,2026-09-09,1026,N,nominal,2.0NRT,304.42,2.31,D
22.87811,55.92582,343.1,0.49,0.65,2026-09-09,1026,N,nominal,2.0NRT,305.14,1.31,D
22.78255,54.73069,351.84,0.41,0.61,2026-09-09,1026,N,nominal,2.0NRT,307.62,2.61,D
22.87831,55.9235,340.82,0.49,0.65,2026-09-09,1026,N,nominal,2.0NRT,305.3,1.23,D
22.77945,54.73173,345.52,0.41,0.61,2026-09-09,1026,N,nominal,2.0NRT,308.05,3.37,D
22.87164,55.61496,344.33,0.47,0.64,2026-09-09,1026,N,nominal,2.0NRT,306.54,1.26,D
23.19207,55.45695,351.39,0.46,0.64,2026-09-09,1026,N,nominal,2.0NRT,308.49,2.68,D
23.31417,54.18206,344.64,0.39,0.59,2026-09-09,1026,N,nominal,2.0NRT,310.16,5.15,D
23.31382,54.17822,357.16,0.39,0.59,2026-09-09,1026,N,low,2.0NRT,312.37,5.15,D
24.50345,56.60689,335.16,0.56,0.69,2026-09-09,1026,N,nominal,2.0NRT,302.23,3.01,D
24.50469,56.60989,330.94,0.56,0.69,2026-09-09,1026,N,low,2.0NRT,301.79,4.75,D
24.51037,54.0223,335.35,0.39,0.59,2026-09-09,1026,N,nominal,2.0NRT,300.81,4.45,D
24.51002,54.0184,354.35,0.39,0.59,2026-09-09,1026,N,nominal,2.0NRT,301.18,4.45,D
24.51039,54.0223,330.33,0.39,0.59,2026-09-09,1026,N,nominal,2.0NRT,300.98,4.31,D
24.51006,54.01839,353.83,0.39,0.59,2026-09-09,1026,N,nominal,2.0NRT,301.48,4.31,D
18.01476,54.57632,337.51,0.35,0.57,2026-09-09,1024,N,nominal,2.0NRT,300.76,10.68,D
18.0144,54.57293,357.28,0.35,0.57,2026-09-09,1024,N,low,2.0NRT,303.06,12.47,D
27.16254,56.09933,337.18,0.56,0.68,2026-09-09,1026,N,nominal,2.0NRT,302.15,5.02,D
27.17266,56.05795,339.95,0.55,0.68,2026-09-09,1026,N,nominal,2.0NRT,301,3.43,D
27.1579,56.103,338.37,0.56,0.69,2026-09-09,1026,N,nominal,2.0NRT,301.86,3.46,D
27.16793,56.05571,346.06,0.55,0.68,2026-09-09,1026,N,nominal,2.0NRT,301.52,5.3,D
28.67425,54.59948,338.53,0.47,0.64,2026-09-09,1026,N,low,2.0NRT,310.77,8.27,D
29.98748,55.85694,338.66,0.57,0.69,2026-09-09,1028,N,nominal,2.0NRT,311.28,4.96,D
38.64861,54.28341,335.67,0.54,0.68,2026-09-09,1030,N,nominal,2.0NRT,290.14,2.44,D
25.07351,99.28397,308.75,0.46,0.39,2026-09-09,1930,N,nominal,2.0NRT,288.42,0.94,N
24.92841,99.08625,303.64,0.45,0.39,2026-09-09,1930,N,nominal,2.0NRT,289.15,1.05,N
24.62411,98.75563,300.62,0.44,0.39,2026-09-09,1930,N,nominal,2.0NRT,287.93,1.18,N
24.20863,98.23357,304.92,0.43,0.38,2026-09-09,1930,N,nominal,2.0NRT,292,0.75,N
22.63013,100.73213,303.45,0.4,0.44,2026-09-09,1930,N,nominal,2.0NRT,289.13,0.48,N
20.99799,86.01233,300.3,0.32,0.55,2026-09-09,1932,N,nominal,2.0NRT,267.69,0.42,N
6.72036,81.1439,309.22,0.44,0.62,2026-09-09,1936,N,nominal,2.0NRT,281.4,1.04,N
39.86209,98.25591,299.19,0.4,0.37,2026-09-09,1925,N,nominal,2.0NRT,274.41,0.43,N
28.58281,96.94934,309.49,0.38,0.36,2026-09-09,1928,N,nominal,2.0NRT,281.15,1.2,N
25.51698,100.72522,297.53,0.53,0.42,2026-09-09,1930,N,nominal,2.0NRT,287.29,0.81,N
23.31528,70.4887,312.09,0.39,0.36,2026-09-09,2112,N,nominal,2.0NRT,295.9,1.43,N
23.25672,70.26176,323.61,0.38,0.36,2026-09-09,2112,N,nominal,2.0NRT,295.3,1.41,N
22.26339,75.13261,304.97,0.39,0.44,2026-09-09,2112,N,nominal,2.0NRT,292.9,1.44,N
23.05618,69.9922,306.29,0.38,0.36,2026-09-09,2112,N,nominal,2.0NRT,294.3,0.62,N
24.50711,56.60448,317.75,0.63,0.72,2026-09-09,2112,N,nominal,2.0NRT,299.25,4.33,N
22.92927,70.10672,306.23,0.38,0.36,2026-09-09,2112,N,nominal,2.0NRT,293.82,1.86,N
22.80195,70.89373,307.56,0.39,0.36,2026-09-09,2112,N,nominal,2.0NRT,293.94,0.85,N
22.92675,69.82255,308.26,0.38,0.36,2026-09-09,2112,N,nominal,2.0NRT,295.52,1.46,N
22.93287,69.69716,337.93,0.38,0.36,2026-09-09,2112,N,nominal,2.0NRT,296.19,7.62,N
22.93229,69.70088,323.29,0.38,0.36,2026-09-09,2112,N,nominal,2.0NRT,295.1,2.27,N
22.92957,69.69656,320.29,0.38,0.36,2026-09-09,2112,N,nominal,2.0NRT,294.77,2.26,N
22.91245,69.69726,306.83,0.38,0.36,2026-09-09,2112,N,nominal,2.0NRT,294.61,1.06,N
22.90915,69.69665,307.65,0.38,0.36,2026-09-09,2112,N,nominal,2.0NRT,294.89,1.67,N
22.65471,70.98373,305.96,0.39,0.36,2026-09-09,2112,N,nominal,2.0NRT,294.85,0.49,N
22.33882,69.85501,315.32,0.38,0.36,2026-09-09,2112,N,nominal,2.0NRT,297.94,3.38,N
22.33705,69.86613,308.05,0.38,0.36,2026-09-09,2112,N,nominal,2.0NRT,296.28,3.31,N
22.41887,69.03963,311.95,0.39,0.36,2026-09-09,2112,N,nominal,2.0NRT,294.66,2.1,N
22.41555,69.03904,326.87,0.39,0.36,2026-09-09,2112,N,nominal,2.0NRT,295.02,3.3,N
21.69743,72.53883,307.31,0.44,0.39,2026-09-09,2112,N,nominal,2.0NRT,293.66,0.44,N
23.19618,55.45254,313,0.72,0.76,2026-09-09,2112,N,nominal,2.0NRT,295.47,2.02,N
23.18909,55.45192,326.73,0.72,0.76,2026-09-09,2112,N,nominal,2.0NRT,296.05,6.48,N
23.18862,55.45931,311.51,0.72,0.76,2026-09-09,2112,N,nominal,2.0NRT,296.31,4.49,N
21.10808,72.64604,339.52,0.45,0.39,2026-09-09,2112,N,nominal,2.0NRT,295.46,18.82,N
21.10964,72.63737,315.57,0.45,0.39,2026-09-09,2112,N,nominal,2.0NRT,294.89,4.74,N
21.10452,72.64532,340.71,0.45,0.39,2026-09-09,2112,N,nominal,2.0NRT,295.19,18.82,N
21.10252,72.63594,333.31,0.45,0.39,2026-09-09,2112,N,nominal,2.0NRT,296.07,10.96,N
21.10432,72.63768,321.45,0.45,0.39,2026-09-09,2112,N,nominal,2.0NRT,294.18,5.71,N
21.10281,72.64636,308.29,0.45,0.39,2026-09-09,2112,N,nominal,2.0NRT,293.27,3.56,N
21.10076,72.63695,334.48,0.45,0.39,2026-09-09,2112,N,nominal,2.0NRT,294.18,5.71,N
23.19292,55.45167,326.93,0.72,0.76,2026-09-09,2112,N,nominal,2.0NRT,295.31,4.22,N
23.19242,55.45905,317.96,0.72,0.76,2026-09-09,2112,N,nominal,2.0NRT,296.01,4.22,N
22.87593,55.91921,307.73,0.67,0.74,2026-09-09,2112,N,nominal,2.0NRT,293.57,2.88,N
22.87546,55.92603,308.71,0.67,0.74,2026-09-09,2112,N,nominal,2.0NRT,293.87,2.34,N
22.87561,55.6098,304.64,0.7,0.75,2026-09-09,2112,N,nominal,2.0NRT,292.43,1.24,N
22.87573,55.91922,310.91,0.67,0.74,2026-09-09,2112,N,nominal,2.0NRT,292.95,2.12,N
22.87522,55.92604,306.59,0.67,0.74,2026-09-09,2112,N,nominal,2.0NRT,293.52,2.12,N
22.87026,55.60982,304.05,0.7,0.75,2026-09-09,2112,N,nominal,2.0NRT,292.48,1.76,N
20.90956,71.46092,311.05,0.41,0.37,2026-09-09,2112,N,nominal,2.0NRT,294.88,2.1,N
20.86824,71.39729,307.63,0.41,0.37,2026-09-09,2112,N,nominal,2.0NRT,294.66,0.73,N
22.67191,56.24916,307.62,0.64,0.72,2026-09-09,2112,N,nominal,2.0NRT,293.84,7.45,N
20.86701,70.56599,311.65,0.39,0.36,2026-09-09,2112,N,nominal,2.0NRT,294.95,1.55,N
22.40732,56.98675,316.54,0.57,0.69,2026-09-09,2112,N,nominal,2.0NRT,293.04,2.92,N
22.32788,56.48708,331.91,0.61,0.71,2026-09-09,2112,N,nominal,2.0NRT,293.97,7.83,N
19.93644,73.71235,311.96,0.53,0.42,2026-09-09,2112,N,nominal,2.0NRT,290.1,1.54,N
19.93405,73.71447,306.08,0.53,0.42,2026-09-09,2112,N,nominal,2.0NRT,289.2,0.62,N
21.9373,57.07173,334.26,0.56,0.69,2026-09-09,2112,N,nominal,2.0NRT,294.11,3.67,N
21.93586,57.07079,328.82,0.56,0.69,2026-09-09,2112,N,nominal,2.0NRT,294.23,4.17,N
21.88959,56.84327,323.92,0.58,0.69,2026-09-09,2112,N,nominal,2.0NRT,293.24,2.74,N
21.88912,56.84909,310.02,0.57,0.69,2026-09-09,2112,N,nominal,2.0NRT,292.85,2.74,N
17.61107,83.20312,299.76,0.76,0.77,2026-09-09,2112,N,nominal,2.0NRT,269.88,1.97,N
21.83662,56.67866,312.23,0.59,0.7,2026-09-09,2112,N,nominal,2.0NRT,293.23,0.96,N
21.83143,56.67897,312.57,0.59,0.7,2026-09-09,2114,N,nominal,2.0NRT,293.08,1.25,N
21.66138,56.41056,308.74,0.61,0.71,2026-09-09,2114,N,nominal,2.0NRT,293.9,1.45,N
21.66425,56.41203,306.41,0.61,0.71,2026-09-09,2114,N,nominal,2.0NRT,293.94,1.76,N
21.45915,56.99463,310.43,0.56,0.69,2026-09-09,2114,N,nominal,2.0NRT,293.16,1.48,N
21.33584,57.72078,305.31,0.5,0.66,2026-09-09,2114,N,nominal,2.0NRT,293.91,1.07,N
19.57354,71.3653,314,0.42,0.38,2026-09-09,2114,N,nominal,2.0NRT,293.71,1.23,N
21.31566,57.74282,314.55,0.5,0.66,2026-09-09,2114,N,nominal,2.0NRT,293.59,1.84,N
21.30911,57.74706,308.78,0.5,0.66,2026-09-09,2114,N,nominal,2.0NRT,293.67,1.3,N
21.30478,57.79593,311.66,0.49,0.65,2026-09-09,2114,N,nominal,2.0NRT,293.88,1.44,N
21.3065,57.70673,308.8,0.5,0.66,2026-09-09,2114,N,nominal,2.0NRT,293.34,0.85,N
21.2964,57.68069,307.3,0.5,0.66,2026-09-09,2114,N,nominal,2.0NRT,293.5,0.85,N
19.52799,71.29915,310.82,0.42,0.38,2026-09-09,2114,N,nominal,2.0NRT,294.15,0.98,N
21.41233,55.73901,306.62,0.67,0.73,2026-09-09,2114,N,nominal,2.0NRT,293.76,1.72,N
21.4119,55.73947,309.44,0.67,0.73,2026-09-09,2114,N,nominal,2.0NRT,293.76,2.32,N
18.86003,72.92754,310.02,0.5,0.41,2026-09-09,2114,N,nominal,2.0NRT,282.2,1.39,N
18.56875,74.52725,305.33,0.41,0.45,2026-09-09,2114,N,nominal,2.0NRT,279.75,0.96,N
18.85631,72.92681,305.26,0.5,0.41,2026-09-09,2114,N,nominal,2.0NRT,282.93,1.34,N
20.98722,56.77372,303.96,0.57,0.69,2026-09-09,2114,N,nominal,2.0NRT,290.95,0.71,N
19.17833,70.94522,310.08,0.41,0.37,2026-09-09,2114,N,nominal,2.0NRT,293.72,0.67,N
18.39037,74.80548,301.77,0.43,0.46,2026-09-09,2114,N,nominal,2.0NRT,284.96,0.64,N
18.68642,73.02856,300.51,0.51,0.41,2026-09-09,2114,N,nominal,2.0NRT,280.14,1.21,N
18.68556,73.03335,302.87,0.51,0.41,2026-09-09,2114,N,nominal,2.0NRT,282.18,1.89,N
20.37642,55.93517,318.29,0.63,0.72,2026-09-09,2114,N,nominal,2.0NRT,294.95,3.11,N
20.38562,55.64418,305.84,0.66,0.73,2026-09-09,2114,N,nominal,2.0NRT,294.63,1.12,N
20.37403,55.93162,325.76,0.63,0.72,2026-09-09,2114,N,nominal,2.0NRT,294.48,3.58,N
20.3902,55.66153,311.33,0.66,0.73,2026-09-09,2114,N,nominal,2.0NRT,294.75,1.34,N
20.38447,55.6476,305.45,0.66,0.73,2026-09-09,2114,N,nominal,2.0NRT,294.53,1.47,N
20.21335,55.71088,309.38,0.65,0.73,2026-09-09,2114,N,nominal,2.0NRT,294.05,1.07,N
16.64885,74.31091,299.8,0.43,0.46,2026-09-09,2114,N,nominal,2.0NRT,280.71,0.57,N
15.22533,76.76504,302.85,0.33,0.55,2026-09-09,2114,N,nominal,2.0NRT,278.94,0.75,N
18.326,55.10035,322.25,0.68,0.74,2026-09-09,2114,N,nominal,2.0NRT,293.72,3.92,N
18.32544,55.10704,306.66,0.68,0.74,2026-09-09,2114,N,nominal,2.0NRT,293.64,2.14,N
18.31907,55.09966,305.8,0.68,0.74,2026-09-09,2114,N,nominal,2.0NRT,293.99,1.54,N
18.32636,55.10094,317.45,0.68,0.74,2026-09-09,2114,N,nominal,2.0NRT,294.21,1.8,N
18.32576,55.10762,305.01,0.68,0.74,2026-09-09,2114,N,nominal,2.0NRT,293.68,1.8,N
18.31943,55.10028,309.4,0.68,0.74,2026-09-09,2114,N,nominal,2.0NRT,293.99,1.8,N
15.17654,76.67481,297.48,0.33,0.55,2026-09-09,2114,N,nominal,2.0NRT,271.64,0.64,N
15.17594,76.67782,296.1,0.33,0.55,2026-09-09,2114,N,nominal,2.0NRT,272.59,0.56,N
15.13735,76.7136,295.07,0.33,0.55,2026-09-09,2114,N,nominal,2.0NRT,272.58,0.3,N
18.01123,54.56802,341.7,0.73,0.76,2026-09-09,2114,N,nominal,2.0NRT,295.5,16.5,N
13.89847,76.565,303.98,0.34,0.56,2026-09-09,2114,N,nominal,2.0NRT,289.84,0.34,N
12.98732,74.8539,307.28,0.54,0.51,2026-09-09,2114,N,nominal,2.0NRT,291.02,2.71,N
12.98266,74.85311,350.99,0.54,0.51,2026-09-09,2114,N,nominal,2.0NRT,292.11,17.03,N
12.98359,74.84822,310.48,0.54,0.51,2026-09-09,2114,N,nominal,2.0NRT,291.24,17.03,N
12.98171,74.85807,304.67,0.54,0.51,2026-09-09,2114,N,nominal,2.0NRT,290.65,3.59,N
12.98521,74.85059,324.98,0.54,0.51,2026-09-09,2114,N,nominal,2.0NRT,291.42,19.31,N
12.98431,74.85551,333.59,0.54,0.51,2026-09-09,2114,N,nominal,2.0NRT,292.24,19.31,N
12.97965,74.85469,305.92,0.54,0.51,2026-09-09,2114,N,nominal,2.0NRT,290.85,3.13,N
10.78634,76.78297,310.68,0.4,0.6,2026-09-09,2116,N,nominal,2.0NRT,289.04,0.81,N
10.78694,76.78407,304.4,0.4,0.6,2026-09-09,2116,N,nominal,2.0NRT,289.1,0.73,N
39.55183,66.82854,301.36,0.46,0.47,2026-09-09,2108,N,nominal,2.0NRT,289.65,0.64,N
39.50448,66.15208,315.07,0.49,0.49,2026-09-09,2108,N,nominal,2.0NRT,289.49,1.65,N
39.40997,62.84486,312.88,0.37,0.58,2026-09-09,2108,N,nominal,2.0NRT,288.81,0.74,N
39.36489,63.60741,302.87,0.34,0.56,2026-09-09,2108,N,nominal,2.0NRT,289.2,0.85,N
39.3597,63.60683,305.91,0.34,0.56,2026-09-09,2108,N,nominal,2.0NRT,289.11,0.58,N
39.18219,65.31466,301.4,0.54,0.51,2026-09-09,2108,N,nominal,2.0NRT,288.92,0.86,N
39.28593,63.76096,356.39,0.33,0.55,2026-09-09,2108,N,nominal,2.0NRT,293.11,3.95,N
39.28079,63.76038,347.66,0.33,0.55,2026-09-09,2108,N,nominal,2.0NRT,289.82,3.95,N
39.24786,63.94678,351.56,0.32,0.55,2026-09-09,2108,N,nominal,2.0NRT,292.26,4.78,N
39.2476,63.95059,301.71,0.32,0.55,2026-09-09,2108,N,nominal,2.0NRT,289.73,2.04,N
39.30283,62.9745,300.84,0.36,0.58,2026-09-09,2108,N,nominal,2.0NRT,288.83,0.49,N
39.24865,63.17031,301.87,0.35,0.57,2026-09-09,2108,N,nominal,2.0NRT,288.96,0.39,N
39.19568,63.19744,299.27,0.35,0.57,2026-09-09,2108,N,nominal,2.0NRT,288.53,0.62,N
39.17101,63.25349,304.99,0.35,0.57,2026-09-09,2108,N,nominal,2.0NRT,289.44,1,N
39.16977,63.2742,301.23,0.35,0.57,2026-09-09,2108,N,nominal,2.0NRT,288.09,0.49,N
39.16523,63.26122,305.64,0.35,0.57,2026-09-09,2108,N,nominal,2.0NRT,289.54,1.2,N
39.15651,63.31841,299.73,0.35,0.56,2026-09-09,2108,N,nominal,2.0NRT,289.13,0.4,N
39.11849,63.33496,300.59,0.35,0.56,2026-09-09,2108,N,nominal,2.0NRT,288.39,0.5,N
39.11323,63.33438,300.18,0.35,0.56,2026-09-09,2108,N,nominal,2.0NRT,287.87,0.48,N
39.11361,63.33636,302.15,0.35,0.56,2026-09-09,2108,N,nominal,2.0NRT,288.19,0.39,N
39.06829,63.38494,298.67,0.34,0.56,2026-09-09,2108,N,nominal,2.0NRT,288.13,0.31,N
39.01703,63.70358,300.5,0.33,0.55,2026-09-09,2108,N,nominal,2.0NRT,288.71,0.46,N
38.97405,63.46658,305.5,0.34,0.56,2026-09-09,2108,N,nominal,2.0NRT,289.65,0.61,N
38.95538,63.75344,303.4,0.33,0.55,2026-09-09,2108,N,nominal,2.0NRT,288.33,0.39,N
38.91576,63.80703,299.22,0.32,0.55,2026-09-09,2108,N,nominal,2.0NRT,288.28,0.46,N
38.91164,63.79115,298.33,0.33,0.55,2026-09-09,2108,N,nominal,2.0NRT,287.51,0.22,N
38.68655,65.9521,305.04,0.5,0.49,2026-09-09,2108,N,nominal,2.0NRT,289.43,2.25,N
38.68356,65.98669,308.66,0.49,0.49,2026-09-09,2108,N,nominal,2.0NRT,289.05,1.38,N
38.71585,62.11018,301.15,0.4,0.6,2026-09-09,2108,N,nominal,2.0NRT,279.25,1.4,N
38.4552,65.80106,301.05,0.5,0.49,2026-09-09,2108,N,nominal,2.0NRT,288.57,1.35,N
37.61528,71.50124,296.47,0.42,0.37,2026-09-09,2108,N,nominal,2.0NRT,285.43,0.63,N
38.05021,67.26485,340.96,0.42,0.45,2026-09-09,2108,N,nominal,2.0NRT,294.48,12.92,N
38.25699,58.38789,297.18,0.63,0.72,2026-09-09,2108,N,nominal,2.0NRT,284.66,0.82,N
37.79893,62.54859,310.82,0.37,0.58,2026-09-09,2108,N,nominal,2.0NRT,290.67,1.4,N
37.7888,62.53451,301.33,0.37,0.58,2026-09-09,2108,N,nominal,2.0NRT,289.73,1.02,N
37.78856,62.53883,305.85,0.37,0.58,2026-09-09,2108,N,nominal,2.0NRT,289.61,0.75,N
37.7977,62.5517,308.7,0.37,0.58,2026-09-09,2108,N,nominal,2.0NRT,290.49,1.08,N
37.78765,62.53769,314.08,0.37,0.58,2026-09-09,2108,N,nominal,2.0NRT,290.74,1.53,N
37.77843,62.02898,299.51,0.4,0.6,2026-09-09,2108,N,nominal,2.0NRT,287.2,0.27,N
37.72463,62.09332,302.7,0.39,0.6,2026-09-09,2108,N,nominal,2.0NRT,287.79,0.58,N
37.67275,62.23696,300.14,0.39,0.59,2026-09-09,2108,N,nominal,2.0NRT,287.12,0.48,N
37.66148,62.2404,302.29,0.39,0.59,2026-09-09,2108,N,nominal,2.0NRT,287.72,0.45,N
37.6266,62.16933,308.3,0.39,0.59,2026-09-09,2108,N,nominal,2.0NRT,289.19,0.81,N
37.61724,62.13655,301.9,0.39,0.59,2026-09-09,2108,N,nominal,2.0NRT,289.03,0.92,N
37.61852,62.13604,300.43,0.39,0.59,2026-09-09,2108,N,nominal,2.0NRT,288.67,1.21,N
37.61824,62.14057,305.13,0.39,0.59,2026-09-09,2108,N,nominal,2.0NRT,289.03,1.06,N
37.61436,61.60756,297.82,0.42,0.61,2026-09-09,2108,N,nominal,2.0NRT,284.3,1.26,N
37.60867,61.60706,301.16,0.42,0.61,2026-09-09,2108,N,nominal,2.0NRT,281.33,2.26,N
37.49665,61.84236,300.59,0.4,0.6,2026-09-09,2108,N,nominal,2.0NRT,289.02,0.88,N
37.49639,61.84703,311.64,0.4,0.6,2026-09-09,2108,N,nominal,2.0NRT,289.67,0.88,N
37.42566,62.31112,309.63,0.38,0.59,2026-09-09,2108,N,nominal,2.0NRT,287.73,0.55,N
37.32677,61.096,304.63,0.44,0.63,2026-09-09,2108,N,nominal,2.0NRT,287.58,0.52,N
37.11934,62.36047,335.85,0.38,0.58,2026-09-09,2108,N,nominal,2.0NRT,290.88,6.28,N
37.11363,62.3643,300.21,0.38,0.58,2026-09-09,2108,N,nominal,2.0NRT,289.27,1.39,N
37.03277,62.41295,322.15,0.37,0.58,2026-09-09,2108,N,nominal,2.0NRT,288.83,1.17,N
37.03251,62.41723,306.45,0.37,0.58,2026-09-09,2108,N,nominal,2.0NRT,289.54,1.17,N
36.49441,61.80617,302.73,0.4,0.6,2026-09-09,2108,N,nominal,2.0NRT,287.99,0.41,N
36.4788,61.62148,300.8,0.41,0.6,2026-09-09,2108,N,nominal,2.0NRT,288.48,1.79,N
36.46231,60.84915,306.03,0.45,0.63,2026-09-09,2108,N,nominal,2.0NRT,287.44,1.16,N
36.39225,61.75384,301.88,0.4,0.6,2026-09-09,2108,N,nominal,2.0NRT,287.92,0.33,N
33.90514,71.91456,308.72,0.39,0.36,2026-09-09,2110,N,nominal,2.0NRT,297.32,2.04,N
33.68788,72.7118,313.69,0.38,0.36,2026-09-09,2110,N,nominal,2.0NRT,296.33,2.94,N
33.54676,71.54985,309.65,0.39,0.36,2026-09-09,2110,N,nominal,2.0NRT,297.66,0.93,N
32.72005,72.92374,308.62,0.38,0.36,2026-09-09,2110,N,nominal,2.0NRT,295.21,0.93,N
32.7166,72.77676,312.74,0.38,0.36,2026-09-09,2110,N,nominal,2.0NRT,295.48,1.21,N
32.8899,71.61823,310.73,0.39,0.36,2026-09-09,2110,N,nominal,2.0NRT,297.68,1.08,N
32.57447,72.56104,311.35,0.38,0.36,2026-09-09,2110,N,nominal,2.0NRT,296.54,2.05,N
32.65298,70.47419,314.51,0.41,0.37,2026-09-09,2110,N,nominal,2.0NRT,297.84,1.53,N
31.25911,76.92336,303.81,0.52,0.41,2026-09-09,2110,N,nominal,2.0NRT,290.65,0.89,N
28.77395,77.56806,310.88,0.41,0.45,2026-09-09,2110,N,nominal,2.0NRT,294.37,0.77,N
29.02955,73.97697,318.86,0.42,0.38,2026-09-09,2110,N,nominal,2.0NRT,296.55,1.05,N
28.3718,77.22294,308.59,0.4,0.44,2026-09-09,2110,N,nominal,2.0NRT,293.68,1.32,N
28.37098,77.22699,305.53,0.4,0.44,2026-09-09,2110,N,nominal,2.0NRT,293.78,1.01,N
28.35967,77.24104,308.29,0.4,0.44,2026-09-09,2110,N,nominal,2.0NRT,293.95,0.92,N
28.34835,77.25511,307.79,0.4,0.44,2026-09-09,2110,N,nominal,2.0NRT,293.86,1.02,N
28.34753,77.25915,306.48,0.4,0.44,2026-09-09,2110,N,nominal,2.0NRT,293.82,1.02,N
28.27803,77.27264,308.04,0.4,0.44,2026-09-09,2110,N,nominal,2.0NRT,293.79,1.08,N
28.275,77.1826,309.13,0.4,0.44,2026-09-09,2110,N,nominal,2.0NRT,294.05,0.78,N
30.23697,56.90529,311.72,0.68,0.74,2026-09-09,2110,N,nominal,2.0NRT,290.7,2.55,N
30.23733,56.90638,310.51,0.68,0.74,2026-09-09,2110,N,nominal,2.0NRT,290.81,3.11,N
29.98683,55.85369,314.73,0.78,0.78,2026-09-09,2110,N,nominal,2.0NRT,286.71,4.12,N
27.66891,76.13161,308.25,0.54,0.42,2026-09-09,2110,N,nominal,2.0NRT,296.75,2.32,N
29.99375,55.85443,298.2,0.78,0.78,2026-09-09,2110,N,nominal,2.0NRT,285.77,1.36,N
29.98647,55.8537,312.45,0.78,0.78,2026-09-09,2110,N,nominal,2.0NRT,286.61,3.13,N
29.47766,60.80744,303.2,0.39,0.59,2026-09-09,2110,N,nominal,2.0NRT,290.36,0.6,N
28.42652,69.70199,311.1,0.4,0.37,2026-09-09,2110,N,nominal,2.0NRT,297.73,1.46,N
28.42315,69.70135,316.97,0.4,0.37,2026-09-09,2110,N,nominal,2.0NRT,297.4,1.92,N
26.702,77.84742,306.41,0.46,0.47,2026-09-09,2110,N,nominal,2.0NRT,293.08,1.27,N
27.28872,73.83931,310.71,0.43,0.38,2026-09-09,2110,N,nominal,2.0NRT,298.15,1.61,N
26.92571,73.46764,307.46,0.42,0.38,2026-09-09,2110,N,nominal,2.0NRT,296.84,1.03,N
26.87812,73.51436,311.62,0.43,0.38,2026-09-09,2110,N,nominal,2.0NRT,297.32,1.08,N
26.87392,73.51785,307.54,0.43,0.38,2026-09-09,2110,N,nominal,2.0NRT,297.29,1.08,N
26.25893,74.09446,310.9,0.45,0.39,2026-09-09,2110,N,nominal,2.0NRT,296.54,1.6,N
25.78472,73.69977,310.35,0.44,0.39,2026-09-09,2112,N,nominal,2.0NRT,294.89,1.14,N
25.7812,73.699,311.72,0.44,0.39,2026-09-09,2112,N,nominal,2.0NRT,294.51,1.14,N
26.25338,67.95525,308.29,0.43,0.38,2026-09-09,2112,N,nominal,2.0NRT,297.49,1.6,N
24.93354,74.6346,310.77,0.5,0.41,2026-09-09,2112,N,nominal,2.0NRT,295.26,1.39,N
25.95813,68.36952,308.44,0.42,0.38,2026-09-09,2112,N,nominal,2.0NRT,296.32,1.18,N
24.66075,74.63564,307.83,0.5,0.41,2026-09-09,2112,N,nominal,2.0NRT,296.09,2.06,N
24.66097,74.634,308.22,0.5,0.41,2026-09-09,2112,N,nominal,2.0NRT,296.35,2.08,N
24.8211,73.09267,312.4,0.43,0.38,2026-09-09,2112,N,nominal,2.0NRT,297.17,1.45,N
25.38799,68.58036,307.36,0.41,0.37,2026-09-09,2112,N,nominal,2.0NRT,296.66,0.88,N
25.38741,68.58442,317.03,0.41,0.37,2026-09-09,2112,N,nominal,2.0NRT,296.56,0.88,N
25.15586,67.70306,307.68,0.43,0.38,2026-09-09,2112,N,nominal,2.0NRT,296.82,1,N
25.05202,67.49422,317.89,0.44,0.38,2026-09-09,2112,N,nominal,2.0NRT,298.92,1.99,N
24.99253,66.93134,310.72,0.46,0.39,2026-09-09,2112,N,nominal,2.0NRT,295.93,2.42,N
21.7769,97.14436,334.22,0.44,0.38,2026-09-10,0644,N,nominal,2.0NRT,291.84,5.71,D
22.31637,99.17876,332.43,0.39,0.36,2026-09-10,0644,N,nominal,2.0NRT,299.09,5.84,D
22.31579,99.17501,346.63,0.39,0.36,2026-09-10,0644,N,nominal,2.0NRT,298.71,4.77,D
27.86725,96.95296,327.92,0.4,0.37,2026-09-10,0644,N,low,2.0NRT,298.54,10.53,D
28.0171,96.64835,339.06,0.4,0.37,2026-09-10,0644,N,nominal,2.0NRT,294.8,4.76,D
28.03857,96.65233,331.41,0.4,0.37,2026-09-10,0644,N,nominal,2.0NRT,297.19,4.27,D
28.19521,97.02945,326.09,0.39,0.36,2026-09-10,0646,N,nominal,2.0NRT,296.8,1.37,D
28.14016,96.67348,339.01,0.4,0.37,2026-09-10,0646,N,nominal,2.0NRT,292.09,7.19,D
28.50604,97.02051,325.65,0.39,0.36,2026-09-10,0646,N,nominal,2.0NRT,292.62,3,D
28.64619,90.82393,339.6,0.48,0.48,2026-09-10,0646,N,nominal,2.0NRT,294.96,4.14,D
28.64667,90.82605,337.74,0.48,0.48,2026-09-10,0646,N,nominal,2.0NRT,296.18,3.74,D
28.64556,90.82092,327.3,0.48,0.48,2026-09-10,0646,N,nominal,2.0NRT,293.8,3.74,D
30.94329,99.61189,342.45,0.41,0.37,2026-09-10,0646,N,nominal,2.0NRT,297.42,7.36,D
29.55596,90.98885,336.63,0.45,0.47,2026-09-10,0646,N,nominal,2.0NRT,292.17,3.58,D
29.5509,90.99295,325.45,0.45,0.47,2026-09-10,0646,N,nominal,2.0NRT,294.24,3.09,D
29.55512,90.99184,332.41,0.45,0.47,2026-09-10,0646,N,nominal,2.0NRT,293.34,3.09,D
29.55354,90.96339,329.99,0.45,0.47,2026-09-10,0646,N,nominal,2.0NRT,298.02,2.72,D
29.64131,90.97839,327.59,0.45,0.47,2026-09-10,0646,N,nominal,2.0NRT,295.11,2.56,D
36.85529,93.2654,336.68,0.41,0.37,2026-09-10,0648,N,low,2.0NRT,311,6.01,D
6.18368,81.11115,337.17,0.45,0.39,2026-09-10,0820,N,nominal,2.0NRT,303.55,5.21,D
6.22965,80.91109,339.66,0.44,0.39,2026-09-10,0820,N,nominal,2.0NRT,304.19,5.26,D
6.343,81.35838,335.91,0.46,0.39,2026-09-10,0820,N,nominal,2.0NRT,300.59,3.19,D
6.34238,81.35419,339.72,0.46,0.39,2026-09-10,0820,N,nominal,2.0NRT,304.18,3.19,D
6.43301,80.75185,335.15,0.44,0.38,2026-09-10,0820,N,nominal,2.0NRT,301.64,2.97,D
6.53781,80.99404,331.2,0.45,0.39,2026-09-10,0820,N,nominal,2.0NRT,301.16,2.07,D
6.56251,81.06124,332.26,0.45,0.39,2026-09-10,0820,N,nominal,2.0NRT,301.2,2.43,D
6.56548,81.05662,333.08,0.45,0.39,2026-09-10,0820,N,nominal,2.0NRT,299.99,1.89,D
6.56406,81.06118,332.64,0.45,0.39,2026-09-10,0820,N,nominal,2.0NRT,300.27,3.65,D
6.71681,81.31925,333.44,0.47,0.39,2026-09-10,0820,N,nominal,2.0NRT,296.78,5.46,D
6.68837,81.07207,335.17,0.45,0.39,2026-09-10,0820,N,nominal,2.0NRT,297.33,3.3,D
6.69194,81.0714,335.63,0.45,0.39,2026-09-10,0820,N,nominal,2.0NRT,296.44,3.97,D
6.74246,81.39359,332.31,0.47,0.4,2026-09-10,0820,N,nominal,2.0NRT,294.67,1.73,D
6.71419,81.1232,339.37,0.46,0.39,2026-09-10,0820,N,nominal,2.0NRT,298.61,4.24,D
6.7193,80.93414,342.48,0.45,0.39,2026-09-10,0820,N,nominal,2.0NRT,299.19,5.5,D
6.72283,80.93341,340.05,0.45,0.39,2026-09-10,0820,N,nominal,2.0NRT,297.89,5.38,D
6.80416,81.43225,340.15,0.47,0.4,2026-09-10,0820,N,nominal,2.0NRT,296.65,2.46,D
6.79604,81.27726,334.41,0.46,0.39,2026-09-10,0820,N,nominal,2.0NRT,293.35,2.45,D
6.85638,81.54122,341.01,0.48,0.4,2026-09-10,0820,N,nominal,2.0NRT,291.66,5.85,D
6.85811,81.50098,336,0.48,0.4,2026-09-10,0820,N,nominal,2.0NRT,293.67,6.21,D
7.2688,81.12688,335.63,0.46,0.39,2026-09-10,0820,N,nominal,2.0NRT,282.27,3.74,D
7.38721,81.54916,332.05,0.49,0.4,2026-09-10,0820,N,nominal,2.0NRT,289.72,4.09,D
7.38554,81.5505,330.2,0.49,0.4,2026-09-10,0820,N,nominal,2.0NRT,289.03,3.72,D
7.57065,81.38146,347.84,0.48,0.4,2026-09-10,0820,N,nominal,2.0NRT,287.86,7.76,D
7.57501,80.85505,334.91,0.45,0.39,2026-09-10,0820,N,nominal,2.0NRT,284.62,3.96,D
7.52287,80.01469,338.88,0.42,0.38,2026-09-10,0820,N,nominal,2.0NRT,297.23,4.18,D
7.64569,80.13751,335.93,0.42,0.38,2026-09-10,0820,N,nominal,2.0NRT,293.85,3.25,D
7.64512,80.13367,338.13,0.42,0.38,2026-09-10,0820,N,nominal,2.0NRT,297.13,4.91,D
7.79616,81.06741,334.71,0.47,0.39,2026-09-10,0820,N,nominal,2.0NRT,280.28,4.02,D
7.78208,80.6227,335.24,0.44,0.39,2026-09-10,0820,N,nominal,2.0NRT,292.22,4.39,D
7.72321,80.02804,337.07,0.42,0.38,2026-09-10,0820,N,nominal,2.0NRT,294.61,4.29,D
7.81471,80.60565,339.51,0.44,0.39,2026-09-10,0820,N,nominal,2.0NRT,290.41,3.44,D
7.93977,81.18617,331.58,0.47,0.4,2026-09-10,0820,N,nominal,2.0NRT,279.7,3.45,D
7.79099,79.91326,333.36,0.42,0.37,2026-09-10,0820,N,nominal,2.0NRT,295.92,2.85,D
7.80208,79.89999,335.35,0.42,0.37,2026-09-10,0820,N,nominal,2.0NRT,301.03,2.17,D
7.88685,80.23586,334.46,0.43,0.38,2026-09-10,0820,N,nominal,2.0NRT,294.01,4.27,D
7.83892,79.8868,340.13,0.42,0.37,2026-09-10,0820,N,nominal,2.0NRT,301.27,3.39,D
7.84237,79.88628,347.49,0.42,0.37,2026-09-10,0820,N,nominal,2.0NRT,303.28,8.36,D
7.95742,80.422,330.48,0.44,0.38,2026-09-10,0820,N,nominal,2.0NRT,290.45,5.15,D
7.96095,80.42149,350.65,0.44,0.38,2026-09-10,0820,N,nominal,2.0NRT,293.2,5.15,D
7.95035,80.10378,335.75,0.43,0.38,2026-09-10,0820,N,nominal,2.0NRT,300.34,3.24,D
8.14835,81.34442,339.93,0.48,0.4,2026-09-10,0820,N,nominal,2.0NRT,272.96,6.54,D
7.9668,80.04636,340.03,0.42,0.38,2026-09-10,0820,N,nominal,2.0NRT,301.69,3.39,D
7.99371,80.15654,334.07,0.43,0.38,2026-09-10,0820,N,nominal,2.0NRT,299.14,3.31,D
7.98573,80.10244,331.46,0.43,0.38,2026-09-10,0820,N,nominal,2.0NRT,299.37,1.6,D
8.03297,80.39876,342.24,0.44,0.38,2026-09-10,0820,N,nominal,2.0NRT,301.68,9.04,D
8.06711,80.60642,339.79,0.45,0.39,2026-09-10,0820,N,nominal,2.0NRT,298.13,5.75,D
8.07067,80.6059,348.65,0.45,0.39,2026-09-10,0820,N,nominal,2.0NRT,296.86,8.33,D
8.00195,80.11581,330.79,0.43,0.38,2026-09-10,0820,N,nominal,2.0NRT,300.41,2.24,D
8.0436,80.3488,336.18,0.44,0.38,2026-09-10,0820,N,nominal,2.0NRT,302.38,6.07,D
8.01429,80.03149,336.34,0.42,0.38,2026-09-10,0820,N,nominal,2.0NRT,299.62,5.56,D
8.03946,80.09521,331.99,0.43,0.38,2026-09-10,0820,N,nominal,2.0NRT,301.54,1.98,D
8.05744,80.09648,336.33,0.43,0.38,2026-09-10,0820,N,nominal,2.0NRT,302.76,3.86,D
8.06092,80.09595,348.11,0.43,0.38,2026-09-10,0820,N,nominal,2.0NRT,303.56,6.79,D
8.13631,80.58918,343.25,0.45,0.39,2026-09-10,0820,N,nominal,2.0NRT,297.5,5.58,D
8.12294,80.154,339.48,0.43,0.38,2026-09-10,0820,N,nominal,2.0NRT,305.42,3.64,D
8.09644,79.8333,340.53,0.42,0.37,2026-09-10,0820,N,nominal,2.0NRT,298.62,5.35,D
8.21551,80.41754,341.28,0.44,0.38,2026-09-10,0820,N,nominal,2.0NRT,303.15,3.38,D
8.26426,80.72923,337.06,0.45,0.39,2026-09-10,0820,N,nominal,2.0NRT,299.22,3.4,D
8.25431,80.53484,331.02,0.45,0.39,2026-09-10,0820,N,nominal,2.0NRT,300.79,1.96,D
8.35593,81.05505,338.72,0.47,0.4,2026-09-10,0820,N,nominal,2.0NRT,294.5,2.93,D
8.2586,80.31792,335.19,0.44,0.38,2026-09-10,0820,N,nominal,2.0NRT,297.72,2.92,D
8.3942,80.80408,338.84,0.46,0.39,2026-09-10,0820,N,nominal,2.0NRT,300.56,5.67,D
8.33105,80.31969,330.45,0.44,0.38,2026-09-10,0820,N,nominal,2.0NRT,296.58,3.07,D
8.33458,80.31918,342.13,0.44,0.38,2026-09-10,0820,N,nominal,2.0NRT,292.74,3.07,D
8.45284,80.87688,332.17,0.46,0.39,2026-09-10,0820,N,low,2.0NRT,304.06,8.25,D
8.46766,80.80201,339.12,0.46,0.39,2026-09-10,0820,N,nominal,2.0NRT,305,4.16,D
8.47128,80.80149,339.5,0.46,0.39,2026-09-10,0820,N,nominal,2.0NRT,304.86,4.16,D
8.46835,80.80231,339.6,0.46,0.39,2026-09-10,0820,N,nominal,2.0NRT,304.95,8.58,D
8.46776,80.79813,338.08,0.46,0.39,2026-09-10,0820,N,nominal,2.0NRT,303.85,4.55,D
8.4756,80.77567,339.79,0.46,0.39,2026-09-10,0820,N,nominal,2.0NRT,305.68,5.95,D
8.48641,80.82534,367,0.46,0.39,2026-09-10,0820,N,high,2.0NRT,305.03,12.4,D
8.47682,80.75847,339.57,0.46,0.39,2026-09-10,0820,N,nominal,2.0NRT,304.2,6.59,D
8.41038,80.19921,339.08,0.43,0.38,2026-09-10,0820,N,nominal,2.0NRT,305.36,4.97,D
8.54136,80.84736,337.83,0.46,0.39,2026-09-10,0820,N,nominal,2.0NRT,306.3,5.93,D
8.48885,80.48875,342.79,0.45,0.39,2026-09-10,0820,N,nominal,2.0NRT,305.39,3.58,D
8.48767,80.4807,345.07,0.44,0.39,2026-09-10,0820,N,nominal,2.0NRT,306.45,6.4,D
8.49122,80.48016,340.3,0.44,0.39,2026-09-10,0820,N,nominal,2.0NRT,305.8,5.86,D
8.53261,80.71205,336.2,0.46,0.39,2026-09-10,0820,N,low,2.0NRT,306.72,5.46,D
8.55833,80.86211,335.05,0.46,0.39,2026-09-10,0820,N,nominal,2.0NRT,304.87,6.56,D
8.56196,80.86156,344.49,0.46,0.39,2026-09-10,0820,N,nominal,2.0NRT,306.27,7.19,D
8.52043,80.57953,336.56,0.45,0.39,2026-09-10,0820,N,nominal,2.0NRT,303.71,3.76,D
8.55859,80.7635,341.51,0.46,0.39,2026-09-10,0820,N,nominal,2.0NRT,303.25,4.72,D
8.56509,80.73277,343.06,0.46,0.39,2026-09-10,0820,N,nominal,2.0NRT,301.79,7.73,D
8.50944,80.33411,345.66,0.44,0.38,2026-09-10,0820,N,nominal,2.0NRT,303.53,6.54,D
8.56649,80.7332,343.68,0.46,0.39,2026-09-10,0820,N,nominal,2.0NRT,300.38,6.92,D
8.5093,80.33444,341.91,0.44,0.38,2026-09-10,0820,N,nominal,2.0NRT,303.3,6.72,D
8.51284,80.33392,346.92,0.44,0.38,2026-09-10,0820,N,nominal,2.0NRT,306.11,21.3,D
8.50423,80.27431,346.53,0.44,0.38,2026-09-10,0820,N,nominal,2.0NRT,307.3,5.29,D
8.53792,80.43253,331.57,0.44,0.39,2026-09-10,0820,N,low,2.0NRT,303.96,2.49,D
8.56803,80.48994,334.55,0.45,0.39,2026-09-10,0820,N,low,2.0NRT,307.25,4.61,D
8.60132,80.66886,334.18,0.45,0.39,2026-09-10,0820,N,nominal,2.0NRT,304.01,4.42,D
8.58175,80.3605,335.68,0.44,0.38,2026-09-10,0820,N,nominal,2.0NRT,302.65,4.48,D
8.67276,80.85483,337.22,0.46,0.39,2026-09-10,0820,N,nominal,2.0NRT,300.22,3.16,D
8.65117,80.70818,338.92,0.46,0.39,2026-09-10,0820,N,nominal,2.0NRT,304.68,4.04,D
8.59828,80.34993,341.5,0.44,0.38,2026-09-10,0820,N,nominal,2.0NRT,304.18,3.94,D
8.67484,80.76864,337.9,0.46,0.39,2026-09-10,0820,N,nominal,2.0NRT,305.5,4.03,D
8.61125,80.33987,335.77,0.44,0.38,2026-09-10,0820,N,low,2.0NRT,306.63,2.49,D
8.67558,80.76973,340.04,0.46,0.39,2026-09-10,0820,N,nominal,2.0NRT,305.05,5.79,D
8.67813,80.65878,336.32,0.46,0.39,2026-09-10,0820,N,nominal,2.0NRT,304.96,3.84,D
8.70693,80.80807,335.98,0.46,0.39,2026-09-10,0820,N,nominal,2.0NRT,304.57,2.76,D
8.7021,80.74874,336.23,0.46,0.39,2026-09-10,0820,N,nominal,2.0NRT,303.39,3.75,D
8.66123,80.41534,338.52,0.44,0.39,2026-09-10,0820,N,nominal,2.0NRT,305.15,3.02,D
8.7123,80.66652,340,0.46,0.39,2026-09-10,0820,N,nominal,2.0NRT,306.96,8.84,D
8.7117,80.66238,334.47,0.46,0.39,2026-09-10,0820,N,nominal,2.0NRT,302.41,4.72,D
8.80572,81.10435,330.56,0.48,0.4,2026-09-10,0820,N,nominal,2.0NRT,300.15,3.22,D
8.685,80.28103,338.17,0.44,0.38,2026-09-10,0820,N,nominal,2.0NRT,305.32,4.18,D
8.68441,80.27705,342.09,0.44,0.38,2026-09-10,0820,N,nominal,2.0NRT,306.37,3.39,D
8.70911,80.24902,334.26,0.44,0.38,2026-09-10,0820,N,low,2.0NRT,307.35,3.08,D
8.71204,80.24454,336.81,0.44,0.38,2026-09-10,0820,N,nominal,2.0NRT,305.32,3.08,D
8.70923,80.24919,334.92,0.44,0.38,2026-09-10,0820,N,low,2.0NRT,307.37,3.06,D
8.71219,80.2447,335.1,0.44,0.38,2026-09-10,0820,N,nominal,2.0NRT,304.97,3.06,D
8.83364,80.99052,342.89,0.47,0.4,2026-09-10,0820,N,nominal,2.0NRT,302.61,127.29,D
8.82185,80.62557,343.05,0.45,0.39,2026-09-10,0820,N,nominal,2.0NRT,308.97,30.71,D
8.82125,80.62144,349.82,0.45,0.39,2026-09-10,0820,N,nominal,2.0NRT,310.66,23.1,D
8.82484,80.62092,347.64,0.45,0.39,2026-09-10,0820,N,nominal,2.0NRT,305.87,23.1,D
8.86325,80.85946,333.62,0.47,0.39,2026-09-10,0820,N,low,2.0NRT,305.27,1.91,D
8.87069,80.70781,334.98,0.46,0.39,2026-09-10,0820,N,nominal,2.0NRT,304.23,3.94,D
8.86026,80.637,348.23,0.46,0.39,2026-09-10,0820,N,nominal,2.0NRT,307.85,6.81,D
8.86386,80.63649,340.56,0.46,0.39,2026-09-10,0820,N,nominal,2.0NRT,303.74,6.81,D
8.88205,80.68487,332.61,0.46,0.39,2026-09-10,0820,N,low,2.0NRT,303.11,2.26,D
8.83971,80.33202,332.94,0.44,0.39,2026-09-10,0820,N,low,2.0NRT,303.36,5.77,D
8.43785,77.62556,341.99,0.38,0.36,2026-09-10,0820,N,nominal,2.0NRT,309.16,4.26,D
8.88031,80.46239,342.56,0.45,0.39,2026-09-10,0820,N,nominal,2.0NRT,303.66,6.99,D
8.88389,80.46188,344.24,0.45,0.39,2026-09-10,0820,N,nominal,2.0NRT,304.97,8.51,D
8.90645,80.56729,340.11,0.45,0.39,2026-09-10,0820,N,nominal,2.0NRT,307.24,10.52,D
8.96166,80.89814,345.67,0.47,0.4,2026-09-10,0820,N,nominal,2.0NRT,303.65,8.67,D
8.9596,80.78125,338.02,0.46,0.39,2026-09-10,0820,N,nominal,2.0NRT,304.52,4.47,D
8.96323,80.78072,336.9,0.46,0.39,2026-09-10,0820,N,nominal,2.0NRT,303.34,4.47,D
8.93338,80.57601,336.33,0.45,0.39,2026-09-10,0820,N,low,2.0NRT,306.69,6.9,D
8.95275,80.68353,346.51,0.46,0.39,2026-09-10,0820,N,nominal,2.0NRT,304.99,5.84,D
8.92612,80.47646,336.51,0.45,0.39,2026-09-10,0820,N,low,2.0NRT,307.8,7.81,D
8.92134,80.41907,336.21,0.45,0.39,2026-09-10,0820,N,nominal,2.0NRT,305.02,5,D
8.94576,80.46112,339.77,0.45,0.39,2026-09-10,0820,N,nominal,2.0NRT,300.33,1.42,D
8.94933,80.4606,341.54,0.45,0.39,2026-09-10,0820,N,nominal,2.0NRT,298.37,2.29,D
8.62137,77.9171,337.25,0.38,0.36,2026-09-10,0820,N,nominal,2.0NRT,306.6,4.2,D
9.08842,80.89799,337.23,0.47,0.4,2026-09-10,0820,N,nominal,2.0NRT,300.69,6.03,D
9.02902,80.24326,337.82,0.44,0.38,2026-09-10,0820,N,nominal,2.0NRT,303.01,3.25,D
8.77444,77.74644,341.85,0.38,0.36,2026-09-10,0820,N,low,2.0NRT,311.95,6.31,D
9.20652,80.63198,337.87,0.46,0.39,2026-09-10,0820,N,nominal,2.0NRT,301.32,3.51,D
9.3272,80.36589,330.69,0.45,0.39,2026-09-10,0820,N,nominal,2.0NRT,296.03,1.52,D
9.3672,80.43958,343.23,0.45,0.39,2026-09-10,0822,N,nominal,2.0NRT,297.46,5.1,D
9.00893,77.79801,345.28,0.38,0.36,2026-09-10,0822,N,nominal,2.0NRT,310.28,14.15,D
9.41302,80.28743,338.83,0.45,0.39,2026-09-10,0822,N,nominal,2.0NRT,286.25,3.99,D
9.24757,77.89983,341.57,0.39,0.36,2026-09-10,0822,N,nominal,2.0NRT,309.81,9.52,D
9.81509,78.59298,339.48,0.4,0.37,2026-09-10,0822,N,nominal,2.0NRT,295.91,4.08,D
13.56128,76.31514,331.81,0.38,0.36,2026-09-10,0822,N,nominal,2.0NRT,298.1,3.46,D
14.14186,76.48392,337.51,0.38,0.36,2026-09-10,0822,N,nominal,2.0NRT,302.14,2.44,D
14.80636,79.0248,330.18,0.44,0.39,2026-09-10,0822,N,nominal,2.0NRT,284.81,3.33,D
14.80579,79.02069,336.34,0.44,0.39,2026-09-10,0822,N,nominal,2.0NRT,286.24,2.74,D
15.22379,78.51904,337.52,0.43,0.38,2026-09-10,0822,N,nominal,2.0NRT,287.73,3.06,D
15.22531,76.76296,334.33,0.39,0.36,2026-09-10,0822,N,nominal,2.0NRT,298.46,1.81,D
15.87121,80.60237,331.5,0.54,0.42,2026-09-10,0822,N,nominal,2.0NRT,290.75,4.57,D
15.20712,75.79704,339.7,0.38,0.36,2026-09-10,0822,N,nominal,2.0NRT,309.26,1.84,D
15.21043,75.79651,337.14,0.38,0.36,2026-09-10,0822,N,low,2.0NRT,310.41,3.93,D
15.40017,77.02663,336.03,0.39,0.36,2026-09-10,0822,N,nominal,2.0NRT,302.55,3.03,D
15.82326,76.42226,332.69,0.39,0.36,2026-09-10,0822,N,nominal,2.0NRT,301.42,2.48,D
16.61314,75.89799,338.35,0.38,0.36,2026-09-10,0824,N,nominal,2.0NRT,300.68,2.37,D
17.30929,77.62043,330.79,0.41,0.37,2026-09-10,0824,N,nominal,2.0NRT,295.01,3.08,D
17.69838,75.36028,331.99,0.38,0.36,2026-09-10,0824,N,nominal,2.0NRT,301.84,1.85,D
17.97609,74.36363,337.35,0.39,0.36,2026-09-10,0824,N,nominal,2.0NRT,303.35,3.02,D
18.86072,76.52007,336.81,0.4,0.37,2026-09-10,0824,N,nominal,2.0NRT,297.42,4.29,D
18.8621,76.51934,341.23,0.4,0.37,2026-09-10,0824,N,nominal,2.0NRT,298.75,4.65,D
12.88193,99.77507,336.55,0.42,0.38,2026-09-10,0640,N,nominal,2.0NRT,294.4,6.49,D
13.32388,99.86291,334.37,0.42,0.37,2026-09-10,0640,N,nominal,2.0NRT,295.52,4.12,D
13.32321,99.86369,342.81,0.42,0.37,2026-09-10,0640,N,nominal,2.0NRT,295.08,5.25,D
13.79516,100.14509,332.97,0.41,0.37,2026-09-10,0640,N,nominal,2.0NRT,292.01,3.78,D
21.74492,83.84295,340.64,0.34,0.56,2026-09-10,0824,N,nominal,2.0NRT,285.48,3.79,D
21.75016,83.84244,357.41,0.34,0.56,2026-09-10,0824,N,nominal,2.0NRT,286.1,10.37,D
21.80279,83.89226,329.17,0.35,0.57,2026-09-10,0824,N,nominal,2.0NRT,284.55,2.34,D
21.10355,72.64788,337.26,0.41,0.37,2026-09-10,0824,N,low,2.0NRT,304.42,6.53,D
21.10157,72.63602,344.18,0.41,0.37,2026-09-10,0824,N,nominal,2.0NRT,304.57,16.7,D
21.10696,72.64724,348.07,0.41,0.37,2026-09-10,0824,N,nominal,2.0NRT,305.53,6.53,D
23.75989,86.40087,329.67,0.53,0.67,2026-09-10,0824,N,nominal,2.0NRT,286.63,6.03,D
23.80455,86.32764,330.42,0.52,0.67,2026-09-10,0824,N,nominal,2.0NRT,286.03,3.46,D
23.80222,86.32877,333.14,0.52,0.67,2026-09-10,0824,N,nominal,2.0NRT,286.42,4.63,D
23.10672,72.22006,332.7,0.41,0.37,2026-09-10,0826,N,low,2.0NRT,305.1,2.57,D
22.92957,70.10769,338.96,0.5,0.41,2026-09-10,0826,N,nominal,2.0NRT,306.49,7.09,D
25.61475,75.90067,339.91,0.42,0.38,2026-09-10,0826,N,nominal,2.0NRT,300.69,2.98,D
24.61386,67.5853,344.52,0.43,0.46,2026-09-10,0826,N,nominal,2.0NRT,304.34,7.3,D
25.78353,73.69852,336.77,0.38,0.36,2026-09-10,0826,N,nominal,2.0NRT,305.99,2.65,D
26.07044,74.30474,332.86,0.39,0.36,2026-09-10,0826,N,low,2.0NRT,305.89,1.79,D
24.94963,67.60632,344.28,0.42,0.45,2026-09-10,0826,N,nominal,2.0NRT,308.79,3.83,D
24.95052,67.60635,344.64,0.42,0.45,2026-09-10,0826,N,nominal,2.0NRT,308.31,4.02,D
25.74005,65.43872,337.89,0.55,0.51,2026-09-10,0826,N,low,2.0NRT,309.65,7.93,D
25.73889,65.43331,344.98,0.55,0.51,2026-09-10,0826,N,nominal,2.0NRT,309.83,8.45,D
28.03975,75.82047,335.44,0.44,0.38,2026-09-10,0826,N,nominal,2.0NRT,306.52,2.28,D
28.77153,71.01676,346.77,0.4,0.37,2026-09-10,0826,N,nominal,2.0NRT,309.92,8.4,D
29.7994,72.815,333.61,0.38,0.36,2026-09-10,0826,N,nominal,2.0NRT,306.13,1.64,D
29.89805,72.95081,334.93,0.39,0.36,2026-09-10,0826,N,nominal,2.0NRT,303.88,1.75,D
30.68111,73.57111,347.27,0.4,0.37,2026-09-10,0828,N,nominal,2.0NRT,305.69,19.49,D
30.68053,73.567,330.34,0.4,0.37,2026-09-10,0828,N,low,2.0NRT,300.76,2.9,D
30.68446,73.57047,342.38,0.4,0.37,2026-09-10,0828,N,nominal,2.0NRT,299.15,5.8,D
30.72232,73.71585,333.75,0.4,0.37,2026-09-10,0828,N,nominal,2.0NRT,300.29,3.1,D
31.12557,74.68327,332.7,0.42,0.38,2026-09-10,0828,N,nominal,2.0NRT,304.31,2.01,D
31.13243,74.62755,345.78,0.42,0.38,2026-09-10,0828,N,nominal,2.0NRT,300.28,6.93,D
31.3569,75.92867,330.03,0.47,0.4,2026-09-10,0828,N,nominal,2.0NRT,298.91,2.8,D
31.41759,75.8811,338.02,0.47,0.4,2026-09-10,0828,N,nominal,2.0NRT,299.78,7.11,D
27.75516,57.068,338.77,0.76,0.77,2026-09-10,0828,N,nominal,2.0NRT,301.75,5.63,D
31.53902,74.82557,336.36,0.43,0.38,2026-09-10,0828,N,nominal,2.0NRT,303.77,3.68,D
31.40409,73.5051,332.52,0.4,0.37,2026-09-10,0828,N,low,2.0NRT,302.92,2.73,D
31.56346,74.60093,335.37,0.42,0.38,2026-09-10,0828,N,nominal,2.0NRT,302.63,4.09,D
31.62473,75.01824,346.08,0.44,0.38,2026-09-10,0828,N,nominal,2.0NRT,301.81,7.26,D
31.6471,75.02378,338.54,0.44,0.38,2026-09-10,0828,N,nominal,2.0NRT,301.85,5.25,D
31.76258,74.94447,336.14,0.44,0.38,2026-09-10,0828,N,nominal,2.0NRT,300.54,3.39,D
31.73356,74.64149,332.83,0.43,0.38,2026-09-10,0828,N,nominal,2.0NRT,299.69,2.77,D
31.62693,72.4276,336.32,0.39,0.36,2026-09-10,0828,N,nominal,2.0NRT,305.2,3.76,D
31.63024,72.42693,332.05,0.39,0.36,2026-09-10,0828,N,low,2.0NRT,302.37,3.76,D
32.62136,71.96693,337.69,0.38,0.36,2026-09-10,0828,N,nominal,2.0NRT,304.54,4,D
32.8899,71.61734,331.02,0.38,0.36,2026-09-10,0828,N,low,2.0NRT,304.96,1.94,D
37.03304,62.41819,335.54,0.47,0.47,2026-09-10,0830,N,low,2.0NRT,308.24,4.69,D
36.15253,58.69905,337.59,0.38,0.59,2026-09-10,0830,N,nominal,2.0NRT,305.64,3.06,D
36.15142,58.69486,340.21,0.38,0.59,2026-09-10,0830,N,nominal,2.0NRT,306.8,2.87,D
39.42706,67.20564,339.3,0.41,0.37,2026-09-10,0830,N,nominal,2.0NRT,304.69,2.56,D
18.01122,54.57195,344.42,0.53,0.42,2026-09-10,1004,N,nominal,2.0NRT,310.12,5.66,D
18.32369,55.10829,338.63,0.38,0.43,2026-09-10,1004,N,low,2.0NRT,309.59,0.85,D
18.32322,55.10464,339.46,0.38,0.43,2026-09-10,1004,N,nominal,2.0NRT,309.36,1,D
19.26598,56.1746,345.19,0.46,0.47,2026-09-10,1006,N,nominal,2.0NRT,310.55,2.83,D
20.21288,55.71036,339.17,0.44,0.46,2026-09-10,1006,N,low,2.0NRT,310.69,2.02,D
20.22555,55.74319,338.67,0.44,0.46,2026-09-10,1006,N,low,2.0NRT,310.48,1.05,D
20.3864,55.66254,344.12,0.44,0.46,2026-09-10,1006,N,nominal,2.0NRT,312.04,3.52,D
21.00123,56.53047,340.64,0.51,0.49,2026-09-10,1006,N,low,2.0NRT,311.35,0.85,D
21.31237,57.74619,340.7,0.61,0.54,2026-09-10,1006,N,low,2.0NRT,311.27,4.12,D
21.31264,57.74505,342.47,0.61,0.54,2026-09-10,1006,N,nominal,2.0NRT,311.53,2.13,D
21.83406,56.68103,346.14,0.53,0.5,2026-09-10,1006,N,nominal,2.0NRT,314.26,1.46,D
21.89184,56.84597,343.01,0.54,0.51,2026-09-10,1006,N,low,2.0NRT,313.2,0.76,D
21.9355,57.07665,345.53,0.56,0.52,2026-09-10,1006,N,nominal,2.0NRT,310.92,2.82,D
22.32706,56.49106,350.09,0.52,0.5,2026-09-10,1006,N,nominal,2.0NRT,315.26,2.75,D
22.40523,56.9886,343.65,0.56,0.52,2026-09-10,1006,N,nominal,2.0NRT,312.11,3.02,D
22.44256,56.70149,345.22,0.54,0.51,2026-09-10,1006,N,low,2.0NRT,315.47,17.53,D
22.52506,54.05244,350.81,0.56,0.43,2026-09-10,1006,N,low,2.0NRT,321.93,25.85,D
22.87742,55.9313,346.89,0.49,0.49,2026-09-10,1006,N,low,2.0NRT,317.12,2.21,D
22.87689,55.92648,354.85,0.49,0.49,2026-09-10,1006,N,nominal,2.0NRT,319.44,5.76,D
22.87387,55.61645,348.52,0.47,0.48,2026-09-10,1006,N,low,2.0NRT,320.68,4.08,D
22.92673,55.80394,348.07,0.48,0.48,2026-09-10,1006,N,low,2.0NRT,319.18,1.96,D
22.92521,55.80592,348.4,0.48,0.48,2026-09-10,1006,N,low,2.0NRT,319.63,3.33,D
23.18991,55.46027,348.47,0.46,0.47,2026-09-10,1006,N,low,2.0NRT,321.05,11.33,D
24.06384,54.32079,344.33,0.41,0.45,2026-09-10,1006,N,low,2.0NRT,316.85,5.01,D
24.20867,54.14738,345.19,0.4,0.44,2026-09-10,1006,N,nominal,2.0NRT,315.81,8.1,D
24.2082,54.14344,343.08,0.4,0.44,2026-09-10,1006,N,nominal,2.0NRT,311.98,3.28,D
27.11055,56.93203,336.25,0.32,0.54,2026-09-10,1009,N,low,2.0NRT,308.8,0.52,D
27.15963,56.10035,343.6,0.57,0.52,2026-09-10,1009,N,nominal,2.0NRT,305.43,15.48,D
27.16923,56.09919,337.41,0.57,0.52,2026-09-10,1009,N,nominal,2.0NRT,306.27,14.84,D
27.17012,56.05816,341.9,0.56,0.52,2026-09-10,1009,N,nominal,2.0NRT,305.85,14.79,D
27.46042,56.72812,335.52,0.62,0.54,2026-09-10,1009,N,nominal,2.0NRT,304.8,3.7,D
29.98993,55.85427,345.05,0.59,0.53,2026-09-10,1009,N,nominal,2.0NRT,317.45,17.69,D
30.07905,55.39631,346.41,0.56,0.51,2026-09-10,1009,N,low,2.0NRT,320.99,17.37,D
39.86086,98.25137,297.52,0.4,0.44,2026-09-10,1908,N,nominal,2.0NRT,283.5,0.85,N
39.84363,98.25808,295.38,0.4,0.44,2026-09-10,1908,N,nominal,2.0NRT,283.63,0.37,N
39.82055,98.2826,295.03,0.4,0.44,2026-09-10,1908,N,nominal,2.0NRT,283.96,0.99,N
39.82053,98.2402,295.79,0.4,0.44,2026-09-10,1908,N,nominal,2.0NRT,282.99,0.8,N
39.82153,98.24245,300.28,0.4,0.44,2026-09-10,1908,N,nominal,2.0NRT,284.18,0.59,N
39.81224,98.29268,297.41,0.4,0.44,2026-09-10,1908,N,nominal,2.0NRT,285.73,0.93,N
39.79099,98.29854,307.16,0.39,0.44,2026-09-10,1908,N,nominal,2.0NRT,284.68,1.01,N
21.77541,97.03255,311.87,0.44,0.38,2026-09-10,1910,N,nominal,2.0NRT,289.12,1.85,N
20.47428,100.11906,322.9,0.39,0.36,2026-09-10,1910,N,nominal,2.0NRT,290.14,2.6,N
30.07032,96.97918,298.34,0.53,0.42,2026-09-10,1910,N,nominal,2.0NRT,286.18,1.14,N
27.60698,95.40187,306.35,0.4,0.44,2026-09-10,1910,N,nominal,2.0NRT,290.62,1.92,N
27.46212,95.47769,305.97,0.4,0.44,2026-09-10,1910,N,nominal,2.0NRT,288.92,0.51,N
27.31865,95.26725,314.82,0.41,0.45,2026-09-10,1910,N,nominal,2.0NRT,282.7,1.4,N
25.54185,91.23533,298.11,0.34,0.56,2026-09-10,1913,N,nominal,2.0NRT,280.77,0.46,N
24.40813,97.77291,297.93,0.43,0.38,2026-09-10,1913,N,nominal,2.0NRT,287.71,0.6,N
19.93596,73.71201,330.68,0.38,0.36,2026-09-10,2053,N,nominal,2.0NRT,280.67,3.98,N
19.57193,71.36428,320.24,0.43,0.38,2026-09-10,2053,N,nominal,2.0NRT,292.68,3.3,N
19.52787,71.29878,311.15,0.43,0.38,2026-09-10,2053,N,nominal,2.0NRT,293.79,2.6,N
19.41766,71.39006,320.2,0.43,0.38,2026-09-10,2053,N,nominal,2.0NRT,292.66,2.82,N
19.36955,71.35328,316.5,0.43,0.38,2026-09-10,2053,N,nominal,2.0NRT,292.03,2.85,N
18.80503,74.26031,309.43,0.39,0.36,2026-09-10,2053,N,nominal,2.0NRT,291.28,0.97,N
18.68038,73.03343,304.73,0.39,0.36,2026-09-10,2053,N,nominal,2.0NRT,291.97,0.53,N
15.33521,76.28432,305.33,0.47,0.4,2026-09-10,2055,N,nominal,2.0NRT,290.32,0.93,N
15.16912,76.37991,307.17,0.48,0.4,2026-09-10,2055,N,nominal,2.0NRT,290.68,2.33,N
15.57361,73.74066,313.66,0.39,0.36,2026-09-10,2055,N,nominal,2.0NRT,281.25,0.97,N
39.64935,75.89816,301.87,0.44,0.39,2026-09-10,2049,N,nominal,2.0NRT,287.19,1.13,N
38.65829,76.17191,309.67,0.43,0.38,2026-09-10,2049,N,nominal,2.0NRT,286.94,1.36,N
38.6577,76.17017,310.08,0.43,0.38,2026-09-10,2049,N,nominal,2.0NRT,286.02,1.6,N
39.16542,63.25778,299.03,0.63,0.72,2026-09-10,2051,N,nominal,2.0NRT,287.25,1.02,N
37.81734,77.45918,298.71,0.39,0.36,2026-09-10,2051,N,nominal,2.0NRT,288.39,0.58,N
37.14232,79.49729,302.61,0.39,0.36,2026-09-10,2051,N,nominal,2.0NRT,286.86,0.95,N
36.99753,80.1908,299.43,0.4,0.37,2026-09-10,2051,N,nominal,2.0NRT,287.05,1.21,N
38.05103,67.26084,345.8,0.38,0.58,2026-09-10,2051,N,nominal,2.0NRT,288.52,8.88,N
38.05079,67.26508,356.75,0.38,0.58,2026-09-10,2051,N,nominal,2.0NRT,290.46,8.88,N
37.79626,62.54843,301.93,0.67,0.74,2026-09-10,2051,N,nominal,2.0NRT,287.48,1.52,N
37.79082,62.53595,297.8,0.67,0.74,2026-09-10,2051,N,nominal,2.0NRT,287.37,1.04,N
37.65859,62.24043,298.06,0.7,0.75,2026-09-10,2051,N,nominal,2.0NRT,286.82,0.78,N
37.50663,61.73962,303.62,0.74,0.76,2026-09-10,2051,N,nominal,2.0NRT,286.58,0.77,N
37.4982,61.8445,302.74,0.73,0.76,2026-09-10,2051,N,nominal,2.0NRT,287.38,1.29,N
37.50422,61.74271,298.09,0.74,0.76,2026-09-10,2051,N,nominal,2.0NRT,286.19,1.87,N
37.42337,62.30909,301.14,0.69,0.74,2026-09-10,2051,N,nominal,2.0NRT,286.17,0.57,N
37.12069,62.35644,312.15,0.68,0.74,2026-09-10,2051,N,nominal,2.0NRT,287.08,6.3,N
37.03615,62.40956,300.02,0.68,0.74,2026-09-10,2051,N,nominal,2.0NRT,286.83,3.7,N
37.03009,62.41553,301.66,0.68,0.74,2026-09-10,2051,N,nominal,2.0NRT,287.27,1.45,N
33.69003,72.71127,307.82,0.52,0.41,2026-09-10,2051,N,nominal,2.0NRT,296.36,1.58,N
33.26874,71.30938,320.7,0.4,0.44,2026-09-10,2051,N,nominal,2.0NRT,294.41,0.93,N
32.71613,72.77508,306.74,0.5,0.41,2026-09-10,2051,N,nominal,2.0NRT,295.06,0.99,N
32.57674,72.56385,311.66,0.51,0.41,2026-09-10,2051,N,nominal,2.0NRT,296.73,2.56,N
31.32711,76.89539,305.23,0.38,0.36,2026-09-10,2051,N,nominal,2.0NRT,291.18,0.67,N
31.25028,76.92976,306.25,0.38,0.36,2026-09-10,2051,N,nominal,2.0NRT,290.73,0.53,N
31.61421,74.37569,311.5,0.42,0.38,2026-09-10,2051,N,nominal,2.0NRT,296.76,1.47,N
29.47655,76.85686,309.82,0.39,0.36,2026-09-10,2053,N,nominal,2.0NRT,296.09,1.21,N
28.83644,77.14004,308.99,0.39,0.36,2026-09-10,2053,N,nominal,2.0NRT,294.18,2.12,N
28.72888,77.15527,309.68,0.39,0.36,2026-09-10,2053,N,nominal,2.0NRT,294.61,0.78,N
28.77258,76.70015,312.8,0.39,0.36,2026-09-10,2053,N,nominal,2.0NRT,295.03,2.26,N
28.37354,77.22604,307.78,0.39,0.36,2026-09-10,2053,N,nominal,2.0NRT,293.71,3.11,N
27.66957,76.12965,308.26,0.38,0.36,2026-09-10,2053,N,nominal,2.0NRT,297.49,0.88,N
27.66895,76.13351,308.11,0.38,0.36,2026-09-10,2053,N,nominal,2.0NRT,297.59,0.88,N
27.66628,76.12898,308.26,0.38,0.36,2026-09-10,2053,N,nominal,2.0NRT,295.96,0.88,N
28.42366,69.70142,315.85,0.43,0.46,2026-09-10,2053,N,nominal,2.0NRT,297.28,1.87,N
27.28744,73.8385,309.07,0.41,0.37,2026-09-10,2053,N,nominal,2.0NRT,297.07,1.43,N
26.926,73.46916,308.33,0.42,0.37,2026-09-10,2053,N,nominal,2.0NRT,296.68,1.04,N
26.87709,73.51604,309.82,0.41,0.37,2026-09-10,2053,N,nominal,2.0NRT,296.6,1.48,N
26.87366,73.51543,308.26,0.41,0.37,2026-09-10,2053,N,nominal,2.0NRT,296.65,0.82,N
26.60533,73.68541,309.06,0.41,0.37,2026-09-10,2053,N,nominal,2.0NRT,297.89,0.55,N
26.29624,74.1245,306.91,0.4,0.37,2026-09-10,2053,N,nominal,2.0NRT,295.86,0.96,N
26.25889,74.09734,312.07,0.4,0.37,2026-09-10,2053,N,nominal,2.0NRT,297.38,0.86,N
25.78426,73.6976,309.18,0.4,0.37,2026-09-10,2053,N,nominal,2.0NRT,295.99,1.1,N
24.93236,74.63454,314.43,0.39,0.36,2026-09-10,2053,N,nominal,2.0NRT,295.74,1.16,N
24.76389,74.60896,320.46,0.39,0.36,2026-09-10,2053,N,nominal,2.0NRT,297.23,2.49,N
24.6917,74.68143,306.75,0.39,0.36,2026-09-10,2053,N,nominal,2.0NRT,295.18,1.21,N
24.57784,74.80502,305.14,0.38,0.36,2026-09-10,2053,N,nominal,2.0NRT,291.46,0.49,N
24.8193,73.09328,306.93,0.41,0.37,2026-09-10,2053,N,nominal,2.0NRT,293.59,1.07,N
25.38889,68.58051,319.87,0.46,0.47,2026-09-10,2053,N,nominal,2.0NRT,295.4,1.91,N
24.65848,73.87827,306.98,0.39,0.36,2026-09-10,2053,N,nominal,2.0NRT,295.98,1.02,N
24.6893,73.00108,305.46,0.41,0.37,2026-09-10,2053,N,nominal,2.0NRT,294.36,1.13,N
24.99137,66.92955,304.72,0.57,0.52,2026-09-10,2053,N,nominal,2.0NRT,294.11,0.83,N
20.96593,86.01443,305.09,0.49,0.65,2026-09-10,2053,N,nominal,2.0NRT,265.86,1.97,N
20.97001,86.01376,311.77,0.49,0.65,2026-09-10,2053,N,nominal,2.0NRT,264.77,2,N
22.85678,71.53668,309.02,0.45,0.39,2026-09-10,2055,N,nominal,2.0NRT,294.71,0.66,N
22.93341,69.69515,312.82,0.56,0.43,2026-09-10,2055,N,nominal,2.0NRT,294.57,2.36,N
22.93274,69.70058,313.09,0.55,0.43,2026-09-10,2055,N,nominal,2.0NRT,294.77,2.53,N
22.93421,69.69978,312.72,0.55,0.43,2026-09-10,2055,N,nominal,2.0NRT,294.76,4.31,N
22.90592,69.70102,306.49,0.55,0.43,2026-09-10,2055,N,nominal,2.0NRT,294.15,2.16,N
22.65436,70.98223,306.36,0.47,0.4,2026-09-10,2055,N,nominal,2.0NRT,293.47,1.6,N
22.33524,69.86731,306.78,0.53,0.42,2026-09-10,2055,N,nominal,2.0NRT,295.53,3.02,N
22.41582,69.04021,311.69,0.4,0.44,2026-09-10,2055,N,nominal,2.0NRT,294.15,2.07,N
21.6993,72.54128,309.73,0.41,0.37,2026-09-10,2055,N,nominal,2.0NRT,290.73,0.8,N
21.6959,72.5407,314.76,0.41,0.37,2026-09-10,2055,N,nominal,2.0NRT,290.7,0.8,N
21.10481,72.64471,306.44,0.4,0.37,2026-09-10,2055,N,nominal,2.0NRT,251.85,0.82,N
21.10259,72.63643,306.8,0.4,0.37,2026-09-10,2055,N,nominal,2.0NRT,243.1,0.76,N
39.50844,54.32849,303.92,0.38,0.36,2026-09-10,2229,N,nominal,2.0NRT,289.82,0.58,N
37.98986,61.88249,295.58,0.48,0.48,2026-09-10,2229,N,nominal,2.0NRT,278.77,0.81,N
37.98429,61.88625,297.85,0.48,0.48,2026-09-10,2229,N,nominal,2.0NRT,280.97,0.62,N
37.79813,62.54984,312.73,0.53,0.5,2026-09-10,2229,N,nominal,2.0NRT,288.55,2.02,N
37.79058,62.54055,298.67,0.53,0.5,2026-09-10,2229,N,nominal,2.0NRT,287.88,0.68,N
37.7861,62.53885,301.62,0.53,0.5,2026-09-10,2229,N,nominal,2.0NRT,287.59,1.36,N
35.96773,68.68616,298.45,0.61,0.71,2026-09-10,2229,N,nominal,2.0NRT,288.04,1.14,N
37.67035,62.2358,302.7,0.51,0.5,2026-09-10,2229,N,nominal,2.0NRT,286.58,0.98,N
37.66015,62.23813,299.7,0.51,0.5,2026-09-10,2229,N,nominal,2.0NRT,286.53,0.61,N
37.63901,62.20547,300.55,0.51,0.5,2026-09-10,2229,N,nominal,2.0NRT,286.45,0.91,N
37.62745,62.21342,300.12,0.51,0.5,2026-09-10,2229,N,nominal,2.0NRT,288.5,0.8,N
37.62812,62.17054,300.34,0.51,0.49,2026-09-10,2229,N,nominal,2.0NRT,287.12,1.1,N
37.63889,62.20317,298.3,0.51,0.5,2026-09-10,2229,N,nominal,2.0NRT,286.45,0.81,N
37.62784,62.16811,299.31,0.51,0.49,2026-09-10,2229,N,nominal,2.0NRT,287.14,0.91,N
37.61988,62.14056,301.06,0.51,0.49,2026-09-10,2229,N,nominal,2.0NRT,286.16,1.05,N
37.61248,61.57503,297.83,0.48,0.48,2026-09-10,2229,N,nominal,2.0NRT,279.91,1.06,N
37.42566,62.30934,306.61,0.52,0.5,2026-09-10,2229,N,nominal,2.0NRT,287.34,1.32,N
37.59776,61.55821,297.59,0.48,0.48,2026-09-10,2229,N,nominal,2.0NRT,278.45,1.93,N
37.59529,61.52883,300.72,0.47,0.48,2026-09-10,2229,N,nominal,2.0NRT,287.03,1.55,N
37.59101,61.52726,300.3,0.47,0.48,2026-09-10,2229,N,nominal,2.0NRT,284.73,1.47,N
38.25615,58.39038,305.72,0.49,0.4,2026-09-10,2229,N,nominal,2.0NRT,291.17,1.53,N
37.4972,61.84706,310.3,0.49,0.49,2026-09-10,2229,N,nominal,2.0NRT,281.66,1.98,N
37.49956,61.84698,304.56,0.5,0.49,2026-09-10,2229,N,nominal,2.0NRT,281.63,1.21,N
37.49829,61.85248,295.61,0.5,0.49,2026-09-10,2229,N,nominal,2.0NRT,279.96,1.21,N
38.18267,57.98271,302.96,0.48,0.4,2026-09-10,2229,N,nominal,2.0NRT,288.74,1.46,N
38.17907,57.98155,300.05,0.48,0.4,2026-09-10,2229,N,nominal,2.0NRT,288.99,1.13,N
37.50219,61.02795,299.8,0.45,0.47,2026-09-10,2229,N,nominal,2.0NRT,287.28,0.83,N
37.63446,60.33913,300.81,0.41,0.45,2026-09-10,2229,N,nominal,2.0NRT,286.53,0.86,N
37.11861,62.36209,320.82,0.54,0.51,2026-09-10,2229,N,nominal,2.0NRT,289.58,7.37,N
37.11721,62.36799,300.05,0.54,0.51,2026-09-10,2229,N,nominal,2.0NRT,288.45,1.91,N
37.1127,62.36628,299.58,0.54,0.51,2026-09-10,2229,N,nominal,2.0NRT,288.82,1.91,N
37.94115,58.56364,302.71,0.51,0.41,2026-09-10,2229,N,nominal,2.0NRT,285.92,1.05,N
38.68258,54.31568,298.64,0.39,0.36,2026-09-10,2229,N,nominal,2.0NRT,288.42,0.59,N
38.67929,54.31481,298.82,0.39,0.36,2026-09-10,2229,N,nominal,2.0NRT,284.86,0.53,N
37.48806,60.45885,299.03,0.42,0.45,2026-09-10,2229,N,nominal,2.0NRT,287.38,0.53,N
37.03085,62.41934,309.41,0.54,0.51,2026-09-10,2229,N,nominal,2.0NRT,289.43,4.86,N
37.03361,62.42022,311.78,0.54,0.51,2026-09-10,2229,N,nominal,2.0NRT,289.49,4.2,N
37.32869,61.09684,296.05,0.46,0.47,2026-09-10,2229,N,nominal,2.0NRT,283.01,1.49,N
37.21966,60.02271,302.19,0.41,0.45,2026-09-10,2229,N,nominal,2.0NRT,289.24,0.4,N
36.99266,56.23348,305.61,0.43,0.38,2026-09-10,2229,N,nominal,2.0NRT,286.37,0.84,N
36.27215,59.65043,302.85,0.41,0.45,2026-09-10,2229,N,nominal,2.0NRT,287.54,0.52,N
36.33761,58.66491,299.33,0.55,0.42,2026-09-10,2229,N,nominal,2.0NRT,287.47,0.78,N
35.14708,60.94846,300.83,0.5,0.49,2026-09-10,2229,N,nominal,2.0NRT,286.65,0.63,N
36.29811,54.78984,300.07,0.4,0.37,2026-09-10,2229,N,nominal,2.0NRT,288.17,0.34,N
36.32311,54.18824,298.52,0.39,0.36,2026-09-10,2229,N,nominal,2.0NRT,285.24,0.49,N
33.04006,56.85148,306.52,0.51,0.41,2026-09-10,2231,N,nominal,2.0NRT,295.22,2.09,N
32.33628,54.08761,308.57,0.41,0.37,2026-09-10,2231,N,nominal,2.0NRT,291.74,0.89,N
32.00579,54.26644,305.15,0.42,0.38,2026-09-10,2231,N,nominal,2.0NRT,293.12,1.43,N
32.00238,54.26559,323.31,0.42,0.38,2026-09-10,2231,N,nominal,2.0NRT,293.54,1.91,N
32.00317,54.26117,313.92,0.42,0.38,2026-09-10,2231,N,nominal,2.0NRT,292.44,1.91,N
31.94201,54.04559,331.52,0.41,0.37,2026-09-10,2231,N,nominal,2.0NRT,296.3,3.09,N
31.93862,54.04474,313.57,0.41,0.37,2026-09-10,2231,N,nominal,2.0NRT,294.77,3.09,N
31.93992,54.04271,328.65,0.41,0.37,2026-09-10,2231,N,nominal,2.0NRT,295.66,4.42,N
31.93916,54.04706,329.5,0.41,0.37,2026-09-10,2231,N,nominal,2.0NRT,295.04,2.58,N
39.18082,65.31436,300.6,0.34,0.56,2026-09-10,2229,N,nominal,2.0NRT,289.58,0.44,N
39.30374,62.97342,301.08,0.51,0.5,2026-09-10,2229,N,nominal,2.0NRT,289.94,0.91,N
31.85073,54.28521,312.66,0.42,0.38,2026-09-10,2231,N,nominal,2.0NRT,296.93,1.3,N
39.16719,63.25463,302.4,0.53,0.5,2026-09-10,2229,N,nominal,2.0NRT,289.6,1.09,N
39.16571,63.26065,307.04,0.53,0.5,2026-09-10,2229,N,nominal,2.0NRT,289.65,1.09,N
39.16847,63.25498,303.18,0.53,0.5,2026-09-10,2229,N,nominal,2.0NRT,289.7,1.41,N
39.16254,63.2592,299.96,0.53,0.5,2026-09-10,2229,N,nominal,2.0NRT,289.03,1.63,N
38.45558,65.807,307.86,0.38,0.58,2026-09-10,2229,N,nominal,2.0NRT,290.85,0.91,N
38.66718,64.77963,303.13,0.33,0.55,2026-09-10,2229,N,nominal,2.0NRT,289.72,0.47,N
31.6214,54.72667,312.22,0.44,0.38,2026-09-10,2231,N,nominal,2.0NRT,294,1.69,N
30.76084,56.6608,307.79,0.55,0.43,2026-09-10,2231,N,nominal,2.0NRT,291.1,2.07,N
30.79331,56.47654,301.34,0.54,0.42,2026-09-10,2231,N,nominal,2.0NRT,285.62,0.64,N
30.75698,56.65984,302.93,0.55,0.43,2026-09-10,2231,N,nominal,2.0NRT,292.52,2.96,N
30.66661,56.62284,304.58,0.55,0.42,2026-09-10,2231,N,nominal,2.0NRT,289.78,0.96,N
30.73536,55.38823,314.04,0.48,0.4,2026-09-10,2231,N,nominal,2.0NRT,292.05,1.28,N
30.36973,57.12111,301.3,0.39,0.44,2026-09-10,2231,N,nominal,2.0NRT,288.67,0.67,N
30.36852,57.12213,299.2,0.39,0.44,2026-09-10,2231,N,nominal,2.0NRT,288.73,0.49,N
29.47686,60.80792,306.42,0.33,0.55,2026-09-10,2231,N,nominal,2.0NRT,291.21,0.8,N
30.23588,56.90819,322.1,0.38,0.43,2026-09-10,2231,N,nominal,2.0NRT,292.99,2.6,N
30.36807,56.12959,311.55,0.52,0.42,2026-09-10,2231,N,nominal,2.0NRT,289.9,1.13,N
30.32505,56.22564,306.96,0.53,0.42,2026-09-10,2231,N,nominal,2.0NRT,290.12,1.27,N
30.32705,56.22483,301.9,0.53,0.42,2026-09-10,2231,N,nominal,2.0NRT,289.88,1.48,N
30.38083,55.86526,299.53,0.51,0.41,2026-09-10,2231,N,nominal,2.0NRT,289.43,1.03,N
30.21732,55.98372,300.85,0.52,0.41,2026-09-10,2231,N,nominal,2.0NRT,290.11,1.24,N
29.95059,56.73318,303.15,0.57,0.43,2026-09-10,2231,N,nominal,2.0NRT,287.64,1.95,N
30.08416,55.40096,305.79,0.49,0.4,2026-09-10,2231,N,nominal,2.0NRT,287.46,1.42,N
29.99173,55.85682,325.34,0.52,0.41,2026-09-10,2231,N,nominal,2.0NRT,286.92,5.66,N
30.08146,55.39506,302.29,0.49,0.4,2026-09-10,2231,N,nominal,2.0NRT,290.66,1.68,N
30.0805,55.40005,314,0.49,0.4,2026-09-10,2231,N,nominal,2.0NRT,288.82,1.68,N
29.98798,55.85588,330.64,0.52,0.41,2026-09-10,2231,N,nominal,2.0NRT,287.64,5.66,N
30.0778,55.39416,311.51,0.49,0.4,2026-09-10,2231,N,nominal,2.0NRT,290.53,1.68,N
30.00217,55.19703,295.97,0.48,0.4,2026-09-10,2231,N,nominal,2.0NRT,285.59,0.93,N
29.99492,55.1952,298.82,0.48,0.4,2026-09-10,2231,N,nominal,2.0NRT,286.48,0.95,N
29.70312,55.53232,299.27,0.5,0.41,2026-09-10,2231,N,nominal,2.0NRT,287.43,1.32,N
29.69942,55.53141,310.17,0.5,0.41,2026-09-10,2231,N,nominal,2.0NRT,287.99,1.32,N
29.70296,55.53082,305.22,0.5,0.41,2026-09-10,2231,N,nominal,2.0NRT,287.65,0.95,N
29.69925,55.52991,301.42,0.5,0.41,2026-09-10,2231,N,nominal,2.0NRT,287.28,0.95,N
29.51493,55.79736,300.76,0.52,0.42,2026-09-10,2231,N,nominal,2.0NRT,288.24,0.81,N
29.15225,55.36767,305.34,0.5,0.41,2026-09-10,2231,N,nominal,2.0NRT,288.45,1.75,N
29.13451,55.37922,303.55,0.5,0.41,2026-09-10,2231,N,nominal,2.0NRT,290.63,1.61,N
29.20153,54.48431,303.41,0.46,0.39,2026-09-10,2231,N,nominal,2.0NRT,287.51,1.25,N
29.17322,54.61712,318.19,0.47,0.39,2026-09-10,2231,N,nominal,2.0NRT,292.61,1.37,N
29.16965,54.61621,302.03,0.47,0.39,2026-09-10,2231,N,nominal,2.0NRT,290.57,1.37,N
27.22724,60.48923,308.69,0.35,0.57,2026-09-10,2231,N,nominal,2.0NRT,296.75,1.75,N
27.37787,57.24083,331.71,0.45,0.47,2026-09-10,2233,N,nominal,2.0NRT,298.81,2.1,N
27.37563,57.24279,332.81,0.45,0.47,2026-09-10,2233,N,nominal,2.0NRT,298.9,3.36,N
27.42343,56.50154,312.77,0.41,0.45,2026-09-10,2233,N,nominal,2.0NRT,299.8,2.88,N
27.16876,56.09739,317.23,0.39,0.44,2026-09-10,2233,N,nominal,2.0NRT,301.54,1.65,N
27.15921,56.10326,323.08,0.39,0.44,2026-09-10,2233,N,nominal,2.0NRT,301.08,1.45,N
26.95678,55.54334,313.05,0.55,0.43,2026-09-10,2233,N,nominal,2.0NRT,302.12,1.71,N
25.97254,56.06851,316.27,0.41,0.45,2026-09-10,2233,N,nominal,2.0NRT,302.74,2.14,N
25.96846,56.06751,316.95,0.41,0.45,2026-09-10,2233,N,nominal,2.0NRT,304.15,1.44,N
25.90238,54.53107,315.36,0.51,0.41,2026-09-10,2233,N,nominal,2.0NRT,302.02,0.56,N
25.55663,55.98403,313.46,0.41,0.45,2026-09-10,2233,N,nominal,2.0NRT,300.89,1.38,N
25.30843,56.37447,317.35,0.44,0.46,2026-09-10,2233,N,nominal,2.0NRT,301.06,0.86,N
25.29691,55.6189,312.35,0.4,0.44,2026-09-10,2233,N,nominal,2.0NRT,302.19,1.41,N
25.06169,55.11964,313.52,0.57,0.43,2026-09-10,2233,N,nominal,2.0NRT,301.35,1.25,N
24.50439,56.60662,339.36,0.47,0.48,2026-09-10,2233,N,nominal,2.0NRT,305.85,5.65,N
24.50722,56.59288,314.12,0.47,0.48,2026-09-10,2233,N,nominal,2.0NRT,303.91,1.54,N
24.47175,56.63235,311.74,0.47,0.48,2026-09-10,2233,N,nominal,2.0NRT,301.21,1.28,N
24.46549,56.6405,312.42,0.47,0.48,2026-09-10,2233,N,nominal,2.0NRT,302.07,0.81,N
24.45614,56.55386,313.08,0.47,0.48,2026-09-10,2233,N,nominal,2.0NRT,302.65,1.53,N
24.5105,54.01869,343.43,0.51,0.41,2026-09-10,2233,N,nominal,2.0NRT,304.8,11.09,N
23.19443,55.45856,313.65,0.42,0.46,2026-09-10,2233,N,nominal,2.0NRT,299.79,1.74,N
23.19028,55.4576,339.32,0.42,0.46,2026-09-10,2233,N,nominal,2.0NRT,301.45,5.48,N
23.31048,54.18042,332.6,0.54,0.42,2026-09-10,2233,N,nominal,2.0NRT,300.36,4.49,N
23.31148,54.17522,317.07,0.54,0.42,2026-09-10,2233,N,nominal,2.0NRT,300.18,5.55,N
22.87756,55.92717,317.12,0.46,0.47,2026-09-10,2233,N,nominal,2.0NRT,300.31,2.25,N
22.87553,55.61605,310.84,0.44,0.46,2026-09-10,2233,N,nominal,2.0NRT,298.53,1,N
22.78244,55.81524,310.08,0.45,0.47,2026-09-10,2233,N,nominal,2.0NRT,299.87,1.57,N
22.67175,56.25042,313.02,0.48,0.48,2026-09-10,2233,N,nominal,2.0NRT,298.8,1.06,N
22.40622,56.98904,328.35,0.54,0.51,2026-09-10,2233,N,nominal,2.0NRT,297.3,3.17,N
22.40457,56.98745,324.46,0.54,0.51,2026-09-10,2233,N,nominal,2.0NRT,297.34,3.82,N
22.78451,54.7282,312.9,0.39,0.44,2026-09-10,2233,N,nominal,2.0NRT,299.46,1.04,N
22.33058,56.48978,317.44,0.51,0.49,2026-09-10,2233,N,nominal,2.0NRT,298.11,1.29,N
22.32611,56.48864,329.09,0.51,0.49,2026-09-10,2233,N,nominal,2.0NRT,298.82,2.91,N
21.93607,57.07443,332.66,0.56,0.52,2026-09-10,2233,N,nominal,2.0NRT,296.69,4.4,N
22.52665,54.05309,316.74,0.54,0.42,2026-09-10,2233,N,nominal,2.0NRT,299.62,2.56,N
21.89072,56.84641,321.09,0.54,0.51,2026-09-10,2233,N,nominal,2.0NRT,297.09,2.54,N
21.8933,56.84541,318.61,0.54,0.51,2026-09-10,2233,N,nominal,2.0NRT,297.11,2.51,N
21.83554,56.68008,321.71,0.53,0.5,2026-09-10,2233,N,nominal,2.0NRT,297.29,1.49,N
21.73388,57.09298,311.66,0.57,0.52,2026-09-10,2233,N,nominal,2.0NRT,296.05,0.85,N
21.73451,57.09096,312.69,0.57,0.52,2026-09-10,2233,N,nominal,2.0NRT,296.18,1.07,N
21.7039,56.47006,312,0.52,0.5,2026-09-10,2233,N,nominal,2.0NRT,297.09,1.7,N
21.30244,57.798,315.54,0.32,0.55,2026-09-10,2233,N,nominal,2.0NRT,294.61,3.33,N
21.46328,56.96678,320.71,0.56,0.52,2026-09-10,2233,N,nominal,2.0NRT,295.79,6.11,N
21.46215,56.97219,314,0.57,0.52,2026-09-10,2233,N,nominal,2.0NRT,295.84,5.2,N
20.39019,55.66427,322.23,0.49,0.49,2026-09-10,2233,N,nominal,2.0NRT,297.31,2.33,N
20.38577,55.66327,309.69,0.49,0.49,2026-09-10,2233,N,nominal,2.0NRT,296.81,1.67,N
20.38417,55.64839,323.28,0.49,0.49,2026-09-10,2233,N,nominal,2.0NRT,297.35,2.15,N
20.38792,55.66173,328.12,0.49,0.49,2026-09-10,2233,N,nominal,2.0NRT,297.72,3.4,N
20.38623,55.64679,325.2,0.49,0.49,2026-09-10,2233,N,nominal,2.0NRT,297.49,2.39,N
20.21338,55.71385,323.39,0.5,0.49,2026-09-10,2233,N,nominal,2.0NRT,296.48,1.83,N
19.26882,56.17615,313.2,0.55,0.51,2026-09-10,2235,N,nominal,2.0NRT,296.78,1.84,N
18.3233,55.10792,332.17,0.49,0.49,2026-09-10,2235,N,nominal,2.0NRT,295.33,2.12,N
18.32157,55.10416,330.96,0.49,0.49,2026-09-10,2235,N,nominal,2.0NRT,295.92,2.93,N
18.01624,54.57326,315.86,0.46,0.47,2026-09-10,2235,N,nominal,2.0NRT,297.18,10.28,N
18.01192,54.57234,348.9,0.46,0.47,2026-09-10,2235,N,nominal,2.0NRT,298.66,10.28,N
16.14635,99.68662,339.98,0.46,0.47,2026-09-11,0622,N,nominal,2.0NRT,292.9,5.65,D
16.15066,99.68578,340.82,0.46,0.47,2026-09-11,0622,N,nominal,2.0NRT,291.64,5.6,D
21.99748,100.48255,325.71,0.5,0.41,2026-09-11,0625,N,low,2.0NRT,300.26,3.04,D
21.83177,99.40395,330.15,0.38,0.43,2026-09-11,0625,N,nominal,2.0NRT,294.77,4.58,D
21.83117,99.40068,339.39,0.38,0.43,2026-09-11,0625,N,nominal,2.0NRT,294.62,4.14,D
27.5995,95.3554,328.24,0.52,0.5,2026-09-11,0627,N,low,2.0NRT,299.28,11.23,D
27.59978,95.35804,330.38,0.52,0.5,2026-09-11,0627,N,low,2.0NRT,300.42,8.12,D
27.76703,96.05153,329.29,0.47,0.48,2026-09-11,0627,N,nominal,2.0NRT,294.37,2.21,D
27.92588,96.77444,327.85,0.42,0.45,2026-09-11,0627,N,nominal,2.0NRT,294.95,2.76,D
27.93463,96.77489,334.01,0.42,0.45,2026-09-11,0627,N,nominal,2.0NRT,294.45,4.73,D
27.95016,95.23589,330.52,0.52,0.5,2026-09-11,0627,N,nominal,2.0NRT,294.75,2.44,D
36.55989,101.97783,329.24,0.39,0.36,2026-09-11,0629,N,low,2.0NRT,300.32,2.24,D
37.54715,100.2681,327.65,0.38,0.36,2026-09-11,0629,N,nominal,2.0NRT,293.7,2.25,D
38.78223,101.11778,330.06,0.39,0.36,2026-09-11,0629,N,low,2.0NRT,302.4,1.44,D
39.46878,99.2764,339.3,0.38,0.36,2026-09-11,0631,N,nominal,2.0NRT,305.86,2.96,D
39.47206,99.27554,339.28,0.38,0.36,2026-09-11,0631,N,nominal,2.0NRT,300.85,2.96,D
39.47067,99.26669,336.15,0.38,0.36,2026-09-11,0631,N,nominal,2.0NRT,304.27,6.52,D
39.47136,99.27111,356.72,0.38,0.36,2026-09-11,0631,N,low,2.0NRT,304.53,6.52,D
39.47534,99.27467,330.98,0.38,0.36,2026-09-11,0631,N,nominal,2.0NRT,295.93,3.2,D
39.47464,99.27025,352.02,0.38,0.36,2026-09-11,0631,N,nominal,2.0NRT,302.07,11.08,D
39.64005,98.45983,333.08,0.39,0.36,2026-09-11,0631,N,nominal,2.0NRT,300.93,4.13,D
39.63858,98.45087,340.07,0.39,0.36,2026-09-11,0631,N,nominal,2.0NRT,300.7,3.7,D
6.23098,80.86099,340.28,0.42,0.38,2026-09-11,0801,N,low,2.0NRT,302.41,5.67,D
6.23561,80.868,335.93,0.42,0.38,2026-09-11,0801,N,low,2.0NRT,302.32,6.16,D
6.23848,80.86372,330.2,0.42,0.38,2026-09-11,0801,N,low,2.0NRT,301.89,3.23,D
6.32772,80.99232,367,0.41,0.37,2026-09-11,0801,N,high,2.0NRT,306.14,9.46,D
6.3591,80.94524,334.14,0.42,0.37,2026-09-11,0801,N,low,2.0NRT,303.23,4.04,D
6.43032,81.0219,342.04,0.41,0.37,2026-09-11,0801,N,nominal,2.0NRT,304.06,5.1,D
6.45361,80.75334,331.56,0.42,0.38,2026-09-11,0801,N,low,2.0NRT,300.6,4.69,D
6.55016,80.87274,335.09,0.42,0.37,2026-09-11,0801,N,low,2.0NRT,302.82,6.59,D
6.89327,81.66647,343.25,0.39,0.37,2026-09-11,0801,N,low,2.0NRT,311.38,9.06,D
6.89663,81.66595,341.98,0.39,0.37,2026-09-11,0801,N,low,2.0NRT,311.66,10.02,D
6.87345,81.516,332.62,0.4,0.37,2026-09-11,0801,N,low,2.0NRT,306.82,3.28,D
6.97968,81.59059,334.92,0.4,0.37,2026-09-11,0801,N,low,2.0NRT,306.98,4.62,D
7.00834,81.58915,345.32,0.4,0.37,2026-09-11,0801,N,nominal,2.0NRT,306.58,8.77,D
7.04885,81.36258,331.59,0.4,0.37,2026-09-11,0801,N,low,2.0NRT,303,2.5,D
7.28845,81.79851,340.97,0.39,0.36,2026-09-11,0801,N,nominal,2.0NRT,305.46,3.59,D
7.29179,81.79798,348.4,0.39,0.36,2026-09-11,0801,N,nominal,2.0NRT,305.89,3.59,D
7.28462,81.12443,335.24,0.4,0.37,2026-09-11,0801,N,low,2.0NRT,306.9,5.72,D
7.29222,80.90644,350.96,0.41,0.37,2026-09-11,0801,N,nominal,2.0NRT,305.47,9.69,D
7.4521,81.65658,334.81,0.39,0.36,2026-09-11,0801,N,low,2.0NRT,304.7,2.95,D
7.39979,81.1692,341.17,0.4,0.37,2026-09-11,0801,N,nominal,2.0NRT,307.69,5.2,D
7.35999,80.85026,331.7,0.41,0.37,2026-09-11,0801,N,nominal,2.0NRT,299.18,2.58,D
7.45285,81.26469,332.56,0.4,0.37,2026-09-11,0801,N,low,2.0NRT,305.13,1.51,D
7.51028,81.56757,336.06,0.39,0.36,2026-09-11,0801,N,low,2.0NRT,303.96,3.6,D
7.46692,81.26621,334.62,0.4,0.37,2026-09-11,0801,N,low,2.0NRT,306.36,1.97,D
7.43177,81.0183,340.51,0.41,0.37,2026-09-11,0801,N,nominal,2.0NRT,306.89,4.46,D
7.49562,81.22058,338.41,0.4,0.37,2026-09-11,0801,N,low,2.0NRT,307.55,4.67,D
7.499,81.22006,341.23,0.4,0.37,2026-09-11,0801,N,nominal,2.0NRT,307.27,4.67,D
7.50022,81.00719,340.39,0.41,0.37,2026-09-11,0801,N,nominal,2.0NRT,309.37,13.75,D
7.61301,81.01514,333.74,0.4,0.37,2026-09-11,0801,N,low,2.0NRT,302.04,2.33,D
7.60552,80.9675,347.95,0.41,0.37,2026-09-11,0801,N,low,2.0NRT,306.08,10.24,D
7.56389,80.63634,332.02,0.42,0.37,2026-09-11,0801,N,nominal,2.0NRT,297.18,2.95,D
7.61714,80.84123,330.79,0.41,0.37,2026-09-11,0801,N,low,2.0NRT,304.92,4.5,D
7.71343,80.83015,352.48,0.41,0.37,2026-09-11,0801,N,nominal,2.0NRT,308.16,12.23,D
7.79306,81.22885,347.93,0.4,0.37,2026-09-11,0801,N,nominal,2.0NRT,308,14.16,D
7.82195,81.20905,330.55,0.4,0.37,2026-09-11,0801,N,low,2.0NRT,303.08,2.83,D
7.9255,81.19964,349.98,0.4,0.37,2026-09-11,0801,N,low,2.0NRT,308.62,11.34,D
7.92887,81.1991,352.39,0.4,0.37,2026-09-11,0801,N,low,2.0NRT,305.79,11.34,D
7.95865,81.19073,340.02,0.4,0.37,2026-09-11,0801,N,low,2.0NRT,307.92,5.49,D
7.82437,80.31818,330.57,0.42,0.38,2026-09-11,0801,N,nominal,2.0NRT,298.54,2.96,D
7.99013,81.21532,330.13,0.4,0.37,2026-09-11,0801,N,low,2.0NRT,303.31,1.86,D
8.02441,81.07615,334.31,0.4,0.37,2026-09-11,0801,N,nominal,2.0NRT,303.35,1.4,D
7.8662,80.01651,350.23,0.44,0.38,2026-09-11,0801,N,low,2.0NRT,303.58,10.98,D
7.89431,80.01201,356.38,0.44,0.38,2026-09-11,0801,N,low,2.0NRT,305.56,24.01,D
7.93462,80.06189,340.51,0.43,0.38,2026-09-11,0801,N,nominal,2.0NRT,302.41,3.76,D
7.95252,80.10713,333.12,0.43,0.38,2026-09-11,0801,N,low,2.0NRT,304.43,3.17,D
8.14856,81.34052,350.57,0.39,0.37,2026-09-11,0801,N,nominal,2.0NRT,309.71,14.37,D
8.02976,80.57709,332.33,0.41,0.37,2026-09-11,0801,N,low,2.0NRT,299.18,3.02,D
7.95602,80.10657,333.06,0.43,0.38,2026-09-11,0801,N,low,2.0NRT,302.4,3.17,D
7.96736,80.03738,330.39,0.43,0.38,2026-09-11,0801,N,low,2.0NRT,304.68,4.65,D
7.9696,80.02896,332.52,0.43,0.38,2026-09-11,0801,N,low,2.0NRT,306.69,5.96,D
8.22219,81.02239,333.5,0.4,0.37,2026-09-11,0801,N,low,2.0NRT,305.01,8.9,D
8.15112,80.08427,339.28,0.43,0.38,2026-09-11,0801,N,low,2.0NRT,303.94,11.03,D
8.1375,79.99817,333.52,0.43,0.38,2026-09-11,0801,N,low,2.0NRT,300.43,4.32,D
8.13688,79.99423,334.1,0.43,0.38,2026-09-11,0801,N,low,2.0NRT,300.19,4.03,D
8.23207,80.26948,335.58,0.42,0.38,2026-09-11,0801,N,nominal,2.0NRT,302.72,2.64,D
8.20834,79.98703,330.92,0.43,0.38,2026-09-11,0801,N,low,2.0NRT,303.86,6.63,D
8.36264,80.8055,343.18,0.41,0.37,2026-09-11,0801,N,nominal,2.0NRT,302.36,8.12,D
8.37283,80.80388,334.55,0.41,0.37,2026-09-11,0801,N,low,2.0NRT,304.24,5.02,D
8.37158,80.75124,339.8,0.41,0.37,2026-09-11,0801,N,nominal,2.0NRT,303.14,2.94,D
8.29414,80.21237,340.62,0.42,0.38,2026-09-11,0801,N,nominal,2.0NRT,305.1,5.4,D
8.31788,80.3184,340.09,0.42,0.38,2026-09-11,0801,N,nominal,2.0NRT,305.3,4.56,D
8.29306,80.13734,335.15,0.43,0.38,2026-09-11,0801,N,low,2.0NRT,304.39,6.55,D
8.31956,80.318,337.92,0.42,0.38,2026-09-11,0801,N,nominal,2.0NRT,304.3,4.19,D
8.33641,80.40082,348.73,0.42,0.37,2026-09-11,0801,N,nominal,2.0NRT,306.09,15.22,D
8.29397,80.13721,338.34,0.43,0.38,2026-09-11,0801,N,low,2.0NRT,304.61,6.68,D
8.29808,80.14052,334.76,0.43,0.38,2026-09-11,0801,N,low,2.0NRT,302.53,8.29,D
8.29746,80.13666,337.35,0.43,0.38,2026-09-11,0801,N,low,2.0NRT,305.64,7.6,D
8.30716,80.17469,336.3,0.43,0.38,2026-09-11,0801,N,low,2.0NRT,303.52,5.12,D
8.34312,80.37651,331.32,0.42,0.38,2026-09-11,0801,N,low,2.0NRT,302.2,2.73,D
8.3827,80.4476,336.19,0.42,0.37,2026-09-11,0801,N,low,2.0NRT,302.4,9.25,D
8.39982,80.53334,343.33,0.41,0.37,2026-09-11,0801,N,nominal,2.0NRT,303.19,5.51,D
8.38194,80.42064,342.58,0.42,0.37,2026-09-11,0801,N,nominal,2.0NRT,305.42,6.01,D
8.42157,80.53754,338.26,0.41,0.37,2026-09-11,0801,N,low,2.0NRT,303.11,3.49,D
8.42381,80.52951,340.72,0.41,0.37,2026-09-11,0801,N,low,2.0NRT,306.3,7.21,D
8.40384,80.33569,335.28,0.42,0.38,2026-09-11,0801,N,nominal,2.0NRT,300.08,2.95,D
8.47301,80.75362,334.21,0.41,0.37,2026-09-11,0801,N,low,2.0NRT,305.83,3.54,D
8.47641,80.75307,337.22,0.41,0.37,2026-09-11,0801,N,low,2.0NRT,305.28,3.54,D
8.5069,80.7668,334.95,0.41,0.37,2026-09-11,0801,N,low,2.0NRT,306.06,4.02,D
8.48565,80.52334,331.03,0.41,0.37,2026-09-11,0801,N,low,2.0NRT,299.19,2.29,D
8.49105,80.13333,333.92,0.43,0.38,2026-09-11,0801,N,low,2.0NRT,302.95,9.01,D
8.49392,80.12891,332.86,0.43,0.38,2026-09-11,0801,N,low,2.0NRT,301.85,2.45,D
8.50874,80.17788,332.71,0.42,0.38,2026-09-11,0801,N,low,2.0NRT,307.19,7.63,D
8.51221,80.17732,341.24,0.42,0.38,2026-09-11,0801,N,low,2.0NRT,304.78,6.13,D
8.64889,81.00204,334.53,0.4,0.37,2026-09-11,0801,N,low,2.0NRT,304.04,5.13,D
8.58726,80.3494,333.52,0.42,0.37,2026-09-11,0801,N,low,2.0NRT,305.25,4.77,D
8.68756,80.91789,340.72,0.4,0.37,2026-09-11,0801,N,low,2.0NRT,303.61,5.86,D
8.61787,80.4757,333.68,0.41,0.37,2026-09-11,0801,N,low,2.0NRT,305.79,5.99,D
8.30266,77.63816,339.74,0.57,0.43,2026-09-11,0801,N,nominal,2.0NRT,306.69,6.52,D
8.71449,80.17688,338.27,0.42,0.38,2026-09-11,0801,N,low,2.0NRT,302.39,4.68,D
8.97476,80.89706,337.02,0.4,0.37,2026-09-11,0801,N,nominal,2.0NRT,300.7,8.49,D
8.96205,80.7947,332.62,0.4,0.37,2026-09-11,0801,N,low,2.0NRT,303.5,8.02,D
8.61995,78.07992,330.34,0.53,0.42,2026-09-11,0801,N,low,2.0NRT,302.72,4.45,D
8.72995,77.52225,334.04,0.57,0.43,2026-09-11,0801,N,nominal,2.0NRT,297.74,3.73,D
8.77848,77.56741,338.43,0.57,0.43,2026-09-11,0801,N,nominal,2.0NRT,300.49,2.92,D
9.38751,80.61357,339.15,0.4,0.37,2026-09-11,0801,N,low,2.0NRT,298.09,8.08,D
8.92184,77.48255,331.84,0.57,0.43,2026-09-11,0801,N,nominal,2.0NRT,297.5,8.51,D
18.26146,75.48334,335.52,0.54,0.42,2026-09-11,0803,N,nominal,2.0NRT,300.47,5.57,D
18.21146,74.44026,330.24,0.42,0.45,2026-09-11,0803,N,nominal,2.0NRT,298.3,5.36,D
18.69317,73.04006,329.01,0.5,0.49,2026-09-11,0803,N,nominal,2.0NRT,294.1,4.98,D
21.1883,81.39214,331,0.41,0.37,2026-09-11,0805,N,nominal,2.0NRT,295.11,5.07,D
21.92127,83.3507,340.46,0.5,0.41,2026-09-11,0805,N,nominal,2.0NRT,296.01,9.06,D
21.10511,72.64705,344.32,0.48,0.48,2026-09-11,0805,N,nominal,2.0NRT,297.72,9.15,D
21.1033,72.63795,337.6,0.48,0.48,2026-09-11,0805,N,nominal,2.0NRT,295.6,5.89,D
23.16489,82.34189,332.83,0.46,0.39,2026-09-11,0805,N,nominal,2.0NRT,292.37,6.1,D
26.77699,90.32763,331.36,0.5,0.66,2026-09-11,0805,N,nominal,2.0NRT,291.43,2.81,D
26.77685,90.32755,332.52,0.5,0.66,2026-09-11,0805,N,nominal,2.0NRT,291.5,3.91,D
25.27196,69.08585,340.6,0.33,0.55,2026-09-11,0807,N,nominal,2.0NRT,302.6,3.64,D
25.71746,68.85942,367,0.33,0.55,2026-09-11,0807,N,high,2.0NRT,307.76,14.77,D
25.71819,68.86267,331.61,0.33,0.55,2026-09-11,0807,N,nominal,2.0NRT,302.36,11.22,D
25.86924,68.93317,367,0.32,0.55,2026-09-11,0807,N,high,2.0NRT,306.44,7.52,D
25.86803,68.93196,367,0.32,0.55,2026-09-11,0807,N,high,2.0NRT,305.35,7.12,D
25.86876,68.93517,344.54,0.32,0.55,2026-09-11,0807,N,nominal,2.0NRT,304.8,8.03,D
26.26383,67.98422,367,0.36,0.58,2026-09-11,0807,N,high,2.0NRT,311.77,14.3,D
26.95863,68.40443,336.38,0.33,0.55,2026-09-11,0807,N,low,2.0NRT,308.41,2.82,D
27.63629,68.39639,343.12,0.32,0.55,2026-09-11,0807,N,nominal,2.0NRT,305.53,2.22,D
27.63409,68.3868,355.68,0.32,0.55,2026-09-11,0807,N,nominal,2.0NRT,307,5.17,D
27.44623,67.57783,335.43,0.36,0.57,2026-09-11,0807,N,low,2.0NRT,306.37,1.87,D
27.63903,68.38539,367,0.32,0.55,2026-09-11,0807,N,high,2.0NRT,305.86,6.07,D
29.13163,75.77078,331.51,0.4,0.37,2026-09-11,0807,N,low,2.0NRT,305.14,3.84,D
28.05294,69.36815,344.23,0.55,0.51,2026-09-11,0807,N,nominal,2.0NRT,309.87,5.06,D
28.05176,69.36261,336.11,0.55,0.51,2026-09-11,0807,N,nominal,2.0NRT,307.66,5.06,D
27.96382,67.60814,338.53,0.35,0.57,2026-09-11,0807,N,nominal,2.0NRT,304.1,2.01,D
28.44461,67.79166,341.12,0.33,0.56,2026-09-11,0807,N,nominal,2.0NRT,305.3,1.48,D
30.72791,76.34161,333.5,0.39,0.36,2026-09-11,0807,N,nominal,2.0NRT,296.18,1.3,D
30.48006,73.87495,331.99,0.44,0.38,2026-09-11,0807,N,low,2.0NRT,306.6,2.48,D
30.87769,75.94084,344.92,0.39,0.36,2026-09-11,0807,N,nominal,2.0NRT,302.48,3,D
30.98912,74.20541,336.52,0.42,0.38,2026-09-11,0807,N,nominal,2.0NRT,304.31,3.03,D
31.25864,74.47987,333.68,0.41,0.37,2026-09-11,0807,N,nominal,2.0NRT,301.87,2.36,D
31.45933,74.51919,335.67,0.41,0.37,2026-09-11,0807,N,nominal,2.0NRT,302.05,2.97,D
31.59567,74.82895,333.66,0.4,0.37,2026-09-11,0807,N,nominal,2.0NRT,305.54,2.21,D
30.87024,70.64391,346,0.41,0.45,2026-09-11,0807,N,nominal,2.0NRT,306.81,6.05,D
31.78289,75.174,335.78,0.4,0.37,2026-09-11,0807,N,nominal,2.0NRT,300.83,3.43,D
31.74919,74.49052,339.55,0.41,0.37,2026-09-11,0807,N,nominal,2.0NRT,304.61,5.09,D
31.86762,75.00837,343.03,0.4,0.37,2026-09-11,0807,N,nominal,2.0NRT,301.46,5.58,D
32.1289,73.31739,336.4,0.44,0.39,2026-09-11,0807,N,nominal,2.0NRT,303.61,2.97,D
34.15523,74.19093,332.36,0.4,0.37,2026-09-11,0809,N,nominal,2.0NRT,300.75,3.76,D
34.15862,74.19041,329.45,0.4,0.37,2026-09-11,0809,N,nominal,2.0NRT,299.49,1.78,D
32.87177,66.80061,342.43,0.61,0.53,2026-09-11,0809,N,nominal,2.0NRT,309.38,8.65,D
32.86946,66.80156,340.99,0.61,0.53,2026-09-11,0809,N,nominal,2.0NRT,309.16,3.93,D
38.05167,67.26583,344.35,0.44,0.46,2026-09-11,0809,N,nominal,2.0NRT,306.91,16.75,D
38.0505,67.26338,344.8,0.44,0.46,2026-09-11,0809,N,nominal,2.0NRT,309.62,16.74,D
37.03151,62.41508,338.64,0.41,0.61,2026-09-11,0809,N,nominal,2.0NRT,301.69,3.64,D
37.11698,62.36049,335.18,0.41,0.61,2026-09-11,0809,N,nominal,2.0NRT,300.45,3.2,D
38.75037,65.9553,333.55,0.49,0.49,2026-09-11,0809,N,low,2.0NRT,304.16,4.73,D
38.74742,65.95389,335.57,0.49,0.49,2026-09-11,0809,N,low,2.0NRT,306.76,5.12,D
39.42115,67.73999,336.47,0.39,0.44,2026-09-11,0809,N,nominal,2.0NRT,306.18,3.74,D
18.56247,55.86932,341.37,0.39,0.36,2026-09-11,0945,N,low,2.0NRT,316.03,0.76,D
19.26895,56.17585,342.38,0.4,0.37,2026-09-11,0945,N,low,2.0NRT,315.12,1.21,D
19.3352,56.46952,341.3,0.41,0.37,2026-09-11,0945,N,low,2.0NRT,315.07,1.28,D
20.21282,55.71296,344.97,0.4,0.37,2026-09-11,0945,N,low,2.0NRT,316.76,1.9,D
20.22733,55.7417,344.13,0.4,0.37,2026-09-11,0945,N,low,2.0NRT,316.8,2.37,D
20.37722,55.93661,341.9,0.4,0.37,2026-09-11,0945,N,low,2.0NRT,314.66,2.09,D
20.38699,55.66102,342.46,0.4,0.37,2026-09-11,0945,N,low,2.0NRT,317.43,1.63,D
21.00188,56.53125,346.51,0.42,0.38,2026-09-11,0945,N,low,2.0NRT,318.69,1.35,D
21.30358,57.79828,343.79,0.48,0.4,2026-09-11,0945,N,low,2.0NRT,317.18,1.95,D
21.31175,57.74492,343.47,0.48,0.4,2026-09-11,0945,N,low,2.0NRT,317.51,2.78,D
21.94438,56.0349,349.48,0.42,0.37,2026-09-11,0945,N,low,2.0NRT,322.86,2.13,D
24.50638,56.60762,342.63,0.46,0.39,2026-09-11,0947,N,nominal,2.0NRT,311.05,17.18,D
24.50928,54.01774,334.98,0.39,0.36,2026-09-11,0947,N,nominal,2.0NRT,306.24,6.21,D
25.60144,54.42454,343.46,0.4,0.37,2026-09-11,0947,N,nominal,2.0NRT,304.58,4.66,D
27.15999,56.09952,341.48,0.46,0.39,2026-09-11,0947,N,nominal,2.0NRT,310.82,14.7,D
27.16906,56.05504,351.43,0.46,0.39,2026-09-11,0947,N,nominal,2.0NRT,312.66,17,D
31.84838,54.2862,343.5,0.44,0.38,2026-09-11,0949,N,low,2.0NRT,317.97,6.72,D
37.19176,60.36393,337.48,0.34,0.56,2026-09-11,0952,N,nominal,2.0NRT,299.15,2.74,D
36.9457,54.88992,331.59,0.52,0.42,2026-09-11,0952,N,nominal,2.0NRT,300.23,5.8,D
38.68141,54.3154,342.63,0.51,0.41,2026-09-11,0952,N,low,2.0NRT,316.07,3.49,D
39.86159,98.25416,301.12,0.35,0.57,2026-09-11,1847,N,nominal,2.0NRT,284.91,0.81,N
39.8121,98.28303,298.27,0.35,0.57,2026-09-11,1847,N,nominal,2.0NRT,283.59,0.54,N
39.81115,98.29941,296.88,0.35,0.57,2026-09-11,1847,N,nominal,2.0NRT,286.55,0.94,N
39.79006,98.29742,300.89,0.35,0.57,2026-09-11,1847,N,nominal,2.0NRT,284.16,0.97,N
39.78983,98.30151,298.72,0.35,0.57,2026-09-11,1847,N,nominal,2.0NRT,283.86,0.73,N
13.34298,101.28551,306.22,0.39,0.37,2026-09-11,1856,N,nominal,2.0NRT,280.05,1.3,N
8.87553,99.3119,299.29,0.42,0.38,2026-09-11,1856,N,nominal,2.0NRT,276.9,0.48,N
30.0697,96.97879,305.87,0.33,0.56,2026-09-11,1849,N,nominal,2.0NRT,285.47,1.71,N
30.0677,96.97839,307.07,0.33,0.56,2026-09-11,1849,N,nominal,2.0NRT,285.77,1.2,N
27.60801,95.40346,302.79,0.39,0.59,2026-09-11,1851,N,nominal,2.0NRT,287.83,0.79,N
27.325,95.27734,311.48,0.39,0.6,2026-09-11,1851,N,nominal,2.0NRT,288.28,0.61,N
25.54361,91.23469,295.33,0.67,0.74,2026-09-11,1851,N,nominal,2.0NRT,271.56,0.42,N
15.65624,73.99073,303.93,0.48,0.4,2026-09-11,2036,N,nominal,2.0NRT,288.34,0.43,N
15.22512,76.76299,300.51,0.39,0.36,2026-09-11,2036,N,nominal,2.0NRT,274.54,0.96,N
15.02417,78.01468,305.44,0.39,0.36,2026-09-11,2036,N,nominal,2.0NRT,284.08,2.26,N
15.1802,76.65571,303.39,0.39,0.36,2026-09-11,2036,N,nominal,2.0NRT,284.86,0.72,N
15.17464,76.69185,304.65,0.39,0.36,2026-09-11,2036,N,nominal,2.0NRT,284.95,1.61,N
15.17686,76.65517,332.84,0.39,0.36,2026-09-11,2036,N,nominal,2.0NRT,292,1.95,N
15.17631,76.65878,318.99,0.39,0.36,2026-09-11,2036,N,nominal,2.0NRT,291.02,1.95,N
15.17353,76.65462,312.41,0.39,0.36,2026-09-11,2036,N,nominal,2.0NRT,289.89,1.95,N
15.16826,76.67259,314.56,0.39,0.36,2026-09-11,2036,N,nominal,2.0NRT,291.21,2.01,N
15.17247,76.37917,304.41,0.39,0.36,2026-09-11,2036,N,nominal,2.0NRT,284.12,0.92,N
38.05053,67.25827,317.5,0.68,0.74,2026-09-11,2029,N,nominal,2.0NRT,287.47,4.03,N
15.16912,76.37862,302.57,0.39,0.36,2026-09-11,2036,N,nominal,2.0NRT,283.21,0.92,N
38.05038,67.26595,311.91,0.68,0.74,2026-09-11,2029,N,nominal,2.0NRT,287.35,4.03,N
15.02515,76.50147,309.08,0.39,0.36,2026-09-11,2036,N,nominal,2.0NRT,288.72,0.8,N
30.94922,97.36286,295.65,0.71,0.75,2026-09-11,2029,N,nominal,2.0NRT,280.46,1.64,N
13.39206,80.10056,307.08,0.45,0.39,2026-09-11,2036,N,nominal,2.0NRT,289.17,1.34,N
33.71712,73.97829,302.64,0.53,0.5,2026-09-11,2032,N,nominal,2.0NRT,288.29,1.08,N
13.18113,79.91359,304.89,0.44,0.39,2026-09-11,2036,N,nominal,2.0NRT,288.79,0.88,N
33.29487,71.18565,302.85,0.38,0.59,2026-09-11,2032,N,nominal,2.0NRT,288.43,0.38,N
11.26878,80.00301,308.2,0.47,0.4,2026-09-11,2038,N,nominal,2.0NRT,284.12,2.98,N
32.29601,74.31258,309.14,0.49,0.48,2026-09-11,2032,N,nominal,2.0NRT,296.03,1.05,N
11.2689,80.00498,306.35,0.47,0.4,2026-09-11,2038,N,nominal,2.0NRT,283.48,3.58,N
30.44506,70.56732,308.73,0.39,0.59,2026-09-11,2032,N,nominal,2.0NRT,295.27,0.72,N
11.57125,77.67776,306.91,0.39,0.36,2026-09-11,2038,N,nominal,2.0NRT,287.08,2.27,N
28.42292,69.69965,309.94,0.42,0.61,2026-09-11,2032,N,nominal,2.0NRT,296.34,1.66,N
9.3321,77.42197,324.79,0.4,0.37,2026-09-11,2038,N,nominal,2.0NRT,287.74,2.04,N
28.05046,69.3678,316.38,0.43,0.62,2026-09-11,2032,N,nominal,2.0NRT,295.67,1.72,N
9.32874,77.42142,321.89,0.4,0.37,2026-09-11,2038,N,nominal,2.0NRT,287.03,2.04,N
23.69279,87.12022,296.37,0.51,0.5,2026-09-11,2034,N,nominal,2.0NRT,273.63,0.42,N
7.65734,80.63947,311.03,0.57,0.43,2026-09-11,2038,N,nominal,2.0NRT,283.9,1.93,N
23.69176,87.12515,296.53,0.51,0.5,2026-09-11,2034,N,nominal,2.0NRT,273.57,0.42,N
7.17868,81.09897,304.79,0.41,0.45,2026-09-11,2038,N,nominal,2.0NRT,288.85,0.74,N
23.66188,87.15467,300,0.52,0.5,2026-09-11,2034,N,nominal,2.0NRT,275.93,1.31,N
7.16058,81.04489,303.81,0.41,0.45,2026-09-11,2038,N,nominal,2.0NRT,287.83,0.74,N
23.80626,86.32754,301.06,0.46,0.47,2026-09-11,2034,N,nominal,2.0NRT,280.45,1.08,N
6.8708,81.53381,316.06,0.44,0.46,2026-09-11,2038,N,nominal,2.0NRT,290.71,2.02,N
23.80536,86.33195,306.3,0.46,0.47,2026-09-11,2034,N,nominal,2.0NRT,281.4,1.08,N
6.71807,81.23294,330.98,0.43,0.46,2026-09-11,2038,N,nominal,2.0NRT,291.06,2.18,N
23.80108,86.33093,305.12,0.46,0.47,2026-09-11,2034,N,nominal,2.0NRT,279.47,1.08,N
6.71861,81.23012,308.34,0.43,0.46,2026-09-11,2038,N,nominal,2.0NRT,290.45,1.46,N
23.79647,86.35325,311.44,0.46,0.47,2026-09-11,2034,N,nominal,2.0NRT,282.13,1.77,N
6.71797,81.23399,319.11,0.43,0.46,2026-09-11,2038,N,nominal,2.0NRT,291.03,1.65,N
23.80489,86.32858,310.34,0.46,0.47,2026-09-11,2034,N,nominal,2.0NRT,280.28,1.38,N
23.80401,86.33302,302.43,0.46,0.47,2026-09-11,2034,N,nominal,2.0NRT,280.04,1.38,N
23.79527,86.35438,313.6,0.46,0.47,2026-09-11,2034,N,nominal,2.0NRT,282.03,2.15,N
23.78417,86.34245,305.26,0.46,0.47,2026-09-11,2034,N,nominal,2.0NRT,282.74,1.93,N
23.76732,86.40403,305.33,0.46,0.47,2026-09-11,2034,N,nominal,2.0NRT,274.5,1.57,N
23.76481,86.39408,298.26,0.46,0.47,2026-09-11,2034,N,nominal,2.0NRT,273.37,2.26,N
23.76302,86.403,318.41,0.46,0.47,2026-09-11,2034,N,nominal,2.0NRT,275.77,2.58,N
23.7587,86.40199,312.87,0.46,0.47,2026-09-11,2034,N,nominal,2.0NRT,274.38,2.58,N
23.73847,86.43504,312.83,0.47,0.47,2026-09-11,2034,N,nominal,2.0NRT,274.14,2.43,N
23.77917,86.21124,326.49,0.45,0.47,2026-09-11,2034,N,nominal,2.0NRT,287.43,3.19,N
23.78005,86.20687,306.98,0.45,0.47,2026-09-11,2034,N,nominal,2.0NRT,287.43,2.85,N
23.7749,86.21031,306.06,0.45,0.47,2026-09-11,2034,N,nominal,2.0NRT,286.88,1.35,N
23.77329,86.19618,308.76,0.45,0.47,2026-09-11,2034,N,nominal,2.0NRT,287.49,1.69,N
23.55926,87.23817,303.14,0.52,0.5,2026-09-11,2034,N,nominal,2.0NRT,275.51,1.74,N
23.71227,86.45252,295.09,0.47,0.48,2026-09-11,2034,N,nominal,2.0NRT,263.28,0.41,N
23.5627,87.08546,303.71,0.51,0.5,2026-09-11,2034,N,nominal,2.0NRT,278.13,1.24,N
23.68361,86.39369,309.5,0.46,0.47,2026-09-11,2034,N,nominal,2.0NRT,271.69,1.17,N
23.67929,86.39272,302.1,0.46,0.47,2026-09-11,2034,N,nominal,2.0NRT,272.19,1.17,N
23.67837,86.39718,303.97,0.46,0.47,2026-09-11,2034,N,nominal,2.0NRT,271.24,1.17,N
23.67743,86.40173,301.45,0.46,0.47,2026-09-11,2034,N,nominal,2.0NRT,272.9,0.97,N
23.67404,86.39622,295.03,0.46,0.47,2026-09-11,2034,N,nominal,2.0NRT,269.67,0.72,N
23.68302,86.39138,299.91,0.46,0.47,2026-09-11,2034,N,nominal,2.0NRT,274.17,1.88,N
23.68214,86.39581,303.53,0.46,0.47,2026-09-11,2034,N,nominal,2.0NRT,270.22,1.02,N
23.67782,86.39482,306.34,0.46,0.47,2026-09-11,2034,N,nominal,2.0NRT,270.96,1.02,N
23.67691,86.39936,306.6,0.46,0.47,2026-09-11,2034,N,nominal,2.0NRT,271.88,1.02,N
23.75447,85.85305,307.08,0.43,0.46,2026-09-11,2034,N,nominal,2.0NRT,284.53,2,N
23.70125,86.07622,320.87,0.44,0.46,2026-09-11,2034,N,nominal,2.0NRT,285.98,2.97,N
23.69703,86.07521,342.93,0.44,0.46,2026-09-11,2034,N,nominal,2.0NRT,285.97,2.97,N
23.6979,86.07088,305.93,0.44,0.46,2026-09-11,2034,N,nominal,2.0NRT,285.34,2.77,N
23.69616,86.07954,306.56,0.44,0.46,2026-09-11,2034,N,nominal,2.0NRT,286.55,2.97,N
23.7882,85.55163,313.64,0.41,0.45,2026-09-11,2034,N,nominal,2.0NRT,286.05,2.36,N
23.6774,86.1067,307.43,0.45,0.47,2026-09-11,2034,N,nominal,2.0NRT,288.78,1.17,N
23.66734,86.09063,304.88,0.45,0.47,2026-09-11,2034,N,nominal,2.0NRT,286.91,1.46,N
24.19785,82.71539,319.36,0.44,0.38,2026-09-11,2034,N,nominal,2.0NRT,288.24,2.61,N
23.69408,85.36958,319.01,0.4,0.45,2026-09-11,2034,N,nominal,2.0NRT,283.12,3.16,N
23.73969,85.01115,297.18,0.38,0.44,2026-09-11,2034,N,nominal,2.0NRT,283.89,0.79,N
22.37859,87.28189,309.21,0.56,0.51,2026-09-11,2034,N,nominal,2.0NRT,278.48,2.67,N
22.37058,87.29688,305.95,0.56,0.51,2026-09-11,2034,N,nominal,2.0NRT,277.13,1.6,N
22.3659,87.29573,299.76,0.56,0.51,2026-09-11,2034,N,nominal,2.0NRT,277.53,1.6,N
22.36478,87.30112,309.44,0.56,0.51,2026-09-11,2034,N,nominal,2.0NRT,278.65,1.6,N
22.36546,87.01844,298.31,0.54,0.51,2026-09-11,2034,N,nominal,2.0NRT,273.4,0.92,N
22.2472,87.39132,298.05,0.57,0.52,2026-09-11,2034,N,nominal,2.0NRT,278.14,1.37,N
25.05078,67.49206,300.99,0.53,0.67,2026-09-11,2034,N,nominal,2.0NRT,284.85,0.66,N
22.05133,88.12428,298.19,0.32,0.54,2026-09-11,2034,N,nominal,2.0NRT,271.33,1.24,N
23.26521,70.25777,304.89,0.34,0.56,2026-09-11,2034,N,nominal,2.0NRT,292.8,0.85,N
20.78374,85.25797,302.67,0.45,0.47,2026-09-11,2034,N,nominal,2.0NRT,284.81,1.74,N
20.75914,85.29253,304.29,0.45,0.47,2026-09-11,2034,N,nominal,2.0NRT,284.17,1.19,N
22.9267,69.82265,307.63,0.36,0.57,2026-09-11,2034,N,nominal,2.0NRT,291.83,0.89,N
22.9331,69.69727,306.91,0.36,0.58,2026-09-11,2034,N,nominal,2.0NRT,288.63,0.56,N
22.93276,69.70088,303.67,0.36,0.58,2026-09-11,2034,N,nominal,2.0NRT,288.44,0.56,N
22.41649,69.03779,312.23,0.39,0.6,2026-09-11,2034,N,nominal,2.0NRT,291.92,1.4,N
21.16537,72.66583,334.66,0.45,0.47,2026-09-11,2034,N,nominal,2.0NRT,289.32,10.37,N
21.16485,72.6702,335.84,0.45,0.47,2026-09-11,2034,N,nominal,2.0NRT,290.35,10.53,N
21.10653,72.64437,340.24,0.45,0.47,2026-09-11,2034,N,nominal,2.0NRT,291.98,7.13,N
21.10755,72.63565,309.89,0.45,0.47,2026-09-11,2034,N,nominal,2.0NRT,290.88,4.4,N
21.10603,72.64871,309.18,0.45,0.47,2026-09-11,2034,N,nominal,2.0NRT,290.5,7.13,N
21.10979,72.63779,308.22,0.45,0.47,2026-09-11,2034,N,nominal,2.0NRT,291.28,3.95,N
21.10872,72.64648,311.12,0.45,0.47,2026-09-11,2034,N,nominal,2.0NRT,291.06,6.65,N
21.10441,72.6459,343.3,0.45,0.47,2026-09-11,2034,N,nominal,2.0NRT,291.64,6.65,N
21.10548,72.6372,308.75,0.45,0.47,2026-09-11,2034,N,nominal,2.0NRT,290.15,3.95,N
21.10116,72.63661,339.66,0.45,0.47,2026-09-11,2034,N,nominal,2.0NRT,291.28,9.18,N
19.93491,73.71051,305.03,0.56,0.43,2026-09-11,2036,N,nominal,2.0NRT,280.5,1.46,N
19.22277,74.8159,301.94,0.48,0.4,2026-09-11,2036,N,nominal,2.0NRT,287.42,0.77,N
19.37048,71.35533,315.22,0.51,0.5,2026-09-11,2036,N,nominal,2.0NRT,292.72,4.16,N
19.27853,71.42562,309.73,0.51,0.49,2026-09-11,2036,N,nominal,2.0NRT,293.72,2.82,N
18.81351,74.30283,299.21,0.51,0.41,2026-09-11,2036,N,nominal,2.0NRT,282.78,0.44,N
18.69197,73.03873,308.23,0.4,0.44,2026-09-11,2036,N,nominal,2.0NRT,291.06,1.61,N
18.69148,73.0425,316.86,0.4,0.44,2026-09-11,2036,N,nominal,2.0NRT,290.51,1.61,N
18.68483,73.02999,314.34,0.4,0.44,2026-09-11,2036,N,nominal,2.0NRT,291.14,1.51,N
18.58124,72.24,311.98,0.44,0.46,2026-09-11,2036,N,nominal,2.0NRT,292.79,2.03,N
18.57696,72.2394,310.99,0.44,0.46,2026-09-11,2036,N,nominal,2.0NRT,292.56,2.03,N
39.86412,98.25416,298.47,0.45,0.63,2026-09-11,2027,N,nominal,2.0NRT,283,1.08,N
39.81795,98.2831,298.77,0.45,0.63,2026-09-11,2027,N,nominal,2.0NRT,285.02,1.71,N
39.81342,98.29861,297.98,0.45,0.63,2026-09-11,2027,N,nominal,2.0NRT,284.82,0.94,N
39.80793,98.29579,297.33,0.45,0.63,2026-09-11,2027,N,nominal,2.0NRT,282.63,0.94,N
39.80642,98.30099,299.2,0.45,0.63,2026-09-11,2027,N,nominal,2.0NRT,281.3,0.94,N
39.79539,97.88422,300.63,0.43,0.62,2026-09-11,2027,N,nominal,2.0NRT,281.01,1.53,N
39.79395,97.88919,297.45,0.43,0.62,2026-09-11,2027,N,nominal,2.0NRT,282.24,1.21,N
39.79003,97.88139,297.6,0.43,0.62,2026-09-11,2027,N,nominal,2.0NRT,280.27,1.53,N
39.78859,97.88636,295.91,0.43,0.62,2026-09-11,2027,N,nominal,2.0NRT,279.99,1.21,N
39.79298,97.88768,318.51,0.43,0.62,2026-09-11,2027,N,nominal,2.0NRT,282.94,3.48,N
39.44747,83.01072,299.15,0.39,0.36,2026-09-11,2029,N,nominal,2.0NRT,286.01,0.86,N
39.64774,75.89764,296.97,0.48,0.48,2026-09-11,2029,N,nominal,2.0NRT,286.12,0.88,N
36.32621,54.61669,299.38,0.44,0.38,2026-09-11,2212,N,nominal,2.0NRT,287.81,0.39,N
36.29656,54.78734,308.49,0.43,0.38,2026-09-11,2212,N,nominal,2.0NRT,287.26,0.93,N
36.32187,54.18592,296.41,0.45,0.39,2026-09-11,2212,N,nominal,2.0NRT,283.91,0.51,N
35.36639,59.30702,304.33,0.4,0.37,2026-09-11,2212,N,nominal,2.0NRT,287.47,0.45,N
35.31735,59.48664,299.98,0.4,0.37,2026-09-11,2212,N,nominal,2.0NRT,288.86,0.69,N
33.75351,59.14743,301.06,0.41,0.37,2026-09-11,2212,N,nominal,2.0NRT,287.21,0.7,N
33.62925,59.17162,299.54,0.41,0.37,2026-09-11,2212,N,nominal,2.0NRT,288.99,0.75,N
38.39772,69.11592,299.63,0.64,0.54,2026-09-11,2210,N,nominal,2.0NRT,289.43,0.66,N
38.44903,68.83055,298.63,0.61,0.54,2026-09-11,2210,N,nominal,2.0NRT,288.05,1.16,N
39.18343,65.31247,316.8,0.39,0.44,2026-09-11,2210,N,nominal,2.0NRT,289.01,0.97,N
39.43289,62.9953,302.48,0.47,0.39,2026-09-11,2210,N,nominal,2.0NRT,286.31,0.69,N
39.25234,63.21527,298.1,0.48,0.4,2026-09-11,2210,N,nominal,2.0NRT,288.05,0.56,N
39.28199,63.04692,301.96,0.47,0.4,2026-09-11,2210,N,nominal,2.0NRT,286.88,0.84,N
39.24983,63.20866,299.51,0.48,0.4,2026-09-11,2210,N,nominal,2.0NRT,287.99,0.66,N
39.24874,63.21409,298.72,0.48,0.4,2026-09-11,2210,N,nominal,2.0NRT,287.76,0.66,N
39.24913,63.17376,305.08,0.48,0.4,2026-09-11,2210,N,nominal,2.0NRT,288.6,0.99,N
39.18808,63.37315,299.05,0.49,0.4,2026-09-11,2210,N,nominal,2.0NRT,287.07,0.49,N
39.20292,63.27844,299.39,0.48,0.4,2026-09-11,2210,N,nominal,2.0NRT,286.39,0.68,N
39.1852,63.34867,297.17,0.48,0.4,2026-09-11,2210,N,nominal,2.0NRT,286.81,0.55,N
39.19462,63.28152,299.74,0.48,0.4,2026-09-11,2210,N,nominal,2.0NRT,286.4,0.79,N
39.18049,63.35299,301.23,0.49,0.4,2026-09-11,2210,N,nominal,2.0NRT,287.07,1.06,N
33.0433,56.8499,318.89,0.38,0.36,2026-09-11,2212,N,nominal,2.0NRT,296.38,1.51,N
39.19994,63.19609,297.39,0.48,0.4,2026-09-11,2210,N,nominal,2.0NRT,287.32,0.4,N
33.04002,56.84917,304.82,0.38,0.36,2026-09-11,2212,N,nominal,2.0NRT,293.75,0.88,N
39.17836,63.30536,297.5,0.48,0.4,2026-09-11,2210,N,nominal,2.0NRT,286.69,0.43,N
39.17078,63.28532,300.52,0.48,0.4,2026-09-11,2210,N,nominal,2.0NRT,287.43,0.62,N
39.16899,63.25557,299.38,0.48,0.4,2026-09-11,2210,N,nominal,2.0NRT,288.04,0.92,N
39.1679,63.26104,299.53,0.48,0.4,2026-09-11,2210,N,nominal,2.0NRT,287.46,0.97,N
39.15591,63.32137,303.33,0.48,0.4,2026-09-11,2210,N,nominal,2.0NRT,287.38,0.89,N
39.1643,63.25985,310.79,0.48,0.4,2026-09-11,2210,N,nominal,2.0NRT,287.73,0.97,N
39.12878,63.41841,306.14,0.49,0.4,2026-09-11,2210,N,nominal,2.0NRT,287.67,1.09,N
39.12806,63.30632,305.22,0.48,0.4,2026-09-11,2210,N,nominal,2.0NRT,286.97,1.25,N
38.94233,64.13566,299.7,0.53,0.42,2026-09-11,2210,N,nominal,2.0NRT,288.69,0.82,N
39.01584,63.70513,298.29,0.5,0.41,2026-09-11,2210,N,nominal,2.0NRT,287.78,0.72,N
39.01568,63.7041,301.02,0.5,0.41,2026-09-11,2210,N,nominal,2.0NRT,287.6,0.84,N
39.06762,63.38513,299.21,0.49,0.4,2026-09-11,2210,N,nominal,2.0NRT,287.31,0.74,N
38.96947,63.62174,300.26,0.5,0.41,2026-09-11,2210,N,nominal,2.0NRT,288.39,0.75,N
38.97356,63.46679,306.15,0.49,0.41,2026-09-11,2210,N,nominal,2.0NRT,288.46,1.2,N
38.45431,65.80487,306.91,0.43,0.46,2026-09-11,2210,N,nominal,2.0NRT,290.16,1.24,N
38.45491,65.8035,307.08,0.43,0.46,2026-09-11,2210,N,nominal,2.0NRT,290.14,0.88,N
38.87143,63.79622,300.51,0.51,0.41,2026-09-11,2210,N,nominal,2.0NRT,286.74,0.82,N
38.4804,65.62791,311.34,0.42,0.45,2026-09-11,2210,N,nominal,2.0NRT,290.88,1.75,N
38.83838,63.82224,296.98,0.51,0.41,2026-09-11,2210,N,nominal,2.0NRT,286.53,0.31,N
38.04941,67.26479,304.67,0.52,0.5,2026-09-11,2210,N,nominal,2.0NRT,288.21,1.76,N
38.65172,63.97786,300.94,0.53,0.42,2026-09-11,2210,N,nominal,2.0NRT,288.23,0.72,N
32.33425,54.08828,308.19,0.42,0.38,2026-09-11,2214,N,nominal,2.0NRT,292.53,0.7,N
38.11929,64.74004,301.4,0.39,0.44,2026-09-11,2210,N,nominal,2.0NRT,289.29,0.59,N
38.12915,64.67385,307.25,0.39,0.44,2026-09-11,2210,N,nominal,2.0NRT,289.81,0.64,N
38.08735,64.8698,301.22,0.39,0.44,2026-09-11,2210,N,nominal,2.0NRT,287.78,0.48,N
37.96331,65.00808,307.37,0.4,0.44,2026-09-11,2210,N,nominal,2.0NRT,288.62,0.5,N
37.9651,65.00556,301.68,0.4,0.44,2026-09-11,2210,N,nominal,2.0NRT,288.8,0.66,N
37.88469,65.13799,299.36,0.41,0.45,2026-09-11,2210,N,nominal,2.0NRT,289.1,0.53,N
37.8253,65.17131,303.4,0.41,0.45,2026-09-11,2210,N,nominal,2.0NRT,289.52,1.04,N
39.50893,54.32682,306.49,0.48,0.4,2026-09-11,2210,N,nominal,2.0NRT,288.47,0.88,N
31.94225,54.04714,311.24,0.42,0.38,2026-09-11,2214,N,nominal,2.0NRT,294.85,0.64,N
31.93941,54.04211,308.54,0.42,0.38,2026-09-11,2214,N,nominal,2.0NRT,296.22,1.66,N
31.92729,54.05338,318.6,0.42,0.37,2026-09-11,2214,N,nominal,2.0NRT,296.59,2.25,N
31.92826,54.05564,321.75,0.42,0.37,2026-09-11,2214,N,nominal,2.0NRT,297.51,2.34,N
31.89489,54.24211,303.54,0.41,0.37,2026-09-11,2214,N,nominal,2.0NRT,293.08,0.43,N
37.9609,62.66643,304.36,0.48,0.4,2026-09-11,2210,N,nominal,2.0NRT,289.88,1.12,N
31.70464,55.44709,310.28,0.39,0.36,2026-09-11,2214,N,nominal,2.0NRT,298.24,1.56,N
37.9911,61.88158,309.68,0.45,0.39,2026-09-11,2210,N,nominal,2.0NRT,289.37,1.72,N
37.79813,62.54976,326.73,0.47,0.4,2026-09-11,2212,N,nominal,2.0NRT,290.05,3.66,N
37.88788,62.02402,300.97,0.45,0.39,2026-09-11,2212,N,nominal,2.0NRT,288.32,0.65,N
37.78942,62.5358,313.5,0.47,0.4,2026-09-11,2212,N,nominal,2.0NRT,288.76,1.36,N
31.85,54.287,315.64,0.41,0.37,2026-09-11,2214,N,nominal,2.0NRT,297.96,1.35,N
37.78839,62.5411,310.47,0.47,0.4,2026-09-11,2212,N,nominal,2.0NRT,287.79,1.36,N
37.778,62.10163,301.74,0.46,0.39,2026-09-11,2212,N,nominal,2.0NRT,289.18,0.6,N
37.77647,62.03121,305.47,0.45,0.39,2026-09-11,2212,N,nominal,2.0NRT,289.06,0.48,N
37.74289,62.12871,299.06,0.46,0.39,2026-09-11,2212,N,nominal,2.0NRT,288.92,1.12,N
37.74208,62.07447,301.22,0.46,0.39,2026-09-11,2212,N,nominal,2.0NRT,287.94,0.47,N
31.4342,56.4907,307.01,0.38,0.36,2026-09-11,2214,N,nominal,2.0NRT,290.73,0.7,N
37.72659,62.09669,321.89,0.46,0.39,2026-09-11,2212,N,nominal,2.0NRT,290.57,2.54,N
37.75101,61.85309,304.86,0.45,0.39,2026-09-11,2212,N,nominal,2.0NRT,287.93,0.78,N
37.74592,61.84098,301.36,0.45,0.39,2026-09-11,2212,N,nominal,2.0NRT,289.57,0.67,N
37.66939,62.23678,314.84,0.46,0.39,2026-09-11,2212,N,nominal,2.0NRT,289.05,2.04,N
31.62474,54.74374,307.94,0.4,0.37,2026-09-11,2214,N,nominal,2.0NRT,296.38,1.06,N
37.66127,62.23975,310.68,0.46,0.39,2026-09-11,2212,N,nominal,2.0NRT,289.24,1.46,N
31.6238,54.72625,309.65,0.4,0.37,2026-09-11,2214,N,nominal,2.0NRT,295.05,0.95,N
37.6567,62.24381,303.96,0.46,0.39,2026-09-11,2212,N,nominal,2.0NRT,287.93,0.89,N
37.79663,61.49686,300.2,0.44,0.38,2026-09-11,2212,N,nominal,2.0NRT,289.49,0.77,N
37.63765,62.20383,313.35,0.46,0.39,2026-09-11,2212,N,nominal,2.0NRT,288.47,1.15,N
37.62856,62.21194,299.51,0.46,0.39,2026-09-11,2212,N,nominal,2.0NRT,289,1.02,N
37.62757,62.21711,301.53,0.46,0.39,2026-09-11,2212,N,nominal,2.0NRT,289,0.61,N
37.62585,62.16747,310.52,0.46,0.39,2026-09-11,2212,N,nominal,2.0NRT,289.27,1.03,N
37.62486,62.17261,302.8,0.46,0.39,2026-09-11,2212,N,nominal,2.0NRT,289.67,1.01,N
37.62665,62.12426,306.45,0.46,0.39,2026-09-11,2212,N,nominal,2.0NRT,288.99,0.56,N
37.62014,62.13855,313.31,0.46,0.39,2026-09-11,2212,N,nominal,2.0NRT,291.22,1.65,N
37.65692,61.90796,302.61,0.45,0.39,2026-09-11,2212,N,nominal,2.0NRT,288.45,0.9,N
37.65341,61.90689,304.86,0.45,0.39,2026-09-11,2212,N,nominal,2.0NRT,288.95,0.9,N
38.25724,58.39106,305.29,0.38,0.36,2026-09-11,2212,N,nominal,2.0NRT,292.5,1.69,N
37.62872,61.95806,300.77,0.45,0.39,2026-09-11,2212,N,nominal,2.0NRT,289.58,0.65,N
37.63011,61.72292,300.7,0.44,0.39,2026-09-11,2212,N,nominal,2.0NRT,289.17,0.55,N
37.55688,61.93367,300.14,0.45,0.39,2026-09-11,2212,N,nominal,2.0NRT,289.34,0.64,N
37.61124,61.6077,321.72,0.44,0.38,2026-09-11,2212,N,nominal,2.0NRT,291.58,1.86,N
37.61423,61.57229,298.96,0.44,0.38,2026-09-11,2212,N,nominal,2.0NRT,288.77,0.6,N
37.61331,61.57719,313.74,0.44,0.38,2026-09-11,2212,N,nominal,2.0NRT,290.96,1.37,N
37.61054,61.59192,307.98,0.44,0.38,2026-09-11,2212,N,nominal,2.0NRT,289.38,1.13,N
37.60777,61.60666,315.82,0.44,0.38,2026-09-11,2212,N,nominal,2.0NRT,289.7,1.86,N
38.22214,57.98512,302.99,0.38,0.36,2026-09-11,2212,N,nominal,2.0NRT,288.2,0.88,N
38.21818,57.98867,307.66,0.38,0.36,2026-09-11,2212,N,nominal,2.0NRT,288.69,0.85,N
38.26187,57.65902,309.39,0.39,0.36,2026-09-11,2212,N,nominal,2.0NRT,293.46,1.32,N
38.19399,58.10032,306.1,0.38,0.36,2026-09-11,2212,N,nominal,2.0NRT,288.2,0.89,N
37.5987,61.55733,306.58,0.44,0.38,2026-09-11,2212,N,nominal,2.0NRT,289.71,0.87,N
37.59778,61.56223,304.86,0.44,0.38,2026-09-11,2212,N,nominal,2.0NRT,289.68,0.58,N
37.59523,61.55629,299.53,0.44,0.38,2026-09-11,2212,N,nominal,2.0NRT,288.62,0.87,N
37.59729,61.52591,304.31,0.44,0.38,2026-09-11,2212,N,nominal,2.0NRT,289.76,1.64,N
37.59083,61.56016,304.72,0.44,0.38,2026-09-11,2212,N,nominal,2.0NRT,290.14,1.22,N
37.5929,61.52977,322.96,0.44,0.38,2026-09-11,2212,N,nominal,2.0NRT,290.31,2.21,N
38.25063,57.66542,308.94,0.39,0.36,2026-09-11,2212,N,nominal,2.0NRT,292.32,1.18,N
38.19158,58.04995,309.47,0.38,0.36,2026-09-11,2212,N,nominal,2.0NRT,289.14,1.4,N
37.58735,61.55913,303.24,0.44,0.38,2026-09-11,2212,N,nominal,2.0NRT,289.49,1.22,N
28.05043,69.36802,309.48,0.59,0.7,2026-09-11,2214,N,nominal,2.0NRT,293.94,1.32,N
38.19057,57.96823,302.58,0.38,0.36,2026-09-11,2212,N,nominal,2.0NRT,288.37,0.42,N
37.42349,62.31136,325.81,0.47,0.4,2026-09-11,2212,N,nominal,2.0NRT,289.47,2.81,N
30.75571,56.65551,313.75,0.39,0.36,2026-09-11,2214,N,nominal,2.0NRT,295.39,1.82,N
30.75506,56.6595,313.23,0.39,0.36,2026-09-11,2214,N,nominal,2.0NRT,294.3,1.2,N
38.18129,57.98404,320.36,0.38,0.36,2026-09-11,2212,N,nominal,2.0NRT,289.63,1.64,N
28.05118,69.36514,305,0.59,0.7,2026-09-11,2214,N,nominal,2.0NRT,293.63,1.32,N
38.67947,54.31556,328.95,0.47,0.4,2026-09-11,2212,N,nominal,2.0NRT,291.77,2.71,N
30.66604,56.62076,316.88,0.39,0.36,2026-09-11,2214,N,nominal,2.0NRT,292.09,1.39,N
38.43686,56.20985,302.13,0.41,0.37,2026-09-11,2212,N,nominal,2.0NRT,288.99,0.68,N
37.48173,61.97517,304.1,0.46,0.39,2026-09-11,2212,N,nominal,2.0NRT,289.47,0.87,N
30.7352,55.38509,316.18,0.39,0.36,2026-09-11,2214,N,nominal,2.0NRT,292.31,0.9,N
37.48341,61.97961,299.7,0.46,0.39,2026-09-11,2212,N,nominal,2.0NRT,289.16,1.08,N
30.49831,56.81699,310.19,0.39,0.36,2026-09-11,2214,N,nominal,2.0NRT,294.94,1.23,N
38.68055,54.31476,332.46,0.47,0.4,2026-09-11,2212,N,nominal,2.0NRT,291.32,3.52,N
37.49768,61.84513,321.38,0.45,0.39,2026-09-11,2212,N,nominal,2.0NRT,291.49,2.26,N
30.49106,56.81953,305.95,0.39,0.36,2026-09-11,2214,N,nominal,2.0NRT,293.67,1.34,N
37.49673,61.85015,317.59,0.45,0.39,2026-09-11,2212,N,nominal,2.0NRT,291.24,1.8,N
37.40515,62.30999,303.43,0.47,0.4,2026-09-11,2212,N,nominal,2.0NRT,288.18,0.75,N
37.39597,62.31824,298.64,0.47,0.4,2026-09-11,2212,N,nominal,2.0NRT,287.99,0.5,N
38.64743,54.28043,329.17,0.47,0.4,2026-09-11,2212,N,nominal,2.0NRT,291.43,3.15,N
38.05789,58.16791,299.82,0.38,0.36,2026-09-11,2212,N,nominal,2.0NRT,289.72,0.63,N
38.02636,58.1755,309.11,0.38,0.36,2026-09-11,2212,N,nominal,2.0NRT,290.11,1,N
37.94703,58.58843,313.21,0.38,0.36,2026-09-11,2212,N,nominal,2.0NRT,290.08,0.63,N
37.94065,58.56423,320.57,0.38,0.36,2026-09-11,2212,N,nominal,2.0NRT,291.3,1.92,N
30.36977,57.12233,306.82,0.39,0.36,2026-09-11,2214,N,nominal,2.0NRT,291.78,0.37,N
38.51052,54.21309,299.26,0.47,0.4,2026-09-11,2212,N,nominal,2.0NRT,289.23,0.45,N
37.34992,61.36523,299.48,0.44,0.38,2026-09-11,2212,N,nominal,2.0NRT,289.08,0.63,N
37.34645,61.36422,305.03,0.44,0.38,2026-09-11,2212,N,nominal,2.0NRT,289.14,0.63,N
37.11795,62.36348,328.49,0.48,0.4,2026-09-11,2212,N,nominal,2.0NRT,291.25,6.71,N
37.11435,62.36237,307.16,0.48,0.4,2026-09-11,2212,N,nominal,2.0NRT,289.98,1.63,N
37.43948,60.40472,300.5,0.41,0.37,2026-09-11,2212,N,nominal,2.0NRT,288.06,0.51,N
37.0312,62.41957,322.61,0.48,0.4,2026-09-11,2212,N,nominal,2.0NRT,291.32,4.33,N
37.21751,60.02441,316.49,0.4,0.37,2026-09-11,2212,N,nominal,2.0NRT,291.51,0.81,N
37.45398,57.68661,310.67,0.39,0.36,2026-09-11,2212,N,nominal,2.0NRT,289.16,1.22,N
36.47731,61.62524,302.71,0.46,0.39,2026-09-11,2212,N,nominal,2.0NRT,290.48,2.87,N
36.43838,61.21657,304.04,0.44,0.39,2026-09-11,2212,N,nominal,2.0NRT,289.85,1.05,N
35.90919,62.96427,302.89,0.53,0.42,2026-09-11,2212,N,nominal,2.0NRT,290.02,1.23,N
36.99288,56.23312,304.66,0.4,0.37,2026-09-11,2212,N,nominal,2.0NRT,287.14,0.55,N
36.71906,56.84989,301.59,0.39,0.36,2026-09-11,2212,N,nominal,2.0NRT,289.53,0.73,N
30.36833,56.12889,318.63,0.38,0.36,2026-09-11,2214,N,nominal,2.0NRT,292.42,1.08,N
36.23907,59.73315,302.1,0.4,0.37,2026-09-11,2212,N,nominal,2.0NRT,288.07,0.43,N
36.94798,54.88889,302.43,0.43,0.38,2026-09-11,2212,N,nominal,2.0NRT,290.74,0.73,N
30.23469,56.91033,323.29,0.39,0.36,2026-09-11,2214,N,nominal,2.0NRT,294.53,2.44,N
36.94448,54.88817,323.31,0.43,0.38,2026-09-11,2212,N,nominal,2.0NRT,291.04,2.34,N
36.33804,58.66491,313.87,0.39,0.36,2026-09-11,2212,N,nominal,2.0NRT,289.6,0.92,N
30.3794,55.86505,307.8,0.38,0.36,2026-09-11,2214,N,nominal,2.0NRT,290.99,0.97,N
29.47829,60.80793,301.12,0.54,0.42,2026-09-11,2214,N,nominal,2.0NRT,291.03,0.42,N
29.477,60.80643,303.97,0.54,0.42,2026-09-11,2214,N,nominal,2.0NRT,291.43,0.94,N
30.32169,55.973,302.89,0.38,0.36,2026-09-11,2214,N,nominal,2.0NRT,290.71,0.67,N
30.21496,55.9847,310.08,0.38,0.36,2026-09-11,2214,N,nominal,2.0NRT,292.16,1.06,N
29.92703,56.73521,312.91,0.39,0.36,2026-09-11,2214,N,nominal,2.0NRT,293.03,1.28,N
30.08269,55.39975,328.3,0.39,0.36,2026-09-11,2214,N,nominal,2.0NRT,291.5,2.73,N
29.99134,55.8547,335.39,0.38,0.36,2026-09-11,2214,N,nominal,2.0NRT,294.72,10.79,N
29.99072,55.85864,319.2,0.38,0.36,2026-09-11,2214,N,nominal,2.0NRT,289.61,4.48,N
29.98805,55.85402,334.88,0.38,0.36,2026-09-11,2214,N,nominal,2.0NRT,289.29,7.67,N
29.98743,55.85796,316.67,0.38,0.36,2026-09-11,2214,N,nominal,2.0NRT,288.38,3.78,N
29.98601,55.84546,298.41,0.38,0.36,2026-09-11,2214,N,nominal,2.0NRT,287.85,0.3,N
30.00148,55.1991,309.19,0.39,0.36,2026-09-11,2214,N,nominal,2.0NRT,289.04,0.75,N
29.99487,55.19777,302.34,0.39,0.36,2026-09-11,2214,N,nominal,2.0NRT,289.01,0.45,N
29.69909,55.53246,302.32,0.38,0.36,2026-09-11,2214,N,nominal,2.0NRT,289.91,0.69,N
29.01998,58.77559,331.43,0.44,0.39,2026-09-11,2214,N,nominal,2.0NRT,297.94,4.43,N
29.51144,55.79973,306.84,0.38,0.36,2026-09-11,2214,N,nominal,2.0NRT,289.61,1.01,N
29.15252,55.36568,314.47,0.38,0.36,2026-09-11,2214,N,nominal,2.0NRT,292.48,1.39,N
29.13751,55.37479,304.46,0.38,0.36,2026-09-11,2214,N,nominal,2.0NRT,294.21,1.58,N
29.13668,55.35934,311.72,0.38,0.36,2026-09-11,2214,N,nominal,2.0NRT,297.83,1.64,N
29.13362,55.37895,311.58,0.38,0.36,2026-09-11,2214,N,nominal,2.0NRT,294.18,1.51,N
29.20206,54.48322,305.97,0.39,0.36,2026-09-11,2214,N,nominal,2.0NRT,290.21,1.09,N
29.17186,54.61676,320.25,0.39,0.36,2026-09-11,2214,N,nominal,2.0NRT,294.22,1.61,N
25.38903,68.58649,295.44,0.61,0.71,2026-09-11,2214,N,nominal,2.0NRT,272.65,0.79,N
27.22761,60.48848,310.51,0.56,0.43,2026-09-11,2214,N,nominal,2.0NRT,299.89,1.95,N
27.42153,56.50286,324.1,0.39,0.36,2026-09-11,2214,N,nominal,2.0NRT,299.99,2.79,N
25.05437,67.49535,307.44,0.54,0.68,2026-09-11,2214,N,nominal,2.0NRT,292.5,1.27,N
27.30141,56.30358,323.32,0.39,0.36,2026-09-11,2214,N,nominal,2.0NRT,300.43,3.26,N
27.16991,56.09633,331.67,0.39,0.36,2026-09-11,2214,N,nominal,2.0NRT,301.84,4.07,N
27.16969,56.05595,333.95,0.39,0.36,2026-09-11,2214,N,nominal,2.0NRT,302.53,3.75,N
27.16263,56.09887,323.36,0.39,0.36,2026-09-11,2214,N,nominal,2.0NRT,301.36,3.46,N
27.16199,56.10278,336.01,0.39,0.36,2026-09-11,2214,N,nominal,2.0NRT,302.48,3.46,N
27.16701,56.05137,333.08,0.39,0.36,2026-09-11,2214,N,nominal,2.0NRT,301.59,4.17,N
27.15867,56.10209,338,0.39,0.36,2026-09-11,2214,N,nominal,2.0NRT,301.49,7.69,N
27.16253,56.07868,318.16,0.39,0.36,2026-09-11,2214,N,nominal,2.0NRT,301.34,1.8,N
27.15643,56.05323,312.59,0.39,0.36,2026-09-11,2214,N,nominal,2.0NRT,302.39,1.86,N
25.9753,56.07047,317.59,0.39,0.36,2026-09-11,2214,N,nominal,2.0NRT,303.97,1.11,N
25.97196,56.06979,316.28,0.39,0.36,2026-09-11,2214,N,nominal,2.0NRT,303.2,1.11,N
25.96529,56.06843,315.87,0.39,0.36,2026-09-11,2214,N,nominal,2.0NRT,304.16,1.27,N
25.90482,54.53133,314.66,0.38,0.36,2026-09-11,2214,N,nominal,2.0NRT,302.23,0.43,N
25.90152,54.5307,314.79,0.38,0.36,2026-09-11,2214,N,nominal,2.0NRT,302.28,0.43,N
25.55817,55.98504,321.97,0.39,0.36,2026-09-11,2214,N,nominal,2.0NRT,303.9,1.69,N
25.55612,55.97658,318.48,0.39,0.36,2026-09-11,2214,N,nominal,2.0NRT,304.1,1.63,N
25.59931,54.42322,323.88,0.38,0.36,2026-09-11,2214,N,nominal,2.0NRT,304.06,1.81,N
25.15702,55.24067,316.98,0.39,0.36,2026-09-11,2214,N,nominal,2.0NRT,304.01,0.81,N
25.06134,55.12086,322.05,0.39,0.36,2026-09-11,2214,N,nominal,2.0NRT,302.43,0.7,N
25.02619,55.08736,314.26,0.39,0.36,2026-09-11,2214,N,nominal,2.0NRT,303.56,1.28,N
25.02227,55.09051,313.84,0.39,0.36,2026-09-11,2214,N,nominal,2.0NRT,303.66,0.82,N
24.50609,56.60683,343.69,0.41,0.37,2026-09-11,2216,N,nominal,2.0NRT,302.05,6.74,N
24.47313,56.63364,315.98,0.41,0.37,2026-09-11,2216,N,nominal,2.0NRT,300.42,1.09,N
24.47052,56.63453,311.22,0.42,0.37,2026-09-11,2216,N,nominal,2.0NRT,299.84,1.02,N
24.45645,56.55177,315.65,0.41,0.37,2026-09-11,2216,N,nominal,2.0NRT,300.61,0.93,N
24.5106,54.01972,336.33,0.39,0.36,2026-09-11,2216,N,nominal,2.0NRT,305.03,3.43,N
24.43839,54.48005,316.04,0.38,0.36,2026-09-11,2216,N,nominal,2.0NRT,304.25,0.72,N
24.32818,54.47105,321.01,0.38,0.36,2026-09-11,2216,N,nominal,2.0NRT,304.29,1.98,N
24.32006,54.45789,321.87,0.38,0.36,2026-09-11,2216,N,nominal,2.0NRT,305.05,1.7,N
23.55408,58.20124,310.8,0.49,0.4,2026-09-11,2216,N,nominal,2.0NRT,299.55,0.92,N
23.19357,55.45685,317.83,0.4,0.37,2026-09-11,2216,N,nominal,2.0NRT,300.59,0.86,N
23.19228,55.46453,314.56,0.4,0.37,2026-09-11,2216,N,nominal,2.0NRT,299.58,1.42,N
23.19022,55.4562,310.09,0.4,0.37,2026-09-11,2216,N,nominal,2.0NRT,300.08,0.96,N
23.31046,54.17831,313.13,0.38,0.36,2026-09-11,2216,N,nominal,2.0NRT,300.25,0.78,N
22.87232,55.61611,329.82,0.4,0.37,2026-09-11,2216,N,nominal,2.0NRT,299.18,1.96,N
22.87297,55.61223,313.34,0.4,0.37,2026-09-11,2216,N,nominal,2.0NRT,298.32,1.9,N
22.78273,55.81597,312.01,0.41,0.37,2026-09-11,2216,N,nominal,2.0NRT,300.87,0.87,N
22.40757,56.98761,319.76,0.45,0.39,2026-09-11,2216,N,nominal,2.0NRT,299.92,1.97,N
22.32865,56.48881,324.79,0.43,0.38,2026-09-11,2216,N,nominal,2.0NRT,298.91,6.04,N
21.93828,57.07447,336.84,0.46,0.39,2026-09-11,2216,N,nominal,2.0NRT,298.26,4.79,N
22.00935,56.42885,310.99,0.43,0.38,2026-09-11,2216,N,nominal,2.0NRT,298.66,0.62,N
21.89178,56.84666,328.94,0.45,0.39,2026-09-11,2216,N,nominal,2.0NRT,299.32,6.51,N
21.83399,56.68239,325.99,0.44,0.38,2026-09-11,2216,N,nominal,2.0NRT,299.8,1.81,N
21.70399,56.47101,313.88,0.43,0.38,2026-09-11,2216,N,nominal,2.0NRT,298.36,1.09,N
21.33456,57.72551,310.82,0.5,0.41,2026-09-11,2216,N,nominal,2.0NRT,296.71,1.65,N
21.33385,57.72317,319.72,0.5,0.41,2026-09-11,2216,N,nominal,2.0NRT,296.88,2.05,N
21.61501,56.06121,316.07,0.42,0.38,2026-09-11,2216,N,nominal,2.0NRT,301.28,0.82,N
21.31899,57.7201,308.44,0.5,0.41,2026-09-11,2216,N,nominal,2.0NRT,296.42,1.82,N
21.31467,57.74392,314.26,0.5,0.41,2026-09-11,2216,N,nominal,2.0NRT,296.54,1.87,N
21.3051,57.79668,311.58,0.5,0.41,2026-09-11,2216,N,nominal,2.0NRT,296.95,1.62,N
21.31009,57.74792,323.91,0.5,0.41,2026-09-11,2216,N,nominal,2.0NRT,296.42,1.98,N
21.30586,57.7075,312.04,0.5,0.41,2026-09-11,2216,N,nominal,2.0NRT,296.59,1.25,N
21.29535,57.68064,307.47,0.5,0.41,2026-09-11,2216,N,nominal,2.0NRT,296.07,0.83,N
21.40964,55.74258,311.71,0.41,0.37,2026-09-11,2216,N,nominal,2.0NRT,300.93,0.91,N
20.56029,56.42009,311.18,0.44,0.39,2026-09-11,2216,N,nominal,2.0NRT,296.16,3.62,N
20.7059,55.43018,309.91,0.41,0.37,2026-09-11,2216,N,nominal,2.0NRT,297.22,1.41,N
20.38979,55.66127,330.16,0.42,0.38,2026-09-11,2216,N,nominal,2.0NRT,297.71,4.19,N
20.38494,55.64803,323.64,0.42,0.38,2026-09-11,2216,N,nominal,2.0NRT,297.37,3.89,N
20.22482,55.7424,325.83,0.42,0.38,2026-09-11,2216,N,nominal,2.0NRT,295.32,1.76,N
20.21241,55.71102,324.59,0.42,0.38,2026-09-11,2216,N,nominal,2.0NRT,294.8,2.48,N
19.33693,56.46861,310.19,0.46,0.39,2026-09-11,2216,N,nominal,2.0NRT,297.03,0.96,N
19.2688,56.17658,328.46,0.45,0.39,2026-09-11,2216,N,nominal,2.0NRT,296.84,2.68,N
18.55718,55.8719,306.55,0.44,0.39,2026-09-11,2216,N,nominal,2.0NRT,296.44,0.36,N
18.32469,55.10509,325.13,0.42,0.38,2026-09-11,2216,N,nominal,2.0NRT,296.65,2.49,N
18.32126,55.10445,332.69,0.42,0.38,2026-09-11,2216,N,nominal,2.0NRT,297.26,2.49,N
18.32202,55.10557,334.33,0.42,0.38,2026-09-11,2216,N,nominal,2.0NRT,298.99,5.53,N
18.01565,54.57308,307.03,0.41,0.37,2026-09-11,2216,N,nominal,2.0NRT,293.22,8.76,N
18.01226,54.57245,348.02,0.41,0.37,2026-09-11,2216,N,nominal,2.0NRT,300.97,8.76,N
17.03827,54.48842,311.35,0.41,0.37,2026-09-11,2218,N,nominal,2.0NRT,293.36,1.86,N
14.12963,100.49166,333.47,0.45,0.63,2026-09-12,0603,N,nominal,2.0NRT,286.83,5.39,D
17.18397,99.96063,350.34,0.43,0.62,2026-09-12,0603,N,nominal,2.0NRT,290.98,7.6,D
19.61632,101.19637,353.12,0.32,0.55,2026-09-12,0603,N,nominal,2.0NRT,290.76,8.07,D
19.61574,101.19355,340.75,0.32,0.55,2026-09-12,0603,N,nominal,2.0NRT,290.47,5.33,D
19.91723,99.26624,325.39,0.42,0.61,2026-09-12,0603,N,nominal,2.0NRT,294.65,3.34,D
20.47334,100.11913,346.06,0.36,0.57,2026-09-12,0605,N,nominal,2.0NRT,293.72,4.52,D
21.61224,99.39736,341.59,0.38,0.59,2026-09-12,0605,N,nominal,2.0NRT,288.47,5.69,D
21.61145,99.39375,345.29,0.38,0.59,2026-09-12,0605,N,nominal,2.0NRT,288.81,5.69,D
27.72672,96.28129,333.96,0.43,0.62,2026-09-12,0608,N,nominal,2.0NRT,288.25,4.11,D
27.73226,96.2794,345.79,0.43,0.62,2026-09-12,0608,N,nominal,2.0NRT,287.82,4.11,D
6.18458,81.1745,337.5,0.49,0.49,2026-09-12,0741,N,nominal,2.0NRT,290.02,3.36,D
6.5824,81.02856,331.75,0.49,0.49,2026-09-12,0741,N,nominal,2.0NRT,295.24,7.64,D
6.70239,81.3877,334.12,0.47,0.47,2026-09-12,0741,N,nominal,2.0NRT,295.26,8.09,D
6.61972,80.86633,339.45,0.51,0.49,2026-09-12,0741,N,nominal,2.0NRT,295.62,3.15,D
6.61907,80.86243,330.11,0.51,0.49,2026-09-12,0741,N,nominal,2.0NRT,294.25,3.15,D
6.8061,81.54609,341.46,0.45,0.47,2026-09-12,0741,N,nominal,2.0NRT,295.5,5.9,D
7.01647,81.61634,333.31,0.45,0.47,2026-09-12,0741,N,nominal,2.0NRT,298.67,5.07,D
6.98819,81.45032,342.17,0.46,0.47,2026-09-12,0741,N,nominal,2.0NRT,298.28,6.93,D
7.05813,81.78476,337.76,0.43,0.46,2026-09-12,0741,N,nominal,2.0NRT,297.91,4.8,D
7.05747,81.78086,341.89,0.43,0.46,2026-09-12,0741,N,nominal,2.0NRT,297.46,4.8,D
7.06236,81.78408,342.24,0.43,0.46,2026-09-12,0741,N,nominal,2.0NRT,297.78,4.8,D
7.02286,81.33838,335.63,0.46,0.47,2026-09-12,0741,N,nominal,2.0NRT,295.87,4.34,D
7.11429,81.83554,344.63,0.43,0.46,2026-09-12,0741,N,nominal,2.0NRT,299.8,17.41,D
7.12647,81.6804,335.91,0.44,0.46,2026-09-12,0741,N,nominal,2.0NRT,295.82,7.02,D
7.11013,81.58477,341.69,0.45,0.47,2026-09-12,0741,N,nominal,2.0NRT,297.42,13.57,D
7.09646,81.45305,340.1,0.45,0.47,2026-09-12,0741,N,nominal,2.0NRT,295.64,3.73,D
7.18581,81.79967,333.13,0.43,0.46,2026-09-12,0741,N,nominal,2.0NRT,298.1,1.44,D
7.09008,80.98764,340.19,0.49,0.48,2026-09-12,0741,N,nominal,2.0NRT,293.43,10.15,D
7.10688,81.00608,334.54,0.49,0.48,2026-09-12,0741,N,nominal,2.0NRT,295.14,4.89,D
7.16228,81.04507,337.86,0.48,0.48,2026-09-12,0741,N,nominal,2.0NRT,296.15,3.88,D
7.27174,81.58786,330.17,0.44,0.46,2026-09-12,0741,N,nominal,2.0NRT,298.99,6.65,D
7.04147,79.87819,349.69,0.58,0.52,2026-09-12,0741,N,nominal,2.0NRT,290.96,16.75,D
7.0404,79.88097,344.64,0.58,0.52,2026-09-12,0741,N,nominal,2.0NRT,290.32,5.97,D
7.04521,79.88014,337.91,0.58,0.52,2026-09-12,0741,N,nominal,2.0NRT,290.7,11.26,D
7.04429,79.87487,340.72,0.58,0.52,2026-09-12,0741,N,nominal,2.0NRT,290.43,9.38,D
7.42772,81.66785,367,0.44,0.46,2026-09-12,0741,N,high,2.0NRT,298.06,10.61,D
7.37745,81.0931,332.88,0.48,0.48,2026-09-12,0741,N,nominal,2.0NRT,298.05,3.42,D
7.35733,80.97545,330.51,0.48,0.48,2026-09-12,0741,N,nominal,2.0NRT,297.82,2.77,D
7.35879,80.95721,341.49,0.49,0.48,2026-09-12,0741,N,nominal,2.0NRT,298.69,7.18,D
7.52494,80.97937,330.16,0.48,0.48,2026-09-12,0741,N,low,2.0NRT,300.65,2.33,D
7.55203,81.03295,343.02,0.48,0.48,2026-09-12,0741,N,nominal,2.0NRT,297.68,9.06,D
7.55131,81.02861,340.96,0.48,0.48,2026-09-12,0741,N,nominal,2.0NRT,291.83,2.75,D
7.55105,81.03083,354.67,0.48,0.48,2026-09-12,0741,N,nominal,2.0NRT,297.12,8.58,D
7.56428,81.02858,330.14,0.48,0.48,2026-09-12,0741,N,low,2.0NRT,300.6,6.61,D
7.58269,81.05655,333.42,0.47,0.48,2026-09-12,0741,N,nominal,2.0NRT,301.27,8.17,D
7.57145,80.9379,343.49,0.48,0.48,2026-09-12,0741,N,nominal,2.0NRT,299.6,6.71,D
7.59294,81.03706,338.53,0.48,0.48,2026-09-12,0741,N,nominal,2.0NRT,300.06,6.66,D
7.6142,81.08228,341.12,0.47,0.48,2026-09-12,0741,N,nominal,2.0NRT,298.98,6.45,D
7.60983,81.02975,343.57,0.48,0.48,2026-09-12,0741,N,nominal,2.0NRT,296.68,8.19,D
7.61204,81.01603,344.73,0.48,0.48,2026-09-12,0741,N,nominal,2.0NRT,301.52,10.38,D
7.61131,81.0117,331.98,0.48,0.48,2026-09-12,0741,N,nominal,2.0NRT,298.66,4.98,D
7.6456,81.00668,335.51,0.48,0.48,2026-09-12,0744,N,nominal,2.0NRT,294.01,8.63,D
7.64484,81.00233,356.52,0.48,0.48,2026-09-12,0744,N,nominal,2.0NRT,295.49,8.63,D
7.64408,80.998,342.52,0.48,0.48,2026-09-12,0744,N,nominal,2.0NRT,297.22,11.3,D
7.78176,81.48782,333.16,0.44,0.46,2026-09-12,0744,N,nominal,2.0NRT,298.02,4.38,D
7.73436,81.04906,339.21,0.47,0.48,2026-09-12,0744,N,nominal,2.0NRT,303.39,11.19,D
7.73364,81.04479,335.07,0.47,0.48,2026-09-12,0744,N,nominal,2.0NRT,302.82,6.58,D
7.73804,81.04405,343.26,0.47,0.48,2026-09-12,0744,N,nominal,2.0NRT,297.7,6.58,D
7.68932,80.4494,345.53,0.52,0.5,2026-09-12,0744,N,nominal,2.0NRT,292.2,2.72,D
7.79308,80.61845,339.16,0.5,0.49,2026-09-12,0744,N,nominal,2.0NRT,299.78,5.47,D
7.79231,80.61386,338.92,0.5,0.49,2026-09-12,0744,N,nominal,2.0NRT,298.69,5.47,D
7.79759,80.61766,333.5,0.5,0.49,2026-09-12,0744,N,nominal,2.0NRT,298.7,6.14,D
7.79322,80.61471,347.79,0.5,0.49,2026-09-12,0744,N,nominal,2.0NRT,300.21,7.34,D
7.79774,80.61394,331.61,0.5,0.49,2026-09-12,0744,N,nominal,2.0NRT,297.81,7.34,D
7.90877,81.22432,330.8,0.46,0.47,2026-09-12,0744,N,nominal,2.0NRT,300.7,2.53,D
7.9456,81.38625,330.08,0.45,0.47,2026-09-12,0744,N,nominal,2.0NRT,297.32,2.96,D
7.91244,81.16814,330.9,0.46,0.47,2026-09-12,0744,N,low,2.0NRT,301.77,1.32,D
7.96555,81.08558,338.91,0.47,0.47,2026-09-12,0744,N,nominal,2.0NRT,300.62,3.24,D
7.99679,81.08457,330.66,0.47,0.47,2026-09-12,0744,N,nominal,2.0NRT,300.57,2.48,D
7.80422,79.93233,341.29,0.56,0.51,2026-09-12,0744,N,nominal,2.0NRT,296.67,3.76,D
8.00142,81.08142,331.27,0.47,0.47,2026-09-12,0744,N,nominal,2.0NRT,300.49,4.58,D
7.80587,79.93601,338.96,0.56,0.51,2026-09-12,0744,N,nominal,2.0NRT,298.1,8.36,D
8.07677,81.39046,331.16,0.44,0.46,2026-09-12,0744,N,nominal,2.0NRT,297.87,6.36,D
8.00496,80.94511,348.39,0.48,0.48,2026-09-12,0744,N,nominal,2.0NRT,300.58,13.6,D
7.95697,80.61252,331.09,0.5,0.49,2026-09-12,0744,N,nominal,2.0NRT,295.46,5.26,D
8.06122,81.0103,344.04,0.47,0.48,2026-09-12,0744,N,nominal,2.0NRT,301.54,30.33,D
8.09088,81.05321,344.54,0.47,0.47,2026-09-12,0744,N,nominal,2.0NRT,298.05,8.66,D
8.10521,81.08544,343.23,0.46,0.47,2026-09-12,0744,N,nominal,2.0NRT,301.23,6.64,D
8.07846,81.00792,336.92,0.47,0.48,2026-09-12,0744,N,nominal,2.0NRT,295.54,4.48,D
8.09095,81.0537,346.48,0.47,0.47,2026-09-12,0744,N,nominal,2.0NRT,298.2,6.94,D
8.11133,81.11934,336.64,0.46,0.47,2026-09-12,0744,N,nominal,2.0NRT,300.03,5.87,D
8.10552,81.08588,342.84,0.46,0.47,2026-09-12,0744,N,nominal,2.0NRT,301.47,5.61,D
8.03993,80.68317,333.07,0.49,0.49,2026-09-12,0744,N,nominal,2.0NRT,298.58,4.07,D
7.96559,80.03988,330.94,0.55,0.51,2026-09-12,0744,N,nominal,2.0NRT,299.34,5.22,D
8.06541,80.3713,337.07,0.52,0.5,2026-09-12,0744,N,nominal,2.0NRT,298.56,5.89,D
8.18704,81.01131,332.29,0.47,0.48,2026-09-12,0744,N,nominal,2.0NRT,299.34,9.95,D
8.20405,81.0864,339.91,0.46,0.47,2026-09-12,0744,N,nominal,2.0NRT,300.66,7.03,D
8.18764,81.01199,331.11,0.47,0.48,2026-09-12,0744,N,nominal,2.0NRT,299.18,10.28,D
8.20521,81.08688,344.52,0.46,0.47,2026-09-12,0744,N,nominal,2.0NRT,301.35,6.76,D
8.22403,81.09228,331.15,0.46,0.47,2026-09-12,0744,N,nominal,2.0NRT,299.42,8.13,D
8.22331,81.0881,344.43,0.46,0.47,2026-09-12,0744,N,nominal,2.0NRT,300.89,11.16,D
8.23053,81.10403,331.8,0.46,0.47,2026-09-12,0744,N,nominal,2.0NRT,300.8,5.66,D
8.18756,80.75049,330.01,0.49,0.48,2026-09-12,0744,N,low,2.0NRT,301.29,3.27,D
8.19201,80.7497,330.79,0.49,0.48,2026-09-12,0744,N,nominal,2.0NRT,298.79,3.27,D
8.11358,80.10298,344.08,0.54,0.51,2026-09-12,0744,N,nominal,2.0NRT,300.1,8.01,D
8.22337,80.55514,332.7,0.5,0.49,2026-09-12,0744,N,nominal,2.0NRT,297.24,3.5,D
8.13032,80.07694,338.94,0.54,0.51,2026-09-12,0744,N,nominal,2.0NRT,297.61,3.86,D
8.22382,80.55173,334.64,0.5,0.49,2026-09-12,0744,N,nominal,2.0NRT,297.71,6.36,D
8.16267,80.15137,332.25,0.53,0.5,2026-09-12,0744,N,nominal,2.0NRT,298.59,3.69,D
8.18844,80.27067,339.59,0.52,0.5,2026-09-12,0744,N,nominal,2.0NRT,298.15,5.4,D
8.22505,80.45264,336.41,0.51,0.49,2026-09-12,0744,N,nominal,2.0NRT,298.74,7.72,D
8.28667,80.77976,334.09,0.48,0.48,2026-09-12,0744,N,nominal,2.0NRT,298.88,4.71,D
8.33177,81.01419,330.4,0.46,0.47,2026-09-12,0744,N,nominal,2.0NRT,294.94,9.29,D
8.30045,80.72736,341.34,0.49,0.48,2026-09-12,0744,N,nominal,2.0NRT,298.23,7.08,D
8.25494,80.3275,336.75,0.52,0.5,2026-09-12,0744,N,nominal,2.0NRT,300.84,5.9,D
8.25925,80.29769,335.71,0.52,0.5,2026-09-12,0744,N,nominal,2.0NRT,296.79,2.43,D
8.35896,80.80308,342.55,0.48,0.48,2026-09-12,0744,N,nominal,2.0NRT,300.46,11.15,D
8.34342,80.71103,341.93,0.49,0.48,2026-09-12,0744,N,nominal,2.0NRT,297.67,9.23,D
8.25863,80.15495,332.3,0.53,0.5,2026-09-12,0744,N,nominal,2.0NRT,301.39,7.3,D
8.2887,80.24864,338.9,0.52,0.5,2026-09-12,0744,N,nominal,2.0NRT,295.58,5.83,D
8.25686,80.15214,335.07,0.53,0.5,2026-09-12,0744,N,nominal,2.0NRT,300.91,4.03,D
8.2885,80.25041,338.02,0.52,0.5,2026-09-12,0744,N,nominal,2.0NRT,297.54,5.12,D
8.30267,80.27724,334.43,0.52,0.5,2026-09-12,0744,N,nominal,2.0NRT,297.12,4.2,D
8.39278,80.76662,332.4,0.48,0.48,2026-09-12,0744,N,nominal,2.0NRT,298.94,3.19,D
8.3849,80.66853,330.29,0.49,0.48,2026-09-12,0744,N,nominal,2.0NRT,297.84,5.11,D
8.4037,80.7243,332.6,0.48,0.48,2026-09-12,0744,N,nominal,2.0NRT,296.75,4.68,D
8.41152,80.47382,332.11,0.5,0.49,2026-09-12,0744,N,nominal,2.0NRT,295.01,4.59,D
8.49279,80.84737,335.17,0.47,0.48,2026-09-12,0744,N,nominal,2.0NRT,297.63,5.55,D
8.49359,80.82508,330.11,0.48,0.48,2026-09-12,0744,N,nominal,2.0NRT,296.54,4.75,D
8.49156,80.84512,334.16,0.47,0.48,2026-09-12,0744,N,nominal,2.0NRT,297.29,4.34,D
8.4922,80.82288,336.57,0.48,0.48,2026-09-12,0744,N,nominal,2.0NRT,295.33,4.39,D
8.52454,80.85271,343.01,0.47,0.48,2026-09-12,0744,N,nominal,2.0NRT,295.49,5.59,D
8.52888,80.82547,333.01,0.47,0.48,2026-09-12,0744,N,nominal,2.0NRT,296.11,4.02,D
8.46603,80.46207,331.31,0.5,0.49,2026-09-12,0744,N,nominal,2.0NRT,295.47,3.62,D
8.53329,80.82473,343.18,0.47,0.48,2026-09-12,0744,N,nominal,2.0NRT,295.43,7.26,D
8.47054,80.46129,340.68,0.5,0.49,2026-09-12,0744,N,nominal,2.0NRT,293.23,4.8,D
8.48214,80.5015,332.6,0.5,0.49,2026-09-12,0744,N,nominal,2.0NRT,291.27,6.97,D
8.51672,80.67548,330.24,0.49,0.48,2026-09-12,0744,N,nominal,2.0NRT,295.12,3.3,D
8.52794,80.71426,340.02,0.48,0.48,2026-09-12,0744,N,nominal,2.0NRT,297.8,6.42,D
8.52719,80.7099,334.41,0.48,0.48,2026-09-12,0744,N,nominal,2.0NRT,297.51,6.42,D
8.52116,80.67471,333.37,0.49,0.48,2026-09-12,0744,N,nominal,2.0NRT,295.09,3.3,D
8.52409,80.66512,337.24,0.49,0.48,2026-09-12,0744,N,nominal,2.0NRT,298.79,7.96,D
8.51454,80.52853,342.04,0.5,0.49,2026-09-12,0744,N,nominal,2.0NRT,289.26,4.56,D
8.47682,80.30786,342.74,0.51,0.5,2026-09-12,0744,N,nominal,2.0NRT,299.2,12.13,D
8.57211,80.84022,335.01,0.47,0.48,2026-09-12,0744,N,nominal,2.0NRT,295.08,2.81,D
8.51221,80.37827,348.46,0.51,0.49,2026-09-12,0744,N,nominal,2.0NRT,299.17,9.52,D
8.59622,80.84927,330.34,0.47,0.48,2026-09-12,0744,N,nominal,2.0NRT,294.02,3.92,D
8.51335,80.37949,338.79,0.51,0.49,2026-09-12,0744,N,nominal,2.0NRT,298.09,4.69,D
8.51254,80.37491,340.42,0.51,0.49,2026-09-12,0744,N,nominal,2.0NRT,300.35,4.91,D
8.61029,80.85212,335.73,0.47,0.48,2026-09-12,0744,N,nominal,2.0NRT,294.04,5.05,D
8.62782,80.84911,338.52,0.47,0.48,2026-09-12,0744,N,nominal,2.0NRT,291.24,4.35,D
8.6155,80.67295,341.54,0.48,0.48,2026-09-12,0744,N,nominal,2.0NRT,299.02,7.89,D
8.58621,80.50359,351.29,0.5,0.49,2026-09-12,0744,N,nominal,2.0NRT,290.99,13.18,D
8.57469,80.38332,336.42,0.51,0.49,2026-09-12,0744,N,nominal,2.0NRT,300.11,7.75,D
8.62956,80.67505,337.07,0.48,0.48,2026-09-12,0744,N,nominal,2.0NRT,297.93,7.95,D
8.6687,80.85074,330.82,0.47,0.48,2026-09-12,0744,N,nominal,2.0NRT,291.74,2.73,D
8.61842,80.50272,331.51,0.5,0.49,2026-09-12,0744,N,nominal,2.0NRT,290.19,5.02,D
8.70739,80.73883,344.89,0.48,0.48,2026-09-12,0744,N,nominal,2.0NRT,298.03,7.23,D
8.31892,77.59275,330.58,0.39,0.6,2026-09-12,0744,N,nominal,2.0NRT,298.47,2.22,D
8.80925,80.27412,341.12,0.51,0.49,2026-09-12,0744,N,nominal,2.0NRT,293.98,20.52,D
8.80845,80.26943,338.62,0.51,0.49,2026-09-12,0744,N,nominal,2.0NRT,294.07,12.49,D
8.89794,80.71543,349.62,0.48,0.48,2026-09-12,0744,N,nominal,2.0NRT,296.88,8.87,D
8.81352,80.27133,331.59,0.51,0.49,2026-09-12,0744,N,nominal,2.0NRT,293.94,3.21,D
8.8973,80.71758,330.69,0.48,0.48,2026-09-12,0744,N,nominal,2.0NRT,295.34,4.22,D
8.89653,80.71324,337.99,0.48,0.48,2026-09-12,0744,N,nominal,2.0NRT,296.33,4.22,D
8.94233,80.81985,330.41,0.47,0.48,2026-09-12,0744,N,nominal,2.0NRT,299.88,6.32,D
8.95907,80.8126,336.72,0.47,0.48,2026-09-12,0744,N,nominal,2.0NRT,298.19,3.06,D
8.96344,80.81184,332.39,0.47,0.48,2026-09-12,0744,N,nominal,2.0NRT,296.68,2.62,D
8.97946,80.82655,332.31,0.47,0.47,2026-09-12,0744,N,nominal,2.0NRT,300.65,10.65,D
8.93057,80.21703,334.07,0.51,0.5,2026-09-12,0744,N,nominal,2.0NRT,298.67,2.8,D
8.93058,80.21378,336.78,0.51,0.5,2026-09-12,0744,N,nominal,2.0NRT,299.1,5.78,D
8.98522,80.06801,338.48,0.52,0.5,2026-09-12,0744,N,nominal,2.0NRT,299.79,5.14,D
9.00462,79.86208,330.12,0.54,0.51,2026-09-12,0744,N,nominal,2.0NRT,297.81,8.01,D
9.00842,79.85635,343.25,0.54,0.51,2026-09-12,0744,N,nominal,2.0NRT,297.1,6.61,D
9.01307,79.85555,351.75,0.54,0.51,2026-09-12,0744,N,nominal,2.0NRT,296.63,20.3,D
9.20215,80.67951,335.18,0.47,0.48,2026-09-12,0744,N,nominal,2.0NRT,298.67,6.36,D
9.21971,80.67647,339.06,0.47,0.48,2026-09-12,0744,N,nominal,2.0NRT,299.88,5.76,D
9.24338,80.70864,330.14,0.47,0.48,2026-09-12,0744,N,nominal,2.0NRT,298.32,5.66,D
9.40211,80.433,330.94,0.49,0.48,2026-09-12,0744,N,nominal,2.0NRT,294.93,4.21,D
9.40158,80.37805,332.67,0.49,0.49,2026-09-12,0744,N,nominal,2.0NRT,297.28,3.56,D
9.06973,77.52162,334.25,0.39,0.59,2026-09-12,0744,N,nominal,2.0NRT,300.96,1.1,D
9.192,77.81502,338.44,0.37,0.58,2026-09-12,0744,N,nominal,2.0NRT,297.68,10.03,D
9.67016,78.19058,334.88,0.34,0.56,2026-09-12,0744,N,nominal,2.0NRT,288.66,1.73,D
11.93996,77.03573,335.16,0.37,0.58,2026-09-12,0744,N,nominal,2.0NRT,295.58,2.4,D
17.21943,99.7585,328.81,0.79,0.78,2026-09-12,0744,N,nominal,2.0NRT,286.93,4.24,D
17.21996,99.76365,327.01,0.79,0.78,2026-09-12,0744,N,nominal,2.0NRT,286.81,8.18,D
23.67653,86.39957,332.16,0.44,0.38,2026-09-12,0746,N,nominal,2.0NRT,295.51,9.04,D
23.68299,86.39413,331.66,0.44,0.38,2026-09-12,0746,N,nominal,2.0NRT,294.31,4.02,D
23.68652,86.39357,337.38,0.44,0.38,2026-09-12,0746,N,nominal,2.0NRT,295.05,4.02,D
23.7564,85.85259,332.56,0.42,0.38,2026-09-12,0746,N,nominal,2.0NRT,298.52,5.14,D
23.78724,85.55238,330.14,0.41,0.37,2026-09-12,0746,N,nominal,2.0NRT,294.64,2.32,D
24.19804,82.71844,332.43,0.39,0.36,2026-09-12,0748,N,nominal,2.0NRT,295.83,3.01,D
27.92105,96.75591,336.99,0.65,0.73,2026-09-12,0748,N,nominal,2.0NRT,288.75,5.14,D
27.92283,96.76014,328.13,0.65,0.73,2026-09-12,0748,N,nominal,2.0NRT,289.16,6.8,D
24.83727,68.07303,345.63,0.74,0.76,2026-09-12,0748,N,nominal,2.0NRT,296.85,13.07,D
24.83595,68.07963,338.93,0.74,0.76,2026-09-12,0748,N,nominal,2.0NRT,295.92,9.15,D
24.83399,68.07236,343.01,0.74,0.76,2026-09-12,0748,N,nominal,2.0NRT,296.78,9.15,D
26.81648,67.76009,331.39,0.69,0.74,2026-09-12,0750,N,nominal,2.0NRT,299.75,3.54,D
28.05062,69.37006,332.69,0.52,0.67,2026-09-12,0750,N,nominal,2.0NRT,299.69,4.58,D
29.46977,71.59311,330.16,0.36,0.57,2026-09-12,0750,N,low,2.0NRT,300.46,1.85,D
29.9203,72.90961,335.74,0.59,0.53,2026-09-12,0750,N,nominal,2.0NRT,298.63,3.43,D
30.45917,73.82764,341.62,0.51,0.49,2026-09-12,0750,N,nominal,2.0NRT,297.77,7.42,D
30.47937,73.85507,335.12,0.51,0.49,2026-09-12,0750,N,nominal,2.0NRT,297.82,3.01,D
30.92336,74.30084,332.99,0.47,0.48,2026-09-12,0750,N,nominal,2.0NRT,296.48,1.8,D
30.97024,74.48008,340.54,0.46,0.47,2026-09-12,0750,N,nominal,2.0NRT,295.1,4.6,D
31.06606,74.47954,341.94,0.46,0.47,2026-09-12,0750,N,nominal,2.0NRT,297.48,8.61,D
31.16105,74.82891,336.12,0.43,0.46,2026-09-12,0750,N,nominal,2.0NRT,295.62,2.47,D
31.12898,74.61642,349.42,0.45,0.47,2026-09-12,0750,N,nominal,2.0NRT,297.29,6.74,D
31.38129,74.53933,342.57,0.45,0.47,2026-09-12,0750,N,nominal,2.0NRT,296.29,10.36,D
31.6174,75.06292,333.18,0.41,0.45,2026-09-12,0750,N,nominal,2.0NRT,298.2,3.5,D
31.87394,74.68877,330.02,0.43,0.46,2026-09-12,0750,N,nominal,2.0NRT,294.86,2.76,D
35.83709,62.98851,335.48,0.73,0.76,2026-09-12,0752,N,nominal,2.0NRT,299.25,3.68,D
38.04935,67.26845,332.14,0.38,0.59,2026-09-12,0752,N,low,2.0NRT,306.78,3.12,D
38.04823,67.26426,347.08,0.38,0.59,2026-09-12,0752,N,nominal,2.0NRT,308.82,3.12,D
38.05353,67.26234,335.97,0.38,0.59,2026-09-12,0752,N,low,2.0NRT,306.83,3.12,D
38.09767,65.47002,347.14,0.47,0.64,2026-09-12,0752,N,nominal,2.0NRT,304.96,4.68,D
38.10333,65.46746,335.64,0.47,0.64,2026-09-12,0752,N,nominal,2.0NRT,305.41,4.68,D
39.73264,67.27463,330.04,0.35,0.57,2026-09-12,0752,N,low,2.0NRT,300.48,2.72,D
23.34302,68.96366,337.57,0.41,0.61,2026-09-12,0928,N,nominal,2.0NRT,296.07,4.42,D
23.50945,69.26907,336.81,0.44,0.62,2026-09-12,0928,N,nominal,2.0NRT,294.22,5.28,D
24.83576,68.07816,340.51,0.38,0.59,2026-09-12,0928,N,nominal,2.0NRT,304.91,3.23,D
24.83543,68.07434,334.32,0.38,0.59,2026-09-12,0928,N,low,2.0NRT,305.35,3.23,D
25.05382,67.49704,330.68,0.35,0.57,2026-09-12,0928,N,low,2.0NRT,304.18,0.7,D
25.78301,68.57213,330.23,0.42,0.61,2026-09-12,0928,N,low,2.0NRT,304.31,1.74,D
24.50595,56.6102,335.14,0.4,0.37,2026-09-12,0928,N,low,2.0NRT,307.29,6.87,D
24.50532,56.60631,338.73,0.4,0.37,2026-09-12,0928,N,nominal,2.0NRT,308.49,6.87,D
25.30858,56.37484,335.16,0.4,0.37,2026-09-12,0930,N,nominal,2.0NRT,303.64,4.35,D
25.59925,54.42489,330.25,0.45,0.39,2026-09-12,0930,N,low,2.0NRT,302.68,2,D
27.16559,56.98126,341.18,0.38,0.36,2026-09-12,0930,N,nominal,2.0NRT,309.36,2.88,D
27.15909,56.10378,339.39,0.39,0.36,2026-09-12,0930,N,low,2.0NRT,310.58,9.82,D
27.15846,56.09984,339.2,0.39,0.36,2026-09-12,0930,N,low,2.0NRT,310.33,8.32,D
27.42303,56.50353,339.22,0.39,0.36,2026-09-12,0930,N,low,2.0NRT,310.81,4.46,D
29.99264,55.85554,342.2,0.39,0.36,2026-09-12,0930,N,low,2.0NRT,315.33,8.86,D
35.8381,62.99083,341.91,0.5,0.49,2026-09-12,0932,N,nominal,2.0NRT,305.8,4.89,D
37.03074,62.41936,337.14,0.48,0.48,2026-09-12,0932,N,low,2.0NRT,310.3,13.3,D
37.11592,62.36422,337.26,0.48,0.48,2026-09-12,0932,N,low,2.0NRT,310.49,5.31,D
37.12037,62.36365,339.91,0.48,0.48,2026-09-12,0932,N,low,2.0NRT,310.48,5.31,D
37.50379,60.94529,334.85,0.41,0.45,2026-09-12,0932,N,low,2.0NRT,305.89,2.77,D
37.95083,65.64572,339.14,0.37,0.58,2026-09-12,0932,N,nominal,2.0NRT,306.03,3.2,D
37.81376,62.30733,343.45,0.48,0.48,2026-09-12,0932,N,nominal,2.0NRT,307.61,8.92,D
37.81855,61.76052,343.6,0.45,0.47,2026-09-12,0932,N,nominal,2.0NRT,302.65,5.72,D
38.09674,65.47091,351.82,0.36,0.57,2026-09-12,0932,N,nominal,2.0NRT,307,8.89,D
38.10233,65.47463,340.55,0.36,0.57,2026-09-12,0932,N,nominal,2.0NRT,304.68,3.52,D
38.10209,65.47043,344.5,0.36,0.57,2026-09-12,0932,N,nominal,2.0NRT,307.39,3.52,D
37.74425,59.33427,338.32,0.51,0.41,2026-09-12,0932,N,low,2.0NRT,312.09,10.9,D
37.83088,59.08633,341.04,0.5,0.41,2026-09-12,0932,N,nominal,2.0NRT,308.51,6.27,D
37.65369,55.63804,348.33,0.39,0.36,2026-09-12,0932,N,nominal,2.0NRT,309.62,8.29,D
38.8559,56.59008,337.34,0.42,0.38,2026-09-12,0932,N,low,2.0NRT,311.5,11.34,D
26.5789,101.66108,315.71,0.62,0.54,2026-09-12,1832,N,nominal,2.0NRT,287.99,4.09,N
26.57829,101.66789,316.51,0.61,0.54,2026-09-12,1832,N,nominal,2.0NRT,288.13,3,N
26.5739,101.66076,303.13,0.62,0.54,2026-09-12,1832,N,nominal,2.0NRT,287.55,2.62,N
26.57335,101.66682,304.2,0.61,0.54,2026-09-12,1832,N,nominal,2.0NRT,285.87,1.71,N
26.5678,101.67258,304.22,0.61,0.54,2026-09-12,1832,N,nominal,2.0NRT,288.67,1.71,N
26.57874,101.66129,318.4,0.61,0.54,2026-09-12,1832,N,nominal,2.0NRT,287.96,3.39,N
26.57806,101.66811,316.77,0.61,0.54,2026-09-12,1832,N,nominal,2.0NRT,287.96,3.39,N
26.57374,101.66096,301.68,0.61,0.54,2026-09-12,1832,N,nominal,2.0NRT,287.72,3.39,N
26.56755,101.67278,306.12,0.61,0.54,2026-09-12,1832,N,nominal,2.0NRT,289.22,1.87,N
26.56262,101.67183,301.57,0.61,0.54,2026-09-12,1832,N,nominal,2.0NRT,288.07,1.87,N
26.56199,101.67828,303.62,0.61,0.54,2026-09-12,1832,N,nominal,2.0NRT,289.24,1.87,N
9.12278,80.31826,295.62,0.39,0.36,2026-09-12,2019,N,nominal,2.0NRT,265.77,0.39,N
8.30755,80.67846,308.54,0.38,0.36,2026-09-12,2019,N,nominal,2.0NRT,290.61,1.8,N
7.37231,81.3868,309.75,0.39,0.36,2026-09-12,2019,N,nominal,2.0NRT,291.28,1.31,N
7.16137,81.70643,307.08,0.4,0.37,2026-09-12,2019,N,nominal,2.0NRT,291.84,0.45,N
6.76082,81.14504,312.39,0.39,0.36,2026-09-12,2019,N,nominal,2.0NRT,291.25,0.77,N
6.63571,80.8667,306.78,0.39,0.36,2026-09-12,2019,N,nominal,2.0NRT,290.7,0.62,N
6.61521,80.86703,337.33,0.39,0.36,2026-09-12,2019,N,nominal,2.0NRT,291.85,4.13,N
33.21963,71.48061,302.64,0.68,0.74,2026-09-12,2012,N,nominal,2.0NRT,289.63,1.76,N
6.61634,80.85999,309.97,0.39,0.36,2026-09-12,2019,N,nominal,2.0NRT,291.1,1.27,N
33.21941,71.48824,316.87,0.68,0.74,2026-09-12,2012,N,nominal,2.0NRT,289.96,1.76,N
33.22112,71.48345,323.25,0.68,0.74,2026-09-12,2012,N,nominal,2.0NRT,289.71,3.86,N
6.61578,80.86349,313.74,0.39,0.36,2026-09-12,2019,N,nominal,2.0NRT,290.99,1.27,N
32.57458,72.56045,305.5,0.59,0.7,2026-09-12,2012,N,nominal,2.0NRT,291.69,2.34,N
6.61302,80.85947,318.18,0.39,0.36,2026-09-12,2019,N,nominal,2.0NRT,290.62,1.27,N
27.37769,95.33535,303.9,0.35,0.57,2026-09-12,2014,N,nominal,2.0NRT,286.99,0.46,N
27.31674,95.26546,313.74,0.35,0.56,2026-09-12,2014,N,nominal,2.0NRT,286.97,0.7,N
28.89434,78.85506,305.99,0.46,0.47,2026-09-12,2014,N,nominal,2.0NRT,289.29,0.77,N
28.37121,77.22247,305.35,0.56,0.52,2026-09-12,2014,N,nominal,2.0NRT,289.22,1.64,N
28.37108,77.22758,304.21,0.56,0.52,2026-09-12,2014,N,nominal,2.0NRT,289.16,1.12,N
28.34656,77.23035,310.59,0.56,0.52,2026-09-12,2014,N,nominal,2.0NRT,289.6,1.73,N
26.64271,79.47958,308.23,0.4,0.44,2026-09-12,2014,N,nominal,2.0NRT,288.94,1.17,N
25.31061,83.01505,305.14,0.4,0.37,2026-09-12,2014,N,nominal,2.0NRT,286.6,0.75,N
24.92946,84.14631,309.7,0.39,0.36,2026-09-12,2014,N,nominal,2.0NRT,292.09,1.13,N
24.92139,84.1573,309.98,0.39,0.36,2026-09-12,2014,N,nominal,2.0NRT,291.51,1.33,N
22.01389,97.17258,297.98,0.59,0.7,2026-09-12,2014,N,nominal,2.0NRT,285.73,0.66,N
22.01403,97.17256,297.72,0.59,0.7,2026-09-12,2014,N,nominal,2.0NRT,285.91,0.79,N
23.80519,86.33186,308.47,0.41,0.37,2026-09-12,2014,N,nominal,2.0NRT,291.27,1.93,N
23.66359,87.15517,319.27,0.43,0.38,2026-09-12,2014,N,nominal,2.0NRT,291.38,1.93,N
23.66285,87.1594,311.49,0.44,0.38,2026-09-12,2014,N,nominal,2.0NRT,290.59,1.93,N
23.80314,86.32323,309.3,0.41,0.37,2026-09-12,2014,N,nominal,2.0NRT,290.59,1.87,N
23.80179,86.33117,318.18,0.41,0.37,2026-09-12,2014,N,nominal,2.0NRT,290.9,1.93,N
23.79435,86.35438,328.64,0.41,0.37,2026-09-12,2014,N,nominal,2.0NRT,292.15,3.71,N
23.79771,86.31393,304.67,0.41,0.37,2026-09-12,2014,N,nominal,2.0NRT,289.69,1.68,N
23.78078,86.37225,316.28,0.41,0.37,2026-09-12,2014,N,nominal,2.0NRT,292.02,2.6,N
23.77806,86.38817,315.36,0.41,0.37,2026-09-12,2014,N,nominal,2.0NRT,291.56,2.67,N
23.78145,86.34767,310.4,0.41,0.37,2026-09-12,2014,N,nominal,2.0NRT,291.56,1.17,N
23.77535,86.36292,327.04,0.41,0.37,2026-09-12,2014,N,nominal,2.0NRT,292.57,2.11,N
23.77806,86.347,309.89,0.41,0.37,2026-09-12,2014,N,nominal,2.0NRT,291,1.17,N
23.77467,86.36688,308.04,0.41,0.37,2026-09-12,2014,N,nominal,2.0NRT,291.27,2.11,N
23.76854,86.4028,308.46,0.41,0.37,2026-09-12,2014,N,nominal,2.0NRT,290.64,1.2,N
23.79357,86.2352,309.35,0.41,0.37,2026-09-12,2014,N,nominal,2.0NRT,290.59,1.53,N
23.77195,86.36222,305.82,0.41,0.37,2026-09-12,2014,N,nominal,2.0NRT,290.75,1.61,N
23.76651,86.39413,306.74,0.41,0.37,2026-09-12,2014,N,nominal,2.0NRT,292.96,1.45,N
23.76514,86.40211,311.36,0.41,0.37,2026-09-12,2014,N,nominal,2.0NRT,291.7,1.43,N
23.76447,86.40609,310.82,0.41,0.37,2026-09-12,2014,N,nominal,2.0NRT,291.59,1.43,N
23.76175,86.40143,325.12,0.41,0.37,2026-09-12,2014,N,nominal,2.0NRT,291.76,1.43,N
23.76311,86.39346,309.27,0.41,0.37,2026-09-12,2014,N,nominal,2.0NRT,292.56,1.45,N
23.76106,86.40541,310.76,0.41,0.37,2026-09-12,2014,N,nominal,2.0NRT,291.06,1.43,N
23.75767,86.40472,320.53,0.41,0.37,2026-09-12,2014,N,nominal,2.0NRT,292.11,1.55,N
23.75834,86.40075,313.14,0.41,0.37,2026-09-12,2014,N,nominal,2.0NRT,291.66,1.55,N
23.75426,86.40405,306.23,0.41,0.37,2026-09-12,2014,N,nominal,2.0NRT,291.22,1.55,N
23.7807,86.20808,311.37,0.41,0.37,2026-09-12,2014,N,nominal,2.0NRT,291.44,1.89,N
23.73857,86.43401,333.3,0.41,0.37,2026-09-12,2014,N,nominal,2.0NRT,293.45,3.11,N
23.77732,86.20741,307.77,0.41,0.37,2026-09-12,2014,N,nominal,2.0NRT,291.48,1.08,N
23.77665,86.21135,304.18,0.41,0.37,2026-09-12,2014,N,nominal,2.0NRT,290.72,1.08,N
23.73517,86.43333,315.19,0.41,0.37,2026-09-12,2014,N,nominal,2.0NRT,291.19,3.11,N
23.77257,86.19424,306.02,0.4,0.37,2026-09-12,2014,N,nominal,2.0NRT,290.89,1.27,N
23.7719,86.19817,314.1,0.4,0.37,2026-09-12,2014,N,nominal,2.0NRT,291.2,1.9,N
23.72359,86.43928,311.74,0.41,0.37,2026-09-12,2014,N,nominal,2.0NRT,292.08,2.38,N
23.72294,86.42259,312.38,0.41,0.37,2026-09-12,2014,N,nominal,2.0NRT,292.56,2.75,N
23.71609,86.4419,309.88,0.41,0.37,2026-09-12,2014,N,nominal,2.0NRT,291.6,1.2,N
23.7154,86.44591,304.37,0.41,0.37,2026-09-12,2014,N,nominal,2.0NRT,291.11,1.2,N
23.7147,86.44991,311.36,0.41,0.37,2026-09-12,2014,N,nominal,2.0NRT,291.86,1.04,N
23.71402,86.45391,304.28,0.41,0.37,2026-09-12,2014,N,nominal,2.0NRT,291.01,1.04,N
23.71544,86.42522,308.23,0.41,0.37,2026-09-12,2014,N,nominal,2.0NRT,292.57,1.12,N
23.71475,86.42923,306.74,0.41,0.37,2026-09-12,2014,N,nominal,2.0NRT,291.61,1.12,N
23.7113,86.44923,319.91,0.41,0.37,2026-09-12,2014,N,nominal,2.0NRT,292.38,1.04,N
23.71061,86.45323,304.7,0.41,0.37,2026-09-12,2014,N,nominal,2.0NRT,291.03,1.04,N
23.71204,86.42454,308.89,0.41,0.37,2026-09-12,2014,N,nominal,2.0NRT,292.7,2.36,N
23.7079,86.44854,314.75,0.41,0.37,2026-09-12,2014,N,nominal,2.0NRT,291.81,1.85,N
23.55814,87.23893,329.6,0.44,0.38,2026-09-12,2014,N,nominal,2.0NRT,290.73,2.43,N
23.55967,87.23042,316.08,0.44,0.38,2026-09-12,2014,N,nominal,2.0NRT,290.73,2.2,N
23.55738,87.24319,304.01,0.44,0.38,2026-09-12,2014,N,nominal,2.0NRT,290.25,2.43,N
23.6861,86.39155,322.52,0.41,0.37,2026-09-12,2014,N,nominal,2.0NRT,292.42,3.33,N
23.68542,86.39553,312.42,0.41,0.37,2026-09-12,2014,N,nominal,2.0NRT,291.71,2.05,N
23.68202,86.39486,323.74,0.41,0.37,2026-09-12,2014,N,nominal,2.0NRT,292.85,2.05,N
23.67794,86.39818,325.93,0.41,0.37,2026-09-12,2014,N,nominal,2.0NRT,293.57,2.26,N
23.67862,86.39417,317.72,0.41,0.37,2026-09-12,2014,N,nominal,2.0NRT,291.8,2.26,N
23.67726,86.40218,313.01,0.41,0.37,2026-09-12,2014,N,nominal,2.0NRT,292.01,1.43,N
23.67454,86.39751,310.79,0.41,0.37,2026-09-12,2014,N,nominal,2.0NRT,292.62,2.26,N
23.67385,86.40151,308.77,0.41,0.37,2026-09-12,2014,N,nominal,2.0NRT,291.88,1.43,N
23.75879,85.85697,307.48,0.4,0.37,2026-09-12,2014,N,nominal,2.0NRT,291.75,3.29,N
23.75609,85.85244,322.13,0.4,0.37,2026-09-12,2014,N,nominal,2.0NRT,293.42,4.37,N
23.75544,85.85631,307.84,0.4,0.37,2026-09-12,2014,N,nominal,2.0NRT,291.79,3.45,N
23.78876,85.55253,312.81,0.39,0.36,2026-09-12,2014,N,nominal,2.0NRT,291.43,1.02,N
23.78543,85.55188,311.24,0.39,0.36,2026-09-12,2014,N,nominal,2.0NRT,291.16,1.22,N
23.68042,86.09537,326.13,0.4,0.37,2026-09-12,2014,N,nominal,2.0NRT,290.87,3.21,N
23.68241,86.0836,307.57,0.4,0.37,2026-09-12,2014,N,nominal,2.0NRT,291.42,1.1,N
23.67842,86.10715,310.7,0.4,0.37,2026-09-12,2014,N,nominal,2.0NRT,290.62,0.57,N
23.67838,86.08684,304.16,0.4,0.37,2026-09-12,2014,N,nominal,2.0NRT,291.05,1.1,N
23.67505,86.10647,309.57,0.4,0.37,2026-09-12,2014,N,nominal,2.0NRT,290.56,0.57,N
23.67767,86.07047,304.57,0.4,0.37,2026-09-12,2014,N,nominal,2.0NRT,291.23,0.84,N
23.67501,86.08616,311.43,0.4,0.37,2026-09-12,2014,N,nominal,2.0NRT,291.12,1.6,N
24.20054,82.71329,299.67,0.41,0.37,2026-09-12,2014,N,nominal,2.0NRT,288.48,0.95,N
23.74516,85.50454,306.95,0.39,0.36,2026-09-12,2014,N,nominal,2.0NRT,290.56,0.82,N
23.54823,86.54303,305.88,0.42,0.37,2026-09-12,2014,N,nominal,2.0NRT,291.16,1.63,N
21.59214,96.22756,304.17,0.53,0.67,2026-09-12,2014,N,nominal,2.0NRT,287.29,0.93,N
24.15983,82.56371,303.76,0.41,0.37,2026-09-12,2014,N,nominal,2.0NRT,290.3,1.34,N
24.15924,82.56773,308.36,0.41,0.37,2026-09-12,2014,N,nominal,2.0NRT,290.49,1.19,N
23.8263,84.57089,299.76,0.38,0.36,2026-09-12,2014,N,nominal,2.0NRT,287.75,1.21,N
23.6954,85.35757,304.61,0.39,0.36,2026-09-12,2014,N,nominal,2.0NRT,290.61,1.14,N
23.7391,85.00703,297.99,0.39,0.36,2026-09-12,2014,N,nominal,2.0NRT,273.74,0.38,N
23.65687,85.50741,309.63,0.39,0.36,2026-09-12,2014,N,nominal,2.0NRT,291.84,1.52,N
23.67653,85.32647,301.79,0.39,0.36,2026-09-12,2014,N,nominal,2.0NRT,282.84,0.31,N
23.67321,85.32582,297.7,0.39,0.36,2026-09-12,2014,N,nominal,2.0NRT,281.67,0.4,N
23.71864,85.00701,299.46,0.39,0.36,2026-09-12,2014,N,nominal,2.0NRT,273.42,0.43,N
23.64767,85.43868,304.17,0.39,0.36,2026-09-12,2014,N,nominal,2.0NRT,289.62,0.98,N
23.0312,86.15887,304.8,0.41,0.37,2026-09-12,2014,N,nominal,2.0NRT,290.73,0.6,N
22.87266,86.06033,302.38,0.41,0.37,2026-09-12,2017,N,nominal,2.0NRT,287.84,0.58,N
22.87199,86.0643,305.44,0.41,0.37,2026-09-12,2017,N,nominal,2.0NRT,287.43,0.58,N
22.7981,86.20949,324.45,0.41,0.37,2026-09-12,2017,N,nominal,2.0NRT,291.48,1.24,N
22.79469,86.20879,316.32,0.41,0.37,2026-09-12,2017,N,nominal,2.0NRT,291.18,1.24,N
22.79129,86.20809,304.79,0.41,0.37,2026-09-12,2017,N,nominal,2.0NRT,291.6,1.25,N
22.79061,86.21207,312.24,0.41,0.37,2026-09-12,2017,N,nominal,2.0NRT,291.4,1.25,N
22.80829,86.08837,306.5,0.41,0.37,2026-09-12,2017,N,nominal,2.0NRT,291.16,1.29,N
22.78994,86.19548,306.63,0.41,0.37,2026-09-12,2017,N,nominal,2.0NRT,292.19,1.8,N
22.78925,86.19945,307.88,0.41,0.37,2026-09-12,2017,N,nominal,2.0NRT,292.48,1.32,N
22.78857,86.20341,307.5,0.41,0.37,2026-09-12,2017,N,nominal,2.0NRT,291.85,1.32,N
22.80083,86.09099,310.27,0.41,0.37,2026-09-12,2017,N,nominal,2.0NRT,292.19,1.55,N
22.37988,87.29131,310.57,0.45,0.39,2026-09-12,2017,N,nominal,2.0NRT,290.38,2.27,N
22.37868,87.27744,328.8,0.45,0.39,2026-09-12,2017,N,nominal,2.0NRT,291.39,5.62,N
22.37789,87.28181,321.47,0.45,0.39,2026-09-12,2017,N,nominal,2.0NRT,291.37,3.59,N
22.61032,85.91248,314.29,0.41,0.37,2026-09-12,2017,N,nominal,2.0NRT,292.26,1.96,N
22.36683,87.30225,310.93,0.46,0.39,2026-09-12,2017,N,nominal,2.0NRT,290.19,2.57,N
22.36327,87.30151,324.39,0.46,0.39,2026-09-12,2017,N,nominal,2.0NRT,289.18,2.57,N
22.3593,87.28251,308.84,0.45,0.39,2026-09-12,2017,N,nominal,2.0NRT,287.4,1.57,N
22.35772,87.29127,312.62,0.45,0.39,2026-09-12,2017,N,nominal,2.0NRT,289.03,2.05,N
22.59069,85.90456,306.11,0.41,0.37,2026-09-12,2017,N,nominal,2.0NRT,291.57,1.25,N
22.57409,85.89846,320.11,0.41,0.37,2026-09-12,2017,N,nominal,2.0NRT,292.78,1.2,N
22.57541,85.89064,306.4,0.41,0.37,2026-09-12,2017,N,nominal,2.0NRT,291.7,1.41,N
22.57475,85.89455,306.69,0.41,0.37,2026-09-12,2017,N,nominal,2.0NRT,292.07,1.41,N
22.57071,85.89777,306.49,0.41,0.37,2026-09-12,2017,N,nominal,2.0NRT,291.31,1.2,N
22.36408,87.01652,310.09,0.44,0.39,2026-09-12,2017,N,nominal,2.0NRT,291.55,2,N
22.36056,87.0158,311.15,0.44,0.39,2026-09-12,2017,N,nominal,2.0NRT,291.71,1.84,N
22.13222,85.38387,311.03,0.4,0.37,2026-09-12,2017,N,nominal,2.0NRT,290.14,0.71,N
22.2116,84.86497,300.16,0.39,0.36,2026-09-12,2017,N,nominal,2.0NRT,278.31,0.89,N
22.20956,84.86136,332.56,0.39,0.36,2026-09-12,2017,N,nominal,2.0NRT,281.4,1.94,N
22.20624,84.86073,303.34,0.39,0.36,2026-09-12,2017,N,nominal,2.0NRT,281.02,1.94,N
22.20475,84.84886,310.81,0.39,0.36,2026-09-12,2017,N,nominal,2.0NRT,283.99,1.23,N
21.99023,85.32662,305.03,0.4,0.37,2026-09-12,2017,N,nominal,2.0NRT,290.08,0.56,N
21.92991,85.22155,314.57,0.4,0.37,2026-09-12,2017,N,nominal,2.0NRT,292.04,1.2,N
21.92594,85.22472,314.86,0.4,0.37,2026-09-12,2017,N,nominal,2.0NRT,292.31,2.41,N
21.8023,83.89389,304.02,0.38,0.36,2026-09-12,2017,N,nominal,2.0NRT,286.77,0.45,N
21.79413,83.881,305.26,0.38,0.36,2026-09-12,2017,N,nominal,2.0NRT,285.84,1.31,N
21.76467,84.02391,324.64,0.38,0.36,2026-09-12,2017,N,nominal,2.0NRT,286.02,2.5,N
21.76525,84.02021,305.16,0.38,0.36,2026-09-12,2017,N,nominal,2.0NRT,286.2,0.64,N
21.76195,84.01962,311.38,0.38,0.36,2026-09-12,2017,N,nominal,2.0NRT,284.52,0.98,N
21.75806,84.02271,299.62,0.38,0.36,2026-09-12,2017,N,nominal,2.0NRT,282.01,0.64,N
21.75475,84.02209,304.73,0.38,0.36,2026-09-12,2017,N,nominal,2.0NRT,282.01,0.72,N
21.75417,84.02579,309.3,0.38,0.36,2026-09-12,2017,N,nominal,2.0NRT,283.42,0.72,N
21.71428,84.04133,308.71,0.38,0.36,2026-09-12,2017,N,nominal,2.0NRT,289.63,0.91,N
21.6807,84.03948,308.54,0.38,0.36,2026-09-12,2017,N,nominal,2.0NRT,290.4,0.8,N
21.68011,84.04317,305.53,0.38,0.36,2026-09-12,2017,N,nominal,2.0NRT,289.7,0.8,N
21.6774,84.03888,317.35,0.38,0.36,2026-09-12,2017,N,nominal,2.0NRT,290.02,1.1,N
21.67351,84.04198,308.87,0.38,0.36,2026-09-12,2017,N,nominal,2.0NRT,290.04,1.1,N
21.00256,86.02729,303.25,0.42,0.38,2026-09-12,2017,N,nominal,2.0NRT,290.27,0.67,N
20.99911,86.02661,304.69,0.42,0.38,2026-09-12,2017,N,nominal,2.0NRT,289.68,0.67,N
20.97435,86.00518,314.19,0.42,0.38,2026-09-12,2017,N,nominal,2.0NRT,291.45,1.99,N
20.96953,86.01254,324.36,0.42,0.38,2026-09-12,2017,N,nominal,2.0NRT,292.49,2.79,N
20.97091,86.00451,311.62,0.42,0.38,2026-09-12,2017,N,nominal,2.0NRT,292.39,2.67,N
20.96814,86.02058,311.49,0.42,0.38,2026-09-12,2017,N,nominal,2.0NRT,291.87,2.49,N
20.96609,86.01186,318.25,0.42,0.38,2026-09-12,2017,N,nominal,2.0NRT,291.74,2.79,N
20.96334,86.00716,312.27,0.42,0.38,2026-09-12,2017,N,nominal,2.0NRT,292.06,2.09,N
20.96195,86.01521,309.98,0.42,0.38,2026-09-12,2017,N,nominal,2.0NRT,291.35,1.26,N
20.95294,86.04669,334.33,0.42,0.38,2026-09-12,2017,N,nominal,2.0NRT,292.45,3.01,N
20.95224,86.05075,314.07,0.42,0.38,2026-09-12,2017,N,nominal,2.0NRT,291.86,3.01,N
20.94949,86.04604,323.82,0.42,0.38,2026-09-12,2017,N,nominal,2.0NRT,291.41,2.22,N
20.94878,86.05009,311.67,0.42,0.38,2026-09-12,2017,N,nominal,2.0NRT,291.2,2.22,N
20.93979,86.06087,306.18,0.42,0.38,2026-09-12,2017,N,nominal,2.0NRT,292.05,1.43,N
21.08164,85.03528,307.46,0.4,0.37,2026-09-12,2017,N,nominal,2.0NRT,291.83,1.14,N
21.07829,85.03465,312.25,0.4,0.37,2026-09-12,2017,N,nominal,2.0NRT,293.31,1.14,N
21.07767,85.03843,314.69,0.4,0.37,2026-09-12,2017,N,nominal,2.0NRT,292.85,1.14,N
21.07704,85.04221,314.71,0.4,0.37,2026-09-12,2017,N,nominal,2.0NRT,291.72,2.17,N
21.07432,85.0378,310.74,0.4,0.37,2026-09-12,2017,N,nominal,2.0NRT,292.77,1.67,N
21.07369,85.04157,309.2,0.4,0.37,2026-09-12,2017,N,nominal,2.0NRT,291.51,1.59,N
20.9765,85.16814,317.71,0.4,0.37,2026-09-12,2017,N,nominal,2.0NRT,292.62,1.76,N
20.97586,85.17195,319.59,0.4,0.37,2026-09-12,2017,N,nominal,2.0NRT,292.78,1.31,N
20.97522,85.17574,307.47,0.4,0.37,2026-09-12,2017,N,nominal,2.0NRT,291.83,1.31,N
20.9789,85.13326,309,0.4,0.37,2026-09-12,2017,N,nominal,2.0NRT,292.7,1.52,N
20.97826,85.13706,312.15,0.4,0.37,2026-09-12,2017,N,nominal,2.0NRT,292.59,1.52,N
20.97186,85.17511,316.76,0.4,0.37,2026-09-12,2017,N,nominal,2.0NRT,292.54,1.31,N
20.9685,85.17447,343.92,0.4,0.37,2026-09-12,2017,N,nominal,2.0NRT,294,2.57,N
20.96914,85.17067,308.66,0.4,0.37,2026-09-12,2017,N,nominal,2.0NRT,292.09,2.57,N
20.96786,85.17827,307.53,0.4,0.37,2026-09-12,2017,N,nominal,2.0NRT,292.09,1.22,N
20.96594,85.18972,307.73,0.4,0.37,2026-09-12,2017,N,nominal,2.0NRT,291.97,2.48,N
20.96835,85.15481,327.59,0.4,0.37,2026-09-12,2017,N,nominal,2.0NRT,292.6,2.19,N
20.96322,85.18526,325.01,0.4,0.37,2026-09-12,2017,N,nominal,2.0NRT,292.87,2.48,N
20.96257,85.18909,338.76,0.4,0.37,2026-09-12,2017,N,nominal,2.0NRT,294.09,2.48,N
20.96643,85.16622,309.45,0.4,0.37,2026-09-12,2017,N,nominal,2.0NRT,292.28,1.5,N
20.96515,85.17383,309.01,0.4,0.37,2026-09-12,2017,N,nominal,2.0NRT,292.56,2.57,N
20.9645,85.17764,306.31,0.4,0.37,2026-09-12,2017,N,nominal,2.0NRT,292.55,1.22,N
20.96786,85.15176,321.31,0.4,0.37,2026-09-12,2017,N,nominal,2.0NRT,292.31,2.12,N
20.96407,85.17461,321.81,0.4,0.37,2026-09-12,2017,N,nominal,2.0NRT,293.18,1.46,N
20.96218,85.18604,334.36,0.4,0.37,2026-09-12,2017,N,nominal,2.0NRT,293.08,3.17,N
20.96154,85.18987,328.18,0.4,0.37,2026-09-12,2017,N,nominal,2.0NRT,292.85,3.17,N
20.96723,85.15557,308.38,0.4,0.37,2026-09-12,2017,N,nominal,2.0NRT,291.67,1.53,N
20.96597,85.16319,306.93,0.4,0.37,2026-09-12,2017,N,nominal,2.0NRT,292.11,1.23,N
20.96533,85.16698,319.03,0.4,0.37,2026-09-12,2017,N,nominal,2.0NRT,293.23,1.23,N
20.96344,85.17841,306.12,0.4,0.37,2026-09-12,2017,N,nominal,2.0NRT,292.38,2.4,N
20.96198,85.16634,307.01,0.4,0.37,2026-09-12,2017,N,nominal,2.0NRT,292.38,1.23,N
20.96135,85.17016,307.7,0.4,0.37,2026-09-12,2017,N,nominal,2.0NRT,292.64,1.46,N
20.96071,85.17396,309.75,0.4,0.37,2026-09-12,2017,N,nominal,2.0NRT,292.22,1.46,N
20.95699,85.00874,304.61,0.4,0.37,2026-09-12,2017,N,nominal,2.0NRT,291.27,1.11,N
39.8603,98.25165,302.93,0.52,0.5,2026-09-12,2010,N,nominal,2.0NRT,284.58,1.53,N
20.95636,85.01252,314.59,0.4,0.37,2026-09-12,2017,N,nominal,2.0NRT,292.53,2.12,N
20.88923,84.98034,313.91,0.4,0.37,2026-09-12,2017,N,nominal,2.0NRT,292.16,1.2,N
39.84423,98.27753,303.69,0.52,0.5,2026-09-12,2010,N,nominal,2.0NRT,282.75,0.87,N
20.88745,84.98,309.65,0.4,0.37,2026-09-12,2017,N,nominal,2.0NRT,292.12,1.45,N
39.8251,98.276,296.47,0.52,0.5,2026-09-12,2010,N,nominal,2.0NRT,286.09,1.82,N
20.88683,84.98378,316.5,0.4,0.37,2026-09-12,2017,N,nominal,2.0NRT,292.52,1.14,N
39.81184,98.29015,297.86,0.52,0.5,2026-09-12,2010,N,nominal,2.0NRT,285.83,1.45,N
20.88348,84.98315,307.5,0.4,0.37,2026-09-12,2017,N,nominal,2.0NRT,292.23,1.14,N
39.80887,98.30217,304.35,0.52,0.5,2026-09-12,2010,N,nominal,2.0NRT,286.5,2.27,N
20.86822,84.99197,312.29,0.4,0.37,2026-09-12,2017,N,nominal,2.0NRT,292.31,1.35,N
39.81421,98.28451,297.31,0.52,0.5,2026-09-12,2010,N,nominal,2.0NRT,285.4,1.91,N
20.86424,84.99514,330.72,0.4,0.37,2026-09-12,2017,N,nominal,2.0NRT,293.17,2.75,N
39.81277,98.29051,299.2,0.52,0.5,2026-09-12,2010,N,nominal,2.0NRT,286.24,2.65,N
20.8655,84.98754,312.6,0.4,0.37,2026-09-12,2017,N,nominal,2.0NRT,292.9,2.38,N
39.80987,98.30257,304.24,0.53,0.5,2026-09-12,2010,N,nominal,2.0NRT,286.87,1.43,N
20.86487,84.99133,309.5,0.4,0.37,2026-09-12,2017,N,nominal,2.0NRT,292.34,2.38,N
39.79071,98.30104,305.17,0.53,0.5,2026-09-12,2010,N,nominal,2.0NRT,284.59,1.57,N
20.86215,84.98692,334.13,0.4,0.37,2026-09-12,2017,N,nominal,2.0NRT,291.99,2.38,N
39.79214,97.88825,295.77,0.5,0.49,2026-09-12,2010,N,nominal,2.0NRT,284.78,1.47,N
20.80709,85.25542,325.4,0.4,0.37,2026-09-12,2017,N,nominal,2.0NRT,293.45,3.13,N
20.80645,85.25925,306.55,0.4,0.37,2026-09-12,2017,N,nominal,2.0NRT,291.74,1.42,N
20.79972,85.25796,315.86,0.4,0.37,2026-09-12,2017,N,nominal,2.0NRT,291.6,1.14,N
20.79635,85.25731,305.14,0.4,0.37,2026-09-12,2017,N,nominal,2.0NRT,291.3,1.14,N
20.79362,85.25285,339.94,0.4,0.37,2026-09-12,2017,N,nominal,2.0NRT,292.85,5.89,N
20.78896,85.25988,305.65,0.4,0.37,2026-09-12,2017,N,nominal,2.0NRT,291.99,2.19,N
20.78767,85.26756,312.77,0.4,0.37,2026-09-12,2017,N,nominal,2.0NRT,291.99,1.68,N
20.78559,85.25925,308.8,0.4,0.37,2026-09-12,2017,N,nominal,2.0NRT,292.24,1.25,N
20.78495,85.26309,319.78,0.4,0.37,2026-09-12,2017,N,nominal,2.0NRT,292.29,2.72,N
20.76164,85.29824,312.55,0.4,0.37,2026-09-12,2017,N,nominal,2.0NRT,290.92,1.14,N
20.75891,85.29375,306.55,0.4,0.37,2026-09-12,2017,N,nominal,2.0NRT,289.85,1.11,N
20.75826,85.29758,310.62,0.4,0.37,2026-09-12,2017,N,nominal,2.0NRT,290.04,1.11,N
15.65777,73.9874,304.1,0.63,0.54,2026-09-12,2019,N,nominal,2.0NRT,288.92,1.15,N
15.659,73.98737,305.29,0.63,0.54,2026-09-12,2019,N,nominal,2.0NRT,289.26,1.14,N
15.18691,76.65974,296.41,0.42,0.45,2026-09-12,2019,N,nominal,2.0NRT,270.54,0.71,N
15.18168,76.66698,302.65,0.42,0.45,2026-09-12,2019,N,nominal,2.0NRT,268.52,0.75,N
37.34761,97.41268,295.15,0.54,0.51,2026-09-12,2010,N,nominal,2.0NRT,278.01,0.62,N
15.17381,76.69381,295.21,0.42,0.45,2026-09-12,2019,N,nominal,2.0NRT,268.19,0.23,N
35.9912,94.82886,299.53,0.43,0.46,2026-09-12,2010,N,nominal,2.0NRT,277.65,1.35,N
15.1749,76.65414,301.32,0.42,0.45,2026-09-12,2019,N,nominal,2.0NRT,269.92,0.45,N
15.17437,76.65804,298.29,0.42,0.45,2026-09-12,2019,N,nominal,2.0NRT,270.44,0.45,N
15.17293,76.37693,298.76,0.44,0.46,2026-09-12,2019,N,nominal,2.0NRT,276.57,0.56,N
15.16814,76.38044,303.41,0.44,0.46,2026-09-12,2019,N,nominal,2.0NRT,278.28,1.56,N
14.58845,78.57951,311.22,0.48,0.4,2026-09-12,2019,N,nominal,2.0NRT,295.38,9.62,N
39.6487,75.94482,303.21,0.38,0.58,2026-09-12,2153,N,nominal,2.0NRT,285.65,1.05,N
39.34718,76.0965,299.47,0.39,0.59,2026-09-12,2153,N,nominal,2.0NRT,285.08,0.76,N
38.65778,76.17032,309.76,0.41,0.61,2026-09-12,2153,N,nominal,2.0NRT,283.85,1.74,N
39.85401,66.19872,303.17,0.41,0.37,2026-09-12,2153,N,nominal,2.0NRT,286.56,1.06,N
39.64184,66.85832,301.65,0.43,0.38,2026-09-12,2153,N,nominal,2.0NRT,286.68,0.64,N
39.20272,66.83934,300.38,0.44,0.38,2026-09-12,2153,N,nominal,2.0NRT,289.51,1.1,N
39.18181,65.31318,310.65,0.4,0.37,2026-09-12,2153,N,nominal,2.0NRT,288,1.02,N
39.4345,62.99327,314.57,0.39,0.36,2026-09-12,2153,N,nominal,2.0NRT,286.87,1.33,N
39.14476,64.27142,298.33,0.39,0.36,2026-09-12,2153,N,nominal,2.0NRT,285.97,0.56,N
39.23923,63.50184,299.1,0.38,0.36,2026-09-12,2153,N,nominal,2.0NRT,286.74,0.5,N
39.30429,62.97609,301.49,0.39,0.36,2026-09-12,2153,N,nominal,2.0NRT,287.7,0.93,N
39.28279,63.0489,310.01,0.38,0.36,2026-09-12,2153,N,nominal,2.0NRT,287.19,0.72,N
39.27731,63.08432,301.48,0.38,0.36,2026-09-12,2153,N,nominal,2.0NRT,287.46,0.36,N
39.27047,63.12849,296.74,0.38,0.36,2026-09-12,2153,N,nominal,2.0NRT,286.59,0.22,N
39.25082,63.21079,312.32,0.38,0.36,2026-09-12,2153,N,nominal,2.0NRT,288.15,1.25,N
39.25013,63.2152,303.64,0.38,0.36,2026-09-12,2153,N,nominal,2.0NRT,287.69,0.86,N
39.19306,63.577,296.93,0.38,0.36,2026-09-12,2153,N,nominal,2.0NRT,286.36,0.42,N
39.24975,63.17374,311.92,0.38,0.36,2026-09-12,2153,N,nominal,2.0NRT,288.01,1.2,N
39.18767,63.37356,296.15,0.38,0.36,2026-09-12,2153,N,nominal,2.0NRT,285.84,0.38,N
39.19496,63.28363,299.41,0.38,0.36,2026-09-12,2153,N,nominal,2.0NRT,286.38,0.44,N
39.18457,63.3498,304.19,0.38,0.36,2026-09-12,2153,N,nominal,2.0NRT,285.99,0.67,N
39.18059,63.35336,310.61,0.38,0.36,2026-09-12,2153,N,nominal,2.0NRT,287.48,0.91,N
39.1982,63.19722,314.95,0.38,0.36,2026-09-12,2153,N,nominal,2.0NRT,287.99,1.28,N
39.19614,63.21047,302.52,0.38,0.36,2026-09-12,2153,N,nominal,2.0NRT,286.27,0.28,N
39.18648,63.27225,299.05,0.38,0.36,2026-09-12,2153,N,nominal,2.0NRT,285.75,0.34,N
39.17766,63.30669,303.38,0.38,0.36,2026-09-12,2153,N,nominal,2.0NRT,286.38,0.5,N
39.17142,63.34639,296.8,0.38,0.36,2026-09-12,2153,N,nominal,2.0NRT,286,0.44,N
39.17385,63.28735,301.34,0.38,0.36,2026-09-12,2153,N,nominal,2.0NRT,286.9,0.5,N
39.17801,63.24498,306.43,0.38,0.36,2026-09-12,2153,N,nominal,2.0NRT,287.13,0.48,N
39.17178,63.28468,300.64,0.38,0.36,2026-09-12,2153,N,nominal,2.0NRT,287.44,0.62,N
39.17817,63.22208,305.4,0.38,0.36,2026-09-12,2153,N,nominal,2.0NRT,286.87,0.59,N
39.16936,63.25652,308.9,0.38,0.36,2026-09-12,2153,N,nominal,2.0NRT,288.35,1.1,N
39.16867,63.26093,305,0.38,0.36,2026-09-12,2153,N,nominal,2.0NRT,287.23,0.67,N
39.16538,63.26008,305.1,0.38,0.36,2026-09-12,2153,N,nominal,2.0NRT,286.81,0.67,N
39.16469,63.26449,297.92,0.38,0.36,2026-09-12,2153,N,nominal,2.0NRT,286.12,0.67,N
39.15638,63.3174,300.21,0.38,0.36,2026-09-12,2153,N,nominal,2.0NRT,286.07,0.58,N
39.15569,63.3218,296.21,0.38,0.36,2026-09-12,2153,N,nominal,2.0NRT,285.84,0.34,N
39.13132,63.47601,302.33,0.38,0.36,2026-09-12,2153,N,nominal,2.0NRT,286.87,0.78,N
39.12685,63.46108,303.93,0.38,0.36,2026-09-12,2153,N,nominal,2.0NRT,285.82,0.6,N
39.12984,63.42059,313.77,0.38,0.36,2026-09-12,2153,N,nominal,2.0NRT,287.99,1.39,N
38.6833,65.9893,300.38,0.42,0.38,2026-09-12,2153,N,nominal,2.0NRT,287.72,0.7,N
38.68591,65.95516,301.57,0.42,0.37,2026-09-12,2153,N,nominal,2.0NRT,288.8,1.32,N
39.11689,63.39428,304.3,0.38,0.36,2026-09-12,2153,N,nominal,2.0NRT,285.29,0.68,N
39.12749,63.30532,298.87,0.38,0.36,2026-09-12,2153,N,nominal,2.0NRT,285.95,0.63,N
39.1268,63.30973,303.4,0.38,0.36,2026-09-12,2153,N,nominal,2.0NRT,286.59,0.63,N
38.67912,65.95315,297.93,0.42,0.37,2026-09-12,2153,N,nominal,2.0NRT,287.25,0.52,N
39.08582,63.48245,303.81,0.38,0.36,2026-09-12,2153,N,nominal,2.0NRT,285.49,0.57,N
39.07468,63.40163,299.63,0.38,0.36,2026-09-12,2153,N,nominal,2.0NRT,286.33,0.42,N
39.03919,63.60316,297.47,0.38,0.36,2026-09-12,2153,N,nominal,2.0NRT,286.83,0.45,N
39.06692,63.38586,297.75,0.38,0.36,2026-09-12,2153,N,nominal,2.0NRT,286.8,0.44,N
39.01637,63.70262,296.64,0.38,0.36,2026-09-12,2153,N,nominal,2.0NRT,285.56,0.36,N
38.97292,63.65667,301.77,0.38,0.36,2026-09-12,2153,N,nominal,2.0NRT,286.61,0.78,N
38.97293,63.59254,303.49,0.38,0.36,2026-09-12,2153,N,nominal,2.0NRT,288.01,0.74,N
38.968,63.62331,301.39,0.38,0.36,2026-09-12,2153,N,nominal,2.0NRT,287.05,0.4,N
38.97545,63.46957,311.84,0.38,0.36,2026-09-12,2153,N,nominal,2.0NRT,287.6,0.86,N
38.91781,63.80704,300.76,0.38,0.36,2026-09-12,2153,N,nominal,2.0NRT,286.38,0.64,N
38.9101,63.79124,302.59,0.38,0.36,2026-09-12,2153,N,nominal,2.0NRT,285.66,0.69,N
38.87251,63.79658,303.2,0.38,0.36,2026-09-12,2153,N,nominal,2.0NRT,285.61,1.13,N
38.8718,63.80097,308.26,0.38,0.36,2026-09-12,2153,N,nominal,2.0NRT,286.01,0.71,N
38.83796,63.81948,312.87,0.39,0.36,2026-09-12,2153,N,nominal,2.0NRT,287.38,0.94,N
38.83538,63.81421,300.35,0.39,0.36,2026-09-12,2153,N,nominal,2.0NRT,287.67,0.96,N
38.66776,64.77763,298.55,0.39,0.37,2026-09-12,2153,N,nominal,2.0NRT,286.54,0.4,N
38.78461,63.91533,308.53,0.39,0.36,2026-09-12,2153,N,nominal,2.0NRT,286.2,0.85,N
38.4552,65.80294,297.66,0.42,0.37,2026-09-12,2153,N,nominal,2.0NRT,287.29,0.44,N
38.77338,63.81607,299.56,0.39,0.36,2026-09-12,2153,N,nominal,2.0NRT,287.48,0.53,N
38.70935,63.93858,299.03,0.39,0.36,2026-09-12,2153,N,nominal,2.0NRT,287.05,0.51,N
38.05392,67.26489,302.08,0.47,0.4,2026-09-12,2153,N,nominal,2.0NRT,288.26,0.76,N
38.05034,67.26381,338.6,0.47,0.4,2026-09-12,2153,N,nominal,2.0NRT,290,5.91,N
38.28444,64.38245,301.14,0.39,0.36,2026-09-12,2153,N,nominal,2.0NRT,286.69,0.68,N
38.16982,64.57613,302.74,0.39,0.36,2026-09-12,2153,N,nominal,2.0NRT,286.03,0.87,N
38.12082,64.74013,298.45,0.4,0.37,2026-09-12,2153,N,nominal,2.0NRT,286.42,0.54,N
38.12827,64.67667,313.51,0.4,0.37,2026-09-12,2153,N,nominal,2.0NRT,286.77,1.49,N
38.1188,64.71146,306.35,0.4,0.37,2026-09-12,2153,N,nominal,2.0NRT,286.97,0.89,N
38.08753,64.87186,302.06,0.4,0.37,2026-09-12,2153,N,nominal,2.0NRT,286.18,0.73,N
37.9964,65.00982,300.17,0.4,0.37,2026-09-12,2153,N,nominal,2.0NRT,286.93,0.56,N
37.95933,65.06119,297.22,0.4,0.37,2026-09-12,2153,N,nominal,2.0NRT,285.77,0.24,N
37.96552,65.00591,314.07,0.4,0.37,2026-09-12,2153,N,nominal,2.0NRT,288.33,1.58,N
37.90536,65.10795,298.31,0.4,0.37,2026-09-12,2153,N,nominal,2.0NRT,286.62,0.61,N
37.88752,65.08641,312.51,0.4,0.37,2026-09-12,2153,N,nominal,2.0NRT,286.92,0.92,N
37.82963,65.17519,305.47,0.41,0.37,2026-09-12,2153,N,nominal,2.0NRT,286.66,0.66,N
37.82708,65.16969,302.31,0.41,0.37,2026-09-12,2153,N,nominal,2.0NRT,286.58,0.5,N
37.82627,65.17424,300.73,0.41,0.37,2026-09-12,2153,N,nominal,2.0NRT,286.94,0.5,N
37.82291,65.17328,297.75,0.41,0.37,2026-09-12,2153,N,nominal,2.0NRT,286.2,0.5,N
37.79028,65.35656,296.79,0.41,0.37,2026-09-12,2153,N,nominal,2.0NRT,285.63,0.48,N
37.76608,65.43208,300.88,0.41,0.37,2026-09-12,2153,N,nominal,2.0NRT,287.7,0.35,N
37.80206,65.19138,301.92,0.41,0.37,2026-09-12,2153,N,nominal,2.0NRT,286.91,0.53,N
37.67629,65.26434,305.6,0.41,0.37,2026-09-12,2153,N,nominal,2.0NRT,287.71,0.74,N
37.96043,62.66564,323.52,0.38,0.36,2026-09-12,2153,N,nominal,2.0NRT,288.3,2.18,N
37.98989,61.8826,327.81,0.39,0.36,2026-09-12,2153,N,nominal,2.0NRT,288.92,2.69,N
37.98592,61.88624,306.64,0.39,0.36,2026-09-12,2153,N,nominal,2.0NRT,288.74,0.77,N
37.90417,61.98331,296.79,0.39,0.36,2026-09-12,2153,N,nominal,2.0NRT,285.33,0.33,N
37.88767,62.02496,299.62,0.39,0.36,2026-09-12,2153,N,nominal,2.0NRT,286.51,0.85,N
37.79758,62.55093,330.01,0.39,0.36,2026-09-12,2153,N,nominal,2.0NRT,290.47,4.19,N
37.78904,62.53983,327.28,0.39,0.36,2026-09-12,2153,N,nominal,2.0NRT,287.73,1.99,N
37.78971,62.53549,305.56,0.39,0.36,2026-09-12,2153,N,nominal,2.0NRT,285.92,1.24,N
37.78641,62.53468,310.67,0.39,0.36,2026-09-12,2153,N,nominal,2.0NRT,285.27,1.04,N
37.78445,62.52519,300.03,0.39,0.36,2026-09-12,2153,N,nominal,2.0NRT,285.99,0.32,N
38.68333,54.31219,300.58,0.53,0.5,2026-09-12,2153,N,nominal,2.0NRT,289.15,0.92,N
38.68283,54.31839,301.43,0.53,0.5,2026-09-12,2153,N,nominal,2.0NRT,289.31,0.92,N
38.67866,54.31155,302.37,0.53,0.5,2026-09-12,2153,N,nominal,2.0NRT,288.98,0.92,N
38.67816,54.31776,304.9,0.53,0.5,2026-09-12,2153,N,nominal,2.0NRT,289.03,0.92,N
37.77829,62.10115,302.27,0.39,0.36,2026-09-12,2153,N,nominal,2.0NRT,287.51,0.62,N
37.84487,61.60522,315.22,0.39,0.36,2026-09-12,2153,N,nominal,2.0NRT,288.17,1.42,N
37.77888,62.02866,298.6,0.39,0.36,2026-09-12,2153,N,nominal,2.0NRT,286.95,0.41,N
37.77557,62.02786,302.56,0.39,0.36,2026-09-12,2153,N,nominal,2.0NRT,285.45,0.73,N
38.64793,54.28228,334.15,0.53,0.5,2026-09-12,2153,N,nominal,2.0NRT,290.92,3.06,N
37.74656,62.12982,296.46,0.39,0.36,2026-09-12,2153,N,nominal,2.0NRT,285.33,0.78,N
37.74325,62.12902,308.59,0.39,0.36,2026-09-12,2153,N,nominal,2.0NRT,286.87,0.78,N
37.74121,62.07415,307.47,0.39,0.36,2026-09-12,2153,N,nominal,2.0NRT,286.47,1.01,N
37.728,62.09367,324.88,0.39,0.36,2026-09-12,2153,N,nominal,2.0NRT,289.12,2.54,N
37.72549,62.09433,327.95,0.39,0.36,2026-09-12,2153,N,nominal,2.0NRT,286.5,2.44,N
37.75112,61.85499,309.59,0.39,0.36,2026-09-12,2153,N,nominal,2.0NRT,286.38,0.85,N
37.74579,61.84462,308.19,0.39,0.36,2026-09-12,2153,N,nominal,2.0NRT,287.87,0.75,N
37.66994,62.23478,308.22,0.39,0.36,2026-09-12,2153,N,nominal,2.0NRT,285.9,1.23,N
37.66928,62.23912,318.12,0.39,0.36,2026-09-12,2153,N,nominal,2.0NRT,287.21,1.23,N
37.66201,62.24189,312.96,0.39,0.36,2026-09-12,2153,N,nominal,2.0NRT,287.86,0.67,N
38.26086,57.65942,304.8,0.53,0.42,2026-09-12,2153,N,nominal,2.0NRT,291.99,1.72,N
37.65871,62.2411,296.5,0.39,0.36,2026-09-12,2153,N,nominal,2.0NRT,285.2,0.67,N
37.65805,62.24545,304.64,0.39,0.36,2026-09-12,2153,N,nominal,2.0NRT,285.13,0.67,N
38.21993,57.98929,308.19,0.52,0.41,2026-09-12,2153,N,nominal,2.0NRT,290.06,1.35,N
37.70381,61.78001,297.13,0.39,0.36,2026-09-12,2153,N,nominal,2.0NRT,286.41,0.25,N
37.64022,62.20507,306.4,0.39,0.36,2026-09-12,2153,N,nominal,2.0NRT,286.82,0.85,N
37.63692,62.20427,305.22,0.39,0.36,2026-09-12,2153,N,nominal,2.0NRT,284.98,0.85,N
37.62899,62.2114,300.1,0.39,0.36,2026-09-12,2153,N,nominal,2.0NRT,287.83,0.6,N
37.62833,62.21575,307.41,0.39,0.36,2026-09-12,2153,N,nominal,2.0NRT,287.29,1.03,N
38.18182,57.98247,302.35,0.52,0.41,2026-09-12,2153,N,nominal,2.0NRT,288.96,1.1,N
37.62569,62.2106,297.74,0.39,0.36,2026-09-12,2153,N,nominal,2.0NRT,285.91,0.5,N
37.62832,62.17061,301.77,0.39,0.36,2026-09-12,2153,N,nominal,2.0NRT,285.51,0.6,N
37.62501,62.16982,326.3,0.39,0.36,2026-09-12,2153,N,nominal,2.0NRT,290.09,2.4,N
37.6577,61.90581,303.14,0.39,0.36,2026-09-12,2153,N,nominal,2.0NRT,287.03,1.28,N
37.62498,62.12463,312.37,0.39,0.36,2026-09-12,2153,N,nominal,2.0NRT,287.43,1.52,N
37.65439,61.90502,316.07,0.39,0.36,2026-09-12,2153,N,nominal,2.0NRT,289.16,1.28,N
37.6197,62.13693,315.68,0.39,0.36,2026-09-12,2153,N,nominal,2.0NRT,290.03,1.55,N
37.61905,62.14128,301.93,0.39,0.36,2026-09-12,2153,N,nominal,2.0NRT,287.81,0.83,N
37.6314,61.72437,305.36,0.39,0.36,2026-09-12,2153,N,nominal,2.0NRT,286.9,0.85,N
37.80708,60.33288,297.66,0.42,0.38,2026-09-12,2153,N,nominal,2.0NRT,286.94,0.56,N
37.6061,61.70933,309.34,0.39,0.36,2026-09-12,2153,N,nominal,2.0NRT,285.79,0.82,N
37.6177,61.60688,297.07,0.39,0.36,2026-09-12,2153,N,nominal,2.0NRT,285.73,0.27,N
37.61103,61.60534,330.34,0.39,0.36,2026-09-12,2153,N,nominal,2.0NRT,293.58,3.61,N
37.61557,61.5743,298.56,0.39,0.36,2026-09-12,2153,N,nominal,2.0NRT,287.78,0.68,N
37.61492,61.57873,311.75,0.39,0.36,2026-09-12,2153,N,nominal,2.0NRT,289.85,0.7,N
37.61298,61.59204,318.85,0.39,0.36,2026-09-12,2153,N,nominal,2.0NRT,289.65,1.52,N
37.61223,61.57353,304.15,0.39,0.36,2026-09-12,2153,N,nominal,2.0NRT,288.48,1.11,N
37.61158,61.57796,304.1,0.39,0.36,2026-09-12,2153,N,nominal,2.0NRT,289.06,1.04,N
37.6077,61.60456,298.55,0.39,0.36,2026-09-12,2153,N,nominal,2.0NRT,288.14,0.79,N
37.55895,61.93474,296.63,0.39,0.36,2026-09-12,2153,N,nominal,2.0NRT,286.4,0.41,N
37.55563,61.93396,297.57,0.39,0.36,2026-09-12,2153,N,nominal,2.0NRT,286.59,0.41,N
37.57186,61.80157,300.49,0.39,0.36,2026-09-12,2153,N,nominal,2.0NRT,289.72,0.38,N
37.60482,61.55346,317.09,0.39,0.36,2026-09-12,2153,N,nominal,2.0NRT,290.67,1.71,N
37.5975,61.55635,328.04,0.39,0.36,2026-09-12,2153,N,nominal,2.0NRT,289.86,1.68,N
37.59686,61.56079,304.09,0.39,0.36,2026-09-12,2153,N,nominal,2.0NRT,288.02,1.68,N
37.59534,61.52372,320.86,0.39,0.36,2026-09-12,2153,N,nominal,2.0NRT,288.44,1.46,N
37.5947,61.52816,323.52,0.39,0.36,2026-09-12,2153,N,nominal,2.0NRT,289.11,2.18,N
37.59019,61.55925,302.55,0.39,0.36,2026-09-12,2153,N,nominal,2.0NRT,288.96,0.73,N
37.58954,61.56369,298.31,0.39,0.36,2026-09-12,2153,N,nominal,2.0NRT,288.25,0.49,N
37.59287,61.52991,333.99,0.39,0.36,2026-09-12,2153,N,nominal,2.0NRT,290.71,3.27,N
37.5883,61.56096,298.95,0.39,0.36,2026-09-12,2153,N,nominal,2.0NRT,288.42,1.62,N
37.58497,61.56019,324.65,0.39,0.36,2026-09-12,2153,N,nominal,2.0NRT,289.09,1.62,N
37.58823,61.53802,302.35,0.39,0.36,2026-09-12,2153,N,nominal,2.0NRT,286.84,0.69,N
37.58163,61.55942,305.73,0.39,0.36,2026-09-12,2153,N,nominal,2.0NRT,289.3,0.95,N
38.02681,58.17348,303.69,0.5,0.41,2026-09-12,2153,N,nominal,2.0NRT,290.87,0.92,N
37.50023,61.99078,298.71,0.39,0.36,2026-09-12,2153,N,nominal,2.0NRT,286.71,0.36,N
37.48039,62.00866,310.39,0.39,0.36,2026-09-12,2153,N,nominal,2.0NRT,288.22,1.12,N
37.94275,58.56041,302.32,0.48,0.4,2026-09-12,2153,N,nominal,2.0NRT,290.15,0.78,N
37.94209,58.56593,301.72,0.48,0.4,2026-09-12,2153,N,nominal,2.0NRT,290.26,0.78,N
37.48169,61.97735,308.96,0.39,0.36,2026-09-12,2153,N,nominal,2.0NRT,287.16,0.91,N
37.49801,61.84537,327.1,0.39,0.36,2026-09-12,2153,N,nominal,2.0NRT,291.43,2.42,N
37.49736,61.84975,325.45,0.39,0.36,2026-09-12,2153,N,nominal,2.0NRT,290.24,2.42,N
37.42428,62.31033,335.65,0.39,0.36,2026-09-12,2153,N,nominal,2.0NRT,288.38,3.51,N
37.40384,62.30989,305.85,0.39,0.36,2026-09-12,2153,N,nominal,2.0NRT,286.14,0.66,N
37.39591,62.31696,309.73,0.39,0.36,2026-09-12,2153,N,nominal,2.0NRT,288.07,0.71,N
37.63609,60.34107,314.37,0.42,0.38,2026-09-12,2153,N,nominal,2.0NRT,288.87,1.19,N
37.62253,60.43993,301.72,0.42,0.37,2026-09-12,2153,N,nominal,2.0NRT,287.54,0.65,N
37.61869,60.39072,299.48,0.42,0.37,2026-09-12,2153,N,nominal,2.0NRT,288.65,0.63,N
37.52655,61.05008,301.6,0.4,0.37,2026-09-12,2153,N,nominal,2.0NRT,288.44,1.06,N
37.51515,61.05686,297.52,0.4,0.37,2026-09-12,2153,N,nominal,2.0NRT,287.33,0.41,N
36.70177,65.96095,299.67,0.44,0.38,2026-09-12,2153,N,nominal,2.0NRT,288.7,0.61,N
37.51084,61.01386,317.47,0.4,0.37,2026-09-12,2153,N,nominal,2.0NRT,289.51,1.97,N
37.50554,61.02669,306.74,0.4,0.37,2026-09-12,2153,N,nominal,2.0NRT,289.94,0.77,N
37.50217,61.02593,308.36,0.4,0.37,2026-09-12,2153,N,nominal,2.0NRT,288.64,1.28,N
37.48727,60.45684,296.62,0.41,0.37,2026-09-12,2153,N,nominal,2.0NRT,286.43,0.5,N
37.34864,61.36387,323.79,0.4,0.37,2026-09-12,2153,N,nominal,2.0NRT,289.26,1.92,N
37.36887,61.05441,297.57,0.4,0.37,2026-09-12,2153,N,nominal,2.0NRT,286.75,0.66,N
37.30675,61.12109,295.82,0.4,0.37,2026-09-12,2153,N,nominal,2.0NRT,285.6,0.44,N
35.96789,68.68779,301.75,0.39,0.44,2026-09-12,2153,N,nominal,2.0NRT,291.54,1.33,N
37.11781,62.36289,330.95,0.38,0.36,2026-09-12,2153,N,nominal,2.0NRT,290.13,6.07,N
37.11452,62.3621,302.52,0.38,0.36,2026-09-12,2153,N,nominal,2.0NRT,288.3,0.82,N
37.11385,62.3664,300.31,0.38,0.36,2026-09-12,2153,N,nominal,2.0NRT,286.99,0.82,N
37.03405,62.41846,321.21,0.38,0.36,2026-09-12,2153,N,nominal,2.0NRT,290.44,1.95,N
37.03472,62.41416,304.58,0.38,0.36,2026-09-12,2153,N,nominal,2.0NRT,288.14,1.95,N
37.03076,62.41766,307.2,0.38,0.36,2026-09-12,2153,N,nominal,2.0NRT,288.55,2.02,N
37.17887,60.86728,296.92,0.4,0.37,2026-09-12,2153,N,nominal,2.0NRT,285,0.31,N
37.21862,60.02458,312.74,0.42,0.38,2026-09-12,2153,N,nominal,2.0NRT,288.09,0.83,N
37.4534,57.68815,303.81,0.52,0.42,2026-09-12,2153,N,nominal,2.0NRT,289.04,1.47,N
37.34026,58.04596,297.64,0.5,0.41,2026-09-12,2153,N,nominal,2.0NRT,286.52,1.22,N
36.4775,61.6235,307.97,0.39,0.36,2026-09-12,2153,N,nominal,2.0NRT,288.49,2.01,N
36.3698,61.90532,301.44,0.39,0.36,2026-09-12,2153,N,nominal,2.0NRT,287.39,0.59,N
36.36781,61.896,299.48,0.39,0.36,2026-09-12,2153,N,nominal,2.0NRT,286.75,0.41,N
36.44004,61.21794,310.97,0.39,0.36,2026-09-12,2153,N,nominal,2.0NRT,289.72,1.42,N
36.46241,60.85075,303.62,0.4,0.37,2026-09-12,2153,N,nominal,2.0NRT,289,0.47,N
36.99035,56.23291,304.16,0.4,0.44,2026-09-12,2153,N,nominal,2.0NRT,286.41,0.52,N
36.48265,59.74731,303.21,0.43,0.38,2026-09-12,2153,N,nominal,2.0NRT,287.52,0.81,N
36.47919,59.74657,302.67,0.43,0.38,2026-09-12,2153,N,nominal,2.0NRT,286.97,0.81,N
35.94936,62.91886,303.62,0.39,0.36,2026-09-12,2153,N,nominal,2.0NRT,290.56,0.74,N
36.94611,54.88603,312.51,0.47,0.48,2026-09-12,2153,N,nominal,2.0NRT,289.52,1.24,N
36.94561,54.89145,300.92,0.47,0.48,2026-09-12,2153,N,nominal,2.0NRT,289.62,1.24,N
35.9075,62.96579,315.25,0.39,0.36,2026-09-12,2153,N,nominal,2.0NRT,288.5,1.36,N
36.27271,59.65104,302.03,0.43,0.38,2026-09-12,2153,N,nominal,2.0NRT,288.07,0.8,N
36.23714,59.73106,303.87,0.42,0.38,2026-09-12,2153,N,nominal,2.0NRT,286.74,1.14,N
36.34206,58.67939,311.38,0.46,0.39,2026-09-12,2153,N,nominal,2.0NRT,287.91,1.3,N
36.33617,58.66757,304.33,0.46,0.39,2026-09-12,2153,N,nominal,2.0NRT,287.67,0.84,N
33.34065,72.59557,303.3,0.36,0.57,2026-09-12,2153,N,nominal,2.0NRT,291.55,0.41,N
33.33553,72.59368,303.98,0.36,0.57,2026-09-12,2153,N,nominal,2.0NRT,291.63,0.63,N
36.29526,54.78627,297.68,0.47,0.48,2026-09-12,2153,N,nominal,2.0NRT,287.4,0.76,N
33.22001,71.48825,328.32,0.63,0.54,2026-09-12,2153,N,nominal,2.0NRT,291.97,4.6,N
35.35598,60.21676,302.37,0.41,0.37,2026-09-12,2153,N,nominal,2.0NRT,286.6,0.73,N
35.36985,59.30598,296.66,0.43,0.38,2026-09-12,2155,N,nominal,2.0NRT,285.8,0.55,N
35.36637,59.30527,298.23,0.43,0.38,2026-09-12,2155,N,nominal,2.0NRT,285.88,0.55,N
32.88748,71.61791,310.35,0.33,0.55,2026-09-12,2155,N,nominal,2.0NRT,293.71,1.21,N
32.88958,71.61769,315.28,0.33,0.55,2026-09-12,2155,N,nominal,2.0NRT,294.5,1.43,N
32.38138,72.13918,307.27,0.36,0.57,2026-09-12,2155,N,nominal,2.0NRT,294.46,1.4,N
33.7519,59.14613,297.55,0.42,0.38,2026-09-12,2155,N,nominal,2.0NRT,285.52,0.54,N
33.63011,59.17173,298.22,0.42,0.38,2026-09-12,2155,N,nominal,2.0NRT,287.76,0.61,N
32.92559,60.23154,301.06,0.39,0.36,2026-09-12,2155,N,nominal,2.0NRT,289.55,0.51,N
33.04119,56.85067,309.29,0.51,0.41,2026-09-12,2153,N,nominal,2.0NRT,295.37,1.31,N
33.04201,56.84956,312.23,0.51,0.41,2026-09-12,2153,N,nominal,2.0NRT,296.13,1.88,N
30.4446,70.5678,307,0.32,0.55,2026-09-12,2153,N,nominal,2.0NRT,293.55,0.62,N
32.33369,54.08679,306.24,0.46,0.47,2026-09-12,2153,N,nominal,2.0NRT,291.86,0.94,N
31.84849,54.28442,308.93,0.45,0.47,2026-09-12,2153,N,nominal,2.0NRT,294.64,1.34,N
31.70531,55.44685,309.94,0.39,0.44,2026-09-12,2153,N,nominal,2.0NRT,298.01,1.59,N
31.70416,55.44816,308.46,0.38,0.44,2026-09-12,2153,N,nominal,2.0NRT,297.99,1.51,N
31.62374,54.72586,313.2,0.42,0.45,2026-09-12,2153,N,nominal,2.0NRT,293.71,1.69,N
30.75736,56.65234,312.23,0.49,0.4,2026-09-12,2153,N,nominal,2.0NRT,294.38,1.93,N
30.75672,56.65752,317.14,0.49,0.4,2026-09-12,2153,N,nominal,2.0NRT,295.84,1.93,N
28.42556,69.70238,314.12,0.32,0.54,2026-09-12,2153,N,nominal,2.0NRT,293.87,0.86,N
30.66518,56.61925,310.77,0.49,0.4,2026-09-12,2153,N,nominal,2.0NRT,291.79,1.34,N
30.2354,56.90996,319.22,0.47,0.4,2026-09-12,2153,N,nominal,2.0NRT,294.63,2.2,N
30.23597,56.90825,314.74,0.47,0.4,2026-09-12,2153,N,nominal,2.0NRT,294.11,3.27,N
30.32361,55.97277,305.03,0.52,0.42,2026-09-12,2153,N,nominal,2.0NRT,291.22,1.12,N
30.21529,55.98402,303.73,0.52,0.42,2026-09-12,2153,N,nominal,2.0NRT,290.33,0.83,N
29.47631,60.80584,307.35,0.38,0.36,2026-09-12,2153,N,nominal,2.0NRT,290.67,0.72,N
29.99289,55.856,324.58,0.53,0.42,2026-09-12,2153,N,nominal,2.0NRT,289.36,5.21,N
29.75809,54.28531,301.62,0.42,0.45,2026-09-12,2153,N,nominal,2.0NRT,286.78,0.81,N
29.51264,55.79566,300.14,0.52,0.42,2026-09-12,2155,N,nominal,2.0NRT,289.89,1.15,N
29.514,55.7992,301.6,0.52,0.42,2026-09-12,2155,N,nominal,2.0NRT,289.8,0.79,N
28.20574,61.30609,306.1,0.39,0.36,2026-09-12,2155,N,nominal,2.0NRT,295.61,0.73,N
25.46503,68.76104,300.06,0.32,0.55,2026-09-12,2155,N,nominal,2.0NRT,287.87,0.54,N
25.46432,68.76422,300.05,0.32,0.55,2026-09-12,2155,N,nominal,2.0NRT,284.74,0.24,N
27.42111,56.4997,316.34,0.46,0.39,2026-09-12,2155,N,nominal,2.0NRT,299.01,1.57,N
27.30198,56.30491,314.89,0.47,0.4,2026-09-12,2155,N,nominal,2.0NRT,299.48,0.98,N
27.30232,56.30286,316.05,0.47,0.4,2026-09-12,2155,N,nominal,2.0NRT,299.34,1.66,N
25.15625,67.70549,299.73,0.57,0.52,2026-09-12,2155,N,nominal,2.0NRT,278.68,0.4,N
27.17161,56.05421,314.36,0.48,0.4,2026-09-12,2155,N,nominal,2.0NRT,300.04,1.75,N
27.16793,56.0536,320.53,0.48,0.4,2026-09-12,2155,N,nominal,2.0NRT,300.23,1.64,N
27.16167,56.10186,336.14,0.48,0.4,2026-09-12,2155,N,nominal,2.0NRT,301.47,2.88,N
27.16113,56.07711,314.46,0.48,0.4,2026-09-12,2155,N,nominal,2.0NRT,300.12,1.49,N
27.158,56.10125,318.81,0.48,0.4,2026-09-12,2155,N,nominal,2.0NRT,299.58,2.88,N
27.14513,56.11381,313.49,0.48,0.4,2026-09-12,2155,N,nominal,2.0NRT,300.22,1.86,N
25.05248,67.49599,306.87,0.55,0.51,2026-09-12,2155,N,nominal,2.0NRT,282.93,1.59,N
26.95691,55.54251,312.85,0.5,0.41,2026-09-12,2155,N,nominal,2.0NRT,301.83,1.7,N
25.97453,56.07102,318.83,0.46,0.39,2026-09-12,2155,N,nominal,2.0NRT,302.64,1.61,N
25.96727,56.06983,314.05,0.46,0.39,2026-09-12,2155,N,nominal,2.0NRT,302.49,0.84,N
25.90433,54.52972,311.44,0.55,0.43,2026-09-12,2155,N,nominal,2.0NRT,300.16,0.8,N
24.50768,56.60928,315.47,0.43,0.38,2026-09-12,2155,N,nominal,2.0NRT,300.09,2.49,N
24.50419,56.6087,331.8,0.43,0.38,2026-09-12,2155,N,nominal,2.0NRT,300.56,2.49,N
24.50656,56.59175,313.4,0.43,0.38,2026-09-12,2155,N,nominal,2.0NRT,300.42,0.74,N
24.50478,56.60446,313.47,0.43,0.38,2026-09-12,2155,N,nominal,2.0NRT,300.7,2.49,N
24.47214,56.63357,313.24,0.43,0.38,2026-09-12,2155,N,nominal,2.0NRT,299.07,0.93,N
24.45443,56.55002,313.06,0.43,0.38,2026-09-12,2155,N,nominal,2.0NRT,298.74,1.13,N
24.32971,54.47237,317.86,0.53,0.42,2026-09-12,2155,N,nominal,2.0NRT,302.75,1.11,N
23.55468,58.20082,317.21,0.39,0.36,2026-09-12,2155,N,nominal,2.0NRT,299.8,1.08,N
23.48429,58.28143,318.96,0.39,0.36,2026-09-12,2155,N,nominal,2.0NRT,299.98,1.41,N
22.65932,59.40569,307.89,0.39,0.36,2026-09-12,2155,N,nominal,2.0NRT,297.54,1.46,N
23.19047,55.45862,310.78,0.46,0.39,2026-09-12,2155,N,nominal,2.0NRT,298.31,1.82,N
23.31304,54.17957,312.79,0.54,0.42,2026-09-12,2155,N,nominal,2.0NRT,298.79,7.45,N
22.88086,55.92644,332.23,0.44,0.38,2026-09-12,2155,N,nominal,2.0NRT,297.04,3.46,N
22.87733,55.92586,321.73,0.44,0.38,2026-09-12,2155,N,nominal,2.0NRT,297.34,1.87,N
22.8729,55.61332,321.18,0.45,0.39,2026-09-12,2155,N,nominal,2.0NRT,297.96,1.99,N
22.87468,55.61482,321.73,0.45,0.39,2026-09-12,2155,N,nominal,2.0NRT,298.1,1.55,N
22.78122,55.81419,306.68,0.44,0.39,2026-09-12,2155,N,nominal,2.0NRT,295.07,0.68,N
22.67312,56.24883,306.54,0.43,0.38,2026-09-12,2155,N,nominal,2.0NRT,292.24,0.42,N
22.40784,56.98827,322.53,0.4,0.37,2026-09-12,2155,N,nominal,2.0NRT,296.39,1.6,N
22.40445,56.98767,320.1,0.4,0.37,2026-09-12,2155,N,nominal,2.0NRT,296.31,1.6,N
22.3457,56.43248,314.86,0.42,0.38,2026-09-12,2155,N,nominal,2.0NRT,296.04,1.23,N
22.32669,56.49142,324.58,0.42,0.37,2026-09-12,2155,N,nominal,2.0NRT,295.96,2.23,N
21.93833,57.07445,325.15,0.4,0.37,2026-09-12,2155,N,nominal,2.0NRT,282.45,2.33,N
21.93495,57.07387,297.44,0.4,0.37,2026-09-12,2155,N,nominal,2.0NRT,279.41,0.5,N
21.89211,56.84485,299.96,0.4,0.37,2026-09-12,2155,N,nominal,2.0NRT,279.61,0.68,N
21.89153,56.84875,308.77,0.4,0.37,2026-09-12,2155,N,nominal,2.0NRT,280.85,0.75,N
21.83612,56.67957,296,0.41,0.37,2026-09-12,2155,N,nominal,2.0NRT,276.46,0.46,N
21.70275,56.471,305.66,0.41,0.37,2026-09-12,2157,N,nominal,2.0NRT,287.18,0.78,N
21.29578,57.68058,305,0.39,0.36,2026-09-12,2157,N,nominal,2.0NRT,293.65,0.5,N
21.41093,55.74285,308.36,0.43,0.38,2026-09-12,2157,N,nominal,2.0NRT,285.22,1.13,N
21.37863,55.8187,324.56,0.43,0.38,2026-09-12,2157,N,nominal,2.0NRT,282.66,2.52,N
20.70726,55.42959,304.12,0.44,0.38,2026-09-12,2157,N,nominal,2.0NRT,288.11,0.63,N
20.3903,55.66204,323.93,0.43,0.38,2026-09-12,2157,N,nominal,2.0NRT,294.78,1.54,N
20.38681,55.66148,309.18,0.43,0.38,2026-09-12,2157,N,nominal,2.0NRT,294.06,1.54,N
20.3895,55.66354,329.96,0.43,0.38,2026-09-12,2157,N,nominal,2.0NRT,294.79,3.28,N
20.38491,55.64597,324.55,0.43,0.38,2026-09-12,2157,N,nominal,2.0NRT,295.11,1.41,N
20.21373,55.71158,326.79,0.43,0.38,2026-09-12,2157,N,nominal,2.0NRT,294.13,2.26,N
18.32208,55.10525,330.98,0.43,0.38,2026-09-12,2157,N,nominal,2.0NRT,296.22,2.49,N
18.17792,55.25006,306.28,0.43,0.38,2026-09-12,2157,N,nominal,2.0NRT,294.65,0.69,N
18.17445,55.24951,305.62,0.43,0.38,2026-09-12,2157,N,nominal,2.0NRT,294.51,1,N
18.01348,54.57253,347.85,0.45,0.39,2026-09-12,2157,N,nominal,2.0NRT,302.76,11.05,N
17.8889,54.48543,339.4,0.45,0.39,2026-09-12,2157,N,nominal,2.0NRT,297.25,13.88,N
38.67878,54.31443,325.55,0.61,0.71,2026-09-12,2331,N,nominal,2.0NRT,288.05,2.98,N
38.64598,54.28202,327.4,0.61,0.71,2026-09-12,2331,N,nominal,2.0NRT,287.74,3.61,N
38.67919,54.31594,324.61,0.61,0.71,2026-09-12,2331,N,nominal,2.0NRT,287.75,2.26,N
38.64637,54.28329,329.43,0.61,0.71,2026-09-12,2331,N,nominal,2.0NRT,287.74,2.47,N
36.944,54.89153,297.76,0.73,0.76,2026-09-12,2331,N,nominal,2.0NRT,285.93,0.95,N
20.47235,100.12014,329.09,0.71,0.75,2026-09-13,0546,N,nominal,2.0NRT,286.82,6.28,D
21.61348,101.87085,332.17,0.53,0.67,2026-09-13,0546,N,nominal,2.0NRT,273.92,5.18,D
22.80029,100.19995,331.06,0.63,0.72,2026-09-13,0546,N,nominal,2.0NRT,286.51,3.75,D
6.38676,81.01808,326.79,0.52,0.67,2026-09-13,0724,N,nominal,2.0NRT,288.08,2.55,D
6.39294,81.01705,348.87,0.52,0.67,2026-09-13,0724,N,nominal,2.0NRT,288.25,7.33,D
6.39093,81.01582,354.82,0.52,0.67,2026-09-13,0724,N,nominal,2.0NRT,287.98,9.17,D
6.42347,81.05456,332.84,0.52,0.67,2026-09-13,0724,N,nominal,2.0NRT,287.02,1.74,D
6.4481,81.05029,350.31,0.52,0.67,2026-09-13,0724,N,nominal,2.0NRT,288.47,6.83,D
7.05704,81.45511,337.28,0.48,0.64,2026-09-13,0724,N,nominal,2.0NRT,287.76,4.86,D
7.2856,81.22715,333.28,0.49,0.65,2026-09-13,0724,N,nominal,2.0NRT,287.9,4.47,D
7.5022,81.74329,353.39,0.45,0.63,2026-09-13,0724,N,nominal,2.0NRT,290.3,7.18,D
7.50189,81.7411,347.87,0.45,0.63,2026-09-13,0724,N,nominal,2.0NRT,289.72,8.61,D
7.59502,80.95129,335.53,0.5,0.66,2026-09-13,0724,N,nominal,2.0NRT,291.21,7.98,D
7.60108,80.95014,339.32,0.5,0.66,2026-09-13,0724,N,nominal,2.0NRT,290.85,10.2,D
7.93497,81.05368,336.18,0.49,0.65,2026-09-13,0724,N,nominal,2.0NRT,287.94,7.78,D
7.93414,81.04922,336.71,0.49,0.65,2026-09-13,0724,N,nominal,2.0NRT,290.61,7.78,D
8.03992,81.32426,334.06,0.47,0.64,2026-09-13,0724,N,nominal,2.0NRT,291.68,6.17,D
8.04348,81.31029,331.14,0.47,0.64,2026-09-13,0724,N,nominal,2.0NRT,289.79,4.91,D
8.05169,81.322,339.4,0.47,0.64,2026-09-13,0724,N,nominal,2.0NRT,290.66,4.1,D
8.02861,81.09187,336.02,0.49,0.65,2026-09-13,0724,N,nominal,2.0NRT,288.42,7.84,D
8.0499,81.32288,332.66,0.47,0.64,2026-09-13,0724,N,nominal,2.0NRT,290.75,5.72,D
8.0312,81.09241,331.28,0.48,0.65,2026-09-13,0724,N,nominal,2.0NRT,289.02,6.12,D
8.08637,80.64853,344.41,0.52,0.67,2026-09-13,0724,N,nominal,2.0NRT,289.53,8.57,D
8.09099,80.23808,331.4,0.55,0.68,2026-09-13,0724,N,nominal,2.0NRT,287.94,6.35,D
8.33968,81.30187,334.36,0.46,0.64,2026-09-13,0724,N,nominal,2.0NRT,290.9,7.39,D
8.35725,81.27872,331,0.46,0.64,2026-09-13,0724,N,nominal,2.0NRT,291.42,2.17,D
8.27618,80.72009,332.3,0.51,0.66,2026-09-13,0724,N,nominal,2.0NRT,289.65,5.03,D
8.25421,80.50323,339.22,0.53,0.67,2026-09-13,0724,N,nominal,2.0NRT,287.65,9.14,D
8.3127,80.74686,330.92,0.51,0.66,2026-09-13,0724,N,nominal,2.0NRT,288.89,6.37,D
8.31009,80.73293,340.99,0.51,0.66,2026-09-13,0724,N,nominal,2.0NRT,289.4,10.08,D
8.194,79.90574,330.85,0.58,0.7,2026-09-13,0724,N,nominal,2.0NRT,286.37,7.86,D
8.44298,81.11615,331.08,0.48,0.64,2026-09-13,0724,N,nominal,2.0NRT,291.24,4.59,D
8.19462,79.90289,339.43,0.58,0.7,2026-09-13,0724,N,nominal,2.0NRT,286.71,7.74,D
8.35129,80.24283,344.22,0.55,0.68,2026-09-13,0724,N,nominal,2.0NRT,287.47,10.43,D
8.35036,80.23783,356.37,0.55,0.68,2026-09-13,0724,N,nominal,2.0NRT,285,10.43,D
8.52645,80.67664,342.54,0.51,0.66,2026-09-13,0724,N,nominal,2.0NRT,289.21,10.91,D
8.60487,80.45284,330.64,0.52,0.67,2026-09-13,0724,N,nominal,2.0NRT,289.42,6.52,D
14.85171,100.52458,329.97,0.41,0.6,2026-09-13,0726,N,nominal,2.0NRT,283.37,5.04,D
11.51971,77.19726,331.51,0.76,0.77,2026-09-13,0726,N,nominal,2.0NRT,273.59,5.26,D
11.52328,77.19559,338.04,0.76,0.77,2026-09-13,0726,N,nominal,2.0NRT,273.2,4.7,D
16.46902,98.69112,330.73,0.32,0.55,2026-09-13,0726,N,nominal,2.0NRT,291.88,2.49,D
13.29275,78.005,330.52,0.62,0.72,2026-09-13,0726,N,nominal,2.0NRT,273.46,2.75,D
17.79383,95.03274,342.08,0.39,0.44,2026-09-13,0726,N,nominal,2.0NRT,295.71,5.89,D
17.82067,95.11267,332.94,0.4,0.44,2026-09-13,0726,N,nominal,2.0NRT,295.19,1.83,D
18.97796,100.13956,328.59,0.43,0.62,2026-09-13,0726,N,nominal,2.0NRT,286.8,3.76,D
20.47531,100.12043,331.52,0.45,0.63,2026-09-13,0726,N,nominal,2.0NRT,287.4,5.49,D
21.02837,100.61869,367,0.49,0.65,2026-09-13,0726,N,high,2.0NRT,290.95,29.24,D
20.94527,95.85739,331.25,0.48,0.48,2026-09-13,0729,N,nominal,2.0NRT,295.42,2.97,D
21.52054,95.66871,333.84,0.48,0.48,2026-09-13,0729,N,nominal,2.0NRT,295.77,3.03,D
20.76136,85.29738,331.07,0.48,0.4,2026-09-13,0729,N,low,2.0NRT,297.4,8.78,D
20.863,84.99017,328.02,0.5,0.41,2026-09-13,0729,N,low,2.0NRT,295.91,5.02,D
21.74854,83.84378,339.36,0.56,0.43,2026-09-13,0729,N,nominal,2.0NRT,294.91,8.41,D
21.76223,83.85188,328.88,0.56,0.43,2026-09-13,0729,N,nominal,2.0NRT,294.85,6.33,D
22.57471,85.89218,334.45,0.43,0.38,2026-09-13,0729,N,nominal,2.0NRT,293.88,7.49,D
23.68204,86.09431,335.29,0.42,0.37,2026-09-13,0729,N,nominal,2.0NRT,287.37,3.75,D
24.19585,82.71654,332.02,0.39,0.44,2026-09-13,0729,N,nominal,2.0NRT,293.19,4.25,D
31.87933,78.38251,340.37,0.49,0.49,2026-09-13,0729,N,nominal,2.0NRT,297.25,8.56,D
31.1207,74.60992,335.31,0.42,0.61,2026-09-13,0731,N,nominal,2.0NRT,294.42,4.14,D
31.12459,74.60937,334.58,0.42,0.61,2026-09-13,0731,N,nominal,2.0NRT,294.39,5.49,D
31.12239,74.60079,330.56,0.42,0.61,2026-09-13,0731,N,nominal,2.0NRT,294.98,2.78,D
36.76999,81.79327,354.26,0.43,0.38,2026-09-13,0731,N,nominal,2.0NRT,307.28,7.64,D
37.18344,78.42387,342.34,0.57,0.43,2026-09-13,0731,N,nominal,2.0NRT,301.31,7.2,D
38.05105,67.26227,334.81,0.67,0.73,2026-09-13,0733,N,nominal,2.0NRT,306.09,5.96,D
7.89146,80.52164,333.44,0.75,0.77,2026-09-13,0905,N,nominal,2.0NRT,287.42,8.05,D
8.01182,80.19453,334.14,0.72,0.75,2026-09-13,0905,N,nominal,2.0NRT,286.37,7.94,D
7.97132,80.23218,333.53,0.72,0.76,2026-09-13,0905,N,nominal,2.0NRT,286.47,5.42,D
8.00954,80.19323,340.44,0.72,0.75,2026-09-13,0905,N,nominal,2.0NRT,286.42,7.61,D
8.1644,80.50396,336.29,0.76,0.77,2026-09-13,0905,N,nominal,2.0NRT,285.97,4.43,D
8.2447,80.71901,335.65,0.78,0.78,2026-09-13,0905,N,nominal,2.0NRT,286.35,7.8,D
8.20266,79.99259,330.5,0.7,0.75,2026-09-13,0905,N,nominal,2.0NRT,284.38,4.57,D
8.24599,80.71811,339.17,0.78,0.78,2026-09-13,0905,N,nominal,2.0NRT,287.01,8.17,D
8.27605,80.72226,333.37,0.78,0.78,2026-09-13,0905,N,nominal,2.0NRT,285.91,7.86,D
8.28425,80.72892,333.24,0.79,0.78,2026-09-13,0905,N,nominal,2.0NRT,286.24,13.05,D
8.28334,80.72141,344.87,0.78,0.78,2026-09-13,0905,N,nominal,2.0NRT,286.58,12.37,D
8.31435,80.73309,329.24,0.79,0.78,2026-09-13,0905,N,nominal,2.0NRT,285.82,6.06,D
18.01021,54.57526,342.5,0.38,0.59,2026-09-13,0907,N,nominal,2.0NRT,310.02,10.53,D
18.00948,54.57172,358.08,0.38,0.59,2026-09-13,0907,N,nominal,2.0NRT,312.43,12.83,D
18.01555,54.57404,350.3,0.38,0.59,2026-09-13,0907,N,nominal,2.0NRT,309.8,18.32,D
18.01482,54.5705,354.11,0.38,0.59,2026-09-13,0907,N,nominal,2.0NRT,310.59,23.27,D
18.32045,55.1044,348.49,0.34,0.56,2026-09-13,0907,N,nominal,2.0NRT,302.74,2.23,D
19.26949,56.17286,340.11,0.56,0.52,2026-09-13,0907,N,nominal,2.0NRT,301.97,3.53,D
20.22546,55.7414,339.65,0.58,0.52,2026-09-13,0909,N,nominal,2.0NRT,304.91,3.01,D
20.38701,55.66108,338.2,0.58,0.52,2026-09-13,0909,N,nominal,2.0NRT,303.96,2.95,D
21.00278,56.53205,348.22,0.5,0.49,2026-09-13,0909,N,nominal,2.0NRT,309.2,6.66,D
21.89036,56.84589,341.29,0.46,0.47,2026-09-13,0909,N,nominal,2.0NRT,310.19,0.63,D
21.93854,57.07466,345.93,0.44,0.46,2026-09-13,0909,N,nominal,2.0NRT,310.47,3.07,D
21.93709,57.07563,345.13,0.44,0.46,2026-09-13,0909,N,nominal,2.0NRT,309.94,2.84,D
21.89159,56.84651,341.66,0.46,0.47,2026-09-13,0909,N,nominal,2.0NRT,310.35,0.84,D
22.40456,56.98907,344.94,0.44,0.46,2026-09-13,0909,N,nominal,2.0NRT,310.13,2.63,D
22.32869,56.48774,339.63,0.47,0.48,2026-09-13,0909,N,nominal,2.0NRT,307.08,5.38,D
22.34588,56.43614,336.75,0.48,0.48,2026-09-13,0909,N,low,2.0NRT,307.1,2.01,D
22.34514,56.43316,342.57,0.48,0.48,2026-09-13,0909,N,nominal,2.0NRT,307.25,1.74,D
22.4441,56.70159,338,0.46,0.47,2026-09-13,0909,N,nominal,2.0NRT,307.86,6.06,D
22.88033,55.92673,348.45,0.5,0.49,2026-09-13,0909,N,nominal,2.0NRT,310.4,3.33,D
22.87456,55.61475,340.91,0.52,0.5,2026-09-13,0909,N,nominal,2.0NRT,309.12,1.65,D
22.92777,55.80556,345.54,0.51,0.49,2026-09-13,0909,N,nominal,2.0NRT,308.93,8.45,D
22.60951,54.05944,350,0.33,0.55,2026-09-13,0909,N,nominal,2.0NRT,314.45,1.17,D
23.18614,55.70264,340.47,0.51,0.49,2026-09-13,0909,N,nominal,2.0NRT,308.03,1.44,D
23.19307,55.45751,351.18,0.53,0.5,2026-09-13,0909,N,nominal,2.0NRT,309.72,4.89,D
23.25259,55.58633,339.28,0.52,0.5,2026-09-13,0909,N,nominal,2.0NRT,308.93,2.7,D
23.24854,55.56628,339.77,0.52,0.5,2026-09-13,0909,N,nominal,2.0NRT,307.47,1.06,D
23.26814,55.59311,339.26,0.51,0.5,2026-09-13,0909,N,nominal,2.0NRT,308.71,1.8,D
23.26056,55.53179,339.3,0.52,0.5,2026-09-13,0909,N,nominal,2.0NRT,308.71,1.09,D
25.38868,68.58253,332.48,0.42,0.45,2026-09-13,0909,N,nominal,2.0NRT,299.48,2.85,D
23.87425,57.17105,333.44,0.4,0.45,2026-09-13,0909,N,low,2.0NRT,304.04,2.13,D
24.50235,56.60851,332.75,0.42,0.46,2026-09-13,0909,N,nominal,2.0NRT,301.34,2.89,D
24.50649,56.60754,367,0.42,0.46,2026-09-13,0909,N,high,2.0NRT,297.73,8.22,D
26.35299,67.80643,336.5,0.39,0.44,2026-09-13,0909,N,nominal,2.0NRT,302.98,7.69,D
24.21149,54.14196,353.25,0.6,0.53,2026-09-13,0909,N,nominal,2.0NRT,313.72,20.92,D
27.73576,68.5185,343.87,0.44,0.46,2026-09-13,0909,N,nominal,2.0NRT,300.07,7.47,D
27.74055,68.52248,335.36,0.44,0.46,2026-09-13,0909,N,nominal,2.0NRT,299.98,12.52,D
27.74006,68.51792,344.17,0.44,0.46,2026-09-13,0909,N,nominal,2.0NRT,300.16,7.47,D
27.90717,67.57988,352.66,0.4,0.44,2026-09-13,0909,N,nominal,2.0NRT,309.03,11.49,D
28.74013,67.41651,352.57,0.4,0.44,2026-09-13,0909,N,nominal,2.0NRT,305.42,7.53,D
27.17041,56.05437,341.97,0.41,0.45,2026-09-13,0909,N,nominal,2.0NRT,305.28,3.54,D
30.83412,74.22157,332.19,0.53,0.67,2026-09-13,0911,N,nominal,2.0NRT,293.42,3.14,D
28.43236,54.25914,346.53,0.49,0.49,2026-09-13,0911,N,low,2.0NRT,319.68,11.35,D
28.67022,54.34815,348.71,0.48,0.48,2026-09-13,0911,N,nominal,2.0NRT,316.24,9.45,D
31.59919,70.6623,333.18,0.33,0.55,2026-09-13,0911,N,nominal,2.0NRT,297.93,2.58,D
33.09455,72.61974,338.16,0.44,0.63,2026-09-13,0911,N,nominal,2.0NRT,298.66,5.64,D
33.09363,72.61945,335.51,0.44,0.63,2026-09-13,0911,N,nominal,2.0NRT,298.44,2.74,D
33.75313,59.1488,339.57,0.39,0.36,2026-09-13,0911,N,low,2.0NRT,314.37,3.22,D
37.50543,65.37471,350.44,0.39,0.44,2026-09-13,0913,N,nominal,2.0NRT,314.91,23.01,D
37.50499,65.37025,354.65,0.39,0.44,2026-09-13,0913,N,nominal,2.0NRT,312.22,23.01,D
37.50904,65.36961,349.72,0.39,0.44,2026-09-13,0913,N,nominal,2.0NRT,313,23.01,D
37.4226,62.31227,336.9,0.44,0.38,2026-09-13,0913,N,nominal,2.0NRT,309.11,2.83,D
37.49895,61.84706,340.42,0.42,0.38,2026-09-13,0913,N,low,2.0NRT,310.96,3.93,D
37.62715,62.17012,337.14,0.43,0.38,2026-09-13,0913,N,low,2.0NRT,310.84,3.43,D
37.58518,61.56069,340.92,0.42,0.37,2026-09-13,0913,N,low,2.0NRT,314.96,4.97,D
37.59177,61.53039,342.35,0.41,0.37,2026-09-13,0913,N,low,2.0NRT,315.15,6.05,D
37.50915,60.89065,339.65,0.4,0.37,2026-09-13,0913,N,low,2.0NRT,312.75,2.3,D
37.7258,62.09735,339.12,0.43,0.38,2026-09-13,0913,N,low,2.0NRT,313.51,4.31,D
37.78899,62.53911,345.22,0.45,0.39,2026-09-13,0913,N,nominal,2.0NRT,313.84,4.73,D
37.6265,60.63516,349.66,0.4,0.37,2026-09-13,0913,N,nominal,2.0NRT,317.17,5.58,D
37.63481,60.34076,337.68,0.39,0.36,2026-09-13,0913,N,low,2.0NRT,310.09,1.8,D
38.4546,65.80466,347.29,0.42,0.45,2026-09-13,0913,N,nominal,2.0NRT,311.05,20.17,D
37.70133,59.3377,354.72,0.38,0.36,2026-09-13,0913,N,nominal,2.0NRT,311.58,10.98,D
36.94454,54.88937,332.47,0.48,0.4,2026-09-13,0913,N,low,2.0NRT,302.89,5.08,D
37.94529,60.3972,343.16,0.39,0.37,2026-09-13,0913,N,nominal,2.0NRT,314.84,2.87,D
37.62898,57.00468,338.09,0.4,0.37,2026-09-13,0913,N,low,2.0NRT,312.29,1.01,D
37.94179,58.56352,338.51,0.38,0.36,2026-09-13,0913,N,low,2.0NRT,309.5,1.94,D
37.54882,55.46493,333.01,0.45,0.39,2026-09-13,0913,N,low,2.0NRT,306.86,3.34,D
37.64633,55.659,337.21,0.44,0.38,2026-09-13,0913,N,low,2.0NRT,308.73,4.91,D
37.70196,55.64309,337.61,0.44,0.38,2026-09-13,0913,N,nominal,2.0NRT,308.78,2.42,D
38.1536,57.95099,338.06,0.39,0.36,2026-09-13,0913,N,nominal,2.0NRT,307.16,1.73,D
38.6494,54.27987,339.89,0.48,0.4,2026-09-13,0913,N,low,2.0NRT,313.54,3.63,D
38.67924,54.31612,344.58,0.47,0.4,2026-09-13,0913,N,low,2.0NRT,316.51,4.26,D
39.26474,56.11078,337.13,0.41,0.37,2026-09-13,0913,N,nominal,2.0NRT,309.83,2.06,D
22.62876,100.73236,295.57,0.63,0.72,2026-09-13,1815,N,nominal,2.0NRT,283.3,0.87,N
27.32437,95.27544,307.77,0.55,0.43,2026-09-13,1953,N,nominal,2.0NRT,284.63,2.16,N
26.77183,94.50758,305.58,0.52,0.41,2026-09-13,1953,N,nominal,2.0NRT,290.19,1.2,N
25.38191,99.30951,309.46,0.35,0.56,2026-09-13,1953,N,nominal,2.0NRT,286.61,1.09,N
28.37308,77.22578,311.37,0.55,0.68,2026-09-13,1955,N,nominal,2.0NRT,286.62,1.48,N
25.07477,99.28568,297.17,0.35,0.57,2026-09-13,1955,N,nominal,2.0NRT,285.51,0.54,N
25.06954,99.28471,299.08,0.35,0.57,2026-09-13,1955,N,nominal,2.0NRT,285.21,0.54,N
24.92801,99.08668,299.13,0.34,0.56,2026-09-13,1955,N,nominal,2.0NRT,287.16,0.31,N
24.61269,99.72379,303.64,0.38,0.59,2026-09-13,1955,N,nominal,2.0NRT,285.68,0.65,N
24.61366,98.74261,298.25,0.33,0.55,2026-09-13,1955,N,nominal,2.0NRT,285.26,0.37,N
24.60961,98.71359,302.19,0.33,0.55,2026-09-13,1955,N,nominal,2.0NRT,286.2,0.57,N
24.60618,98.71256,301.01,0.33,0.55,2026-09-13,1955,N,nominal,2.0NRT,286.06,0.83,N
25.81121,88.88457,304.36,0.39,0.36,2026-09-13,1955,N,nominal,2.0NRT,279.48,0.45,N
26.64284,79.47813,305.36,0.38,0.59,2026-09-13,1955,N,nominal,2.0NRT,281.9,0.41,N
23.3459,99.40437,300.97,0.39,0.59,2026-09-13,1955,N,nominal,2.0NRT,286.45,0.49,N
23.34864,99.40961,297.66,0.39,0.59,2026-09-13,1955,N,nominal,2.0NRT,286.69,0.53,N
25.03788,87.38869,307.12,0.41,0.37,2026-09-13,1955,N,nominal,2.0NRT,290.75,1.46,N
24.9248,84.15372,306.19,0.57,0.43,2026-09-13,1955,N,nominal,2.0NRT,290.53,4.25,N
23.65684,90.44434,308.63,0.4,0.37,2026-09-13,1955,N,nominal,2.0NRT,292.91,0.44,N
24.12,86.86421,302.93,0.42,0.38,2026-09-13,1955,N,nominal,2.0NRT,290.8,0.77,N
23.80391,86.32772,321.02,0.44,0.38,2026-09-13,1955,N,nominal,2.0NRT,291.79,2.86,N
23.80332,86.33203,334.3,0.44,0.38,2026-09-13,1955,N,nominal,2.0NRT,292.02,4.64,N
23.80451,86.32339,306.65,0.44,0.38,2026-09-13,1955,N,nominal,2.0NRT,290.7,2.86,N
23.69641,87.09315,315.12,0.41,0.37,2026-09-13,1955,N,nominal,2.0NRT,291.27,1.86,N
23.69468,87.10525,308.78,0.41,0.37,2026-09-13,1955,N,nominal,2.0NRT,291.08,2.25,N
23.69295,87.11732,310.05,0.41,0.37,2026-09-13,1955,N,nominal,2.0NRT,290.88,2.58,N
23.69237,87.12135,316.74,0.41,0.37,2026-09-13,1955,N,nominal,2.0NRT,291.4,2.66,N
23.79744,86.34859,310.81,0.44,0.38,2026-09-13,1955,N,nominal,2.0NRT,291.14,1.68,N
23.79684,86.3529,303.65,0.44,0.38,2026-09-13,1955,N,nominal,2.0NRT,283.16,1.68,N
23.69184,87.10062,305.87,0.41,0.37,2026-09-13,1955,N,nominal,2.0NRT,290.45,1.33,N
23.68895,87.12075,315.38,0.41,0.37,2026-09-13,1955,N,nominal,2.0NRT,290.79,1.74,N
23.68841,87.10004,308.91,0.41,0.37,2026-09-13,1955,N,nominal,2.0NRT,290.62,1.33,N
23.68553,87.12016,306.76,0.41,0.37,2026-09-13,1955,N,nominal,2.0NRT,290.05,1.74,N
23.78098,86.38973,313.77,0.44,0.38,2026-09-13,1955,N,nominal,2.0NRT,288.13,2.59,N
23.7806,86.39144,314.58,0.44,0.38,2026-09-13,1955,N,nominal,2.0NRT,290.06,2.21,N
23.77769,86.3866,313.76,0.44,0.38,2026-09-13,1955,N,nominal,2.0NRT,290.27,2.06,N
23.77709,86.39085,319.68,0.44,0.38,2026-09-13,1955,N,nominal,2.0NRT,290.45,3.22,N
23.66618,87.15931,307.16,0.41,0.37,2026-09-13,1955,N,nominal,2.0NRT,290.14,0.99,N
23.66335,87.1547,328.53,0.41,0.37,2026-09-13,1955,N,nominal,2.0NRT,291.14,3.22,N
23.77418,86.38599,307.67,0.44,0.38,2026-09-13,1955,N,nominal,2.0NRT,289.04,2.06,N
23.66276,87.15872,311.45,0.41,0.37,2026-09-13,1955,N,nominal,2.0NRT,289.86,0.99,N
23.76825,86.40244,312.51,0.44,0.38,2026-09-13,1955,N,nominal,2.0NRT,289.74,2.88,N
23.76764,86.40674,304.43,0.44,0.38,2026-09-13,1955,N,nominal,2.0NRT,282.45,2,N
23.76413,86.40616,328.1,0.44,0.38,2026-09-13,1955,N,nominal,2.0NRT,291.09,2,N
23.76473,86.40186,317.35,0.44,0.38,2026-09-13,1955,N,nominal,2.0NRT,290.25,2.88,N
23.76122,86.40128,324.78,0.44,0.38,2026-09-13,1955,N,nominal,2.0NRT,290.65,2.68,N
23.75771,86.40068,306.62,0.44,0.38,2026-09-13,1955,N,nominal,2.0NRT,289.82,2.68,N
23.7571,86.40497,318.8,0.44,0.38,2026-09-13,1955,N,nominal,2.0NRT,290.53,3.48,N
23.75178,86.41717,309.33,0.43,0.38,2026-09-13,1955,N,nominal,2.0NRT,290.53,2.61,N
23.73886,86.4324,325.57,0.43,0.38,2026-09-13,1955,N,nominal,2.0NRT,291.59,3.49,N
23.73826,86.43665,310.93,0.43,0.38,2026-09-13,1955,N,nominal,2.0NRT,290.86,1.61,N
23.73595,86.42755,309,0.43,0.38,2026-09-13,1955,N,nominal,2.0NRT,290.31,2.25,N
23.73535,86.43181,319.56,0.43,0.38,2026-09-13,1955,N,nominal,2.0NRT,291.03,2.25,N
24.20284,82.71186,306.91,0.45,0.47,2026-09-13,1955,N,nominal,2.0NRT,289.99,1.61,N
24.19794,82.71615,321.32,0.45,0.47,2026-09-13,1955,N,nominal,2.0NRT,289.56,1.61,N
23.72363,86.43855,309,0.43,0.38,2026-09-13,1955,N,nominal,2.0NRT,290.3,2.06,N
24.20606,82.52725,303.42,0.47,0.47,2026-09-13,1955,N,nominal,2.0NRT,288.99,0.59,N
23.71132,86.44952,308.42,0.43,0.38,2026-09-13,1955,N,nominal,2.0NRT,291.08,1.98,N
24.32612,81.32758,298.76,0.55,0.51,2026-09-13,1955,N,nominal,2.0NRT,279.95,0.6,N
24.18184,82.66359,303.47,0.46,0.47,2026-09-13,1955,N,nominal,2.0NRT,289.67,0.93,N
24.16845,82.62519,303.89,0.46,0.47,2026-09-13,1955,N,nominal,2.0NRT,288.9,0.8,N
24.16357,82.6292,302.86,0.46,0.47,2026-09-13,1955,N,nominal,2.0NRT,289.37,0.8,N
23.56012,87.23943,343.68,0.41,0.37,2026-09-13,1955,N,nominal,2.0NRT,290.39,8.92,N
23.5607,87.23544,308.73,0.41,0.37,2026-09-13,1955,N,nominal,2.0NRT,289.85,1.07,N
23.67572,86.39562,305.17,0.43,0.38,2026-09-13,1955,N,nominal,2.0NRT,288.86,2.33,N
23.55672,87.23885,311.43,0.41,0.37,2026-09-13,1955,N,nominal,2.0NRT,289.72,1.19,N
23.55614,87.24284,313.74,0.41,0.37,2026-09-13,1955,N,nominal,2.0NRT,290.55,1.19,N
23.55274,87.24224,307.42,0.41,0.37,2026-09-13,1955,N,nominal,2.0NRT,290.88,1.19,N
23.67558,86.39755,304.68,0.43,0.38,2026-09-13,1955,N,nominal,2.0NRT,287.49,2.48,N
23.67497,86.40179,303.18,0.43,0.38,2026-09-13,1955,N,nominal,2.0NRT,288.67,1.67,N
23.56211,87.08519,317.4,0.41,0.37,2026-09-13,1955,N,nominal,2.0NRT,290.87,2.44,N
23.58239,86.72541,314.01,0.42,0.38,2026-09-13,1955,N,nominal,2.0NRT,290.97,1.87,N
23.48319,87.36163,307.62,0.4,0.37,2026-09-13,1955,N,nominal,2.0NRT,291.76,1.28,N
23.16427,82.33958,319.08,0.46,0.47,2026-09-13,1955,N,nominal,2.0NRT,288.34,3.26,N
22.38112,87.29224,307.28,0.4,0.37,2026-09-13,1955,N,nominal,2.0NRT,289.85,0.91,N
22.38004,87.27615,313.34,0.4,0.37,2026-09-13,1955,N,nominal,2.0NRT,290.82,1.3,N
22.37946,87.28002,317.19,0.4,0.37,2026-09-13,1955,N,nominal,2.0NRT,291.13,2.01,N
22.37609,87.27944,332.16,0.4,0.37,2026-09-13,1955,N,nominal,2.0NRT,292.76,3.97,N
22.37666,87.27557,307.15,0.4,0.37,2026-09-13,1955,N,nominal,2.0NRT,291.4,1.09,N
22.36591,87.30152,328.04,0.4,0.37,2026-09-13,1955,N,nominal,2.0NRT,292.41,2.16,N
22.36254,87.30094,309.56,0.4,0.37,2026-09-13,1955,N,nominal,2.0NRT,290.61,2.16,N
22.3575,87.28816,312.82,0.4,0.37,2026-09-13,1955,N,nominal,2.0NRT,291,1.46,N
22.35805,87.27732,305.7,0.4,0.37,2026-09-13,1955,N,nominal,2.0NRT,290.67,0.82,N
22.35631,87.28893,305.43,0.4,0.37,2026-09-13,1955,N,nominal,2.0NRT,290.42,0.79,N
22.36531,87.01859,316.18,0.41,0.37,2026-09-13,1955,N,nominal,2.0NRT,290.63,1.92,N
22.36192,87.018,320.65,0.41,0.37,2026-09-13,1955,N,nominal,2.0NRT,290.99,2.29,N
22.24472,87.38838,311.93,0.4,0.37,2026-09-13,1955,N,nominal,2.0NRT,291.32,1.1,N
22.21108,84.83997,304.41,0.49,0.4,2026-09-13,1955,N,nominal,2.0NRT,289.1,1.65,N
22.33335,82.60513,305.7,0.44,0.46,2026-09-13,1955,N,nominal,2.0NRT,288.62,0.69,N
22.33004,82.6066,316.32,0.44,0.46,2026-09-13,1955,N,nominal,2.0NRT,288.66,2.32,N
22.35786,82.30442,310.5,0.46,0.47,2026-09-13,1955,N,nominal,2.0NRT,288.43,0.89,N
22.33037,82.5325,303.26,0.44,0.46,2026-09-13,1955,N,nominal,2.0NRT,288.47,0.61,N
22.32307,82.59263,306.44,0.44,0.46,2026-09-13,1955,N,nominal,2.0NRT,288.78,1.02,N
22.32191,82.56638,306.55,0.44,0.46,2026-09-13,1955,N,nominal,2.0NRT,289.63,1.32,N
22.31816,82.5615,305.44,0.44,0.46,2026-09-13,1955,N,nominal,2.0NRT,288.66,1.84,N
22.31764,82.56581,311.66,0.44,0.46,2026-09-13,1955,N,nominal,2.0NRT,289.45,1.32,N
21.92538,85.22469,301.32,0.47,0.4,2026-09-13,1955,N,nominal,2.0NRT,286.75,0.96,N
21.53155,86.83215,306.56,0.41,0.37,2026-09-13,1955,N,nominal,2.0NRT,291.4,1.31,N
21.766,84.0172,309.18,0.54,0.42,2026-09-13,1955,N,nominal,2.0NRT,288.38,3.6,N
21.76146,84.02184,309.82,0.53,0.42,2026-09-13,1955,N,nominal,2.0NRT,289.01,3.29,N
21.74827,83.84332,296.36,0.55,0.42,2026-09-13,1955,N,nominal,2.0NRT,261.86,1.07,N
21.7487,83.84174,298.1,0.55,0.42,2026-09-13,1955,N,nominal,2.0NRT,262.21,0.73,N
21.71474,84.0393,303.95,0.53,0.42,2026-09-13,1955,N,nominal,2.0NRT,289.19,0.76,N
21.68311,84.03979,306.02,0.53,0.42,2026-09-13,1955,N,nominal,2.0NRT,289.38,1.32,N
21.67924,84.03922,311.38,0.53,0.42,2026-09-13,1955,N,nominal,2.0NRT,289.6,1.32,N
21.6215,81.79205,303.42,0.48,0.48,2026-09-13,1955,N,nominal,2.0NRT,287.37,0.72,N
21.00114,86.02699,306.53,0.43,0.38,2026-09-13,1955,N,nominal,2.0NRT,284.73,1.5,N
20.97566,86.00607,310.33,0.43,0.38,2026-09-13,1955,N,nominal,2.0NRT,286.56,1.73,N
20.97276,86.00142,312.46,0.43,0.38,2026-09-13,1955,N,nominal,2.0NRT,283.44,1.73,N
20.96752,86.01312,327.69,0.43,0.38,2026-09-13,1955,N,nominal,2.0NRT,289.03,4.44,N
20.9553,86.04876,304.31,0.42,0.38,2026-09-13,1955,N,nominal,2.0NRT,281.74,0.59,N
20.95183,86.04818,300.78,0.42,0.38,2026-09-13,1955,N,nominal,2.0NRT,278.75,0.59,N
21.48572,81.76661,302.12,0.48,0.48,2026-09-13,1955,N,nominal,2.0NRT,286.01,2.39,N
21.37561,81.67847,304.88,0.49,0.48,2026-09-13,1955,N,nominal,2.0NRT,285.71,2.98,N
21.37541,81.63982,307.09,0.49,0.48,2026-09-13,1955,N,nominal,2.0NRT,286.01,1.77,N
21.37735,81.68028,306.24,0.48,0.48,2026-09-13,1955,N,nominal,2.0NRT,285.67,2.13,N
21.34775,81.66187,305.85,0.49,0.48,2026-09-13,1955,N,nominal,2.0NRT,280.49,2.23,N
21.34719,81.66659,313.34,0.49,0.48,2026-09-13,1955,N,nominal,2.0NRT,281.44,1.93,N
21.19621,81.41589,307.35,0.5,0.49,2026-09-13,1955,N,nominal,2.0NRT,285.13,1.35,N
21.18984,81.39027,298.68,0.5,0.49,2026-09-13,1955,N,nominal,2.0NRT,280.76,0.71,N
21.19493,81.41876,306.05,0.5,0.49,2026-09-13,1955,N,nominal,2.0NRT,286.74,0.94,N
21.18022,81.38721,310.17,0.5,0.49,2026-09-13,1955,N,nominal,2.0NRT,287.76,2.01,N
17.61007,83.20281,307.36,0.53,0.42,2026-09-13,1957,N,nominal,2.0NRT,280.06,1.78,N
17.60621,83.20224,303.65,0.53,0.42,2026-09-13,1957,N,nominal,2.0NRT,279.84,1.78,N
8.10966,79.96539,304.34,0.42,0.45,2026-09-13,2000,N,nominal,2.0NRT,284.42,0.69,N
39.86287,98.2566,307.53,0.47,0.4,2026-09-13,1951,N,nominal,2.0NRT,286.85,1.01,N
39.8593,98.25539,295.12,0.47,0.4,2026-09-13,1951,N,nominal,2.0NRT,284.35,1.01,N
39.84429,98.27349,305.58,0.48,0.4,2026-09-13,1951,N,nominal,2.0NRT,283.66,0.55,N
39.81384,98.2923,301.4,0.48,0.4,2026-09-13,1951,N,nominal,2.0NRT,288.88,1.65,N
39.78907,98.30144,309.58,0.48,0.4,2026-09-13,1951,N,nominal,2.0NRT,286.33,1.75,N
39.79102,97.88791,297.63,0.46,0.39,2026-09-13,1951,N,nominal,2.0NRT,284.4,1.63,N
38.85215,100.8118,297.77,0.43,0.46,2026-09-13,1951,N,nominal,2.0NRT,285.93,0.68,N
36.59091,101.48789,298.27,0.52,0.5,2026-09-13,1951,N,nominal,2.0NRT,277.58,1.61,N
38.65701,76.16686,296.43,0.74,0.76,2026-09-13,1951,N,nominal,2.0NRT,282.23,1.53,N
35.99108,94.82967,311.14,0.41,0.37,2026-09-13,1951,N,nominal,2.0NRT,279.77,1.63,N
39.65013,75.94436,304.74,0.43,0.46,2026-09-13,2131,N,nominal,2.0NRT,287.75,0.93,N
36.99763,80.19466,299.15,0.42,0.61,2026-09-13,2131,N,nominal,2.0NRT,286.06,0.78,N
39.85326,66.19804,301.55,0.41,0.37,2026-09-13,2131,N,nominal,2.0NRT,290.67,1.26,N
37.00021,80.19455,297.27,0.42,0.61,2026-09-13,2131,N,nominal,2.0NRT,286.55,1.07,N
39.17739,68.61324,301.97,0.38,0.36,2026-09-13,2131,N,nominal,2.0NRT,283.19,1.08,N
39.18876,65.28756,302.27,0.42,0.38,2026-09-13,2133,N,nominal,2.0NRT,291.49,1.08,N
39.18204,65.31133,305.26,0.42,0.38,2026-09-13,2133,N,nominal,2.0NRT,287.41,1.6,N
39.43329,62.99236,306.71,0.52,0.41,2026-09-13,2133,N,nominal,2.0NRT,286.78,1.14,N
39.28292,63.04827,297.07,0.51,0.41,2026-09-13,2133,N,nominal,2.0NRT,286.58,0.38,N
39.24876,63.21146,305.07,0.51,0.41,2026-09-13,2133,N,nominal,2.0NRT,288.12,1.7,N
39.24904,63.17541,298.47,0.51,0.41,2026-09-13,2133,N,nominal,2.0NRT,287.67,0.32,N
39.19424,63.28476,300.82,0.5,0.41,2026-09-13,2133,N,nominal,2.0NRT,287.44,0.52,N
39.19662,63.19554,301.82,0.51,0.41,2026-09-13,2133,N,nominal,2.0NRT,287.5,1.15,N
39.1953,63.20729,297.13,0.5,0.41,2026-09-13,2133,N,nominal,2.0NRT,286.47,0.6,N
39.17882,63.35299,300.74,0.5,0.41,2026-09-13,2133,N,nominal,2.0NRT,287.21,0.94,N
39.17104,63.28628,297.72,0.5,0.41,2026-09-13,2133,N,nominal,2.0NRT,287.44,0.88,N
39.17056,63.2564,301.37,0.5,0.41,2026-09-13,2133,N,nominal,2.0NRT,288.41,1.25,N
39.16614,63.26151,308.75,0.5,0.41,2026-09-13,2133,N,nominal,2.0NRT,287.61,1.25,N
39.17148,63.28577,299.2,0.5,0.41,2026-09-13,2133,N,nominal,2.0NRT,287.66,0.91,N
39.16738,63.25523,303.31,0.5,0.41,2026-09-13,2133,N,nominal,2.0NRT,288.2,1.48,N
39.16669,63.26105,303.25,0.5,0.41,2026-09-13,2133,N,nominal,2.0NRT,287.55,0.82,N
39.16293,63.26034,308.15,0.5,0.41,2026-09-13,2133,N,nominal,2.0NRT,287.8,1.6,N
39.15613,63.31843,302.77,0.5,0.41,2026-09-13,2133,N,nominal,2.0NRT,287.4,1.19,N
39.12899,63.41925,304.91,0.49,0.41,2026-09-13,2133,N,nominal,2.0NRT,287.21,1.02,N
38.32624,68.9847,302.29,0.39,0.36,2026-09-13,2133,N,nominal,2.0NRT,292.17,1.01,N
39.12682,63.30688,304.67,0.5,0.41,2026-09-13,2133,N,nominal,2.0NRT,287.12,1.11,N
39.11675,63.39342,303.62,0.49,0.41,2026-09-13,2133,N,nominal,2.0NRT,286.2,0.76,N
39.11597,63.33438,298.3,0.5,0.41,2026-09-13,2133,N,nominal,2.0NRT,287.15,0.65,N
39.08746,63.48127,300.86,0.49,0.4,2026-09-13,2133,N,nominal,2.0NRT,286.22,0.73,N
39.03895,63.60476,299.34,0.48,0.4,2026-09-13,2133,N,nominal,2.0NRT,288.75,0.41,N
38.68587,65.98671,301.75,0.4,0.37,2026-09-13,2133,N,nominal,2.0NRT,287.49,0.76,N
38.67963,65.95657,303.3,0.41,0.37,2026-09-13,2133,N,nominal,2.0NRT,287.65,0.61,N
38.97468,63.65391,299.57,0.48,0.4,2026-09-13,2133,N,nominal,2.0NRT,286.49,0.76,N
38.97368,63.46975,306.98,0.49,0.4,2026-09-13,2133,N,nominal,2.0NRT,288.94,1.45,N
38.90921,63.79375,301.26,0.47,0.4,2026-09-13,2133,N,nominal,2.0NRT,285.92,0.55,N
38.87292,63.79602,301.88,0.47,0.4,2026-09-13,2133,N,nominal,2.0NRT,286.53,1.06,N
38.87226,63.80149,298.79,0.47,0.4,2026-09-13,2133,N,nominal,2.0NRT,286.03,0.4,N
38.83672,63.81683,303.03,0.47,0.4,2026-09-13,2133,N,nominal,2.0NRT,287.76,0.71,N
38.55864,65.95033,300.32,0.4,0.37,2026-09-13,2133,N,nominal,2.0NRT,289.67,0.81,N
38.83306,63.8161,303.89,0.47,0.4,2026-09-13,2133,N,nominal,2.0NRT,288.62,0.71,N
38.55187,65.94881,304.32,0.4,0.37,2026-09-13,2133,N,nominal,2.0NRT,289.6,0.77,N
38.66619,64.77757,300.23,0.44,0.38,2026-09-13,2133,N,nominal,2.0NRT,288.13,0.52,N
38.66652,64.77576,300.17,0.44,0.38,2026-09-13,2133,N,nominal,2.0NRT,287.28,0.43,N
38.77416,63.81414,298.15,0.47,0.4,2026-09-13,2133,N,nominal,2.0NRT,287.76,0.44,N
38.47701,65.95804,297.16,0.4,0.37,2026-09-13,2133,N,nominal,2.0NRT,286.18,0.35,N
38.47363,65.95728,298.94,0.4,0.37,2026-09-13,2133,N,nominal,2.0NRT,285.78,0.35,N
38.35377,66.31254,299,0.4,0.37,2026-09-13,2133,N,nominal,2.0NRT,287.76,0.45,N
38.05102,67.26286,328.56,0.39,0.36,2026-09-13,2133,N,nominal,2.0NRT,290.47,4.77,N
30.08333,55.39995,320.55,0.35,0.57,2026-09-13,2136,N,nominal,2.0NRT,289.07,1.58,N
30.08363,55.39625,305.38,0.35,0.57,2026-09-13,2136,N,nominal,2.0NRT,288.79,1.58,N
38.05035,67.26721,312.25,0.39,0.36,2026-09-13,2133,N,nominal,2.0NRT,288.77,4.77,N
38.28574,64.37952,299.86,0.45,0.39,2026-09-13,2133,N,nominal,2.0NRT,287.09,0.69,N
38.24683,64.43765,297.07,0.44,0.39,2026-09-13,2133,N,nominal,2.0NRT,286.24,0.56,N
38.13012,64.6741,301.97,0.43,0.38,2026-09-13,2133,N,nominal,2.0NRT,286.9,0.88,N
38.1179,64.71216,308.46,0.43,0.38,2026-09-13,2133,N,nominal,2.0NRT,286.51,1.13,N
38.08947,64.8724,299.78,0.43,0.38,2026-09-13,2133,N,nominal,2.0NRT,286.24,0.59,N
29.47697,60.80763,306.81,0.51,0.41,2026-09-13,2136,N,nominal,2.0NRT,291.39,1.06,N
29.99189,55.85455,308.13,0.33,0.55,2026-09-13,2136,N,nominal,2.0NRT,288.76,1.9,N
38.05081,65.10746,298.51,0.42,0.38,2026-09-13,2133,N,nominal,2.0NRT,286.92,0.55,N
29.99161,55.8577,316.52,0.33,0.55,2026-09-13,2136,N,nominal,2.0NRT,288.78,1.71,N
38.0556,64.88522,304.9,0.43,0.38,2026-09-13,2133,N,nominal,2.0NRT,287.81,0.88,N
37.96668,65.00835,299.26,0.42,0.38,2026-09-13,2133,N,nominal,2.0NRT,286.8,0.98,N
37.95956,65.0611,299.72,0.42,0.38,2026-09-13,2133,N,nominal,2.0NRT,285.89,0.26,N
29.98652,55.857,331.29,0.33,0.55,2026-09-13,2136,N,nominal,2.0NRT,288.5,3.32,N
29.98678,55.85386,312.49,0.33,0.55,2026-09-13,2136,N,nominal,2.0NRT,287.85,3.94,N
37.90355,65.10804,304.09,0.42,0.38,2026-09-13,2133,N,nominal,2.0NRT,286.18,0.39,N
37.8853,65.13839,299.59,0.42,0.38,2026-09-13,2133,N,nominal,2.0NRT,287.27,0.5,N
37.88823,65.09003,307.65,0.42,0.38,2026-09-13,2133,N,nominal,2.0NRT,286.86,1.12,N
37.82879,65.17812,305.74,0.42,0.37,2026-09-13,2133,N,nominal,2.0NRT,286.21,0.86,N
29.70248,55.5379,299.38,0.34,0.56,2026-09-13,2136,N,nominal,2.0NRT,289.09,0.38,N
37.82664,65.16792,298.83,0.42,0.37,2026-09-13,2133,N,nominal,2.0NRT,286.34,0.58,N
37.826,65.17265,302.74,0.42,0.37,2026-09-13,2133,N,nominal,2.0NRT,287.55,0.86,N
37.78996,65.35852,297.02,0.41,0.37,2026-09-13,2133,N,nominal,2.0NRT,285.94,0.42,N
37.80218,65.19183,307.61,0.42,0.37,2026-09-13,2133,N,nominal,2.0NRT,286.86,1.04,N
37.76603,65.43014,300.81,0.41,0.37,2026-09-13,2133,N,nominal,2.0NRT,287.26,0.53,N
29.51212,55.7964,300.31,0.33,0.55,2026-09-13,2136,N,nominal,2.0NRT,289.39,0.84,N
29.51183,55.79987,299.98,0.33,0.55,2026-09-13,2136,N,nominal,2.0NRT,288.8,0.59,N
37.99338,63.55751,297.8,0.47,0.4,2026-09-13,2133,N,nominal,2.0NRT,287.3,0.47,N
29.44227,55.55925,297.51,0.34,0.56,2026-09-13,2136,N,nominal,2.0NRT,286.1,0.25,N
37.73069,65.50835,301.44,0.41,0.37,2026-09-13,2133,N,nominal,2.0NRT,287.43,0.66,N
37.66374,65.28481,302.63,0.41,0.37,2026-09-13,2133,N,nominal,2.0NRT,287.33,0.72,N
38.43653,57.54957,298.41,0.32,0.54,2026-09-13,2133,N,nominal,2.0NRT,283.95,0.88,N
27.00325,70.81197,311.77,0.42,0.45,2026-09-13,2136,N,nominal,2.0NRT,290.74,2.16,N
37.96239,62.66633,297.49,0.52,0.41,2026-09-13,2133,N,nominal,2.0NRT,287.27,0.66,N
29.25179,54.47386,300.41,0.39,0.59,2026-09-13,2136,N,nominal,2.0NRT,289.39,0.69,N
37.96062,62.66557,303.69,0.52,0.41,2026-09-13,2133,N,nominal,2.0NRT,287.1,1.12,N
37.98889,61.87907,297.91,0.56,0.43,2026-09-13,2133,N,nominal,2.0NRT,285.06,0.92,N
29.15205,55.36466,303.33,0.34,0.56,2026-09-13,2136,N,nominal,2.0NRT,292.24,0.47,N
38.25801,58.38976,302.32,0.57,0.52,2026-09-13,2133,N,nominal,2.0NRT,290.67,1.06,N
29.14071,55.3743,305.63,0.34,0.56,2026-09-13,2136,N,nominal,2.0NRT,292.7,2.53,N
37.5033,65.36561,333.72,0.41,0.37,2026-09-13,2133,N,nominal,2.0NRT,290.2,5.22,N
38.25449,58.38947,305.45,0.57,0.52,2026-09-13,2133,N,nominal,2.0NRT,290.59,1.49,N
37.88629,62.02346,299.54,0.55,0.43,2026-09-13,2133,N,nominal,2.0NRT,286.27,0.93,N
38.22081,57.9872,302.03,0.6,0.53,2026-09-13,2133,N,nominal,2.0NRT,288.63,1.08,N
37.80007,62.5511,299.4,0.52,0.42,2026-09-13,2133,N,nominal,2.0NRT,284.79,0.88,N
37.79625,62.55038,319.17,0.52,0.42,2026-09-13,2133,N,nominal,2.0NRT,285.1,2.38,N
37.78992,62.53712,317.88,0.52,0.42,2026-09-13,2133,N,nominal,2.0NRT,286.66,1.87,N
37.78609,62.53642,307.72,0.52,0.42,2026-09-13,2133,N,nominal,2.0NRT,283.73,1.87,N
37.84503,61.60571,304.43,0.38,0.44,2026-09-13,2133,N,nominal,2.0NRT,285.71,1.01,N
37.77879,62.03046,295.5,0.55,0.43,2026-09-13,2133,N,nominal,2.0NRT,284.77,1.09,N
37.74368,62.13243,300.68,0.54,0.42,2026-09-13,2133,N,nominal,2.0NRT,284.92,0.61,N
37.74196,62.07506,295.05,0.55,0.42,2026-09-13,2133,N,nominal,2.0NRT,283.98,0.68,N
26.80612,67.22405,312.87,0.43,0.38,2026-09-13,2136,N,nominal,2.0NRT,290.51,3.9,N
37.72819,62.09171,305,0.55,0.42,2026-09-13,2133,N,nominal,2.0NRT,284.47,1.28,N
37.72752,62.09793,305.19,0.55,0.42,2026-09-13,2133,N,nominal,2.0NRT,285.3,1.28,N
37.7466,61.84393,295.85,0.56,0.43,2026-09-13,2133,N,nominal,2.0NRT,285.48,1.01,N
37.67226,62.23743,300.11,0.54,0.42,2026-09-13,2133,N,nominal,2.0NRT,284.1,0.82,N
37.66838,62.23674,295.93,0.54,0.42,2026-09-13,2133,N,nominal,2.0NRT,282.81,0.82,N
37.65993,62.24149,304.88,0.54,0.42,2026-09-13,2133,N,nominal,2.0NRT,285.23,1.43,N
37.65606,62.2408,299.87,0.54,0.42,2026-09-13,2133,N,nominal,2.0NRT,282.9,0.69,N
27.22707,60.49033,311.87,0.5,0.41,2026-09-13,2136,N,nominal,2.0NRT,300.49,1.89,N
37.64006,62.20682,299.1,0.54,0.42,2026-09-13,2133,N,nominal,2.0NRT,283.98,0.58,N
37.62772,62.2109,299.74,0.54,0.42,2026-09-13,2133,N,nominal,2.0NRT,286.07,0.88,N
37.65705,61.90502,303.95,0.56,0.43,2026-09-13,2133,N,nominal,2.0NRT,285.8,0.95,N
37.62788,62.17344,296.15,0.54,0.42,2026-09-13,2133,N,nominal,2.0NRT,285.3,0.95,N
37.62549,62.12274,295.48,0.54,0.42,2026-09-13,2133,N,nominal,2.0NRT,284.17,0.57,N
37.61957,62.1406,298.56,0.54,0.42,2026-09-13,2133,N,nominal,2.0NRT,286.5,0.66,N
37.94247,58.56108,301.98,0.56,0.51,2026-09-13,2133,N,nominal,2.0NRT,288.88,1.23,N
37.63046,61.72454,295.32,0.57,0.43,2026-09-13,2133,N,nominal,2.0NRT,284.75,0.42,N
37.61405,61.57478,307.3,0.38,0.43,2026-09-13,2133,N,nominal,2.0NRT,287.56,1.91,N
37.61218,61.59228,307.73,0.38,0.43,2026-09-13,2133,N,nominal,2.0NRT,285.61,1,N
37.61044,61.60865,310.57,0.57,0.43,2026-09-13,2133,N,nominal,2.0NRT,287.18,2.4,N
37.60432,61.55083,303.65,0.38,0.44,2026-09-13,2133,N,nominal,2.0NRT,285.87,1,N
37.60386,61.55521,300.38,0.38,0.44,2026-09-13,2133,N,nominal,2.0NRT,285.55,0.61,N
37.59938,61.55893,301.5,0.38,0.43,2026-09-13,2133,N,nominal,2.0NRT,285.49,0.93,N
27.30153,56.30214,308.51,0.57,0.52,2026-09-13,2136,N,nominal,2.0NRT,297.68,1.31,N
37.59536,61.55825,311.3,0.38,0.43,2026-09-13,2133,N,nominal,2.0NRT,284.23,0.93,N
37.59457,61.52681,324.56,0.39,0.44,2026-09-13,2133,N,nominal,2.0NRT,288.04,1.11,N
37.59411,61.53122,295.09,0.39,0.44,2026-09-13,2133,N,nominal,2.0NRT,284.54,1.11,N
37.59089,61.56196,301.87,0.38,0.43,2026-09-13,2133,N,nominal,2.0NRT,286.74,0.91,N
37.59054,61.52613,296.63,0.39,0.44,2026-09-13,2133,N,nominal,2.0NRT,283.12,1.11,N
37.58917,61.53933,296.46,0.38,0.44,2026-09-13,2133,N,nominal,2.0NRT,284.71,0.52,N
37.58687,61.56128,309.69,0.38,0.43,2026-09-13,2133,N,nominal,2.0NRT,286.21,0.91,N
37.58286,61.5606,300.75,0.38,0.43,2026-09-13,2133,N,nominal,2.0NRT,285.22,0.85,N
37.50037,61.84568,305.29,0.56,0.43,2026-09-13,2133,N,nominal,2.0NRT,287.63,0.84,N
37.49796,61.84498,316.15,0.56,0.43,2026-09-13,2133,N,nominal,2.0NRT,288.33,3.72,N
37.49727,61.8513,303.24,0.56,0.43,2026-09-13,2133,N,nominal,2.0NRT,286.57,0.86,N
37.48335,61.97702,297.09,0.55,0.43,2026-09-13,2133,N,nominal,2.0NRT,283.5,0.63,N
37.47989,62.00817,296.49,0.55,0.42,2026-09-13,2133,N,nominal,2.0NRT,284.28,0.88,N
37.63659,60.33772,301.87,0.44,0.46,2026-09-13,2133,N,nominal,2.0NRT,286.54,0.92,N
37.42615,62.31026,298.36,0.53,0.42,2026-09-13,2133,N,nominal,2.0NRT,282.7,1.26,N
37.42229,62.30958,311.55,0.53,0.42,2026-09-13,2133,N,nominal,2.0NRT,283.03,1.26,N
37.40688,62.30684,296.51,0.53,0.42,2026-09-13,2133,N,nominal,2.0NRT,283.14,0.46,N
37.51085,61.01387,304.44,0.41,0.45,2026-09-13,2133,N,nominal,2.0NRT,287.23,0.77,N
37.50533,61.02716,301.6,0.41,0.45,2026-09-13,2133,N,nominal,2.0NRT,288,0.88,N
37.40426,61.34217,296.95,0.39,0.44,2026-09-13,2133,N,nominal,2.0NRT,285.69,0.41,N
37.48798,60.46165,295.4,0.43,0.46,2026-09-13,2133,N,nominal,2.0NRT,285.37,0.52,N
37.34842,61.36461,314.46,0.39,0.44,2026-09-13,2133,N,nominal,2.0NRT,287.75,1.13,N
37.34861,61.36234,313.48,0.39,0.44,2026-09-13,2133,N,nominal,2.0NRT,286.45,1.25,N
37.11846,62.36217,328.84,0.52,0.42,2026-09-13,2133,N,nominal,2.0NRT,288.28,6.48,N
37.11463,62.36149,308.79,0.52,0.42,2026-09-13,2133,N,nominal,2.0NRT,287.95,2.08,N
37.5392,57.25857,295.9,0.32,0.55,2026-09-13,2133,N,nominal,2.0NRT,285.21,0.9,N
37.53411,57.25781,313.08,0.32,0.55,2026-09-13,2133,N,nominal,2.0NRT,285.24,0.9,N
37.53387,57.26135,301.19,0.32,0.55,2026-09-13,2133,N,nominal,2.0NRT,285.59,1.01,N
37.03462,62.4132,303.32,0.52,0.41,2026-09-13,2133,N,nominal,2.0NRT,285.69,1.59,N
37.03397,62.41906,311.36,0.52,0.41,2026-09-13,2133,N,nominal,2.0NRT,288.04,3.25,N
37.03015,62.41837,299.96,0.52,0.41,2026-09-13,2133,N,nominal,2.0NRT,285.88,1.84,N
37.45367,57.68437,299.18,0.61,0.54,2026-09-13,2133,N,nominal,2.0NRT,288.2,1.2,N
37.21863,60.02437,301.25,0.46,0.47,2026-09-13,2133,N,nominal,2.0NRT,287.76,0.75,N
35.97019,68.6842,299.95,0.4,0.37,2026-09-13,2133,N,nominal,2.0NRT,289.68,0.42,N
35.96612,68.68771,301.92,0.4,0.37,2026-09-13,2133,N,nominal,2.0NRT,290.26,0.34,N
36.9914,56.23012,306.35,0.37,0.58,2026-09-13,2133,N,nominal,2.0NRT,287.07,0.88,N
36.43966,61.21635,301,0.39,0.44,2026-09-13,2133,N,nominal,2.0NRT,289.16,0.89,N
27.16997,56.05532,323.26,0.59,0.53,2026-09-13,2136,N,nominal,2.0NRT,298.4,2.6,N
36.46491,60.85083,304.46,0.4,0.45,2026-09-13,2133,N,nominal,2.0NRT,289.29,0.75,N
36.70013,57.20382,300.68,0.32,0.55,2026-09-13,2133,N,nominal,2.0NRT,288.13,0.42,N
27.17054,56.04934,316.77,0.59,0.53,2026-09-13,2136,N,nominal,2.0NRT,298.2,2.6,N
36.42907,59.70401,295.81,0.46,0.47,2026-09-13,2133,N,nominal,2.0NRT,284.74,0.78,N
35.94831,62.92102,301.54,0.48,0.4,2026-09-13,2133,N,nominal,2.0NRT,288.3,1.06,N
27.16565,56.04869,308.55,0.59,0.53,2026-09-13,2136,N,nominal,2.0NRT,297.94,1.71,N
27.1605,56.10286,319.59,0.59,0.53,2026-09-13,2136,N,nominal,2.0NRT,298.45,3.85,N
35.90943,62.96271,305.98,0.48,0.4,2026-09-13,2133,N,nominal,2.0NRT,285.86,1.23,N
27.14475,56.11288,310.9,0.59,0.53,2026-09-13,2136,N,nominal,2.0NRT,297.96,1.87,N
36.23612,59.73223,298.59,0.46,0.47,2026-09-13,2133,N,nominal,2.0NRT,286.37,0.73,N
36.23609,59.73066,296.59,0.46,0.47,2026-09-13,2133,N,nominal,2.0NRT,285.47,0.85,N
36.29484,54.78568,298.77,0.43,0.62,2026-09-13,2133,N,nominal,2.0NRT,287.25,0.67,N
35.89268,57.06344,304.92,0.32,0.55,2026-09-13,2133,N,nominal,2.0NRT,290.91,0.63,N
35.35625,60.21612,297.42,0.42,0.46,2026-09-13,2133,N,nominal,2.0NRT,286.76,0.74,N
33.54504,71.55243,306.3,0.53,0.42,2026-09-13,2133,N,nominal,2.0NRT,293.22,3.36,N
32.88943,71.61568,311.39,0.54,0.42,2026-09-13,2133,N,nominal,2.0NRT,295,3.19,N
32.57545,72.56165,307.02,0.41,0.45,2026-09-13,2133,N,nominal,2.0NRT,295.1,2.88,N
32.38008,72.14101,307.03,0.39,0.44,2026-09-13,2133,N,nominal,2.0NRT,295.29,1.94,N
31.24984,76.92884,300.08,0.38,0.59,2026-09-13,2133,N,nominal,2.0NRT,287.47,0.3,N
25.97238,56.07028,313.56,0.57,0.52,2026-09-13,2138,N,nominal,2.0NRT,299.88,2.2,N
33.75248,59.1446,297.87,0.46,0.47,2026-09-13,2133,N,nominal,2.0NRT,285.25,0.64,N
25.96757,56.06967,310.68,0.57,0.52,2026-09-13,2138,N,nominal,2.0NRT,299.76,1.91,N
33.63037,59.17054,299.41,0.46,0.47,2026-09-13,2133,N,nominal,2.0NRT,289.07,1.02,N
31.76977,70.10856,308.66,0.48,0.4,2026-09-13,2133,N,nominal,2.0NRT,292.95,1.99,N
32.63474,59.75614,295.4,0.42,0.45,2026-09-13,2133,N,nominal,2.0NRT,285.26,0.83,N
29.12362,75.77895,306.31,0.37,0.58,2026-09-13,2136,N,nominal,2.0NRT,290.19,0.65,N
32.33558,54.089,303.4,0.44,0.62,2026-09-13,2136,N,nominal,2.0NRT,289.83,1.25,N
32.33635,54.08787,305.09,0.44,0.62,2026-09-13,2136,N,nominal,2.0NRT,290.73,0.8,N
25.90264,54.53031,315.67,0.36,0.57,2026-09-13,2138,N,nominal,2.0NRT,299.32,0.48,N
25.90232,54.53393,312.33,0.35,0.57,2026-09-13,2138,N,nominal,2.0NRT,299.23,0.48,N
31.94297,54.04386,311.77,0.44,0.62,2026-09-13,2136,N,nominal,2.0NRT,293.85,1.32,N
31.93715,54.04354,303.5,0.44,0.62,2026-09-13,2136,N,nominal,2.0NRT,293.49,1.05,N
31.93799,54.04292,307.69,0.44,0.62,2026-09-13,2136,N,nominal,2.0NRT,294.01,2.01,N
31.85241,54.28441,303.93,0.42,0.61,2026-09-13,2136,N,nominal,2.0NRT,293.85,1.75,N
31.62386,54.72742,301.82,0.4,0.6,2026-09-13,2136,N,nominal,2.0NRT,291.71,0.96,N
27.76889,76.25789,343.38,0.42,0.61,2026-09-13,2136,N,nominal,2.0NRT,288.88,4.41,N
30.7568,56.66005,304.94,0.6,0.53,2026-09-13,2136,N,nominal,2.0NRT,293.48,3.14,N
30.66567,56.62306,302.76,0.6,0.53,2026-09-13,2136,N,nominal,2.0NRT,291.64,1.44,N
30.66447,56.62153,301.84,0.6,0.53,2026-09-13,2136,N,nominal,2.0NRT,291.41,0.94,N
30.37037,56.12813,310.8,0.32,0.54,2026-09-13,2136,N,nominal,2.0NRT,291.03,0.42,N
22.93465,69.70101,308.54,0.43,0.46,2026-09-13,2138,N,nominal,2.0NRT,280.13,2.52,N
30.37733,55.86476,303.56,0.33,0.55,2026-09-13,2136,N,nominal,2.0NRT,292.88,0.45,N
22.93492,69.69862,315.71,0.43,0.46,2026-09-13,2138,N,nominal,2.0NRT,279.81,1.52,N
22.93077,69.69767,305.39,0.43,0.46,2026-09-13,2138,N,nominal,2.0NRT,279.25,1.52,N
28.42549,69.6998,318.13,0.52,0.41,2026-09-13,2136,N,nominal,2.0NRT,298.09,1.46,N
30.23222,56.91077,310.25,0.57,0.52,2026-09-13,2136,N,nominal,2.0NRT,290.85,2.31,N
30.23354,56.90932,318.04,0.57,0.52,2026-09-13,2136,N,nominal,2.0NRT,293.18,4.01,N
24.50747,56.60906,341.77,0.51,0.49,2026-09-13,2138,N,nominal,2.0NRT,298.33,4.6,N
24.508,56.60399,308.95,0.51,0.49,2026-09-13,2138,N,nominal,2.0NRT,297.39,2.88,N
24.50797,56.60664,318.64,0.51,0.49,2026-09-13,2138,N,nominal,2.0NRT,297.8,6.09,N
24.5034,56.60604,343.84,0.51,0.49,2026-09-13,2138,N,nominal,2.0NRT,298.58,6.09,N
24.50397,56.60097,309.9,0.51,0.49,2026-09-13,2138,N,nominal,2.0NRT,297.99,6.09,N
24.47946,56.61314,315.21,0.51,0.49,2026-09-13,2138,N,nominal,2.0NRT,297.76,2.17,N
24.50796,54.01839,320.66,0.37,0.58,2026-09-13,2138,N,nominal,2.0NRT,300.8,0.89,N
24.5083,54.01468,313.47,0.37,0.58,2026-09-13,2138,N,nominal,2.0NRT,300.49,0.89,N
24.32314,54.46753,316.51,0.34,0.56,2026-09-13,2138,N,nominal,2.0NRT,302.08,2.17,N
24.31926,54.45589,312.98,0.34,0.56,2026-09-13,2138,N,nominal,2.0NRT,301.72,1.28,N
23.55492,58.19985,311.79,0.4,0.44,2026-09-13,2138,N,nominal,2.0NRT,300.27,0.59,N
23.483,58.28093,318.72,0.39,0.44,2026-09-13,2138,N,nominal,2.0NRT,301.16,1.01,N
23.19061,55.45926,321.07,0.58,0.52,2026-09-13,2138,N,nominal,2.0NRT,299.86,3.99,N
23.19121,55.45353,317.54,0.58,0.52,2026-09-13,2138,N,nominal,2.0NRT,299.26,3.43,N
23.31424,54.17275,312.07,0.35,0.57,2026-09-13,2138,N,nominal,2.0NRT,299.6,1.1,N
23.3139,54.17626,316.3,0.35,0.57,2026-09-13,2138,N,nominal,2.0NRT,298.67,1.1,N
22.87625,55.92368,309.67,0.54,0.5,2026-09-13,2138,N,nominal,2.0NRT,297.36,1.98,N
22.87914,55.9231,311.73,0.53,0.5,2026-09-13,2138,N,nominal,2.0NRT,297.5,1.85,N
22.87467,55.61591,321.24,0.56,0.51,2026-09-13,2138,N,nominal,2.0NRT,296.55,1.44,N
22.40808,56.99096,305.59,0.45,0.47,2026-09-13,2138,N,nominal,2.0NRT,295.34,1.65,N
22.40375,56.99026,319.25,0.45,0.47,2026-09-13,2138,N,nominal,2.0NRT,295.37,1.65,N
22.3286,56.48772,339.21,0.49,0.48,2026-09-13,2138,N,nominal,2.0NRT,296.14,3.9,N
22.52743,54.05074,314.63,0.35,0.57,2026-09-13,2138,N,nominal,2.0NRT,297.24,1.28,N
21.93555,57.07455,332.93,0.44,0.46,2026-09-13,2138,N,nominal,2.0NRT,294.29,4.36,N
21.89078,56.84812,320.78,0.46,0.47,2026-09-13,2138,N,nominal,2.0NRT,294.8,2.68,N
21.83488,56.68014,315.21,0.47,0.47,2026-09-13,2138,N,nominal,2.0NRT,294.66,1.47,N
21.83454,56.68236,314.25,0.47,0.47,2026-09-13,2138,N,nominal,2.0NRT,294.89,1,N
21.31524,57.74447,295.11,0.4,0.44,2026-09-13,2138,N,nominal,2.0NRT,284.32,0.29,N
21.30456,57.79733,316.04,0.39,0.44,2026-09-13,2138,N,nominal,2.0NRT,293.56,1.3,N
20.98737,56.77389,303.07,0.45,0.47,2026-09-13,2138,N,nominal,2.0NRT,292.92,0.57,N
21.00267,56.52845,321.31,0.46,0.47,2026-09-13,2138,N,nominal,2.0NRT,293.6,3.14,N
21.00215,56.53295,330.54,0.46,0.47,2026-09-13,2138,N,nominal,2.0NRT,294.1,3.14,N
21.00219,56.53061,345.9,0.46,0.47,2026-09-13,2138,N,nominal,2.0NRT,294.75,5.99,N
20.56114,56.41912,304.75,0.47,0.47,2026-09-13,2138,N,nominal,2.0NRT,293.18,0.7,N
20.39084,55.66344,311.35,0.52,0.5,2026-09-13,2138,N,nominal,2.0NRT,292.93,0.95,N
20.38796,55.64771,303.07,0.52,0.5,2026-09-13,2138,N,nominal,2.0NRT,292.86,0.79,N
20.38624,55.66283,316.7,0.52,0.5,2026-09-13,2138,N,nominal,2.0NRT,292.91,0.95,N
20.38335,55.64708,306.11,0.52,0.5,2026-09-13,2138,N,nominal,2.0NRT,293.08,1.11,N
20.21383,55.71231,312.81,0.51,0.49,2026-09-13,2138,N,nominal,2.0NRT,293.26,1.42,N
18.68847,55.50485,333.77,0.5,0.49,2026-09-13,2140,N,nominal,2.0NRT,291.3,3.84,N
18.32305,55.1024,329.61,0.53,0.5,2026-09-13,2140,N,nominal,2.0NRT,291.61,3.78,N
18.32245,55.10744,313.19,0.53,0.5,2026-09-13,2140,N,nominal,2.0NRT,291.18,2.1,N
18.1759,55.24874,305.79,0.51,0.5,2026-09-13,2140,N,nominal,2.0NRT,291.84,1,N
18.01199,54.57226,344.51,0.57,0.52,2026-09-13,2140,N,nominal,2.0NRT,297.11,23.16,N
18.01264,54.56686,305.43,0.57,0.52,2026-09-13,2140,N,nominal,2.0NRT,292.06,12.13,N
38.25408,58.3898,298.04,0.58,0.7,2026-09-13,2314,N,nominal,2.0NRT,285.99,1.36,N
38.68161,54.31737,323.45,0.35,0.57,2026-09-13,2314,N,nominal,2.0NRT,284.47,2.03,N
38.68159,54.31686,331.32,0.35,0.57,2026-09-13,2314,N,nominal,2.0NRT,285.31,2.12,N
38.65155,54.2819,298.54,0.35,0.57,2026-09-13,2314,N,nominal,2.0NRT,278.42,0.96,N
37.68425,56.94751,295.99,0.51,0.66,2026-09-13,2314,N,nominal,2.0NRT,284.38,0.22,N
36.94825,54.88935,304.01,0.42,0.61,2026-09-13,2314,N,nominal,2.0NRT,285.18,1.23,N
36.94419,54.89095,303.23,0.42,0.61,2026-09-13,2314,N,nominal,2.0NRT,285.96,1.26,N
36.29568,54.78674,298.24,0.43,0.62,2026-09-13,2314,N,nominal,2.0NRT,287.31,0.5,N
32.33593,54.0873,305.14,0.5,0.66,2026-09-13,2316,N,nominal,2.0NRT,288.95,1.17,N
31.94278,54.04554,302.17,0.51,0.66,2026-09-13,2316,N,nominal,2.0NRT,291.89,1.04,N
31.85103,54.2865,307.51,0.53,0.67,2026-09-13,2316,N,nominal,2.0NRT,292.73,1.14,N
29.99295,55.8522,302.6,0.72,0.75,2026-09-13,2316,N,nominal,2.0NRT,286.5,2.81,N
29.99038,55.86096,303.7,0.72,0.75,2026-09-13,2316,N,nominal,2.0NRT,287.05,2.42,N
29.99275,55.85426,307.54,0.72,0.75,2026-09-13,2316,N,nominal,2.0NRT,286.81,2.37,N
29.99028,55.86289,297.3,0.72,0.75,2026-09-13,2316,N,nominal,2.0NRT,287.07,2.37,N
25.90108,54.53453,308.25,0.76,0.77,2026-09-13,2318,N,nominal,2.0NRT,297.31,0.35,N
6.70038,100.89659,331.67,0.5,0.41,2026-09-14,0703,N,nominal,2.0NRT,293.03,5.27,D
6.81695,101.08904,349.3,0.51,0.41,2026-09-14,0703,N,nominal,2.0NRT,295.65,12.56,D
6.82143,101.09311,354.55,0.51,0.41,2026-09-14,0703,N,nominal,2.0NRT,299.61,12.56,D
6.82074,101.0885,346.94,0.51,0.41,2026-09-14,0703,N,nominal,2.0NRT,295.78,12.56,D
6.82591,101.09718,333.23,0.51,0.41,2026-09-14,0703,N,nominal,2.0NRT,294.87,4.77,D
6.82522,101.09257,347.64,0.51,0.41,2026-09-14,0703,N,nominal,2.0NRT,295.37,7.9,D
6.81686,101.09054,331.98,0.51,0.41,2026-09-14,0703,N,nominal,2.0NRT,293.86,10.42,D
6.8162,101.08591,337.98,0.51,0.41,2026-09-14,0703,N,nominal,2.0NRT,294.13,11.27,D
6.82065,101.09,367,0.51,0.41,2026-09-14,0703,N,high,2.0NRT,298.91,10.42,D
6.82131,101.09462,345.1,0.51,0.41,2026-09-14,0703,N,nominal,2.0NRT,297.42,10.42,D
6.8251,101.09407,351,0.51,0.41,2026-09-14,0703,N,nominal,2.0NRT,296.28,6.88,D
6.82444,101.08945,331.84,0.51,0.41,2026-09-14,0703,N,nominal,2.0NRT,293.25,6.88,D
7.65233,99.99279,332.61,0.46,0.39,2026-09-14,0703,N,nominal,2.0NRT,296.53,3.75,D
14.14362,100.26381,334.89,0.56,0.43,2026-09-14,0705,N,nominal,2.0NRT,288.75,4.21,D
14.14546,100.26156,334.99,0.56,0.43,2026-09-14,0705,N,nominal,2.0NRT,288.27,5.42,D
14.77105,100.37351,334.61,0.39,0.44,2026-09-14,0705,N,nominal,2.0NRT,282.83,4.16,D
17.24044,99.70777,335.38,0.57,0.43,2026-09-14,0707,N,nominal,2.0NRT,289.91,4.66,D
18.1529,96.46731,333.88,0.41,0.37,2026-09-14,0707,N,nominal,2.0NRT,295.45,2.27,D
18.08615,95.8576,335.85,0.4,0.37,2026-09-14,0707,N,nominal,2.0NRT,293.53,4.99,D
19.80279,99.21192,330.41,0.38,0.43,2026-09-14,0707,N,nominal,2.0NRT,294.88,2.08,D
19.43186,96.0061,330.54,0.41,0.37,2026-09-14,0707,N,nominal,2.0NRT,295.75,2.46,D
17.5983,83.18493,347.2,0.48,0.65,2026-09-14,0707,N,nominal,2.0NRT,290.45,6.76,D
17.60156,83.18497,336.35,0.48,0.65,2026-09-14,0707,N,nominal,2.0NRT,290.44,7.07,D
20.11964,94.61115,331.49,0.39,0.36,2026-09-14,0707,N,nominal,2.0NRT,296.82,2.26,D
21.41496,98.02286,333.02,0.52,0.41,2026-09-14,0707,N,nominal,2.0NRT,296.65,3.63,D
21.46346,98.24976,336.14,0.53,0.42,2026-09-14,0707,N,nominal,2.0NRT,298.66,14.01,D
21.70141,98.07699,335.11,0.52,0.42,2026-09-14,0707,N,nominal,2.0NRT,297.66,4.43,D
21.56652,95.65794,331.9,0.41,0.37,2026-09-14,0707,N,nominal,2.0NRT,299.68,1.38,D
22.31736,99.18223,356.19,0.41,0.45,2026-09-14,0707,N,nominal,2.0NRT,299.97,16.27,D
22.33772,99.17692,344.12,0.41,0.45,2026-09-14,0707,N,nominal,2.0NRT,295.98,6.11,D
22.52606,99.31691,351.07,0.42,0.45,2026-09-14,0707,N,nominal,2.0NRT,294.35,6.89,D
22.60763,98.52518,329.65,0.57,0.43,2026-09-14,0707,N,nominal,2.0NRT,299.13,3.43,D
22.91941,98.12781,331.87,0.55,0.42,2026-09-14,0707,N,nominal,2.0NRT,296.24,4.46,D
22.92325,98.12668,332.2,0.55,0.42,2026-09-14,0707,N,nominal,2.0NRT,294.8,4.46,D
22.99544,97.74671,333.56,0.52,0.42,2026-09-14,0707,N,nominal,2.0NRT,299.61,6.13,D
20.86523,84.98661,327.74,0.32,0.54,2026-09-14,0707,N,nominal,2.0NRT,286.82,2.38,D
20.96399,85.19006,330.15,0.62,0.54,2026-09-14,0707,N,nominal,2.0NRT,291.94,8.04,D
20.97139,85.176,329.96,0.62,0.54,2026-09-14,0707,N,nominal,2.0NRT,291.52,12.11,D
20.96438,85.18786,328.85,0.62,0.54,2026-09-14,0707,N,nominal,2.0NRT,291.92,5.91,D
22.47124,91.73651,331.96,0.4,0.37,2026-09-14,0707,N,nominal,2.0NRT,299.73,5.5,D
23.79203,97.98669,332.82,0.55,0.43,2026-09-14,0707,N,nominal,2.0NRT,301.6,3.48,D
23.83351,97.90178,331.2,0.54,0.42,2026-09-14,0707,N,nominal,2.0NRT,297.46,3.62,D
23.80696,97.58663,332.59,0.52,0.42,2026-09-14,0707,N,nominal,2.0NRT,296.84,5.61,D
23.60939,95.80739,333.11,0.43,0.38,2026-09-14,0707,N,nominal,2.0NRT,298.79,2.76,D
22.3633,87.30112,332.45,0.43,0.46,2026-09-14,0709,N,nominal,2.0NRT,296.88,4.89,D
22.36387,87.30157,332.7,0.43,0.46,2026-09-14,0709,N,nominal,2.0NRT,296.53,5.6,D
22.37731,87.28133,334.03,0.43,0.46,2026-09-14,0709,N,nominal,2.0NRT,294.62,6.16,D
23.57559,94.1634,333.56,0.39,0.36,2026-09-14,0709,N,nominal,2.0NRT,298.88,3.35,D
24.24244,98.19501,333.14,0.57,0.43,2026-09-14,0709,N,nominal,2.0NRT,299.22,3.23,D
24.39201,96.21177,332.91,0.46,0.39,2026-09-14,0709,N,nominal,2.0NRT,298.09,2.23,D
24.4202,96.20304,336.03,0.46,0.39,2026-09-14,0709,N,nominal,2.0NRT,297.98,4.31,D
24.24033,90.39486,330.52,0.43,0.38,2026-09-14,0709,N,low,2.0NRT,301.45,7.96,D
23.69364,87.12219,329.01,0.42,0.45,2026-09-14,0709,N,nominal,2.0NRT,297.63,5.37,D
25.32262,96.91475,333.85,0.5,0.41,2026-09-14,0709,N,nominal,2.0NRT,298.06,3.21,D
23.73668,86.43643,328.8,0.46,0.47,2026-09-14,0709,N,nominal,2.0NRT,294.83,3.91,D
25.13784,94.06382,329.57,0.4,0.37,2026-09-14,0709,N,nominal,2.0NRT,297.71,1.85,D
27.0319,94.89224,331.25,0.43,0.38,2026-09-14,0709,N,nominal,2.0NRT,292.41,2.24,D
27.37767,95.3363,336.66,0.45,0.39,2026-09-14,0709,N,nominal,2.0NRT,295.02,5.54,D
28.13535,96.59023,331.7,0.52,0.42,2026-09-14,0709,N,nominal,2.0NRT,292.39,6.3,D
28.10505,95.51579,331.65,0.46,0.39,2026-09-14,0709,N,nominal,2.0NRT,295.62,2.86,D
29.24683,91.86257,327.72,0.38,0.36,2026-09-14,0709,N,nominal,2.0NRT,295.96,2.44,D
29.5507,90.99916,328.56,0.39,0.36,2026-09-14,0709,N,nominal,2.0NRT,294.63,3.36,D
29.55008,90.99523,331.54,0.39,0.36,2026-09-14,0709,N,nominal,2.0NRT,295.1,2.41,D
29.55399,90.99849,332.61,0.39,0.36,2026-09-14,0709,N,nominal,2.0NRT,295.48,3.36,D
29.55337,90.99454,328.46,0.39,0.36,2026-09-14,0709,N,nominal,2.0NRT,295.42,2.41,D
29.55727,90.99781,344.19,0.39,0.36,2026-09-14,0709,N,nominal,2.0NRT,301.06,4.21,D
29.23502,88.87967,334.84,0.43,0.38,2026-09-14,0709,N,nominal,2.0NRT,295.52,3.38,D
29.28056,88.87388,329.32,0.43,0.38,2026-09-14,0709,N,nominal,2.0NRT,294.93,2.7,D
29.30046,88.8647,325.3,0.43,0.38,2026-09-14,0709,N,nominal,2.0NRT,294.87,3.32,D
29.30188,88.86546,329.84,0.43,0.38,2026-09-14,0709,N,nominal,2.0NRT,294.22,5.21,D
29.30112,88.86113,336.43,0.43,0.38,2026-09-14,0709,N,nominal,2.0NRT,295.28,4.43,D
29.68122,90.90326,327.04,0.39,0.36,2026-09-14,0709,N,nominal,2.0NRT,295.4,2.83,D
29.68985,90.89336,325.63,0.39,0.36,2026-09-14,0709,N,nominal,2.0NRT,293.89,2.27,D
28.84286,78.82959,351.66,0.5,0.66,2026-09-14,0712,N,nominal,2.0NRT,287.28,10.52,D
7.5144,80.90241,334.36,0.38,0.59,2026-09-14,0845,N,nominal,2.0NRT,293.44,4.92,D
7.6503,81.04067,347.08,0.39,0.59,2026-09-14,0845,N,nominal,2.0NRT,292.76,6.04,D
7.81543,79.93383,335.19,0.33,0.55,2026-09-14,0845,N,nominal,2.0NRT,283.96,6.43,D
38.97927,76.19451,335.71,0.39,0.59,2026-09-14,0714,N,nominal,2.0NRT,297.21,2.57,D
8.08667,81.381,332,0.41,0.61,2026-09-14,0845,N,nominal,2.0NRT,292.34,2.73,D
7.94596,80.11124,336.78,0.34,0.56,2026-09-14,0845,N,nominal,2.0NRT,285.74,2.57,D
8.92451,80.76894,340.56,0.39,0.59,2026-09-14,0845,N,nominal,2.0NRT,276.33,5.74,D
10.58596,77.47468,335.91,0.49,0.49,2026-09-14,0845,N,nominal,2.0NRT,294.37,3.36,D
12.1599,77.08751,335.36,0.49,0.48,2026-09-14,0845,N,nominal,2.0NRT,290.93,2.56,D
12.98795,76.12327,351.03,0.43,0.46,2026-09-14,0848,N,nominal,2.0NRT,304.8,6.13,D
12.99218,76.12268,351.11,0.43,0.46,2026-09-14,0848,N,nominal,2.0NRT,304.85,7.79,D
13.71349,78.21307,335.94,0.61,0.53,2026-09-14,0848,N,nominal,2.0NRT,301.05,4.09,D
13.715,78.21195,339.29,0.61,0.53,2026-09-14,0848,N,nominal,2.0NRT,301.57,4.66,D
13.78507,77.39103,338.61,0.54,0.5,2026-09-14,0848,N,nominal,2.0NRT,305.12,7.36,D
13.78582,76.8893,335.74,0.5,0.49,2026-09-14,0848,N,nominal,2.0NRT,303.78,3.38,D
13.87963,77.44249,345.82,0.54,0.51,2026-09-14,0848,N,nominal,2.0NRT,304.46,6.08,D
13.95288,77.52271,336.51,0.55,0.51,2026-09-14,0848,N,nominal,2.0NRT,306.28,5.57,D
14.04912,76.51514,344.21,0.47,0.48,2026-09-14,0848,N,nominal,2.0NRT,307.37,12.08,D
14.3943,76.73463,341.45,0.49,0.49,2026-09-14,0848,N,nominal,2.0NRT,307.06,5.53,D
14.39193,76.73648,343.98,0.49,0.49,2026-09-14,0848,N,nominal,2.0NRT,307.93,9.88,D
14.60289,77.20931,341.82,0.53,0.5,2026-09-14,0848,N,nominal,2.0NRT,307.06,7.4,D
14.98026,77.67973,339.1,0.58,0.52,2026-09-14,0848,N,nominal,2.0NRT,300.88,10.99,D
15.17592,76.65578,333.75,0.5,0.49,2026-09-14,0848,N,low,2.0NRT,307.25,4.36,D
15.37479,75.96941,338.72,0.45,0.47,2026-09-14,0848,N,nominal,2.0NRT,303.55,10.11,D
15.37652,75.97082,340.52,0.45,0.47,2026-09-14,0848,N,nominal,2.0NRT,309.25,13.29,D
15.38841,75.17694,334.14,0.41,0.45,2026-09-14,0848,N,low,2.0NRT,306.77,2.82,D
15.62385,76.98132,334.76,0.53,0.5,2026-09-14,0848,N,low,2.0NRT,307.04,4.54,D
15.59263,76.72092,337.81,0.51,0.49,2026-09-14,0848,N,nominal,2.0NRT,306.06,11.21,D
15.96467,76.64512,338.41,0.51,0.49,2026-09-14,0848,N,nominal,2.0NRT,302.44,6.84,D
16.26682,78.06293,331.3,0.32,0.55,2026-09-14,0848,N,nominal,2.0NRT,298.84,0.98,D
18.01446,75.23695,336.1,0.44,0.46,2026-09-14,0848,N,nominal,2.0NRT,284.74,2.78,D
18.01185,54.57534,341.1,0.75,0.77,2026-09-14,0850,N,nominal,2.0NRT,297.97,12.15,D
18.01015,54.5682,356.7,0.76,0.77,2026-09-14,0850,N,low,2.0NRT,297.72,12.15,D
22.35759,82.30507,329.83,0.71,0.75,2026-09-14,0850,N,nominal,2.0NRT,286.86,7.98,D
22.35564,82.30373,328.43,0.71,0.75,2026-09-14,0850,N,nominal,2.0NRT,287.44,8.16,D
21.30278,57.79831,337.62,0.41,0.6,2026-09-14,0850,N,nominal,2.0NRT,301.54,0.44,D
21.30904,57.74732,337.14,0.41,0.61,2026-09-14,0850,N,nominal,2.0NRT,302.68,2.66,D
21.3126,57.74605,342.44,0.41,0.61,2026-09-14,0850,N,nominal,2.0NRT,302.14,2.42,D
21.83302,56.68106,337.6,0.47,0.64,2026-09-14,0850,N,nominal,2.0NRT,303.1,3.7,D
21.83202,56.68213,336.34,0.46,0.64,2026-09-14,0850,N,nominal,2.0NRT,303.12,0.72,D
21.93497,57.07499,348.65,0.44,0.62,2026-09-14,0850,N,nominal,2.0NRT,304.59,2.36,D
22.40474,56.98851,338.44,0.43,0.62,2026-09-14,0850,N,nominal,2.0NRT,304.86,2.76,D
22.32528,56.4892,339.54,0.47,0.64,2026-09-14,0850,N,nominal,2.0NRT,302.51,1.72,D
22.87736,55.92494,344.16,0.49,0.65,2026-09-14,0852,N,nominal,2.0NRT,305.95,3.16,D
22.92476,55.80459,345.97,0.5,0.66,2026-09-14,0852,N,nominal,2.0NRT,307.13,2.61,D
25.38799,68.58196,338.46,0.39,0.37,2026-09-14,0852,N,nominal,2.0NRT,303.49,4.17,D
22.92669,55.80548,342.13,0.5,0.66,2026-09-14,0852,N,nominal,2.0NRT,306.28,2.21,D
25.29561,66.66931,335.8,0.39,0.36,2026-09-14,0852,N,nominal,2.0NRT,304.84,3.72,D
25.68684,68.89507,348.86,0.4,0.37,2026-09-14,0852,N,nominal,2.0NRT,305.63,3.29,D
25.69022,68.89449,330.91,0.4,0.37,2026-09-14,0852,N,low,2.0NRT,304.17,3.29,D
25.74066,68.6375,335.98,0.4,0.37,2026-09-14,0852,N,nominal,2.0NRT,305.2,2.6,D
23.47483,55.36555,336.89,0.52,0.67,2026-09-14,0852,N,nominal,2.0NRT,301.69,4.72,D
26.09252,68.8805,343.46,0.4,0.37,2026-09-14,0852,N,nominal,2.0NRT,307.86,4.1,D
24.50534,56.60921,339.16,0.41,0.61,2026-09-14,0852,N,nominal,2.0NRT,300.21,2.82,D
26.80755,67.22647,336.43,0.38,0.36,2026-09-14,0852,N,low,2.0NRT,306.56,3.7,D
27.43854,70.56213,339.88,0.48,0.4,2026-09-14,0852,N,low,2.0NRT,311.19,8.39,D
27.43793,70.55732,340.66,0.48,0.4,2026-09-14,0852,N,low,2.0NRT,311.27,8.81,D
28.05001,69.36832,331.78,0.43,0.38,2026-09-14,0852,N,low,2.0NRT,304.25,3.06,D
28.05351,69.36773,339.74,0.43,0.38,2026-09-14,0852,N,nominal,2.0NRT,305.01,5.21,D
28.08901,67.70171,343.43,0.39,0.36,2026-09-14,0852,N,nominal,2.0NRT,308.37,9.03,D
27.15818,56.10218,333.21,0.39,0.59,2026-09-14,0852,N,nominal,2.0NRT,300.89,1.64,D
27.16947,56.05365,336.03,0.39,0.59,2026-09-14,0852,N,nominal,2.0NRT,301.15,2.39,D
31.00199,74.42296,336.77,0.57,0.52,2026-09-14,0852,N,nominal,2.0NRT,294.37,6.03,D
31.0068,74.42239,340.85,0.57,0.52,2026-09-14,0852,N,nominal,2.0NRT,293.41,6.03,D
31.05526,74.31411,330.21,0.56,0.51,2026-09-14,0852,N,nominal,2.0NRT,293.05,3.68,D
31.50077,75.02708,341.1,0.62,0.54,2026-09-14,0852,N,nominal,2.0NRT,294.41,6.01,D
31.45956,72.3971,337.98,0.44,0.46,2026-09-14,0852,N,nominal,2.0NRT,298.24,4.31,D
31.51145,72.15501,332.13,0.43,0.46,2026-09-14,0852,N,nominal,2.0NRT,298.12,5.44,D
31.65299,73.54879,332.43,0.51,0.5,2026-09-14,0852,N,nominal,2.0NRT,295.43,3.21,D
31.98084,70.61222,336.21,0.54,0.42,2026-09-14,0852,N,nominal,2.0NRT,303.67,2.16,D
31.98076,70.60987,335.26,0.54,0.42,2026-09-14,0852,N,nominal,2.0NRT,303.16,1.21,D
31.98111,70.40323,337.94,0.52,0.42,2026-09-14,0852,N,nominal,2.0NRT,303.63,2.29,D
29.9916,55.85571,356.62,0.35,0.56,2026-09-14,0852,N,nominal,2.0NRT,311.87,8.46,D
34.01701,75.52268,356.76,0.36,0.57,2026-09-14,0854,N,nominal,2.0NRT,298.98,6.33,D
34.01609,75.5239,367,0.36,0.57,2026-09-14,0854,N,high,2.0NRT,300.12,7.86,D
31.84924,54.28915,339.29,0.39,0.59,2026-09-14,0854,N,low,2.0NRT,314.26,5.69,D
37.1508,69.17938,335.51,0.52,0.42,2026-09-14,0854,N,nominal,2.0NRT,308.29,6.8,D
36.34835,59.54343,338.35,0.49,0.41,2026-09-14,0854,N,nominal,2.0NRT,310,4.57,D
37.0318,62.41927,348.06,0.4,0.37,2026-09-14,0854,N,nominal,2.0NRT,317.81,9.46,D
37.50254,65.36318,346.3,0.4,0.37,2026-09-14,0854,N,nominal,2.0NRT,320.79,23.72,D
38.05149,67.2662,349.89,0.45,0.39,2026-09-14,0854,N,nominal,2.0NRT,318.34,10.11,D
37.42241,62.3132,335.7,0.4,0.37,2026-09-14,0854,N,low,2.0NRT,309.84,2.06,D
37.22104,60.67452,339.21,0.44,0.38,2026-09-14,0854,N,low,2.0NRT,310.34,4.14,D
37.22538,60.67838,337.28,0.44,0.38,2026-09-14,0854,N,low,2.0NRT,311.78,8.26,D
37.49736,61.84636,339.4,0.4,0.37,2026-09-14,0854,N,low,2.0NRT,310.91,3.4,D
37.6267,62.16901,337.08,0.4,0.37,2026-09-14,0854,N,low,2.0NRT,311.37,3.44,D
37.65587,61.9088,336.28,0.4,0.37,2026-09-14,0854,N,nominal,2.0NRT,309.41,3.32,D
37.59616,61.55966,344.15,0.41,0.37,2026-09-14,0854,N,nominal,2.0NRT,316.16,3.75,D
37.60818,61.60899,338.33,0.41,0.37,2026-09-14,0854,N,low,2.0NRT,313.22,4.28,D
37.594,61.52669,341.18,0.41,0.37,2026-09-14,0854,N,low,2.0NRT,315.05,5.28,D
37.61282,61.57638,342.11,0.41,0.37,2026-09-14,0854,N,low,2.0NRT,314.21,3.67,D
37.4162,59.89021,333.88,0.46,0.39,2026-09-14,0854,N,low,2.0NRT,308.05,2.3,D
37.41686,59.88747,340.57,0.46,0.39,2026-09-14,0854,N,nominal,2.0NRT,308.8,2.78,D
37.818,60.17103,340.09,0.45,0.39,2026-09-14,0854,N,nominal,2.0NRT,313.99,2.67,D
39.77981,67.21593,337.01,0.46,0.39,2026-09-14,0856,N,nominal,2.0NRT,309.29,3.88,D
38.69391,57.08442,345.28,0.38,0.44,2026-09-14,0856,N,nominal,2.0NRT,305.36,3.89,D
38.6493,54.28144,345.52,0.53,0.5,2026-09-14,0856,N,nominal,2.0NRT,303.28,5.12,D
38.64809,54.2802,343.67,0.53,0.5,2026-09-14,0856,N,nominal,2.0NRT,302.98,2.2,D
20.99952,56.53117,341.69,0.65,0.73,2026-09-14,1032,N,nominal,2.0NRT,296.68,3.59,D
21.00184,56.53572,346.91,0.65,0.73,2026-09-14,1032,N,nominal,2.0NRT,297.06,7.52,D
22.31599,56.48424,338.87,0.66,0.73,2026-09-14,1032,N,nominal,2.0NRT,302.59,5.74,D
22.31546,56.47712,338.92,0.66,0.73,2026-09-14,1032,N,nominal,2.0NRT,302.23,3.78,D
22.33025,56.49074,335.79,0.66,0.73,2026-09-14,1032,N,nominal,2.0NRT,302.08,1.83,D
22.87471,55.61282,339.44,0.59,0.7,2026-09-14,1032,N,nominal,2.0NRT,305.02,2.8,D
23.19029,55.45843,341.41,0.58,0.7,2026-09-14,1032,N,nominal,2.0NRT,304.92,2.56,D
29.99474,55.85603,333.22,0.71,0.75,2026-09-14,1034,N,low,2.0NRT,308.02,4.98,D
